run,segment,detector,slot,source,pred_x,pred_y,peak_pixel,snap_dist,peak_excess,peak_counts,n_support,n_pixels,pixels,flag
8622,0,upper,R1C2,Cd-109-9178,5.32,3.42,106,0.08,123.2,543786,7,4,106;107;114;115,
8622,0,upper,R1C3,Bi-207-8890,5.32,-1.77,109,0.08,10.8,73888,6,4,108;109;117;118,
8622,0,upper,R2C1,Bi-207-9176,-0.68,6.89,60,0.08,33.4,96630,7,6,47;59;60;61;72;73,
8622,0,upper,R2C2,Bi-207-9177,0.82,0.83,76,0.08,6.1,91546,5,5,63;64;76;77;88,
8622,0,upper,R2C3,Bi-207-8779,0.07,-5.67,80,0.78,14.8,64517,7,4,68;80;81;92,
8622,0,lower,R1C2,Cd-109-9178,5.16,1.67,1019,0.11,122.4,1287253,7,4,1010;1011;1018;1019,
8622,0,lower,R1C3,Bi-207-8890,5.16,-3.53,1022,0.11,44.6,202477,7,4,1013;1014;1022;1023,
8622,0,lower,R2C1,Bi-207-9176,0.66,6.0,1048,0.11,33.6,254332,7,4,1036;1047;1048;1060,
8622,0,lower,R2C2,Bi-207-9177,0.66,-0.93,1052,0.11,20.4,273101,7,6,1040;1051;1052;1053;1064;1065,
8622,0,lower,R2C3,Bi-207-8779,-0.84,-6.99,1068,0.11,39.1,159267,7,4,1055;1056;1068;1069,
8623,0,upper,R1C2,Cd-109-9178,2.23,3.39,86,0.08,24.7,396613,7,7,74;75;85;86;87;96;97,
8623,0,upper,R1C3,Bi-207-8890,2.23,-1.81,89,0.08,3.6,37755,4,4,89;90;99;100,
8623,0,upper,R2C1,Bi-207-9176,-3.77,6.85,36,0.08,29.6,27462,7,4,35;36;47;48,
8623,0,upper,R2C2,Bi-207-9177,-2.27,0.79,51,0.08,2.1,133235,5,5,39;40;51;52;64,
8623,0,upper,R2C3,Bi-207-8779,-3.02,-5.71,55,0.84,10.4,82746,6,4,44;55;56;68,
8623,0,lower,R1C2,Cd-109-9178,3.04,1.34,1039,0.88,4.2,46145,4,5,1028;1029;1038;1039;1050,
8623,0,lower,R1C3,Bi-207-8890,3.04,-3.86,1032,0.86,25.0,185578,7,7,1022;1023;1031;1032;1033;1042;1043,
8623,0,lower,R2C1,Bi-207-9176,-1.46,5.67,1073,0.88,34.0,240524,7,4,1060;1072;1073;1084,
8623,0,lower,R2C2,Bi-207-9177,-1.46,-1.26,1077,0.88,20.5,204837,7,5,1064;1065;1076;1077;1088,
8623,0,lower,R2C3,Bi-207-8779,-2.96,-7.32,1081,0.86,70.9,122233,5,4,1068;1069;1080;1081,
8624,0,upper,R1C2,Cd-109-9178,0.65,2.6,75,0.1,11.2,170584,7,5,62;74;75;86;87,
8624,0,upper,R1C3,Bi-207-8890,0.65,-2.59,78,0.1,6.2,78869,5,5,66;78;79;89;90,
8624,0,upper,R2C1,Bi-207-9176,-5.35,6.07,26,0.1,42.9,54638,6,3,25;26;36,
8624,0,upper,R2C2,Bi-207-9177,-3.85,0.01,40,0.1,7.3,66112,6,4,29;30;39;40,
8624,0,upper,R2C3,Bi-207-8779,-4.6,-6.49,33,0.77,5.2,29374,6,3,24;33;34,
8624,0,lower,R1C2,Cd-109-9178,0.66,2.51,1050,0.12,71.8,1124391,7,7,1038;1039;1049;1050;1051;1062;1063,
8624,0,lower,R1C3,Bi-207-8890,0.66,-2.69,1053,0.12,6.8,82866,6,4,1042;1053;1054;1066,
8624,0,lower,R2C1,Bi-207-9176,-3.84,6.84,1084,0.12,40.4,98711,6,4,1084;1085;1094;1095,
8624,0,lower,R2C2,Bi-207-9177,-3.84,-0.09,1088,0.12,22.5,199139,7,6,1077;1087;1088;1089;1098;1099,
8624,0,lower,R2C3,Bi-207-8779,-5.34,-6.15,1102,0.12,11.5,72927,6,3,1092;1102;1112,
8625,0,upper,R1C2,Cd-109-9178,-1.44,2.32,50,0.85,12.5,143428,5,4,49;50;62;63,
8625,0,upper,R1C3,Bi-207-8890,-1.44,-2.88,53,0.85,5.4,59936,5,5,52;53;54;65;66,
8625,0,upper,R2C1,Bi-207-9176,-7.44,5.78,17,0.91,3.7,3644,5,4,9;17;18;27,
8625,0,upper,R2C2,Bi-207-9177,-5.94,-0.28,20,0.85,35.2,81060,7,5,11;12;19;20;21,
8625,0,upper,R2C3,Bi-207-8779,-6.69,-6.78,24,0.16,24.5,3758,3,3,24;33;34,
8625,0,lower,R1C2,Cd-109-9178,-0.71,1.68,1063,0.07,63.3,960311,7,5,1050;1062;1063;1075;1076,
8625,0,lower,R1C3,Bi-207-8890,-0.71,-3.52,1066,0.07,16.0,219886,7,6,1053;1054;1066;1067;1078;1079,
8625,0,lower,R2C1,Bi-207-9176,-5.21,6.01,1095,0.07,36.4,92999,5,3,1095;1096;1105,
8625,0,lower,R2C2,Bi-207-9177,-5.21,-0.92,1099,0.07,18.4,123108,7,4,1098;1099;1108;1109,
8625,0,lower,R2C3,Bi-207-8779,-6.71,-6.98,1112,0.07,23.6,5719,3,3,1102;1111;1112,
8626,0,upper,R1C2,Cd-109-9178,6.66,4.21,114,0.15,2.9,1549,4,5,105;106;113;114;121,
8626,0,upper,R1C3,Bi-207-8890,6.66,-0.99,117,0.15,2.9,3709,5,4,108;109;116;117,
8626,0,upper,R2C1,Bi-207-9176,0.66,7.67,72,0.15,12.6,22606,5,3,72;83;84,
8626,0,upper,R2C2,Bi-207-9177,2.16,1.61,87,0.15,4.7,44283,4,5,76;87;88;97;98,
8626,0,upper,R2C3,Bi-207-8779,1.41,-4.88,91,0.89,10.6,37659,4,4,80;91;92;102,
8626,0,lower,R1C2,Cd-109-9178,6.78,2.5,1010,0.1,4.8,10449,5,4,1009;1010;1018;1019,
8626,0,lower,R1C3,Bi-207-8890,6.78,-2.7,1013,0.1,12.3,23344,3,4,1012;1013;1021;1022,
8626,0,lower,R2C1,Bi-207-9176,2.28,6.83,1036,0.1,17.5,19871,5,4,1026;1036;1037;1048,
8626,0,lower,R2C2,Bi-207-9177,2.28,-0.1,1040,0.1,11.9,184896,7,4,1029;1030;1040;1041,
8626,0,lower,R2C3,Bi-207-8779,0.78,-6.16,1055,0.1,4.2,19703,4,5,1033;1043;1044;1055;1056,
8627,0,upper,R1C2,Cd-109-9178,7.54,3.73,114,0.99,6.0,3220,6,5,105;106;113;114;121,CHECK
8627,0,upper,R1C3,Bi-207-8890,7.54,-1.46,117,0.99,10.2,13047,5,4,109;116;117;118,CHECK
8627,0,upper,R2C1,Bi-207-9176,1.54,7.2,84,0.76,12.8,20454,5,4,83;84;94;95,
8627,0,upper,R2C2,Bi-207-9177,3.04,1.14,98,0.76,13.0,78803,5,5,97;98;99;107;108,
8627,0,upper,R2C3,Bi-207-8779,2.29,-5.36,91,0.17,1.7,6131,2,4,91;92;101;102,CHECK
8627,0,lower,R1C2,Cd-109-9178,8.93,2.31,,,,,0,0,,CHECK
8627,0,lower,R1C3,Bi-207-8890,8.93,-2.89,,,,,0,0,,CHECK
8627,0,lower,R2C1,Bi-207-9176,4.43,6.64,1026,0.89,63.2,212024,3,3,1017;1026;1027,
8627,0,lower,R2C2,Bi-207-9177,4.43,-0.29,1020,0.87,23.6,113976,7,5,1012;1020;1021;1029;1030,
8627,0,lower,R2C3,Bi-207-8779,2.93,-6.35,1033,0.87,43.7,113300,4,5,1023;1032;1033;1043;1044,
8628,0,upper,R1C2,Cd-109-9178,5.3,1.69,107,0.06,156.6,415502,7,5,106;107;108;115;116,
8628,0,upper,R1C3,Bi-207-8890,5.3,-3.5,110,0.06,5.7,42257,5,4,110;111;118;119,
8628,0,upper,R2C1,Bi-207-9176,-0.7,5.16,61,0.06,6.6,72995,5,5,48;60;61;73;74,
8628,0,upper,R2C2,Bi-207-9177,0.8,-0.9,77,0.06,5.1,74568,5,5,64;65;77;78;89,
8628,0,upper,R2C3,Bi-207-8779,0.05,-7.4,81,0.8,3.4,3523,3,4,68;69;80;81,
8628,0,lower,R1C2,Cd-109-9178,5.3,0.04,1020,0.07,29.1,140375,6,4,1010;1011;1019;1020,
8628,0,lower,R1C3,Bi-207-8890,5.3,-5.15,1023,0.07,64.9,158064,4,3,1014;1022;1023,
8628,0,lower,R2C1,Bi-207-9176,0.8,4.37,1049,0.07,12.2,184780,5,5,1037;1048;1049;1061;1062,
8628,0,lower,R2C2,Bi-207-9177,0.8,-2.56,1053,0.07,12.7,154949,5,5,1041;1052;1053;1065;1066,
8628,0,lower,R2C3,Bi-207-8779,-0.7,-8.62,1069,0.07,63.0,70285,4,3,1056;1068;1069,
8629,0,upper,R1C2,Cd-109-9178,2.96,1.41,87,0.78,35.0,333284,5,4,87;88;97;98,
8629,0,upper,R1C3,Bi-207-8890,2.96,-3.79,101,0.96,7.6,53019,7,4,91;101;102;111,CHECK
8629,0,upper,R2C1,Bi-207-9176,-3.04,4.87,37,0.78,7.4,43849,7,5,26;36;37;48;49,
8629,0,upper,R2C2,Bi-207-9177,-1.54,-1.19,52,0.78,7.9,81477,4,5,41;52;53;64;65,
8629,0,upper,R2C3,Bi-207-8779,-2.29,-7.68,56,0.12,3.6,2431,2,5,44;55;56;68;69,
8629,0,lower,R1C2,Cd-109-9178,3.68,0.96,1029,0.12,143.6,1007473,7,7,1019;1020;1028;1029;1030;1039;1040,
8629,0,lower,R1C3,Bi-207-8890,3.68,-4.23,1032,0.12,17.6,130608,7,4,1023;1032;1033;1043,
8629,0,lower,R2C1,Bi-207-9176,-0.82,5.29,1061,0.12,4.9,57972,5,4,1061;1062;1073;1074,
8629,0,lower,R2C2,Bi-207-9177,-0.82,-1.64,1065,0.12,13.6,122685,4,5,1064;1065;1066;1077;1078,
8629,0,lower,R2C3,Bi-207-8779,-2.32,-7.7,1081,0.12,103.5,178497,5,3,1068;1069;1081,
8630,0,upper,R1C2,Cd-109-9178,0.87,0.87,76,0.12,8.8,133253,7,4,63;75;76;87,
8630,0,upper,R1C3,Bi-207-8890,0.87,-4.32,79,0.12,9.9,74467,5,5,67;79;80;90;91,
8630,0,upper,R2C1,Bi-207-9176,-5.13,4.34,27,0.12,27.3,46743,7,4,17;26;27;37,
8630,0,upper,R2C2,Bi-207-9177,-3.63,-1.72,41,0.12,7.3,54130,7,4,30;31;40;41,
8630,0,upper,R2C3,Bi-207-8779,-4.38,-8.22,34,0.97,3.7,570,2,4,24;33;34;44,CHECK
8630,0,lower,R2C3,Bi-207-8779,-5.19,-7.78,,,,,0,0,,CHECK
8630,0,lower,R1C2,Cd-109-9178,0.81,0.88,1051,0.06,85.3,1109030,7,7,1039;1040;1050;1051;1052;1063;1064,
8630,0,lower,R1C3,Bi-207-8890,0.81,-4.31,1054,0.06,15.9,127464,5,4,1043;1054;1055;1067,
8630,0,lower,R2C1,Bi-207-9176,-3.69,5.21,1085,0.06,17.7,154249,6,4,1085;1086;1095;1096,
8630,0,lower,R2C2,Bi-207-9177,-3.69,-1.72,1089,0.06,26.7,209432,7,5,1088;1089;1090;1099;1100,
8631,0,upper,R1C2,Cd-109-9178,-0.71,1.84,63,0.11,19.1,318416,7,5,50;51;62;63;75,
8631,0,upper,R1C3,Bi-207-8890,-0.71,-3.36,66,0.11,4.1,51513,4,4,54;66;67;79,
8631,0,upper,R2C1,Bi-207-9176,-6.71,5.3,17,0.11,39.3,38402,5,4,9;17;18;27,
8631,0,upper,R2C2,Bi-207-9177,-5.21,-0.76,30,0.11,7.1,35593,5,4,20;21;30;31,
8631,0,upper,R2C3,Bi-207-8779,-5.96,-7.25,34,0.9,3.3,503,2,4,24;33;34;44,
8631,0,lower,R2C3,Bi-207-8779,-6.82,-8.61,,,,,0,0,,CHECK
8631,0,lower,R1C2,Cd-109-9178,-0.82,0.05,1064,0.08,8.2,126832,4,4,1051;1063;1064;1076,
8631,0,lower,R1C3,Bi-207-8890,-0.82,-5.14,1067,0.08,29.3,204438,7,7,1054;1055;1066;1067;1068;1079;1080,
8631,0,lower,R2C1,Bi-207-9176,-5.32,4.38,1096,0.08,22.5,75272,6,5,1095;1096;1105;1106;1114,
8631,0,lower,R2C2,Bi-207-9177,-5.32,-2.55,1100,0.08,17.4,81536,5,4,1099;1100;1109;1110,
8632,0,upper,R1C2,Cd-109-9178,6.64,2.48,115,0.16,3.5,5807,5,4,106;107;115;116,
8632,0,upper,R1C3,Bi-207-8890,6.64,-2.72,118,0.16,1.5,2385,2,4,109;110;117;118,CHECK
8632,0,upper,R2C1,Bi-207-9176,0.64,5.94,73,0.16,8.5,46070,5,4,72;73;84;85,
8632,0,upper,R2C2,Bi-207-9177,2.14,-0.12,88,0.16,4.1,72199,5,5,77;88;89;98;99,
8632,0,upper,R2C3,Bi-207-8779,1.39,-6.61,92,0.92,8.2,11810,4,3,92;102;103,
8632,0,lower,R1C2,Cd-109-9178,6.67,0.87,1011,0.08,18.9,35213,5,3,1004;1011;1012,
8632,0,lower,R1C3,Bi-207-8890,6.67,-4.32,1014,0.08,1.7,1053,2,4,1013;1014;1022;1023,CHECK
8632,0,lower,R2C1,Bi-207-9176,2.17,5.2,1037,0.08,19.0,182636,7,5,1026;1027;1036;1037;1048,
8632,0,lower,R2C2,Bi-207-9177,2.17,-1.73,1041,0.08,12.8,212556,7,5,1030;1031;1040;1041;1042,
8632,0,lower,R2C3,Bi-207-8779,0.67,-7.79,1056,0.08,10.1,18580,2,3,1044;1055;1056,
8635,0,upper,R1C2,Cd-109-9178,5.35,5.15,105,0.11,171.7,343189,7,4,104;105;113;114,
8635,0,upper,R1C3,Bi-207-8890,5.35,-0.04,108,0.11,17.6,66676,6,4,107;108;116;117,
8635,0,upper,R2C1,Bi-207-9176,-0.65,8.62,59,0.11,2.3,27189,4,4,47;59;60;72,
8635,0,upper,R2C2,Bi-207-9177,0.85,2.55,75,0.11,4.2,64493,4,5,62;63;75;76;87,
8635,0,upper,R2C3,Bi-207-8779,0.1,-3.94,79,0.76,6.6,49454,5,5,66;67;79;80;91,
8635,0,lower,R1C2,Cd-109-9178,5.26,3.55,1018,0.08,175.4,812324,7,4,1009;1010;1017;1018,
8635,0,lower,R1C3,Bi-207-8890,5.26,-1.65,1021,0.08,41.4,170809,7,4,1012;1013;1020;1021,
8635,0,lower,R2C1,Bi-207-9176,0.76,7.88,1047,0.08,69.5,184264,5,4,1047;1048;1059;1060,
8635,0,lower,R2C2,Bi-207-9177,0.76,0.95,1051,0.08,14.9,194044,5,5,1039;1050;1051;1063;1064,
8635,0,lower,R2C3,Bi-207-8779,-0.74,-5.11,1067,0.08,19.6,136587,5,5,1054;1055;1066;1067;1068,
8636,0,upper,R1C2,Cd-109-9178,2.26,5.12,85,0.08,50.6,428706,7,4,84;85;95;96,
8636,0,upper,R1C3,Bi-207-8890,2.26,-0.08,88,0.08,2.3,40783,4,4,88;89;98;99,
8636,0,upper,R2C1,Bi-207-9176,-3.74,8.58,35,0.08,12.8,2102,4,4,25;35;36;47,
8636,0,upper,R2C2,Bi-207-9177,-2.24,2.52,50,0.08,6.9,78792,4,4,38;39;50;51,
8636,0,upper,R2C3,Bi-207-8779,-2.99,-3.98,54,0.82,6.8,81459,6,5,43;54;55;66;67,
8636,0,lower,R1C2,Cd-109-9178,3.64,4.22,1027,0.16,106.0,1156729,7,5,1017;1018;1026;1027;1037,
8636,0,lower,R1C3,Bi-207-8890,3.64,-0.98,1030,0.16,8.5,93875,6,4,1021;1030;1031;1041,
8636,0,lower,R2C1,Bi-207-9176,-0.86,8.55,1059,0.16,28.0,41810,4,3,1059;1060;1072,
8636,0,lower,R2C2,Bi-207-9177,-0.86,1.62,1063,0.16,7.1,107476,4,4,1063;1064;1075;1076,
8636,0,lower,R2C3,Bi-207-8779,-2.36,-4.44,1079,0.16,14.6,181172,7,5,1066;1067;1079;1080;1091,
8637,0,upper,R1C2,Cd-109-9178,0.67,4.33,74,0.08,9.9,139358,7,4,61;73;74;85,
8637,0,upper,R1C3,Bi-207-8890,0.67,-0.86,77,0.08,5.8,84781,4,5,65;77;78;88;89,
8637,0,upper,R2C1,Bi-207-9176,-5.33,7.8,25,0.08,64.9,10386,4,3,25;35;36,
8637,0,upper,R2C2,Bi-207-9177,-3.83,1.73,39,0.08,10.1,56041,6,4,28;29;38;39,
8637,0,upper,R2C3,Bi-207-8779,-4.58,-4.76,32,0.79,11.0,75403,6,4,22;23;32;33,
8637,0,lower,R1C2,Cd-109-9178,0.77,3.39,1049,0.94,78.3,1186617,7,6,1037;1038;1048;1049;1061;1062,
8637,0,lower,R1C3,Bi-207-8890,0.77,-1.81,1053,0.79,12.5,152281,5,5,1041;1042;1052;1053;1065,
8637,0,lower,R2C1,Bi-207-9176,-3.73,7.72,1084,0.79,48.8,119182,5,3,1084;1094;1095,
8637,0,lower,R2C2,Bi-207-9177,-3.73,0.79,1087,0.94,35.3,211366,7,5,1086;1087;1088;1097;1098,
8637,0,lower,R2C3,Bi-207-8779,-5.23,-5.27,1101,0.94,13.0,96375,7,5,1090;1091;1101;1102;1111,
8643,0,upper,R2C1,Bi-207-9176,-7.42,8.01,,,,,0,0,,CHECK
8643,0,upper,R1C2,Cd-109-9178,-1.42,4.55,61,0.93,34.8,385715,7,5,48;49;60;61;73,
8643,0,upper,R1C3,Bi-207-8890,-1.42,-0.65,52,0.86,6.6,68200,4,5,41;52;53;64;65,
8643,0,upper,R2C2,Bi-207-9177,-5.92,1.95,19,0.86,44.0,76146,7,5,10;11;18;19;20,
8643,0,upper,R2C3,Bi-207-8779,-6.67,-4.55,23,0.66,11.1,8132,5,7,14;15;22;23;24;32;33,
8643,0,lower,R1C2,Cd-109-9178,-0.85,3.56,1062,0.14,37.4,665238,7,4,1049;1061;1062;1074,
8643,0,lower,R1C3,Bi-207-8890,-0.85,-1.64,1065,0.14,23.1,207486,6,6,1053;1064;1065;1066;1077;1078,
8643,0,lower,R2C1,Bi-207-9176,-5.35,7.89,1094,0.14,11.2,14839,3,3,1084;1094;1095,
8643,0,lower,R2C2,Bi-207-9177,-5.35,0.96,1098,0.14,18.9,94299,5,4,1097;1098;1107;1108,
8643,0,lower,R2C3,Bi-207-8779,-6.85,-5.1,1111,0.14,151.8,194850,5,4,1101;1102;1111;1112,
8644,0,upper,R1C2,Cd-109-9178,6.68,4.44,114,0.13,1.9,1030,0,5,105;106;113;114;115,CHECK
8644,0,upper,R1C3,Bi-207-8890,6.68,-0.76,117,0.13,5.7,7257,4,4,108;109;116;117,
8644,0,upper,R2C1,Bi-207-9176,0.68,7.9,72,0.13,2.7,4781,2,4,71;72;83;84,
8644,0,upper,R2C2,Bi-207-9177,2.18,1.84,87,0.13,6.5,61757,5,5,86;87;88;97;98,
8644,0,upper,R2C3,Bi-207-8779,1.43,-4.66,91,0.98,8.2,29026,7,5,80;91;92;101;102,CHECK
8644,0,lower,R1C2,Cd-109-9178,6.14,3.88,1009,0.76,47.7,84756,3,4,1009;1010;1017;1018,
8644,0,lower,R1C3,Bi-207-8890,6.14,-1.32,1012,0.76,23.2,30251,5,4,1004;1012;1013;1021,
8644,0,lower,R2C1,Bi-207-9176,1.64,8.21,1047,0.98,8.6,22767,2,4,1036;1047;1048;1060,CHECK
8644,0,lower,R2C2,Bi-207-9177,1.64,1.28,1039,0.76,17.7,192657,5,4,1028;1029;1039;1040,
8644,0,lower,R2C3,Bi-207-8779,0.14,-4.78,1054,0.76,5.2,41821,4,4,1042;1043;1054;1055,
8645,0,upper,R2C1,Bi-207-9176,-9.76,8.73,,,,,0,0,,CHECK
8645,0,upper,R1C2,Cd-109-9178,-3.76,5.26,37,0.07,72.3,430014,7,4,26;27;36;37,
8645,0,upper,R1C3,Bi-207-8890,-3.76,0.07,40,0.07,4.4,39530,5,5,29;30;40;41;52,
8645,0,upper,R2C2,Bi-207-9177,-8.26,2.66,10,0.07,6.6,5321,7,5,2;3;9;10;11,
8645,0,upper,R2C3,Bi-207-8779,-9.01,-3.83,6,0.83,1.1,63,0,5,5;6;7;13;14,CHECK
8645,0,lower,R2C1,Bi-207-9176,-8.22,7.81,,,,,0,0,,CHECK
8645,0,lower,R2C3,Bi-207-8779,-9.72,-5.18,,,,,0,0,,CHECK
8645,0,lower,R1C2,Cd-109-9178,-3.72,3.48,1086,0.03,68.3,418463,7,4,1074;1085;1086;1096,
8645,0,lower,R1C3,Bi-207-8890,-3.72,-1.72,1089,0.03,24.8,194703,7,7,1077;1078;1088;1089;1090;1099;1100,
8645,0,lower,R2C2,Bi-207-9177,-8.22,0.88,1116,0.03,91.7,159106,5,4,1107;1108;1115;1116,
8646,0,upper,R1C2,Cd-109-9178,-2.12,1.69,50,0.92,39.5,453903,7,4,38;39;50;51,
8646,0,upper,R1C3,Bi-207-8890,-2.12,-3.51,54,0.83,6.4,77291,6,7,42;43;53;54;55;66;67,
8646,0,upper,R2C1,Bi-207-9176,-8.12,5.15,9,0.83,5.2,1768,4,5,2;9;10;17;18,
8646,0,upper,R2C2,Bi-207-9177,-6.62,-0.91,21,0.83,14.4,29568,7,4,12;13;20;21,
8646,0,upper,R2C3,Bi-207-8779,-7.37,-7.41,24,0.79,1.4,209,0,4,23;24;33;34,CHECK
8646,0,lower,R2C3,Bi-207-8779,-8.2,-7.71,,,,,0,0,,CHECK
8646,0,lower,R1C2,Cd-109-9178,-2.2,0.95,1076,0.1,118.7,1102401,7,6,1063;1075;1076;1077;1087;1088,
8646,0,lower,R1C3,Bi-207-8890,-2.2,-4.25,1079,0.1,17.6,218151,7,5,1066;1067;1079;1080;1091,
8646,0,lower,R2C1,Bi-207-9176,-6.7,5.28,1105,0.1,107.7,132621,5,5,1095;1096;1105;1106;1114,
8646,0,lower,R2C2,Bi-207-9177,-6.7,-1.65,1109,0.1,59.8,179587,7,4,1108;1109;1117;1118,
8647,0,upper,R1C2,Cd-109-9178,-0.78,1.72,63,0.04,20.5,341625,6,5,50;62;63;75;76,
8647,0,upper,R1C3,Bi-207-8890,-0.78,-3.48,66,0.04,5.9,73728,4,5,54;66;67;78;79,
8647,0,upper,R2C1,Bi-207-9176,-6.78,5.18,17,0.04,45.6,44617,5,4,17;18;26;27,
8647,0,upper,R2C2,Bi-207-9177,-5.28,-0.88,30,0.04,15.4,77148,7,4,20;21;30;31,
8647,0,upper,R2C3,Bi-207-8779,-6.03,-7.37,24,0.84,10.4,1603,3,4,23;24;33;34,
8647,0,lower,R1C2,Cd-109-9178,-0.83,1.78,1063,0.09,52.3,793116,7,4,1050;1051;1063;1064,
8647,0,lower,R1C3,Bi-207-8890,-0.83,-3.42,1066,0.09,4.4,60495,4,3,1054;1066;1067,
8647,0,lower,R2C1,Bi-207-9176,-5.33,6.11,1095,0.09,34.9,89247,6,4,1085;1095;1096;1105,
8647,0,lower,R2C2,Bi-207-9177,-5.33,-0.82,1099,0.09,29.4,197004,7,5,1089;1099;1100;1108;1109,
8647,0,lower,R2C3,Bi-207-8779,-6.83,-6.88,1112,0.09,7.0,1691,3,3,1102;1111;1112,
8648,0,upper,R1C2,Cd-109-9178,1.55,2.26,87,0.87,28.7,273075,7,7,75;76;86;87;88;97;98,
8648,0,upper,R1C3,Bi-207-8890,1.55,-2.94,90,0.87,4.8,72940,4,4,79;90;91;101,
8648,0,upper,R2C1,Bi-207-9176,-4.45,5.72,26,0.87,20.3,25919,5,5,25;26;27;36;37,
8648,0,upper,R2C2,Bi-207-9177,-2.95,-0.34,40,0.87,7.5,67799,4,4,30;40;41;52,
8648,0,upper,R2C3,Bi-207-8779,-3.7,-6.84,44,0.11,1.4,8386,2,4,34;44;45;56,CHECK
8648,0,lower,R1C2,Cd-109-9178,2.3,1.61,1039,0.13,103.8,1128823,7,7,1028;1029;1038;1039;1040;1050;1051,
8648,0,lower,R1C3,Bi-207-8890,2.3,-3.59,1042,0.13,4.9,75966,4,4,1032;1042;1043;1054,
8648,0,lower,R2C1,Bi-207-9176,-2.2,5.94,1073,0.13,7.6,53455,5,4,1073;1074;1084;1085,
8648,0,lower,R2C2,Bi-207-9177,-2.2,-0.99,1077,0.13,14.5,145510,6,4,1077;1078;1088;1089,
8648,0,lower,R2C3,Bi-207-8779,-3.7,-7.05,1092,0.13,17.9,123997,4,3,1080;1081;1092,
8649,0,upper,R1C2,Cd-109-9178,3.64,2.54,97,0.12,73.4,730924,7,4,97;98;106;107,
8649,0,upper,R1C3,Bi-207-8890,3.64,-2.66,100,0.12,6.4,73642,6,5,90;100;101;109;110,
8649,0,upper,R2C1,Bi-207-9176,-2.36,6.01,48,0.12,20.4,113846,7,5,36;47;48;60;61,
8649,0,upper,R2C2,Bi-207-9177,-0.86,-0.06,64,0.12,7.7,122604,4,4,52;64;65;77,
8649,0,upper,R2C3,Bi-207-8779,-1.61,-6.55,68,0.94,10.4,23258,7,4,56;68;69;81,
8649,0,lower,R1C2,Cd-109-9178,3.67,0.94,1029,0.11,73.3,514541,7,4,1019;1020;1028;1029,
8649,0,lower,R1C3,Bi-207-8890,3.67,-4.25,1032,0.11,27.5,204254,7,4,1022;1023;1032;1033,
8649,0,lower,R2C1,Bi-207-9176,-0.83,5.27,1061,0.11,29.0,342331,7,5,1048;1060;1061;1073;1074,
8649,0,lower,R2C2,Bi-207-9177,-0.83,-1.66,1065,0.11,39.2,352828,7,7,1052;1053;1064;1065;1066;1077;1078,
8649,0,lower,R2C3,Bi-207-8779,-2.33,-7.72,1081,0.11,60.7,104633,5,4,1056;1068;1069;1081,
8650,0,upper,R1C2,Cd-109-9178,6.73,2.58,115,0.03,217.6,362025,5,5,106;107;114;115;116,
8650,0,upper,R1C3,Bi-207-8890,6.73,-2.62,118,0.03,5.2,8495,4,3,109;117;118,
8650,0,upper,R2C1,Bi-207-9176,0.73,6.04,73,0.03,14.3,77171,7,5,60;72;73;84;85,
8650,0,upper,R2C2,Bi-207-9177,2.23,-0.02,88,0.03,2.5,42958,3,4,76;77;88;89,
8650,0,upper,R2C3,Bi-207-8779,1.48,-6.52,92,0.87,1.9,2697,1,4,80;81;91;92,CHECK
8650,0,lower,R1C2,Cd-109-9178,6.79,0.77,1011,0.1,347.4,646964,6,4,1004;1011;1012;1020,
8650,0,lower,R1C3,Bi-207-8890,6.79,-4.42,1014,0.1,6.0,3730,4,3,1014;1022;1023,
8650,0,lower,R2C1,Bi-207-9176,2.29,5.1,1037,0.1,12.2,117075,5,4,1036;1037;1048;1049,
8650,0,lower,R2C2,Bi-207-9177,2.29,-1.83,1041,0.1,10.3,171070,4,4,1040;1041;1052;1053,
8650,0,lower,R2C3,Bi-207-8779,0.79,-7.89,1056,0.1,94.0,172342,4,4,1044;1055;1056;1068,
8651,0,upper,R1C2,Cd-109-9178,6.75,4.31,114,0.02,1.7,925,2,4,105;106;113;114,CHECK
8651,0,upper,R1C3,Bi-207-8890,6.75,-0.89,117,0.02,27.8,35655,5,4,108;109;117;118,
8651,0,upper,R2C1,Bi-207-9176,0.75,7.77,72,0.02,30.1,54119,5,5,71;72;73;83;84,
8651,0,upper,R2C2,Bi-207-9177,2.25,1.71,87,0.02,4.1,39035,5,5,75;76;87;88;98,
8651,0,upper,R2C3,Bi-207-8779,1.5,-4.79,79,0.88,9.1,68446,4,4,67;79;80;91,
8651,0,lower,R1C2,Cd-109-9178,6.65,2.65,1010,0.12,399.2,875731,3,5,1009;1010;1011;1018;1019,
8651,0,lower,R1C3,Bi-207-8890,6.65,-2.55,1013,0.12,90.9,172368,5,5,1012;1013;1014;1021;1022,
8651,0,lower,R2C1,Bi-207-9176,2.15,6.98,1036,0.12,18.6,21048,5,3,1036;1047;1048,
8651,0,lower,R2C2,Bi-207-9177,2.15,0.05,1040,0.12,9.6,148636,5,4,1039;1040;1051;1052,
8651,0,lower,R2C3,Bi-207-8779,0.65,-6.01,1055,0.12,39.1,184793,7,4,1043;1044;1055;1056,
8652,0,upper,R1C2,Cd-109-9178,3.67,4.27,96,0.1,39.7,508611,7,4,95;96;105;106,
8652,0,upper,R1C3,Bi-207-8890,3.67,-0.93,99,0.1,6.0,60319,5,4,99;100;108;109,
8652,0,upper,R2C1,Bi-207-9176,-2.33,7.73,47,0.1,46.0,69891,6,4,35;36;47;48,
8652,0,upper,R2C2,Bi-207-9177,-0.83,1.67,63,0.1,4.9,82050,3,5,51;63;64;75;76,
8652,0,upper,R2C3,Bi-207-8779,-1.58,-4.82,67,0.91,10.0,76497,7,4,55;67;68;80,
8652,0,lower,R1C2,Cd-109-9178,3.77,2.57,1028,0.04,13.8,144550,5,6,1010;1017;1018;1019;1027;1028,
8652,0,lower,R1C3,Bi-207-8890,3.77,-2.63,1031,0.04,12.5,157744,5,4,1021;1022;1031;1032,
8652,0,lower,R2C1,Bi-207-9176,-0.73,6.9,1060,0.04,47.4,226829,7,5,1047;1059;1060;1072;1073,
8652,0,lower,R2C2,Bi-207-9177,-0.73,-0.03,1064,0.04,14.1,217517,7,5,1051;1063;1064;1076;1077,
8652,0,lower,R2C3,Bi-207-8779,-2.23,-6.09,1080,0.04,7.9,85499,5,3,1067;1068;1080,
8653,0,upper,R1C2,Cd-109-9178,0.83,4.24,74,0.12,11.7,164538,5,4,73;74;85;86,
8653,0,upper,R1C3,Bi-207-8890,0.83,-0.96,77,0.12,1.7,24257,2,4,77;78;88;89,CHECK
8653,0,upper,R2C1,Bi-207-9176,-5.17,7.7,25,0.12,98.2,15708,4,3,25;35;36,
8653,0,upper,R2C2,Bi-207-9177,-3.67,1.64,39,0.12,13.1,72831,5,6,28;29;38;39;40;51,
8653,0,upper,R2C3,Bi-207-8779,-4.42,-4.86,32,0.98,3.5,23767,4,5,23;32;33;42;43,CHECK
8653,0,lower,R1C2,Cd-109-9178,2.15,3.49,1038,0.1,59.9,1139223,7,7,1027;1028;1037;1038;1039;1049;1050,
8653,0,lower,R1C3,Bi-207-8890,2.15,-1.71,1041,0.1,6.2,102901,4,4,1031;1041;1042;1053,
8653,0,lower,R2C1,Bi-207-9176,-2.35,7.82,1072,0.1,28.7,61079,5,3,1072;1073;1084,
8653,0,lower,R2C2,Bi-207-9177,-2.35,0.89,1076,0.1,18.1,168214,5,4,1076;1077;1087;1088,
8653,0,lower,R2C3,Bi-207-8779,-3.85,-5.17,1091,0.1,16.6,159936,6,5,1079;1080;1091;1092;1102,
8654,0,upper,R2C1,Bi-207-9176,-6.76,7.66,,,,,0,0,,CHECK
8654,0,upper,R1C2,Cd-109-9178,-0.76,4.2,61,1.0,36.9,409146,7,7,48;49;60;61;62;73;74,CHECK
8654,0,upper,R1C3,Bi-207-8890,-0.76,-1.0,65,0.74,8.3,74589,4,5,53;65;66;77;78,
8654,0,upper,R2C2,Bi-207-9177,-5.26,1.6,29,0.74,17.4,70880,7,4,19;20;28;29,
8654,0,upper,R2C3,Bi-207-8779,-6.01,-4.89,23,0.8,31.3,22887,6,4,15;23;24;33,
8654,0,lower,R1C2,Cd-109-9178,-0.72,3.41,1062,0.06,50.8,902476,7,6,1049;1050;1061;1062;1063;1074,
8654,0,lower,R1C3,Bi-207-8890,-0.72,-1.79,1065,0.06,7.9,71367,4,4,1052;1053;1065;1066,
8654,0,lower,R2C1,Bi-207-9176,-5.22,7.74,1094,0.06,81.9,108854,3,3,1084;1094;1095,
8654,0,lower,R2C2,Bi-207-9177,-5.22,0.81,1098,0.06,40.4,201829,7,5,1097;1098;1099;1107;1108,
8654,0,lower,R2C3,Bi-207-8779,-6.72,-5.25,1111,0.06,37.7,48347,5,3,1102;1111;1112,
8655,0,upper,R2C1,Bi-207-9176,-8.1,7.88,,,,,0,0,,CHECK
8655,0,upper,R1C2,Cd-109-9178,-2.1,4.42,49,0.17,30.5,430252,7,5,37;38;48;49;50,
8655,0,upper,R1C3,Bi-207-8890,-2.1,-0.78,52,0.17,4.2,42992,4,4,41;52;53;65,
8655,0,upper,R2C2,Bi-207-9177,-6.6,1.82,19,0.17,16.1,27822,7,4,10;11;19;20,
8655,0,upper,R2C3,Bi-207-8779,-7.35,-4.68,23,0.79,1.1,811,0,7,14;15;22;23;24;32;33,CHECK
8655,0,lower,R1C2,Cd-109-9178,-1.59,3.08,1075,0.82,50.6,600423,7,4,1062;1074;1075;1086,
8655,0,lower,R1C3,Bi-207-8890,-1.59,-2.12,1078,0.82,18.1,210577,7,7,1065;1066;1077;1078;1079;1089;1090,
8655,0,lower,R2C1,Bi-207-9176,-6.09,7.41,1094,0.92,1.3,1748,0,3,1084;1094;1095,CHECK
8655,0,lower,R2C2,Bi-207-9177,-6.09,0.48,1108,0.82,49.2,159243,7,4,1107;1108;1116;1117,
8655,0,lower,R2C3,Bi-207-8779,-7.59,-5.58,1111,0.92,48.7,62560,3,3,1102;1111;1112,
8656,0,upper,R2C1,Bi-207-9176,-9.69,7.09,,,,,0,0,,CHECK
8656,0,upper,R1C2,Cd-109-9178,-3.69,3.63,38,0.18,26.0,132186,7,4,27;28;37;38,
8656,0,upper,R1C3,Bi-207-8890,-3.69,-1.57,41,0.18,6.0,44692,4,4,30;31;41;42,
8656,0,upper,R2C2,Bi-207-9177,-8.19,1.03,11,0.18,1.0,973,0,7,3;4;10;11;12;19;20,CHECK
8656,0,upper,R2C3,Bi-207-8779,-8.94,-5.46,7,0.85,1.1,42,0,4,6;7;14;15,CHECK
8656,0,lower,R2C3,Bi-207-8779,-8.71,-6.91,,,,,0,0,,CHECK
8656,0,lower,R1C2,Cd-109-9178,-2.71,1.75,1075,0.97,8.4,99287,4,6,1074;1075;1085;1086;1087;1097,CHECK
8656,0,lower,R1C3,Bi-207-8890,-2.71,-3.45,1078,0.97,1.6,18992,2,3,1078;1089;1090,CHECK
8656,0,lower,R2C1,Bi-207-9176,-7.21,6.08,1105,1.0,24.3,29889,4,4,1095;1096;1105;1106,CHECK
8656,0,lower,R2C2,Bi-207-9177,-7.21,-0.85,1109,1.0,5.7,17045,4,4,1099;1100;1109;1110,CHECK
8657,0,upper,R2C1,Bi-207-9176,-11.1,7.94,,,,,0,0,,CHECK
8657,0,upper,R1C2,Cd-109-9178,-5.1,4.48,27,0.21,61.2,104949,7,4,17;18;26;27,
8657,0,upper,R1C3,Bi-207-8890,-5.1,-0.72,30,0.21,12.5,62631,6,4,20;21;30;31,
8657,0,upper,R2C2,Bi-207-9177,-9.6,1.88,3,0.21,0.8,105,0,4,2;3;10;11,CHECK
8657,0,upper,R2C3,Bi-207-8779,-10.35,-4.62,7,0.83,0.7,25,0,4,6;7;14;15,CHECK
8657,0,lower,R2C1,Bi-207-9176,-9.59,6.98,,,,,0,0,,CHECK
8657,0,lower,R2C2,Bi-207-9177,-9.59,0.05,,,,,0,0,,CHECK
8657,0,lower,R2C3,Bi-207-8779,-11.09,-6.01,,,,,0,0,,CHECK
8657,0,lower,R1C2,Cd-109-9178,-5.09,2.65,1097,0.16,30.0,98548,5,5,1086;1096;1097;1105;1106,
8657,0,lower,R1C3,Bi-207-8890,-5.09,-2.55,1100,0.16,34.9,163559,6,4,1099;1100;1109;1110,
8658,0,upper,R2C1,Bi-207-9176,-9.78,7.0,,,,,0,0,,CHECK
8658,0,upper,R1C2,Cd-109-9178,-3.78,3.53,38,0.08,83.9,425900,7,4,27;28;38;39,
8658,0,upper,R1C3,Bi-207-8890,-3.78,-1.66,41,0.08,4.7,34454,5,5,30;31;41;42;53,
8658,0,upper,R2C2,Bi-207-9177,-8.28,0.93,11,0.08,4.6,4540,3,7,3;4;10;11;12;19;20,
8658,0,upper,R2C3,Bi-207-8779,-9.03,-5.56,15,0.93,0.8,125,0,4,14;15;23;24,CHECK
8658,0,lower,R2C1,Bi-207-9176,-8.08,5.93,,,,,0,0,,CHECK
8658,0,lower,R2C3,Bi-207-8779,-9.58,-7.06,,,,,0,0,,CHECK
8658,0,lower,R1C2,Cd-109-9178,-3.58,1.6,1087,0.22,95.5,571716,7,4,1075;1086;1087;1097,
8658,0,lower,R1C3,Bi-207-8890,-3.58,-3.6,1090,0.22,14.8,191364,7,7,1078;1079;1089;1090;1091;1100;1101,
8658,0,lower,R2C2,Bi-207-9177,-8.08,-1.0,1117,0.22,79.8,162525,5,4,1108;1109;1116;1117,
8659,0,upper,R1C2,Cd-109-9178,8.29,3.48,,,,,0,0,,CHECK
8659,0,upper,R1C3,Bi-207-8890,8.29,-1.71,,,,,0,0,,CHECK
8659,0,upper,R2C1,Bi-207-9176,2.29,6.95,84,0.05,13.8,21944,4,4,83;84;94;95,
8659,0,upper,R2C2,Bi-207-9177,3.79,0.89,98,0.05,12.6,76483,4,4,98;99;107;108,
8659,0,upper,R2C3,Bi-207-8779,3.04,-5.61,102,0.84,26.9,26018,5,4,92;102;103;112,
8659,0,lower,R1C2,Cd-109-9178,8.93,2.31,,,,,0,0,,CHECK
8659,0,lower,R1C3,Bi-207-8890,8.93,-2.89,,,,,0,0,,CHECK
8659,0,lower,R2C1,Bi-207-9176,4.43,6.64,1026,0.89,62.6,209870,3,3,1017;1026;1027,
8659,0,lower,R2C2,Bi-207-9177,4.43,-0.29,1020,0.87,20.7,100030,7,5,1012;1020;1021;1029;1030,
8659,0,lower,R2C3,Bi-207-8779,2.93,-6.35,1033,0.87,45.7,118575,4,5,1023;1032;1033;1043;1044,
8681,0,upper,R1C2,Cd-109-9178,5.32,3.42,106,0.08,81.0,357675,7,4,106;107;114;115,
8681,0,upper,R1C3,Bi-207-8890,5.32,-1.77,109,0.08,7.7,52363,5,4,108;109;117;118,
8681,0,upper,R2C1,Bi-207-9176,-0.68,6.89,60,0.08,22.4,65026,6,4,59;60;72;73,
8681,0,upper,R2C2,Bi-207-9177,0.82,0.83,76,0.08,4.2,62826,3,5,63;64;76;77;88,
8681,0,upper,R2C3,Bi-207-8779,0.07,-5.67,80,0.78,10.1,43961,7,4,68;80;81;92,
8681,0,lower,R1C2,Cd-109-9178,5.16,1.67,1019,0.11,72.5,762180,7,4,1010;1011;1018;1019,
8681,0,lower,R1C3,Bi-207-8890,5.16,-3.53,1022,0.11,30.1,137004,6,4,1013;1014;1022;1023,
8681,0,lower,R2C1,Bi-207-9176,0.66,6.0,1048,0.11,22.5,169933,7,4,1036;1047;1048;1060,
8681,0,lower,R2C2,Bi-207-9177,0.66,-0.93,1052,0.11,13.3,177947,5,5,1040;1051;1052;1064;1065,
8681,0,lower,R2C3,Bi-207-8779,-0.84,-6.99,1068,0.11,25.1,102298,6,4,1055;1056;1068;1069,
8682,0,upper,R1C2,Cd-109-9178,2.23,3.39,86,0.08,18.8,300665,7,7,74;75;85;86;87;96;97,
8682,0,upper,R1C3,Bi-207-8890,2.23,-1.81,89,0.08,2.9,30860,3,4,89;90;99;100,
8682,0,upper,R2C1,Bi-207-9176,-3.77,6.85,36,0.08,24.2,22446,6,4,35;36;47;48,
8682,0,upper,R2C2,Bi-207-9177,-2.27,0.79,51,0.08,1.6,99479,3,4,40;51;52;64,CHECK
8682,0,upper,R2C3,Bi-207-8779,-3.02,-5.71,55,0.84,8.5,67599,6,4,44;55;56;68,
8682,0,lower,R1C2,Cd-109-9178,3.04,1.34,1039,0.88,3.1,33458,2,5,1028;1029;1038;1039;1050,
8682,0,lower,R1C3,Bi-207-8890,3.04,-3.86,1032,0.86,18.8,139890,7,6,1022;1023;1031;1032;1033;1042,
8682,0,lower,R2C1,Bi-207-9176,-1.46,5.67,1073,0.88,26.5,187477,7,4,1060;1072;1073;1084,
8682,0,lower,R2C2,Bi-207-9177,-1.46,-1.26,1077,0.88,15.2,151683,5,5,1064;1065;1076;1077;1088,
8682,0,lower,R2C3,Bi-207-8779,-2.96,-7.32,1081,0.86,49.6,85501,5,4,1068;1069;1080;1081,
8683,0,upper,R1C2,Cd-109-9178,0.65,2.6,75,0.1,9.6,145809,7,4,62;74;75;86,
8683,0,upper,R1C3,Bi-207-8890,0.65,-2.59,78,0.1,6.0,75680,4,5,66;78;79;89;90,
8683,0,upper,R2C1,Bi-207-9176,-5.35,6.07,26,0.1,40.3,51352,6,3,25;26;36,
8683,0,upper,R2C2,Bi-207-9177,-3.85,0.01,40,0.1,6.8,62040,6,4,29;30;39;40,
8683,0,upper,R2C3,Bi-207-8779,-4.6,-6.49,33,0.77,5.5,30560,6,3,24;33;34,
8683,0,lower,R1C2,Cd-109-9178,0.66,2.51,1050,0.12,67.8,1061342,7,7,1038;1039;1049;1050;1051;1062;1063,
8683,0,lower,R1C3,Bi-207-8890,0.66,-2.69,1053,0.12,6.7,81998,3,4,1042;1053;1054;1066,
8683,0,lower,R2C1,Bi-207-9176,-3.84,6.84,1084,0.12,41.6,101750,6,4,1084;1085;1094;1095,
8683,0,lower,R2C2,Bi-207-9177,-3.84,-0.09,1088,0.12,21.6,191251,7,6,1077;1087;1088;1089;1098;1099,
8683,0,lower,R2C3,Bi-207-8779,-5.34,-6.15,1102,0.12,11.3,71416,6,3,1092;1102;1112,
8684,0,upper,R2C1,Bi-207-9176,-8.19,6.03,,,,,0,0,,CHECK
8684,0,upper,R1C2,Cd-109-9178,-2.19,2.57,50,0.06,11.2,128662,4,4,49;50;62;63,
8684,0,upper,R1C3,Bi-207-8890,-2.19,-2.63,53,0.06,4.6,51465,4,5,52;53;54;65;66,
8684,0,upper,R2C2,Bi-207-9177,-6.69,-0.03,20,0.06,30.5,70253,7,5,11;12;19;20;21,
8684,0,upper,R2C3,Bi-207-8779,-7.44,-6.53,24,0.8,22.9,3520,3,3,24;33;34,
8684,0,lower,R1C2,Cd-109-9178,-0.71,1.68,1063,0.07,42.2,640789,7,4,1050;1062;1063;1075,
8684,0,lower,R1C3,Bi-207-8890,-0.71,-3.52,1066,0.07,13.5,186254,7,7,1053;1054;1065;1066;1067;1078;1079,
8684,0,lower,R2C1,Bi-207-9176,-5.21,6.01,1095,0.07,30.7,78483,5,3,1095;1096;1105,
8684,0,lower,R2C2,Bi-207-9177,-5.21,-0.92,1099,0.07,15.0,100263,5,4,1098;1099;1108;1109,
8684,0,lower,R2C3,Bi-207-8779,-6.71,-6.98,1112,0.07,22.3,5385,3,3,1102;1111;1112,
8685,0,upper,R1C2,Cd-109-9178,7.41,3.71,114,0.91,0.9,467,0,5,105;106;113;114;121,CHECK
8685,0,upper,R1C3,Bi-207-8890,7.41,-1.49,117,0.91,1.3,1635,1,4,108;109;117;118,CHECK
8685,0,upper,R2C1,Bi-207-9176,1.41,7.17,84,0.87,31.0,49386,7,4,72;83;84;94,
8685,0,upper,R2C2,Bi-207-9177,2.91,1.11,98,0.87,5.3,32303,5,4,87;88;98;99,
8685,0,upper,R2C3,Bi-207-8779,2.16,-5.38,91,0.21,8.9,31753,4,4,80;91;92;102,
8685,0,lower,R1C2,Cd-109-9178,6.78,2.5,1010,0.1,3.3,7286,1,5,1009;1010;1011;1018;1019,CHECK
8685,0,lower,R1C3,Bi-207-8890,6.78,-2.7,1013,0.1,10.1,19123,2,5,1012;1013;1014;1021;1022,
8685,0,lower,R2C1,Bi-207-9176,2.28,6.83,1036,0.1,14.9,16847,4,4,1026;1036;1037;1048,
8685,0,lower,R2C2,Bi-207-9177,2.28,-0.1,1040,0.1,10.4,161731,5,4,1029;1030;1040;1041,
8685,0,lower,R2C3,Bi-207-8779,0.78,-6.16,1055,0.1,2.9,13761,4,5,1033;1043;1044;1055;1056,
8686,0,upper,R1C2,Cd-109-9178,8.54,3.23,,,,,0,0,,CHECK
8686,0,upper,R1C3,Bi-207-8890,8.54,-1.96,,,,,0,0,,CHECK
8686,0,upper,R2C1,Bi-207-9176,2.54,6.7,84,0.37,10.1,16034,4,4,83;84;94;95,
8686,0,upper,R2C2,Bi-207-9177,4.04,0.64,98,0.37,11.6,70394,4,4,98;99;107;108,
8686,0,upper,R2C3,Bi-207-8779,3.29,-5.86,102,0.5,21.0,20350,4,4,92;102;103;112,
8686,0,lower,R1C2,Cd-109-9178,8.93,2.31,,,,,0,0,,CHECK
8686,0,lower,R1C3,Bi-207-8890,8.93,-2.89,,,,,0,0,,CHECK
8686,0,lower,R2C1,Bi-207-9176,4.43,6.64,1026,0.89,54.9,184322,3,3,1017;1026;1027,
8686,0,lower,R2C2,Bi-207-9177,4.43,-0.29,1020,0.87,21.8,105042,7,5,1012;1020;1021;1029;1030,
8686,0,lower,R2C3,Bi-207-8779,2.93,-6.35,1033,0.87,40.9,106046,4,5,1023;1032;1033;1043;1044,
8687,0,upper,R1C2,Cd-109-9178,5.3,1.69,107,0.06,140.9,373965,7,5,106;107;108;115;116,
8687,0,upper,R1C3,Bi-207-8890,5.3,-3.5,110,0.06,5.0,36761,4,4,110;111;118;119,
8687,0,upper,R2C1,Bi-207-9176,-0.7,5.16,61,0.06,5.9,65307,5,5,48;60;61;73;74,
8687,0,upper,R2C2,Bi-207-9177,0.8,-0.9,77,0.06,4.6,67488,4,5,64;65;77;78;89,
8687,0,upper,R2C3,Bi-207-8779,0.05,-7.4,81,0.8,2.5,2558,2,3,68;69;81,
8687,0,lower,R1C2,Cd-109-9178,5.3,0.04,1020,0.07,26.8,129373,5,4,1010;1011;1019;1020,
8687,0,lower,R1C3,Bi-207-8890,5.3,-5.15,1023,0.07,57.2,139516,3,3,1014;1022;1023,
8687,0,lower,R2C1,Bi-207-9176,0.8,4.37,1049,0.07,10.8,164042,5,5,1037;1048;1049;1061;1062,
8687,0,lower,R2C2,Bi-207-9177,0.8,-2.56,1053,0.07,11.2,136778,4,5,1041;1052;1053;1065;1066,
8687,0,lower,R2C3,Bi-207-8779,-0.7,-8.62,1069,0.07,53.3,59539,3,3,1056;1068;1069,
8688,0,upper,R1C2,Cd-109-9178,2.23,1.89,87,0.16,30.9,293963,5,4,87;88;97;98,
8688,0,upper,R1C3,Bi-207-8890,2.23,-3.31,90,0.16,2.5,38854,4,4,90;91;100;101,
8688,0,upper,R2C1,Bi-207-9176,-3.77,5.35,37,0.16,6.7,39966,7,5,26;36;37;48;49,
8688,0,upper,R2C2,Bi-207-9177,-2.27,-0.71,52,0.16,7.2,74629,4,5,41;52;53;64;65,
8688,0,upper,R2C3,Bi-207-8779,-3.02,-7.21,56,0.97,2.6,1756,2,4,55;56;68;69,CHECK
8688,0,lower,R1C2,Cd-109-9178,3.79,0.84,1029,0.04,130.3,914303,7,7,1019;1020;1028;1029;1030;1039;1040,
8688,0,lower,R1C3,Bi-207-8890,3.79,-4.36,1032,0.04,16.1,119780,6,4,1023;1032;1033;1043,
8688,0,lower,R2C1,Bi-207-9176,-0.71,5.17,1061,0.04,4.4,51967,3,4,1061;1062;1073;1074,
8688,0,lower,R2C2,Bi-207-9177,-0.71,-1.76,1065,0.04,12.5,112656,3,5,1064;1065;1066;1077;1078,
8688,0,lower,R2C3,Bi-207-8779,-2.21,-7.82,1081,0.04,93.1,160602,5,3,1068;1069;1081,
8689,0,upper,R1C2,Cd-109-9178,0.87,0.87,76,0.12,8.6,129931,7,4,63;75;76;87,
8689,0,upper,R1C3,Bi-207-8890,0.87,-4.32,79,0.12,9.2,68838,4,5,67;79;80;90;91,
8689,0,upper,R2C1,Bi-207-9176,-5.13,4.34,27,0.12,25.5,43735,7,4,17;26;27;37,
8689,0,upper,R2C2,Bi-207-9177,-3.63,-1.72,41,0.12,6.9,50713,7,4,30;31;40;41,
8689,0,upper,R2C3,Bi-207-8779,-4.38,-8.22,34,0.97,1.6,246,0,5,24;33;34;44;45,CHECK
8689,0,lower,R2C3,Bi-207-8779,-5.19,-7.78,,,,,0,0,,CHECK
8689,0,lower,R1C2,Cd-109-9178,0.81,0.88,1051,0.06,77.1,1001545,7,7,1039;1040;1050;1051;1052;1063;1064,
8689,0,lower,R1C3,Bi-207-8890,0.81,-4.31,1054,0.06,14.5,116657,4,3,1043;1054;1055,
8689,0,lower,R2C1,Bi-207-9176,-3.69,5.21,1085,0.06,16.2,141603,6,4,1085;1086;1095;1096,
8689,0,lower,R2C2,Bi-207-9177,-3.69,-1.72,1089,0.06,24.2,190059,7,5,1088;1089;1090;1099;1100,
8690,0,upper,R1C2,Cd-109-9178,-0.71,1.84,63,0.11,17.9,298413,7,5,50;51;62;63;75,
8690,0,upper,R1C3,Bi-207-8890,-0.71,-3.36,66,0.11,3.9,48519,4,4,54;66;67;79,
8690,0,upper,R2C1,Bi-207-9176,-6.71,5.3,17,0.11,36.2,35404,5,4,9;17;18;27,
8690,0,upper,R2C2,Bi-207-9177,-5.21,-0.76,30,0.11,6.8,33921,4,4,20;21;30;31,
8690,0,upper,R2C3,Bi-207-8779,-5.96,-7.25,34,0.9,1.2,178,0,5,24;33;34;44;45,CHECK
8690,0,lower,R2C3,Bi-207-8779,-6.82,-8.61,,,,,0,0,,CHECK
8690,0,lower,R1C2,Cd-109-9178,-0.82,0.05,1064,0.08,7.8,120074,4,5,1051;1063;1064;1075;1076,
8690,0,lower,R1C3,Bi-207-8890,-0.82,-5.14,1067,0.08,26.7,186550,7,7,1054;1055;1066;1067;1068;1079;1080,
8690,0,lower,R2C1,Bi-207-9176,-5.32,4.38,1096,0.08,20.3,67945,6,5,1095;1096;1105;1106;1114,
8690,0,lower,R2C2,Bi-207-9177,-5.32,-2.55,1100,0.08,16.0,74774,4,4,1099;1100;1109;1110,
8691,0,upper,R1C2,Cd-109-9178,7.14,2.48,115,0.41,2.2,3604,2,4,106;107;115;116,
8691,0,upper,R1C3,Bi-207-8890,7.14,-2.72,118,0.41,0.8,1351,1,4,109;110;117;118,CHECK
8691,0,upper,R2C1,Bi-207-9176,1.14,5.94,73,0.41,7.8,42162,5,4,72;73;84;85,
8691,0,upper,R2C2,Bi-207-9177,2.64,-0.12,88,0.41,3.7,65298,3,5,77;88;89;98;99,
8691,0,upper,R2C3,Bi-207-8779,1.89,-6.61,92,0.48,7.0,10143,3,3,92;102;103,
8691,0,lower,R1C2,Cd-109-9178,6.67,0.87,1011,0.08,13.6,25298,3,3,1004;1011;1012,
8691,0,lower,R1C3,Bi-207-8890,6.67,-4.32,1014,0.08,0.9,565,0,4,1013;1014;1022;1023,CHECK
8691,0,lower,R2C1,Bi-207-9176,2.17,5.2,1037,0.08,16.9,162163,7,5,1026;1027;1036;1037;1048,
8691,0,lower,R2C2,Bi-207-9177,2.17,-1.73,1041,0.08,11.4,188313,5,5,1030;1031;1040;1041;1042,
8691,0,lower,R2C3,Bi-207-8779,0.67,-7.79,1056,0.08,7.5,13739,2,3,1044;1055;1056,
8692,0,upper,R1C2,Cd-109-9178,5.35,5.15,105,0.11,146.1,292014,7,4,104;105;113;114,
8692,0,upper,R1C3,Bi-207-8890,5.35,-0.04,108,0.11,15.4,58260,6,4,107;108;116;117,
8692,0,upper,R2C1,Bi-207-9176,-0.65,8.62,59,0.11,2.0,24278,4,4,47;59;60;72,
8692,0,upper,R2C2,Bi-207-9177,0.85,2.55,75,0.11,3.7,56847,4,5,62;63;75;76;87,
8692,0,upper,R2C3,Bi-207-8779,0.1,-3.94,79,0.76,5.9,44490,5,5,66;67;79;80;91,
8692,0,lower,R1C2,Cd-109-9178,5.26,3.55,1018,0.08,144.2,667897,7,4,1009;1010;1017;1018,
8692,0,lower,R1C3,Bi-207-8890,5.26,-1.65,1021,0.08,35.6,146577,6,4,1012;1013;1020;1021,
8692,0,lower,R2C1,Bi-207-9176,0.76,7.88,1047,0.08,59.6,157883,4,4,1047;1048;1059;1060,
8692,0,lower,R2C2,Bi-207-9177,0.76,0.95,1051,0.08,12.8,166862,4,5,1039;1050;1051;1063;1064,
8692,0,lower,R2C3,Bi-207-8779,-0.74,-5.11,1067,0.08,16.6,115686,5,5,1054;1055;1066;1067;1068,
8693,0,upper,R1C2,Cd-109-9178,2.26,5.12,85,0.08,44.9,380631,7,4,84;85;95;96,
8693,0,upper,R1C3,Bi-207-8890,2.26,-0.08,88,0.08,2.0,35359,4,4,88;89;98;99,
8693,0,upper,R2C1,Bi-207-9176,-3.74,8.58,35,0.08,10.6,1733,4,4,25;35;36;47,
8693,0,upper,R2C2,Bi-207-9177,-2.24,2.52,50,0.08,6.1,70548,3,4,38;39;50;51,
8693,0,upper,R2C3,Bi-207-8779,-2.99,-3.98,54,0.82,6.2,73982,5,5,43;54;55;66;67,
8693,0,lower,R1C2,Cd-109-9178,3.64,4.22,1027,0.16,92.7,1011068,7,5,1017;1018;1026;1027;1037,
8693,0,lower,R1C3,Bi-207-8890,3.64,-0.98,1030,0.16,7.6,84169,5,4,1021;1030;1031;1041,
8693,0,lower,R2C1,Bi-207-9176,-0.86,8.55,1059,0.16,24.9,37182,4,3,1059;1060;1072,
8693,0,lower,R2C2,Bi-207-9177,-0.86,1.62,1063,0.16,6.3,96238,4,4,1063;1064;1075;1076,
8693,0,lower,R2C3,Bi-207-8779,-2.36,-4.44,1079,0.16,13.0,161510,5,5,1066;1067;1079;1080;1091,
8694,0,upper,R1C2,Cd-109-9178,0.67,4.33,74,0.08,9.2,129092,7,4,61;73;74;85,
8694,0,upper,R1C3,Bi-207-8890,0.67,-0.86,77,0.08,5.1,74328,4,5,65;77;78;88;89,
8694,0,upper,R2C1,Bi-207-9176,-5.33,7.8,25,0.08,60.2,9626,4,3,25;35;36,
8694,0,upper,R2C2,Bi-207-9177,-3.83,1.73,39,0.08,9.0,50077,5,4,28;29;38;39,
8694,0,upper,R2C3,Bi-207-8779,-4.58,-4.76,32,0.79,9.8,67234,6,4,22;23;32;33,
8694,0,lower,R1C2,Cd-109-9178,0.77,3.39,1049,0.94,66.8,1012787,7,6,1037;1038;1048;1049;1061;1062,
8694,0,lower,R1C3,Bi-207-8890,0.77,-1.81,1053,0.79,10.6,129371,4,5,1041;1042;1052;1053;1065,
8694,0,lower,R2C1,Bi-207-9176,-3.73,7.72,1084,0.79,41.7,101820,4,3,1084;1094;1095,
8694,0,lower,R2C2,Bi-207-9177,-3.73,0.79,1087,0.94,30.6,183142,6,5,1086;1087;1088;1097;1098,
8694,0,lower,R2C3,Bi-207-8779,-5.23,-5.27,1101,0.94,11.3,84214,7,5,1090;1091;1101;1102;1111,
8696,0,upper,R2C1,Bi-207-9176,-7.42,8.01,,,,,0,0,,CHECK
8696,0,upper,R1C2,Cd-109-9178,-1.42,4.55,61,0.93,31.3,347698,7,5,48;49;60;61;73,
8696,0,upper,R1C3,Bi-207-8890,-1.42,-0.65,52,0.86,5.9,60870,4,4,52;53;64;65,
8696,0,upper,R2C2,Bi-207-9177,-5.92,1.95,19,0.86,39.9,69144,7,5,10;11;18;19;20,
8696,0,upper,R2C3,Bi-207-8779,-6.67,-4.55,23,0.66,10.4,7608,4,7,14;15;22;23;24;32;33,
8696,0,lower,R1C2,Cd-109-9178,-0.85,3.56,1062,0.14,31.8,564415,7,4,1049;1061;1062;1074,
8696,0,lower,R1C3,Bi-207-8890,-0.85,-1.64,1065,0.14,20.3,182774,6,6,1053;1064;1065;1066;1077;1078,
8696,0,lower,R2C1,Bi-207-9176,-5.35,7.89,1094,0.14,9.6,12710,2,3,1084;1094;1095,
8696,0,lower,R2C2,Bi-207-9177,-5.35,0.96,1098,0.14,17.0,84779,4,4,1097;1098;1107;1108,
8696,0,lower,R2C3,Bi-207-8779,-6.85,-5.1,1111,0.14,132.4,170030,5,4,1101;1102;1111;1112,
8697,0,upper,R1C2,Cd-109-9178,6.68,4.44,114,0.13,1.2,668,0,5,105;106;113;114;115,CHECK
8697,0,upper,R1C3,Bi-207-8890,6.68,-0.76,117,0.13,5.0,6410,4,4,108;109;116;117,
8697,0,upper,R2C1,Bi-207-9176,0.68,7.9,72,0.13,2.1,3860,2,4,71;72;83;84,
8697,0,upper,R2C2,Bi-207-9177,2.18,1.84,87,0.13,6.1,57713,4,5,86;87;88;97;98,
8697,0,upper,R2C3,Bi-207-8779,1.43,-4.66,91,0.98,8.0,28367,7,4,91;92;101;102,CHECK
8697,0,lower,R2C1,Bi-207-9176,2.89,8.21,,,,,0,0,,CHECK
8697,0,lower,R1C2,Cd-109-9178,7.39,3.88,1009,0.78,41.8,74213,1,4,1009;1010;1017;1018,CHECK
8697,0,lower,R1C3,Bi-207-8890,7.39,-1.32,1012,0.78,20.5,26723,4,4,1004;1012;1013;1021,
8697,0,lower,R2C2,Bi-207-9177,2.89,1.28,1039,0.78,16.2,176057,5,4,1028;1029;1039;1040,
8697,0,lower,R2C3,Bi-207-8779,1.39,-4.78,1043,0.96,34.7,159570,7,5,1032;1033;1043;1044;1055,CHECK
8698,0,upper,R2C1,Bi-207-9176,-9.76,8.73,,,,,0,0,,CHECK
8698,0,upper,R1C2,Cd-109-9178,-3.76,5.26,37,0.07,64.8,384994,7,4,26;27;36;37,
8698,0,upper,R1C3,Bi-207-8890,-3.76,0.07,40,0.07,4.0,36537,5,5,29;30;40;41;52,
8698,0,upper,R2C2,Bi-207-9177,-8.26,2.66,10,0.07,5.5,4466,4,5,2;3;9;10;11,
8698,0,upper,R2C3,Bi-207-8779,-9.01,-3.83,14,0.91,0.7,335,0,7,6;7;13;14;15;22;23,CHECK
8698,0,lower,R2C1,Bi-207-9176,-8.22,7.81,,,,,0,0,,CHECK
8698,0,lower,R2C3,Bi-207-8779,-9.72,-5.18,,,,,0,0,,CHECK
8698,0,lower,R1C2,Cd-109-9178,-3.72,3.48,1086,0.03,58.5,358453,7,4,1074;1085;1086;1096,
8698,0,lower,R1C3,Bi-207-8890,-3.72,-1.72,1089,0.03,22.0,172424,7,7,1077;1078;1088;1089;1090;1099;1100,
8698,0,lower,R2C2,Bi-207-9177,-8.22,0.88,1116,0.03,80.9,140381,5,4,1107;1108;1115;1116,
8699,0,upper,R2C1,Bi-207-9176,-11.1,7.94,,,,,0,0,,CHECK
8699,0,upper,R1C2,Cd-109-9178,-5.1,4.48,27,0.21,61.5,105439,7,4,17;18;26;27,
8699,0,upper,R1C3,Bi-207-8890,-5.1,-0.72,30,0.21,11.8,58767,6,4,20;21;30;31,
8699,0,upper,R2C2,Bi-207-9177,-9.6,1.88,3,0.21,0.7,97,0,5,2;3;4;10;11,CHECK
8699,0,upper,R2C3,Bi-207-8779,-10.35,-4.62,7,0.83,0.7,26,0,4,6;7;14;15,CHECK
8699,0,lower,R2C1,Bi-207-9176,-9.59,6.98,,,,,0,0,,CHECK
8699,0,lower,R2C2,Bi-207-9177,-9.59,0.05,,,,,0,0,,CHECK
8699,0,lower,R2C3,Bi-207-8779,-11.09,-6.01,,,,,0,0,,CHECK
8699,0,lower,R1C2,Cd-109-9178,-5.09,2.65,1097,0.16,29.7,97616,5,5,1086;1096;1097;1105;1106,
8699,0,lower,R1C3,Bi-207-8890,-5.09,-2.55,1100,0.16,32.3,151059,6,4,1099;1100;1109;1110,
8700,0,upper,R1C2,Cd-109-9178,-2.12,1.69,50,0.92,37.3,429029,7,4,38;39;50;51,
8700,0,upper,R1C3,Bi-207-8890,-2.12,-3.51,54,0.83,6.3,75701,6,7,42;43;53;54;55;66;67,
8700,0,upper,R2C1,Bi-207-9176,-8.12,5.15,9,0.83,5.3,1796,4,5,2;9;10;17;18,
8700,0,upper,R2C2,Bi-207-9177,-6.62,-0.91,21,0.83,14.5,29661,7,4,12;13;20;21,
8700,0,upper,R2C3,Bi-207-8779,-7.37,-7.41,24,0.79,1.0,150,0,4,23;24;33;34,CHECK
8700,0,lower,R2C3,Bi-207-8779,-8.2,-7.71,,,,,0,0,,CHECK
8700,0,lower,R1C2,Cd-109-9178,-2.2,0.95,1076,0.1,113.5,1054665,7,6,1063;1075;1076;1077;1087;1088,
8700,0,lower,R1C3,Bi-207-8890,-2.2,-4.25,1079,0.1,16.4,203611,7,5,1066;1067;1079;1080;1091,
8700,0,lower,R2C1,Bi-207-9176,-6.7,5.28,1105,0.1,99.3,122325,5,5,1095;1096;1105;1106;1114,
8700,0,lower,R2C2,Bi-207-9177,-6.7,-1.65,1109,0.1,57.1,171710,7,4,1108;1109;1117;1118,
8704,0,upper,R1C2,Cd-109-9178,6.73,2.58,115,0.03,194.3,323190,5,5,106;107;114;115;116,
8704,0,upper,R1C3,Bi-207-8890,6.73,-2.62,118,0.03,4.6,7473,4,3,109;117;118,
8704,0,upper,R2C1,Bi-207-9176,0.73,6.04,73,0.03,13.0,70548,7,5,60;72;73;84;85,
8704,0,upper,R2C2,Bi-207-9177,2.23,-0.02,88,0.03,2.3,40790,3,4,76;77;88;89,
8704,0,upper,R2C3,Bi-207-8779,1.48,-6.52,92,0.87,1.6,2334,0,4,80;81;91;92,CHECK
8704,0,lower,R1C2,Cd-109-9178,6.79,0.77,1011,0.1,303.9,566094,6,4,1004;1011;1012;1020,
8704,0,lower,R1C3,Bi-207-8890,6.79,-4.42,1014,0.1,5.4,3387,4,3,1014;1022;1023,
8704,0,lower,R2C1,Bi-207-9176,2.29,5.1,1037,0.1,10.8,103794,5,4,1036;1037;1048;1049,
8704,0,lower,R2C2,Bi-207-9177,2.29,-1.83,1041,0.1,9.3,154847,4,4,1040;1041;1052;1053,
8704,0,lower,R2C3,Bi-207-8779,0.79,-7.89,1056,0.1,83.0,152088,3,4,1044;1055;1056;1068,
8705,0,upper,R1C2,Cd-109-9178,6.75,4.31,114,0.02,1.2,635,1,4,105;113;114;121,CHECK
8705,0,upper,R1C3,Bi-207-8890,6.75,-0.89,117,0.02,26.4,33766,5,4,108;109;117;118,
8705,0,upper,R2C1,Bi-207-9176,0.75,7.77,72,0.02,28.1,50510,5,4,71;72;83;84,
8705,0,upper,R2C2,Bi-207-9177,2.25,1.71,87,0.02,4.0,37962,4,5,75;76;87;88;98,
8705,0,upper,R2C3,Bi-207-8779,1.5,-4.79,79,0.88,8.7,65010,4,4,67;79;80;91,
8705,0,lower,R1C2,Cd-109-9178,6.65,2.65,1010,0.12,360.4,790463,2,5,1009;1010;1011;1018;1019,
8705,0,lower,R1C3,Bi-207-8890,6.65,-2.55,1013,0.12,84.1,159535,5,5,1012;1013;1014;1021;1022,
8705,0,lower,R2C1,Bi-207-9176,2.15,6.98,1036,0.12,18.5,20960,3,3,1036;1047;1048,
8705,0,lower,R2C2,Bi-207-9177,2.15,0.05,1040,0.12,8.9,137923,5,4,1039;1040;1051;1052,
8705,0,lower,R2C3,Bi-207-8779,0.65,-6.01,1055,0.12,36.0,170110,7,4,1043;1044;1055;1056,
8706,0,upper,R1C2,Cd-109-9178,3.67,4.27,96,0.1,26.5,339904,6,4,95;96;105;106,
8706,0,upper,R1C3,Bi-207-8890,3.67,-0.93,99,0.1,5.1,51475,4,4,99;100;108;109,
8706,0,upper,R2C1,Bi-207-9176,-2.33,7.73,47,0.1,39.1,59423,6,4,35;36;47;48,
8706,0,upper,R2C2,Bi-207-9177,-0.83,1.67,63,0.1,4.2,70386,3,5,51;63;64;75;76,
8706,0,upper,R2C3,Bi-207-8779,-1.58,-4.82,67,0.91,8.5,65015,6,4,55;67;68;80,
8706,0,lower,R1C2,Cd-109-9178,3.77,2.57,1028,0.04,11.6,121185,4,6,1010;1017;1018;1019;1027;1028,
8706,0,lower,R1C3,Bi-207-8890,3.77,-2.63,1031,0.04,10.4,130923,5,4,1021;1022;1031;1032,
8706,0,lower,R2C1,Bi-207-9176,-0.73,6.9,1060,0.04,39.4,188422,7,5,1047;1059;1060;1072;1073,
8706,0,lower,R2C2,Bi-207-9177,-0.73,-0.03,1064,0.04,11.8,181271,6,5,1051;1063;1064;1076;1077,
8706,0,lower,R2C3,Bi-207-8779,-2.23,-6.09,1080,0.04,6.6,71868,5,3,1067;1068;1080,
8707,0,upper,R1C2,Cd-109-9178,0.83,4.24,74,0.12,11.4,160659,5,4,73;74;85;86,
8707,0,upper,R1C3,Bi-207-8890,0.83,-0.96,77,0.12,1.9,27990,2,4,77;78;88;89,CHECK
8707,0,upper,R2C1,Bi-207-9176,-5.17,7.7,25,0.12,99.5,15918,4,3,25;35;36,
8707,0,upper,R2C2,Bi-207-9177,-3.67,1.64,39,0.12,12.7,70458,5,6,28;29;38;39;40;51,
8707,0,upper,R2C3,Bi-207-8779,-4.42,-4.86,32,0.98,3.5,23679,4,5,23;32;33;42;43,CHECK
8707,0,lower,R1C2,Cd-109-9178,2.15,3.49,1038,0.1,55.2,1051410,7,7,1027;1028;1037;1038;1039;1049;1050,
8707,0,lower,R1C3,Bi-207-8890,2.15,-1.71,1041,0.1,6.1,100781,4,4,1031;1041;1042;1053,
8707,0,lower,R2C1,Bi-207-9176,-2.35,7.82,1072,0.1,27.6,58648,5,3,1072;1073;1084,
8707,0,lower,R2C2,Bi-207-9177,-2.35,0.89,1076,0.1,17.1,158597,4,4,1076;1077;1087;1088,
8707,0,lower,R2C3,Bi-207-8779,-3.85,-5.17,1091,0.1,15.7,150944,6,5,1079;1080;1091;1092;1102,
8708,0,upper,R2C1,Bi-207-9176,-6.76,7.66,,,,,0,0,,CHECK
8708,0,upper,R1C2,Cd-109-9178,-0.76,4.2,61,1.0,34.9,387532,7,7,48;49;60;61;62;73;74,CHECK
8708,0,upper,R1C3,Bi-207-8890,-0.76,-1.0,65,0.74,8.1,72647,4,5,53;65;66;77;78,
8708,0,upper,R2C2,Bi-207-9177,-5.26,1.6,29,0.74,16.8,68392,7,4,19;20;28;29,
8708,0,upper,R2C3,Bi-207-8779,-6.01,-4.89,23,0.8,31.5,23032,5,4,15;23;24;33,
8708,0,lower,R1C2,Cd-109-9178,-0.72,3.41,1062,0.06,46.7,830775,7,6,1049;1050;1061;1062;1063;1074,
8708,0,lower,R1C3,Bi-207-8890,-0.72,-1.79,1065,0.06,7.6,68433,4,4,1052;1053;1065;1066,
8708,0,lower,R2C1,Bi-207-9176,-5.22,7.74,1094,0.06,77.1,102501,3,3,1084;1094;1095,
8708,0,lower,R2C2,Bi-207-9177,-5.22,0.81,1098,0.06,37.9,189275,7,5,1097;1098;1099;1107;1108,
8708,0,lower,R2C3,Bi-207-8779,-6.72,-5.25,1111,0.06,35.8,45927,5,3,1102;1111;1112,
8709,0,upper,R2C1,Bi-207-9176,-8.1,7.88,,,,,0,0,,CHECK
8709,0,upper,R1C2,Cd-109-9178,-2.1,4.42,49,0.17,28.6,403971,7,5,37;38;48;49;50,
8709,0,upper,R1C3,Bi-207-8890,-2.1,-0.78,52,0.17,4.1,42192,4,4,41;52;53;65,
8709,0,upper,R2C2,Bi-207-9177,-6.6,1.82,19,0.17,15.7,27175,7,4,10;11;19;20,
8709,0,upper,R2C3,Bi-207-8779,-7.35,-4.68,23,0.79,0.7,546,0,7,14;15;22;23;24;32;33,CHECK
8709,0,lower,R1C2,Cd-109-9178,-1.59,3.08,1075,0.82,44.6,529198,7,4,1062;1074;1075;1086,
8709,0,lower,R1C3,Bi-207-8890,-1.59,-2.12,1078,0.82,16.7,195083,7,7,1065;1066;1077;1078;1079;1089;1090,
8709,0,lower,R2C1,Bi-207-9176,-6.09,7.41,1094,0.92,0.7,951,0,3,1084;1094;1095,CHECK
8709,0,lower,R2C2,Bi-207-9177,-6.09,0.48,1108,0.82,45.9,148353,7,4,1107;1108;1116;1117,
8709,0,lower,R2C3,Bi-207-8779,-7.59,-5.58,1111,0.92,45.4,58280,3,3,1102;1111;1112,
8710,0,upper,R2C1,Bi-207-9176,-9.69,7.09,,,,,0,0,,CHECK
8710,0,upper,R1C2,Cd-109-9178,-3.69,3.63,38,0.18,27.2,138137,7,4,27;28;37;38,
8710,0,upper,R1C3,Bi-207-8890,-3.69,-1.57,41,0.18,6.2,45533,4,4,30;31;41;42,
8710,0,upper,R2C2,Bi-207-9177,-8.19,1.03,11,0.18,0.7,687,0,7,3;4;10;11;12;19;20,CHECK
8710,0,upper,R2C3,Bi-207-8779,-8.94,-5.46,15,0.91,0.6,101,0,4,14;15;23;24,CHECK
8710,0,lower,R2C3,Bi-207-8779,-8.71,-6.91,,,,,0,0,,CHECK
8710,0,lower,R1C2,Cd-109-9178,-2.71,1.75,1075,0.97,8.7,103008,4,6,1074;1075;1085;1086;1087;1097,CHECK
8710,0,lower,R1C3,Bi-207-8890,-2.71,-3.45,1078,0.97,1.6,18775,2,3,1078;1089;1090,CHECK
8710,0,lower,R2C1,Bi-207-9176,-7.21,6.08,1105,1.0,24.2,29843,4,4,1095;1096;1105;1106,CHECK
8710,0,lower,R2C2,Bi-207-9177,-7.21,-0.85,1109,1.0,5.6,16880,4,4,1099;1100;1109;1110,CHECK
8711,0,upper,R2C1,Bi-207-9176,-9.78,7.0,,,,,0,0,,CHECK
8711,0,upper,R1C2,Cd-109-9178,-3.78,3.53,38,0.08,78.9,400362,7,5,27;28;37;38;39,
8711,0,upper,R1C3,Bi-207-8890,-3.78,-1.66,41,0.08,4.9,36207,5,5,30;31;41;42;53,
8711,0,upper,R2C2,Bi-207-9177,-8.28,0.93,11,0.08,4.7,4578,3,5,3;4;11;12;20,
8711,0,upper,R2C3,Bi-207-8779,-9.03,-5.56,15,0.93,0.8,124,0,4,14;15;23;24,CHECK
8711,0,lower,R2C1,Bi-207-9176,-8.08,5.93,,,,,0,0,,CHECK
8711,0,lower,R2C3,Bi-207-8779,-9.58,-7.06,,,,,0,0,,CHECK
8711,0,lower,R1C2,Cd-109-9178,-3.58,1.6,1087,0.22,63.9,382435,7,4,1075;1086;1087;1097,
8711,0,lower,R1C3,Bi-207-8890,-3.58,-3.6,1090,0.22,14.1,181765,7,7,1078;1079;1089;1090;1091;1100;1101,
8711,0,lower,R2C2,Bi-207-9177,-8.08,-1.0,1117,0.22,71.6,145711,5,4,1108;1109;1116;1117,
8712,0,upper,R1C2,Cd-109-9178,8.29,3.48,,,,,0,0,,CHECK
8712,0,upper,R1C3,Bi-207-8890,8.29,-1.71,,,,,0,0,,CHECK
8712,0,upper,R2C1,Bi-207-9176,2.29,6.95,84,0.05,13.1,20842,4,4,83;84;94;95,
8712,0,upper,R2C2,Bi-207-9177,3.79,0.89,98,0.05,12.8,77511,4,4,98;99;107;108,
8712,0,upper,R2C3,Bi-207-8779,3.04,-5.61,102,0.84,27.1,26277,5,4,92;102;103;112,
8712,0,lower,R1C2,Cd-109-9178,8.93,2.31,,,,,0,0,,CHECK
8712,0,lower,R1C3,Bi-207-8890,8.93,-2.89,,,,,0,0,,CHECK
8712,0,lower,R2C1,Bi-207-9176,4.43,6.64,1026,0.89,61.7,207061,3,3,1017;1026;1027,
8712,0,lower,R2C2,Bi-207-9177,4.43,-0.29,1020,0.87,21.5,103480,7,5,1012;1020;1021;1029;1030,
8712,0,lower,R2C3,Bi-207-8779,2.93,-6.35,1033,0.87,47.2,122398,4,5,1023;1032;1033;1043;1044,
8713,0,upper,R1C2,Cd-109-9178,3.64,2.54,97,0.12,41.7,414948,7,4,97;98;106;107,
8713,0,upper,R1C3,Bi-207-8890,3.64,-2.66,100,0.12,4.1,47730,4,4,100;101;109;110,
8713,0,upper,R2C1,Bi-207-9176,-2.36,6.01,48,0.12,12.0,66887,6,5,36;47;48;60;61,
8713,0,upper,R2C2,Bi-207-9177,-0.86,-0.06,64,0.12,4.6,73890,4,4,52;64;65;77,
8713,0,upper,R2C3,Bi-207-8779,-1.61,-6.55,68,0.94,7.3,16325,7,4,56;68;69;81,
8713,0,lower,R1C2,Cd-109-9178,3.67,0.94,1029,0.11,30.2,212140,5,4,1019;1020;1028;1029,
8713,0,lower,R1C3,Bi-207-8890,3.67,-4.25,1032,0.11,16.2,120354,6,4,1022;1023;1032;1033,
8713,0,lower,R2C1,Bi-207-9176,-0.83,5.27,1061,0.11,16.7,197425,6,5,1048;1060;1061;1073;1074,
8713,0,lower,R2C2,Bi-207-9177,-0.83,-1.66,1065,0.11,21.8,196264,6,6,1052;1053;1064;1065;1077;1078,
8713,0,lower,R2C3,Bi-207-8779,-2.33,-7.72,1081,0.11,34.1,58784,4,4,1056;1068;1069;1081,
8715,0,upper,R1C2,Cd-109-9178,1.55,2.26,87,0.87,18.0,171539,7,5,75;86;87;97;98,
8715,0,upper,R1C3,Bi-207-8890,1.55,-2.94,90,0.87,4.4,67612,4,4,79;90;91;101,
8715,0,upper,R2C1,Bi-207-9176,-4.45,5.72,26,0.87,19.4,24702,5,5,25;26;27;36;37,
8715,0,upper,R2C2,Bi-207-9177,-2.95,-0.34,40,0.87,7.2,65184,4,4,30;40;41;52,
8715,0,upper,R2C3,Bi-207-8779,-3.7,-6.84,44,0.11,1.4,8350,2,4,34;44;45;56,CHECK
8715,0,lower,R1C2,Cd-109-9178,2.3,1.61,1039,0.13,92.2,1002461,7,7,1028;1029;1038;1039;1040;1050;1051,
8715,0,lower,R1C3,Bi-207-8890,2.3,-3.59,1042,0.13,5.0,77145,4,4,1032;1042;1043;1054,
8715,0,lower,R2C1,Bi-207-9176,-2.2,5.94,1073,0.13,7.5,53157,4,4,1073;1074;1084;1085,
8715,0,lower,R2C2,Bi-207-9177,-2.2,-0.99,1077,0.13,14.0,140526,6,4,1077;1078;1088;1089,
8715,0,lower,R2C3,Bi-207-8779,-3.7,-7.05,1092,0.13,17.7,122455,4,3,1080;1081;1092,
8716,0,upper,R1C2,Cd-109-9178,3.64,2.54,97,0.12,40.0,398142,6,4,97;98;106;107,
8716,0,upper,R1C3,Bi-207-8890,3.64,-2.66,100,0.12,3.9,44821,3,4,100;101;109;110,
8716,0,upper,R2C1,Bi-207-9176,-2.36,6.01,48,0.12,11.5,64014,6,5,36;47;48;60;61,
8716,0,upper,R2C2,Bi-207-9177,-0.86,-0.06,64,0.12,4.4,70179,4,4,52;64;65;77,
8716,0,upper,R2C3,Bi-207-8779,-1.61,-6.55,68,0.94,6.7,14995,7,4,56;68;69;81,
8716,0,lower,R1C2,Cd-109-9178,3.67,0.94,1029,0.11,32.2,225615,5,4,1019;1020;1028;1029,
8716,0,lower,R1C3,Bi-207-8890,3.67,-4.25,1032,0.11,15.5,115298,6,4,1022;1023;1032;1033,
8716,0,lower,R2C1,Bi-207-9176,-0.83,5.27,1061,0.11,15.9,188247,6,5,1048;1060;1061;1073;1074,
8716,0,lower,R2C2,Bi-207-9177,-0.83,-1.66,1065,0.11,21.1,189766,6,6,1052;1053;1064;1065;1077;1078,
8716,0,lower,R2C3,Bi-207-8779,-2.33,-7.72,1081,0.11,32.9,56758,4,4,1056;1068;1069;1081,
8717,0,upper,R1C2,Cd-109-9178,7.56,5.71,113,0.88,1.2,83,1,4,105;113;114;121,CHECK
8717,0,upper,R1C3,Bi-207-8890,7.56,0.52,116,0.88,6.3,10566,5,4,108;115;116;117,
8717,0,upper,R2C1,Bi-207-9176,1.56,9.18,71,0.88,1.0,10688,0,4,59;71;72;83,CHECK
8717,0,upper,R2C2,Bi-207-9177,3.06,3.12,97,0.86,7.6,75193,5,4,97;98;106;107,
8717,0,upper,R2C3,Bi-207-8779,2.31,-3.38,90,0.11,1.4,21872,3,4,90;91;100;101,CHECK
8717,0,lower,R1C2,Cd-109-9178,8.79,2.44,,,,,0,0,,CHECK
8717,0,lower,R1C3,Bi-207-8890,8.79,-2.76,,,,,0,0,,CHECK
8717,0,lower,R2C1,Bi-207-9176,4.29,6.77,1026,0.89,23.2,77726,3,4,1017;1026;1027;1037,
8717,0,lower,R2C2,Bi-207-9177,4.29,-0.16,1020,0.97,8.2,39633,5,4,1019;1020;1029;1030,CHECK
8717,0,lower,R2C3,Bi-207-8779,2.79,-6.22,1033,0.97,32.2,83552,4,4,1023;1032;1033;1043,CHECK
8718,0,upper,R1C2,Cd-109-9178,7.52,3.01,115,0.87,2.3,3784,4,4,105;106;114;115,
8718,0,upper,R1C3,Bi-207-8890,7.52,-2.19,118,0.87,6.2,10084,4,4,109;110;117;118,
8718,0,upper,R2C1,Bi-207-9176,1.52,6.47,84,0.86,17.9,28530,5,4,83;84;94;95,
8718,0,upper,R2C2,Bi-207-9177,3.02,0.41,98,0.86,3.1,18924,5,4,98;99;107;108,
8718,0,upper,R2C3,Bi-207-8779,2.27,-6.09,92,0.84,0.6,819,0,3,92;102;103,CHECK
8718,0,lower,R1C2,Cd-109-9178,9.58,0.93,,,,,0,0,,CHECK
8718,0,lower,R1C3,Bi-207-8890,9.58,-4.26,,,,,0,0,,CHECK
8718,0,lower,R2C3,Bi-207-8779,3.58,-7.73,,,,,0,0,,CHECK
8718,0,lower,R2C1,Bi-207-9176,5.08,5.26,1017,0.19,23.8,54797,5,4,1017;1018;1026;1027,
8718,0,lower,R2C2,Bi-207-9177,5.08,-1.67,1021,0.19,25.6,105438,7,7,1012;1013;1020;1021;1022;1030;1031,
8719,0,upper,R1C2,Cd-109-9178,9.66,2.65,,,,,0,0,,CHECK
8719,0,upper,R1C3,Bi-207-8890,9.66,-2.55,,,,,0,0,,CHECK
8719,0,upper,R2C1,Bi-207-9176,3.66,6.11,95,0.1,3.7,7407,4,4,94;95;104;105,
8719,0,upper,R2C2,Bi-207-9177,5.16,0.05,108,0.1,17.7,67172,5,4,108;109;116;117,
8719,0,upper,R2C3,Bi-207-8779,4.41,-6.45,112,0.97,0.8,146,0,5,102;103;111;112;120,CHECK
8719,0,lower,R1C2,Cd-109-9178,9.78,0.93,,,,,0,0,,CHECK
8719,0,lower,R1C3,Bi-207-8890,9.78,-4.26,,,,,0,0,,CHECK
8719,0,lower,R2C3,Bi-207-8779,3.78,-7.73,,,,,0,0,,CHECK
8719,0,lower,R2C1,Bi-207-9176,5.28,5.26,1017,0.07,70.1,161469,5,3,1009;1017;1018,
8719,0,lower,R2C2,Bi-207-9177,5.28,-1.67,1021,0.07,29.5,121396,5,4,1012;1013;1020;1021,
8720,0,upper,R1C2,Cd-109-9178,7.68,4.13,114,0.95,6.5,3518,4,3,106;114;115,CHECK
8720,0,upper,R1C3,Bi-207-8890,7.68,-1.07,117,0.95,18.6,23835,5,2,116;117,CHECK
8720,0,upper,R2C1,Bi-207-9176,1.68,7.59,84,0.87,2.0,3261,2,5,73;84;85;94;95,
8720,0,upper,R2C2,Bi-207-9177,3.18,1.53,98,0.87,3.8,23223,4,4,97;98;107;108,
8720,0,upper,R2C3,Bi-207-8779,2.43,-4.97,91,0.29,0.2,610,0,4,91;92;101;102,CHECK
8720,0,lower,R1C2,Cd-109-9178,10.89,3.31,,,,,0,0,,CHECK
8720,0,lower,R1C3,Bi-207-8890,10.89,-1.89,,,,,0,0,,CHECK
8720,0,lower,R2C1,Bi-207-9176,6.39,7.64,,,,,0,0,,CHECK
8720,0,lower,R2C2,Bi-207-9177,6.39,0.71,1011,0.39,69.3,129012,6,5,1004;1011;1012;1019;1020,
8720,0,lower,R2C3,Bi-207-8779,4.89,-5.35,1023,0.39,46.4,113101,4,3,1014;1022;1023,
8721,0,upper,R2C1,Bi-207-9176,-8.11,6.01,,,,,0,0,,CHECK
8721,0,upper,R1C2,Cd-109-9178,-2.11,2.55,50,0.15,12.7,145544,7,4,38;39;49;50,
8721,0,upper,R1C3,Bi-207-8890,-2.11,-2.65,53,0.15,6.3,70417,5,6,41;42;53;54;65;66,
8721,0,upper,R2C2,Bi-207-9177,-6.61,-0.05,20,0.15,14.9,34228,7,4,11;12;19;20,
8721,0,upper,R2C3,Bi-207-8779,-7.36,-6.54,24,0.72,0.7,107,0,5,15;23;24;33;34,CHECK
8721,0,lower,R2C3,Bi-207-8779,-8.14,-7.77,,,,,0,0,,CHECK
8721,0,lower,R1C2,Cd-109-9178,-2.14,0.89,1076,0.11,10.4,96809,4,5,1063;1075;1076;1086;1087,
8721,0,lower,R1C3,Bi-207-8890,-2.14,-4.31,1079,0.11,12.2,151979,6,4,1066;1078;1079;1090,
8721,0,lower,R2C1,Bi-207-9176,-6.64,5.22,1105,0.11,41.2,50697,4,5,1095;1096;1105;1106;1114,
8721,0,lower,R2C2,Bi-207-9177,-6.64,-1.71,1109,0.11,16.0,48008,6,4,1108;1109;1116;1117,
8824,0,upper,R2C1,Bi-207-9176,-10.85,8.19,,,,,0,0,,CHECK
8824,0,upper,R1C2,Cd-109-9178,-4.85,4.73,27,0.56,71.9,123271,7,4,17;18;26;27,
8824,0,upper,R1C3,Bi-207-8890,-4.85,-0.47,30,0.56,12.8,64002,6,4,20;21;30;31,
8824,0,upper,R2C2,Bi-207-9177,-9.35,2.13,3,0.56,2.2,293,4,4,2;3;10;11,
8824,0,upper,R2C3,Bi-207-8779,-10.1,-4.37,6,0.97,2.1,119,3,4,5;6;13;14,CHECK
8824,0,lower,R2C1,Bi-207-9176,-8.84,6.73,,,,,0,0,,CHECK
8824,0,lower,R2C3,Bi-207-8779,-10.34,-6.26,,,,,0,0,,CHECK
8824,0,lower,R1C2,Cd-109-9178,-4.34,2.4,1097,0.93,30.6,100497,6,5,1086;1096;1097;1105;1106,
8824,0,lower,R1C3,Bi-207-8890,-4.34,-2.8,1100,0.93,32.9,154110,6,4,1089;1099;1100;1110,
8824,0,lower,R2C2,Bi-207-9177,-8.84,-0.2,1117,0.89,4.3,8696,5,4,1108;1109;1117;1118,
8825,0,upper,R1C3,Bi-207-8890,8.31,0.02,,,,,0,0,,CHECK
8825,0,upper,R1C2,Cd-109-9178,8.31,5.21,121,0.07,2.9,58,3,3,113;114;121,
8825,0,upper,R2C1,Bi-207-9176,2.31,8.68,83,0.07,2.7,386,2,4,72;83;84;94,
8825,0,upper,R2C2,Bi-207-9177,3.81,2.62,97,0.07,7.9,78845,6,4,97;98;106;107,
8825,0,upper,R2C3,Bi-207-8779,3.06,-3.88,101,0.82,7.8,54540,6,4,91;101;102;111,
8825,0,lower,R1C2,Cd-109-9178,8.79,2.44,,,,,0,0,,CHECK
8825,0,lower,R1C3,Bi-207-8890,8.79,-2.76,,,,,0,0,,CHECK
8825,0,lower,R2C1,Bi-207-9176,4.29,6.77,1026,0.89,23.8,79989,3,4,1017;1026;1027;1037,
8825,0,lower,R2C2,Bi-207-9177,4.29,-0.16,1020,0.97,9.5,45637,7,4,1011;1019;1020;1029,CHECK
8825,0,lower,R2C3,Bi-207-8779,2.79,-6.22,1033,0.97,32.0,82908,4,4,1023;1032;1033;1043,CHECK
8826,0,upper,R1C2,Cd-109-9178,9.68,4.38,,,,,0,0,,CHECK
8826,0,upper,R1C3,Bi-207-8890,9.68,-0.82,,,,,0,0,,CHECK
8826,0,upper,R2C1,Bi-207-9176,3.68,7.84,94,0.08,3.2,1503,4,4,84;94;95;104,
8826,0,upper,R2C2,Bi-207-9177,5.18,1.78,107,0.08,27.8,73824,7,4,107;108;115;116,
8826,0,upper,R2C3,Bi-207-8779,4.43,-4.72,111,0.95,2.2,2916,2,5,102;111;112;119;120,
8826,0,lower,R1C2,Cd-109-9178,10.89,3.31,,,,,0,0,,CHECK
8826,0,lower,R1C3,Bi-207-8890,10.89,-1.89,,,,,0,0,,CHECK
8826,0,lower,R2C1,Bi-207-9176,6.39,7.64,,,,,0,0,,CHECK
8826,0,lower,R2C2,Bi-207-9177,6.39,0.71,1011,0.39,73.6,136993,6,5,1004;1011;1012;1019;1020,
8826,0,lower,R2C3,Bi-207-8779,4.89,-5.35,1023,0.39,44.0,107235,4,3,1014;1022;1023,
8827,0,upper,R2C1,Bi-207-9176,-8.11,6.01,,,,,0,0,,CHECK
8827,0,upper,R1C2,Cd-109-9178,-2.11,2.55,50,0.15,14.8,169564,7,4,38;39;49;50,
8827,0,upper,R1C3,Bi-207-8890,-2.11,-2.65,53,0.15,6.6,73373,6,7,41;42;52;53;54;65;66,
8827,0,upper,R2C2,Bi-207-9177,-6.61,-0.05,20,0.15,17.7,40665,7,4,11;12;19;20,
8827,0,upper,R2C3,Bi-207-8779,-7.36,-6.54,24,0.72,2.3,356,3,5,15;23;24;33;34,
8827,0,lower,R2C3,Bi-207-8779,-8.14,-7.77,,,,,0,0,,CHECK
8827,0,lower,R1C2,Cd-109-9178,-2.14,0.89,1076,0.11,11.1,103380,4,5,1063;1075;1076;1086;1087,
8827,0,lower,R1C3,Bi-207-8890,-2.14,-4.31,1079,0.11,12.8,158563,7,5,1066;1067;1078;1079;1090,
8827,0,lower,R2C1,Bi-207-9176,-6.64,5.22,1105,0.11,55.5,68319,5,5,1095;1096;1105;1106;1114,
8827,0,lower,R2C2,Bi-207-9177,-6.64,-1.71,1109,0.11,18.7,56118,7,3,1108;1109;1117,
8828,0,upper,R1C2,Cd-109-9178,-0.78,1.72,63,0.04,18.7,311920,6,5,62;63;64;75;76,
8828,0,upper,R1C3,Bi-207-8890,-0.78,-3.48,66,0.04,5.2,64596,4,5,54;66;67;78;79,
8828,0,upper,R2C1,Bi-207-9176,-6.78,5.18,17,0.04,41.2,40252,5,4,17;18;26;27,
8828,0,upper,R2C2,Bi-207-9177,-5.28,-0.88,30,0.04,14.3,71668,7,4,20;21;30;31,
8828,0,upper,R2C3,Bi-207-8779,-6.03,-7.37,24,0.84,10.4,1592,3,4,23;24;33;34,
8828,0,lower,R1C2,Cd-109-9178,-0.83,1.78,1063,0.09,27.9,423280,7,4,1050;1051;1063;1064,
8828,0,lower,R1C3,Bi-207-8890,-0.83,-3.42,1066,0.09,3.8,51924,4,3,1054;1066;1067,
8828,0,lower,R2C1,Bi-207-9176,-5.33,6.11,1095,0.09,30.5,78005,6,4,1085;1095;1096;1105,
8828,0,lower,R2C2,Bi-207-9177,-5.33,-0.82,1099,0.09,25.4,170234,7,5,1089;1099;1100;1108;1109,
8828,0,lower,R2C3,Bi-207-8779,-6.83,-6.88,1112,0.09,7.3,1777,3,3,1102;1111;1112,
8829,0,upper,R1C2,Cd-109-9178,7.41,3.65,114,0.95,19.9,10690,6,5,105;106;113;114;115,
8829,0,upper,R1C3,Bi-207-8890,7.41,-1.55,117,0.95,23.7,30350,5,4,109;116;117;118,
8829,0,upper,R2C1,Bi-207-9176,1.41,7.11,84,0.86,2.7,4380,4,4,83;84;94;95,
8829,0,upper,R2C2,Bi-207-9177,2.91,1.05,98,0.86,2.1,12987,5,4,98;99;107;108,
8829,0,upper,R2C3,Bi-207-8779,2.16,-5.45,91,0.27,0.4,1292,0,4,91;92;101;102,CHECK
8829,0,lower,R1C2,Cd-109-9178,9.78,0.93,,,,,0,0,,CHECK
8829,0,lower,R1C3,Bi-207-8890,9.78,-4.26,,,,,0,0,,CHECK
8829,0,lower,R2C3,Bi-207-8779,3.78,-7.73,,,,,0,0,,CHECK
8829,0,lower,R2C1,Bi-207-9176,5.28,5.26,1017,0.07,69.7,160632,5,3,1009;1017;1018,
8829,0,lower,R2C2,Bi-207-9177,5.28,-1.67,1021,0.07,28.4,117224,6,4,1012;1013;1020;1021,
8830,0,upper,R1C2,Cd-109-9178,7.52,3.01,115,0.87,3.7,6210,5,3,106;114;115,
8830,0,upper,R1C3,Bi-207-8890,7.52,-2.19,118,0.87,8.2,13334,4,4,109;110;117;118,
8830,0,upper,R2C1,Bi-207-9176,1.52,6.47,84,0.86,21.2,33754,6,4,83;84;94;95,
8830,0,upper,R2C2,Bi-207-9177,3.02,0.41,98,0.86,3.8,22847,5,4,98;99;107;108,
8830,0,upper,R2C3,Bi-207-8779,2.27,-6.09,92,0.84,1.1,1624,1,4,91;92;102;103,CHECK
8830,0,lower,R1C3,Bi-207-8890,8.33,-5.26,,,,,0,0,,CHECK
8830,0,lower,R2C3,Bi-207-8779,2.33,-8.73,,,,,0,0,,CHECK
8830,0,lower,R1C2,Cd-109-9178,8.33,-0.07,1004,0.1,3.1,2098,3,4,1004;1011;1012;1020,
8830,0,lower,R2C1,Bi-207-9176,3.83,4.26,1027,0.1,18.2,198414,6,4,1017;1018;1026;1027,
8830,0,lower,R2C2,Bi-207-9177,3.83,-2.67,1031,0.1,8.5,107518,4,4,1021;1022;1030;1031,
8831,0,upper,R2C1,Bi-207-9176,-9.78,7.0,,,,,0,0,,CHECK
8831,0,upper,R1C2,Cd-109-9178,-3.78,3.53,38,0.08,76.2,386799,7,5,27;28;38;39;50,
8831,0,upper,R1C3,Bi-207-8890,-3.78,-1.66,41,0.08,4.9,36336,5,5,30;31;41;42;53,
8831,0,upper,R2C2,Bi-207-9177,-8.28,0.93,11,0.08,6.5,6341,7,7,3;4;10;11;12;19;20,
8831,0,upper,R2C3,Bi-207-8779,-9.03,-5.56,7,0.81,1.4,52,0,4,6;7;14;15,CHECK
8831,0,lower,R2C3,Bi-207-8779,-9.08,-7.31,,,,,0,0,,CHECK
8831,0,lower,R1C2,Cd-109-9178,-3.08,1.35,1087,0.77,50.4,301583,7,5,1075;1076;1086;1087;1097,
8831,0,lower,R1C3,Bi-207-8890,-3.08,-3.85,1090,0.77,13.3,171152,7,7,1078;1079;1089;1090;1091;1100;1101,
8831,0,lower,R2C1,Bi-207-9176,-7.58,5.68,1105,0.96,2.3,2820,4,4,1095;1096;1105;1106,CHECK
8831,0,lower,R2C2,Bi-207-9177,-7.58,-1.25,1117,0.77,74.2,151048,5,4,1108;1109;1116;1117,
8832,0,upper,R1C2,Cd-109-9178,-1.44,2.32,50,0.85,11.3,129458,4,4,49;50;62;63,
8832,0,upper,R1C3,Bi-207-8890,-1.44,-2.88,53,0.85,4.9,54546,5,5,52;53;54;65;66,
8832,0,upper,R2C1,Bi-207-9176,-7.44,5.78,17,0.91,2.7,2657,5,4,9;17;18;27,
8832,0,upper,R2C2,Bi-207-9177,-5.94,-0.28,20,0.85,30.9,71164,7,5,11;12;19;20;21,
8832,0,upper,R2C3,Bi-207-8779,-6.69,-6.78,24,0.16,20.2,3103,3,3,24;33;34,
8832,0,lower,R1C2,Cd-109-9178,-0.71,1.68,1063,0.07,53.7,814360,7,5,1050;1062;1063;1075;1076,
8832,0,lower,R1C3,Bi-207-8890,-0.71,-3.52,1066,0.07,13.3,183971,7,5,1054;1066;1067;1078;1079,
8832,0,lower,R2C1,Bi-207-9176,-5.21,6.01,1095,0.07,28.5,72907,5,3,1095;1096;1105,
8832,0,lower,R2C2,Bi-207-9177,-5.21,-0.92,1099,0.07,14.9,99538,6,4,1098;1099;1108;1109,
8832,0,lower,R2C3,Bi-207-8779,-6.71,-6.98,1112,0.07,20.0,4835,3,3,1102;1111;1112,
8833,0,upper,R1C2,Cd-109-9178,0.9,3.35,74,0.99,0.4,5548,0,5,62;74;75;85;86,CHECK
8833,0,upper,R1C3,Bi-207-8890,0.9,-1.84,78,0.77,0.1,1164,0,5,66;78;79;89;90,CHECK
8833,0,upper,R2C1,Bi-207-9176,-5.1,6.82,25,0.99,0.9,141,0,4,25;26;35;36,CHECK
8833,0,upper,R2C2,Bi-207-9177,-3.6,0.76,40,0.77,0.1,884,0,4,29;30;39;40,CHECK
8833,0,upper,R2C3,Bi-207-8779,-4.35,-5.74,33,0.95,0.1,369,0,3,24;33;34,CHECK
8833,0,lower,R1C2,Cd-109-9178,1.16,1.76,1050,0.93,1.0,15485,0,7,1038;1039;1049;1050;1051;1062;1063,CHECK
8833,0,lower,R1C3,Bi-207-8890,1.16,-3.44,1054,0.98,0.3,2120,0,5,1042;1043;1053;1054;1055,CHECK
8833,0,lower,R2C1,Bi-207-9176,-3.34,6.09,1084,0.93,0.6,1345,0,4,1084;1085;1094;1095,CHECK
8833,0,lower,R2C2,Bi-207-9177,-3.34,-0.84,1088,0.93,0.3,2722,0,5,1077;1088;1089;1098;1099,CHECK
8833,0,lower,R2C3,Bi-207-8779,-4.84,-6.9,1102,0.93,0.2,1043,0,3,1092;1102;1112,CHECK
8834,0,upper,R1C2,Cd-109-9178,0.65,2.6,75,0.1,11.0,167472,7,5,62;74;75;86;87,
8834,0,upper,R1C3,Bi-207-8890,0.65,-2.59,78,0.1,5.8,73130,5,5,66;78;79;89;90,
8834,0,upper,R2C1,Bi-207-9176,-5.35,6.07,26,0.1,40.2,51192,6,3,25;26;36,
8834,0,upper,R2C2,Bi-207-9177,-3.85,0.01,40,0.1,6.5,59082,6,4,29;30;39;40,
8834,0,upper,R2C3,Bi-207-8779,-4.6,-6.49,33,0.77,4.6,25494,6,3,24;33;34,
8834,0,lower,R1C2,Cd-109-9178,0.66,2.51,1050,0.12,63.9,1000324,7,7,1038;1039;1049;1050;1051;1062;1063,
8834,0,lower,R1C3,Bi-207-8890,0.66,-2.69,1053,0.12,6.2,75498,4,4,1042;1053;1054;1066,
8834,0,lower,R2C1,Bi-207-9176,-3.84,6.84,1084,0.12,34.6,84577,6,4,1084;1085;1094;1095,
8834,0,lower,R2C2,Bi-207-9177,-3.84,-0.09,1088,0.12,20.1,178172,7,6,1077;1087;1088;1089;1098;1099,
8834,0,lower,R2C3,Bi-207-8779,-5.34,-6.15,1102,0.12,10.9,69209,6,3,1092;1102;1112,
8835,0,upper,R1C2,Cd-109-9178,2.23,3.39,86,0.08,18.6,298861,7,7,74;75;85;86;87;96;97,
8835,0,upper,R1C3,Bi-207-8890,2.23,-1.81,89,0.08,3.0,31266,3,4,89;90;99;100,
8835,0,upper,R2C1,Bi-207-9176,-3.77,6.85,36,0.08,24.5,22765,7,4,35;36;47;48,
8835,0,upper,R2C2,Bi-207-9177,-2.27,0.79,51,0.08,1.6,101203,4,5,39;40;51;52;64,CHECK
8835,0,upper,R2C3,Bi-207-8779,-3.02,-5.71,55,0.84,7.9,63004,6,4,44;55;56;68,
8835,0,lower,R1C2,Cd-109-9178,3.04,1.34,1039,0.88,3.2,34921,3,5,1028;1029;1038;1039;1050,
8835,0,lower,R1C3,Bi-207-8890,3.04,-3.86,1032,0.86,18.7,138698,7,7,1022;1023;1031;1032;1033;1042;1043,
8835,0,lower,R2C1,Bi-207-9176,-1.46,5.67,1073,0.88,26.1,184696,7,4,1060;1072;1073;1084,
8835,0,lower,R2C2,Bi-207-9177,-1.46,-1.26,1077,0.88,16.3,162878,6,5,1064;1065;1076;1077;1088,
8835,0,lower,R2C3,Bi-207-8779,-2.96,-7.32,1081,0.86,54.0,93079,5,5,1068;1069;1080;1081;1092,
8837,0,upper,R1C2,Cd-109-9178,6.66,4.21,114,0.15,1.3,722,0,5,105;106;113;114;121,CHECK
8837,0,upper,R1C3,Bi-207-8890,6.66,-0.99,117,0.15,1.8,2281,2,4,108;109;117;118,CHECK
8837,0,upper,R2C1,Bi-207-9176,0.66,7.67,72,0.15,11.9,21462,4,3,72;83;84,
8837,0,upper,R2C2,Bi-207-9177,2.16,1.61,87,0.15,4.2,39890,3,5,76;87;88;97;98,
8837,0,upper,R2C3,Bi-207-8779,1.41,-4.88,91,0.89,8.9,31799,4,4,80;91;92;102,
8837,0,lower,R1C2,Cd-109-9178,6.78,2.5,1010,0.1,8.4,18398,1,5,1009;1010;1011;1018;1019,CHECK
8837,0,lower,R1C3,Bi-207-8890,6.78,-2.7,1013,0.1,11.1,21013,2,5,1012;1013;1014;1021;1022,
8837,0,lower,R2C1,Bi-207-9176,2.28,6.83,1036,0.1,15.7,17844,4,4,1026;1036;1037;1048,
8837,0,lower,R2C2,Bi-207-9177,2.28,-0.1,1040,0.1,10.6,165157,6,5,1029;1030;1039;1040;1041,
8837,0,lower,R2C3,Bi-207-8779,0.78,-6.16,1055,0.1,3.5,16577,4,5,1033;1043;1044;1055;1056,
8838,0,upper,R1C2,Cd-109-9178,8.29,3.48,,,,,0,0,,CHECK
8838,0,upper,R1C3,Bi-207-8890,8.29,-1.71,,,,,0,0,,CHECK
8838,0,upper,R2C1,Bi-207-9176,2.29,6.95,84,0.05,11.7,18702,4,4,83;84;94;95,
8838,0,upper,R2C2,Bi-207-9177,3.79,0.89,98,0.05,11.6,70460,4,4,98;99;107;108,
8838,0,upper,R2C3,Bi-207-8779,3.04,-5.61,102,0.84,23.8,23022,5,4,92;102;103;112,
8838,0,lower,R1C2,Cd-109-9178,8.93,2.31,,,,,0,0,,CHECK
8838,0,lower,R1C3,Bi-207-8890,8.93,-2.89,,,,,0,0,,CHECK
8838,0,lower,R2C1,Bi-207-9176,4.43,6.64,1026,0.89,55.8,187278,3,3,1017;1026;1027,
8838,0,lower,R2C2,Bi-207-9177,4.43,-0.29,1020,0.87,19.9,95884,7,5,1012;1020;1021;1029;1030,
8838,0,lower,R2C3,Bi-207-8779,2.93,-6.35,1033,0.87,41.1,106535,4,5,1023;1032;1033;1043;1044,
8839,0,upper,R1C2,Cd-109-9178,-0.71,1.84,63,0.11,16.2,271030,7,5,50;51;62;63;75,
8839,0,upper,R1C3,Bi-207-8890,-0.71,-3.36,66,0.11,3.8,47313,4,4,54;66;67;79,
8839,0,upper,R2C1,Bi-207-9176,-6.71,5.3,17,0.11,35.6,34805,5,4,9;17;18;27,
8839,0,upper,R2C2,Bi-207-9177,-5.21,-0.76,30,0.11,6.7,33646,4,4,20;21;30;31,
8839,0,upper,R2C3,Bi-207-8779,-5.96,-7.25,34,0.9,1.6,248,0,5,24;33;34;44;45,CHECK
8839,0,lower,R2C3,Bi-207-8779,-6.82,-8.61,,,,,0,0,,CHECK
8839,0,lower,R1C2,Cd-109-9178,-0.82,0.05,1064,0.08,7.8,119921,4,5,1051;1063;1064;1075;1076,
8839,0,lower,R1C3,Bi-207-8890,-0.82,-5.14,1067,0.08,26.6,185933,7,7,1054;1055;1066;1067;1068;1079;1080,
8839,0,lower,R2C1,Bi-207-9176,-5.32,4.38,1096,0.08,19.7,66063,6,5,1095;1096;1105;1106;1114,
8839,0,lower,R2C2,Bi-207-9177,-5.32,-2.55,1100,0.08,15.6,73121,4,4,1099;1100;1109;1110,
8840,0,upper,R1C2,Cd-109-9178,0.87,0.87,76,0.12,8.6,129082,7,4,63;75;76;87,
8840,0,upper,R1C3,Bi-207-8890,0.87,-4.32,79,0.12,9.3,69521,4,5,67;79;80;90;91,
8840,0,upper,R2C1,Bi-207-9176,-5.13,4.34,27,0.12,26.5,45469,7,4,17;26;27;37,
8840,0,upper,R2C2,Bi-207-9177,-3.63,-1.72,41,0.12,6.7,49673,7,4,30;31;40;41,
8840,0,upper,R2C3,Bi-207-8779,-4.38,-8.22,34,0.97,2.2,339,2,5,24;33;34;44;45,CHECK
8840,0,lower,R2C3,Bi-207-8779,-5.19,-7.78,,,,,0,0,,CHECK
8840,0,lower,R1C2,Cd-109-9178,0.81,0.88,1051,0.06,76.1,989636,7,7,1039;1040;1050;1051;1052;1063;1064,
8840,0,lower,R1C3,Bi-207-8890,0.81,-4.31,1054,0.06,14.8,119077,4,4,1043;1054;1055;1067,
8840,0,lower,R2C1,Bi-207-9176,-3.69,5.21,1085,0.06,15.5,135774,6,4,1085;1086;1095;1096,
8840,0,lower,R2C2,Bi-207-9177,-3.69,-1.72,1089,0.06,24.1,189157,7,5,1088;1089;1090;1099;1100,
8841,0,upper,R1C2,Cd-109-9178,2.21,1.66,87,0.08,37.1,352962,6,4,87;88;97;98,
8841,0,upper,R1C3,Bi-207-8890,2.21,-3.54,90,0.08,2.8,43070,4,4,90;91;100;101,
8841,0,upper,R2C1,Bi-207-9176,-3.79,5.12,37,0.08,7.4,43693,7,5,26;36;37;48;49,
8841,0,upper,R2C2,Bi-207-9177,-2.29,-0.94,52,0.08,7.4,76496,4,4,41;52;53;65,
8841,0,upper,R2C3,Bi-207-8779,-3.04,-7.43,56,0.87,2.7,1806,1,6,44;45;55;56;68;69,CHECK
8841,0,lower,R1C2,Cd-109-9178,3.68,0.96,1029,0.12,130.9,918147,7,7,1019;1020;1028;1029;1030;1039;1040,
8841,0,lower,R1C3,Bi-207-8890,3.68,-4.23,1032,0.12,15.9,118345,6,4,1023;1032;1033;1043,
8841,0,lower,R2C1,Bi-207-9176,-0.82,5.29,1061,0.12,4.2,49829,4,4,1061;1062;1073;1074,
8841,0,lower,R2C2,Bi-207-9177,-0.82,-1.64,1065,0.12,11.7,104907,3,4,1065;1066;1077;1078,
8841,0,lower,R2C3,Bi-207-8779,-2.32,-7.7,1081,0.12,95.5,164749,5,3,1068;1069;1081,
8842,0,upper,R1C2,Cd-109-9178,5.3,1.69,107,0.06,140.5,372818,7,5,106;107;108;115;116,
8842,0,upper,R1C3,Bi-207-8890,5.3,-3.5,110,0.06,5.2,38769,4,4,110;111;118;119,
8842,0,upper,R2C1,Bi-207-9176,-0.7,5.16,61,0.06,6.0,67117,5,5,48;60;61;73;74,
8842,0,upper,R2C2,Bi-207-9177,0.8,-0.9,77,0.06,4.5,65398,5,5,64;65;77;78;89,
8842,0,upper,R2C3,Bi-207-8779,0.05,-7.4,81,0.8,2.9,2969,2,4,68;69;80;81,
8842,0,lower,R1C2,Cd-109-9178,5.3,0.04,1020,0.07,29.4,141730,6,3,1011;1019;1020,
8842,0,lower,R1C3,Bi-207-8890,5.3,-5.15,1023,0.07,59.2,144309,3,3,1014;1022;1023,
8842,0,lower,R2C1,Bi-207-9176,0.8,4.37,1049,0.07,10.7,161710,4,4,1048;1049;1061;1062,
8842,0,lower,R2C2,Bi-207-9177,0.8,-2.56,1053,0.07,11.3,137791,4,5,1041;1052;1053;1065;1066,
8842,0,lower,R2C3,Bi-207-8779,-0.7,-8.62,1069,0.07,63.1,70462,4,3,1056;1068;1069,
8843,0,upper,R1C2,Cd-109-9178,7.14,2.48,115,0.41,3.5,5815,3,4,106;107;115;116,
8843,0,upper,R1C3,Bi-207-8890,7.14,-2.72,118,0.41,1.1,1804,1,4,109;110;117;118,CHECK
8843,0,upper,R2C1,Bi-207-9176,1.14,5.94,73,0.41,7.8,41950,5,4,72;73;84;85,
8843,0,upper,R2C2,Bi-207-9177,2.64,-0.12,88,0.41,3.7,63797,4,5,77;88;89;98;99,
8843,0,upper,R2C3,Bi-207-8779,1.89,-6.61,92,0.48,6.2,9013,3,3,92;102;103,
8843,0,lower,R1C2,Cd-109-9178,6.67,0.87,1011,0.08,23.3,43379,5,3,1004;1011;1012,
8843,0,lower,R1C3,Bi-207-8890,6.67,-4.32,1014,0.08,1.2,729,0,4,1013;1014;1022;1023,CHECK
8843,0,lower,R2C1,Bi-207-9176,2.17,5.2,1037,0.08,16.4,157308,7,5,1026;1027;1036;1037;1048,
8843,0,lower,R2C2,Bi-207-9177,2.17,-1.73,1041,0.08,11.2,185545,5,5,1030;1031;1040;1041;1042,
8843,0,lower,R2C3,Bi-207-8779,0.67,-7.79,1056,0.08,8.4,15358,2,3,1044;1055;1056,
8844,0,upper,R1C2,Cd-109-9178,6.73,2.58,115,0.03,183.6,305480,5,5,106;107;114;115;116,
8844,0,upper,R1C3,Bi-207-8890,6.73,-2.62,118,0.03,4.3,7029,4,3,109;117;118,
8844,0,upper,R2C1,Bi-207-9176,0.73,6.04,73,0.03,12.5,67837,7,5,60;72;73;84;85,
8844,0,upper,R2C2,Bi-207-9177,2.23,-0.02,88,0.03,2.3,40437,3,5,76;77;88;89;99,
8844,0,upper,R2C3,Bi-207-8779,1.48,-6.52,92,0.87,1.8,2619,0,6,80;81;91;92;102;103,CHECK
8844,0,lower,R1C2,Cd-109-9178,6.79,0.77,1011,0.1,288.7,537687,6,4,1004;1011;1012;1020,
8844,0,lower,R1C3,Bi-207-8890,6.79,-4.42,1014,0.1,5.2,3268,4,3,1014;1022;1023,
8844,0,lower,R2C1,Bi-207-9176,2.29,5.1,1037,0.1,10.7,102607,5,4,1036;1037;1048;1049,
8844,0,lower,R2C2,Bi-207-9177,2.29,-1.83,1041,0.1,9.4,155662,4,4,1040;1041;1052;1053,
8844,0,lower,R2C3,Bi-207-8779,0.79,-7.89,1056,0.1,78.5,143861,3,4,1044;1055;1056;1068,
8845,0,upper,R1C2,Cd-109-9178,3.64,2.54,97,0.12,38.1,379410,6,4,97;98;106;107,
8845,0,upper,R1C3,Bi-207-8890,3.64,-2.66,100,0.12,3.6,41133,3,4,100;101;109;110,
8845,0,upper,R2C1,Bi-207-9176,-2.36,6.01,48,0.12,10.9,61155,6,5,36;47;48;60;61,
8845,0,upper,R2C2,Bi-207-9177,-0.86,-0.06,64,0.12,4.3,68239,4,4,52;64;65;77,
8845,0,upper,R2C3,Bi-207-8779,-1.61,-6.55,68,0.94,6.3,14002,7,4,56;68;69;81,
8845,0,lower,R1C2,Cd-109-9178,3.67,0.94,1029,0.11,30.3,212484,5,4,1019;1020;1028;1029,
8845,0,lower,R1C3,Bi-207-8890,3.67,-4.25,1032,0.11,14.2,105148,6,4,1022;1023;1032;1033,
8845,0,lower,R2C1,Bi-207-9176,-0.83,5.27,1061,0.11,15.3,181474,6,5,1048;1060;1061;1073;1074,
8845,0,lower,R2C2,Bi-207-9177,-0.83,-1.66,1065,0.11,20.6,185035,6,7,1052;1053;1064;1065;1066;1077;1078,
8845,0,lower,R2C3,Bi-207-8779,-2.33,-7.72,1081,0.11,30.2,52075,4,4,1056;1068;1069;1081,
8846,0,upper,R1C2,Cd-109-9178,2.3,1.76,87,0.06,29.9,284385,7,6,75;86;87;88;97;98,
8846,0,upper,R1C3,Bi-207-8890,2.3,-3.44,90,0.06,5.2,79235,4,4,79;90;91;101,
8846,0,upper,R2C1,Bi-207-9176,-3.7,5.22,37,0.06,11.8,70077,7,4,26;27;36;37,
8846,0,upper,R2C2,Bi-207-9177,-2.2,-0.84,52,0.06,4.9,50596,5,4,40;41;52;53,
8846,0,upper,R2C3,Bi-207-8779,-2.95,-7.34,56,0.83,2.5,1696,2,3,44;45;56,
8846,0,lower,R1C2,Cd-109-9178,2.3,1.61,1039,0.13,105.7,1149770,7,7,1028;1029;1038;1039;1040;1050;1051,
8846,0,lower,R1C3,Bi-207-8890,2.3,-3.59,1042,0.13,5.4,83179,4,4,1032;1042;1043;1054,
8846,0,lower,R2C1,Bi-207-9176,-2.2,5.94,1073,0.13,8.6,60445,5,4,1073;1074;1084;1085,
8846,0,lower,R2C2,Bi-207-9177,-2.2,-0.99,1077,0.13,15.9,159479,6,4,1077;1078;1088;1089,
8846,0,lower,R2C3,Bi-207-8779,-3.7,-7.05,1092,0.13,18.4,127475,4,3,1080;1081;1092,
8847,0,upper,R1C2,Cd-109-9178,-0.78,1.72,63,0.04,27.0,450157,7,6,50;62;63;64;75;76,
8847,0,upper,R1C3,Bi-207-8890,-0.78,-3.48,66,0.04,7.6,95525,5,5,54;66;67;78;79,
8847,0,upper,R2C1,Bi-207-9176,-6.78,5.18,17,0.04,60.3,59001,5,4,17;18;26;27,
8847,0,upper,R2C2,Bi-207-9177,-5.28,-0.88,30,0.04,20.5,102698,7,4,20;21;30;31,
8847,0,upper,R2C3,Bi-207-8779,-6.03,-7.37,24,0.84,14.0,2143,3,4,23;24;33;34,
8847,0,lower,R1C2,Cd-109-9178,-0.83,1.78,1063,0.09,54.4,825593,7,4,1050;1051;1063;1064,
8847,0,lower,R1C3,Bi-207-8890,-0.83,-3.42,1066,0.09,5.6,76812,5,3,1054;1066;1067,
8847,0,lower,R2C1,Bi-207-9176,-5.33,6.11,1095,0.09,44.0,112419,6,4,1085;1095;1096;1105,
8847,0,lower,R2C2,Bi-207-9177,-5.33,-0.82,1099,0.09,37.2,248942,7,5,1089;1099;1100;1108;1109,
8847,0,lower,R2C3,Bi-207-8779,-6.83,-6.88,1112,0.09,9.4,2285,3,3,1102;1111;1112,
8848,0,upper,R1C2,Cd-109-9178,-2.12,1.69,50,0.92,35.5,407301,6,4,38;39;50;51,
8848,0,upper,R1C3,Bi-207-8890,-2.12,-3.51,54,0.83,6.0,72464,6,6,43;53;54;55;66;67,
8848,0,upper,R2C1,Bi-207-9176,-8.12,5.15,9,0.83,6.2,2115,4,4,9;10;17;18,
8848,0,upper,R2C2,Bi-207-9177,-6.62,-0.91,21,0.83,15.0,30637,7,4,12;13;20;21,
8848,0,upper,R2C3,Bi-207-8779,-7.37,-7.41,24,0.79,1.7,259,0,5,15;23;24;33;34,CHECK
8848,0,lower,R2C3,Bi-207-8779,-8.2,-7.71,,,,,0,0,,CHECK
8848,0,lower,R1C2,Cd-109-9178,-2.2,0.95,1076,0.1,109.5,1017043,7,7,1063;1064;1075;1076;1077;1087;1088,
8848,0,lower,R1C3,Bi-207-8890,-2.2,-4.25,1079,0.1,15.5,192606,7,5,1066;1067;1079;1080;1091,
8848,0,lower,R2C1,Bi-207-9176,-6.7,5.28,1105,0.1,99.0,121900,5,5,1095;1096;1105;1106;1114,
8848,0,lower,R2C2,Bi-207-9177,-6.7,-1.65,1109,0.1,57.2,171899,7,4,1108;1109;1117;1118,
8849,0,upper,R1C2,Cd-109-9178,6.75,4.31,114,0.02,1.5,829,2,4,105;113;114;121,CHECK
8849,0,upper,R1C3,Bi-207-8890,6.75,-0.89,117,0.02,25.9,33181,5,4,108;109;117;118,
8849,0,upper,R2C1,Bi-207-9176,0.75,7.77,72,0.02,27.4,49254,5,4,71;72;83;84,
8849,0,upper,R2C2,Bi-207-9177,2.25,1.71,87,0.02,4.0,38282,4,5,75;76;87;88;98,
8849,0,upper,R2C3,Bi-207-8779,1.5,-4.79,79,0.88,8.4,63254,4,4,67;79;80;91,
8849,0,lower,R1C2,Cd-109-9178,6.65,2.65,1010,0.12,341.1,748115,2,5,1009;1010;1011;1018;1019,
8849,0,lower,R1C3,Bi-207-8890,6.65,-2.55,1013,0.12,81.1,153810,5,5,1012;1013;1014;1021;1022,
8849,0,lower,R2C1,Bi-207-9176,2.15,6.98,1036,0.12,17.8,20156,3,3,1036;1047;1048,
8849,0,lower,R2C2,Bi-207-9177,2.15,0.05,1040,0.12,8.8,137272,5,4,1039;1040;1051;1052,
8849,0,lower,R2C3,Bi-207-8779,0.65,-6.01,1055,0.12,34.4,162403,7,4,1043;1044;1055;1056,
8850,0,upper,R1C2,Cd-109-9178,3.67,4.27,96,0.1,29.0,372109,6,4,95;96;105;106,
8850,0,upper,R1C3,Bi-207-8890,3.67,-0.93,99,0.1,5.7,57700,5,4,99;100;108;109,
8850,0,upper,R2C1,Bi-207-9176,-2.33,7.73,47,0.1,42.4,64483,6,4,35;36;47;48,
8850,0,upper,R2C2,Bi-207-9177,-0.83,1.67,63,0.1,4.7,78360,3,5,51;63;64;75;76,
8850,0,upper,R2C3,Bi-207-8779,-1.58,-4.82,67,0.91,9.5,72436,7,4,55;67;68;80,
8850,0,lower,R1C2,Cd-109-9178,3.77,2.57,1028,0.04,12.6,131573,4,6,1010;1017;1018;1019;1027;1028,
8850,0,lower,R1C3,Bi-207-8890,3.77,-2.63,1031,0.04,11.3,142344,5,4,1021;1022;1031;1032,
8850,0,lower,R2C1,Bi-207-9176,-0.73,6.9,1060,0.04,43.4,207709,7,5,1047;1059;1060;1072;1073,
8850,0,lower,R2C2,Bi-207-9177,-0.73,-0.03,1064,0.04,12.8,196753,7,6,1051;1052;1063;1064;1076;1077,
8850,0,lower,R2C3,Bi-207-8779,-2.23,-6.09,1080,0.04,6.9,75237,5,3,1067;1068;1080,
8853,0,upper,R1C2,Cd-109-9178,0.83,4.24,74,0.12,10.1,142595,5,4,73;74;85;86,
8853,0,upper,R1C3,Bi-207-8890,0.83,-0.96,77,0.12,1.6,23188,2,4,77;78;88;89,CHECK
8853,0,upper,R2C1,Bi-207-9176,-5.17,7.7,25,0.12,95.0,15207,4,3,25;35;36,
8853,0,upper,R2C2,Bi-207-9177,-3.67,1.64,39,0.12,12.2,67839,5,6,28;29;38;39;40;51,
8853,0,upper,R2C3,Bi-207-8779,-4.42,-4.86,32,0.98,3.2,21842,2,5,23;32;33;42;43,CHECK
8853,0,lower,R1C2,Cd-109-9178,2.15,3.49,1038,0.1,52.4,996587,7,7,1027;1028;1037;1038;1039;1049;1050,
8853,0,lower,R1C3,Bi-207-8890,2.15,-1.71,1041,0.1,5.9,98188,4,4,1031;1041;1042;1053,
8853,0,lower,R2C1,Bi-207-9176,-2.35,7.82,1072,0.1,27.7,59029,5,3,1072;1073;1084,
8853,0,lower,R2C2,Bi-207-9177,-2.35,0.89,1076,0.1,16.9,156598,4,4,1076;1077;1087;1088,
8853,0,lower,R2C3,Bi-207-8779,-3.85,-5.17,1091,0.1,14.8,142127,6,5,1079;1080;1091;1092;1102,
8854,0,upper,R2C1,Bi-207-9176,-6.76,7.66,,,,,0,0,,CHECK
8854,0,upper,R1C2,Cd-109-9178,-0.76,4.2,61,1.0,33.4,371057,7,7,48;49;60;61;62;73;74,CHECK
8854,0,upper,R1C3,Bi-207-8890,-0.76,-1.0,65,0.74,7.9,71135,4,5,53;65;66;77;78,
8854,0,upper,R2C2,Bi-207-9177,-5.26,1.6,29,0.74,16.9,68484,7,4,19;20;28;29,
8854,0,upper,R2C3,Bi-207-8779,-6.01,-4.89,23,0.8,31.2,22835,6,4,15;23;24;33,
8854,0,lower,R1C2,Cd-109-9178,-0.72,3.41,1062,0.06,41.3,734736,7,5,1049;1050;1061;1062;1063,
8854,0,lower,R1C3,Bi-207-8890,-0.72,-1.79,1065,0.06,7.3,65821,4,4,1052;1053;1065;1066,
8854,0,lower,R2C1,Bi-207-9176,-5.22,7.74,1094,0.06,77.0,102353,3,3,1084;1094;1095,
8854,0,lower,R2C2,Bi-207-9177,-5.22,0.81,1098,0.06,37.3,186361,7,5,1097;1098;1099;1107;1108,
8854,0,lower,R2C3,Bi-207-8779,-6.72,-5.25,1111,0.06,34.3,44071,5,3,1102;1111;1112,
8855,0,upper,R2C1,Bi-207-9176,-8.1,7.88,,,,,0,0,,CHECK
8855,0,upper,R1C2,Cd-109-9178,-2.1,4.42,49,0.17,27.3,385017,7,5,37;38;48;49;50,
8855,0,upper,R1C3,Bi-207-8890,-2.1,-0.78,52,0.17,4.1,42214,4,4,41;52;53;65,
8855,0,upper,R2C2,Bi-207-9177,-6.6,1.82,19,0.17,16.6,28717,7,4,10;11;19;20,
8855,0,upper,R2C3,Bi-207-8779,-7.35,-4.68,23,0.79,1.2,882,0,7,14;15;22;23;24;32;33,CHECK
8855,0,lower,R1C2,Cd-109-9178,-1.59,2.08,1075,0.84,42.1,500096,7,4,1062;1074;1075;1086,
8855,0,lower,R1C3,Bi-207-8890,-1.59,-3.12,1078,0.84,16.3,189481,7,7,1065;1066;1077;1078;1079;1089;1090,
8855,0,lower,R2C1,Bi-207-9176,-6.09,6.41,1095,0.91,0.7,1835,2,4,1084;1085;1095;1096,CHECK
8855,0,lower,R2C2,Bi-207-9177,-6.09,-0.52,1108,0.84,45.5,147082,7,4,1107;1108;1116;1117,
8855,0,lower,R2C3,Bi-207-8779,-7.59,-6.58,1112,0.91,25.1,6069,2,3,1102;1111;1112,
8856,0,upper,R2C1,Bi-207-9176,-9.44,7.09,,,,,0,0,,CHECK
8856,0,upper,R1C2,Cd-109-9178,-3.44,3.63,38,0.35,49.2,249964,7,4,27;28;37;38,
8856,0,upper,R1C3,Bi-207-8890,-3.44,-1.57,41,0.35,11.8,87339,6,4,30;31;41;42,
8856,0,upper,R2C2,Bi-207-9177,-7.94,1.03,11,0.35,1.9,1818,2,7,3;4;10;11;12;19;20,CHECK
8856,0,upper,R2C3,Bi-207-8779,-8.69,-5.46,15,0.74,2.1,349,2,4,14;15;23;24,
8856,0,lower,R2C3,Bi-207-8779,-8.96,-7.16,,,,,0,0,,CHECK
8856,0,lower,R1C2,Cd-109-9178,-2.96,1.5,1087,0.82,31.2,186689,5,4,1075;1086;1087;1097,
8856,0,lower,R1C3,Bi-207-8890,-2.96,-3.7,1090,0.82,18.0,232863,7,4,1089;1090;1100;1101,
8856,0,lower,R2C1,Bi-207-9176,-7.46,5.83,1105,0.95,44.8,55170,5,4,1095;1096;1105;1106,CHECK
8856,0,lower,R2C2,Bi-207-9177,-7.46,-1.1,1109,0.95,10.3,30941,4,4,1099;1109;1110;1118,CHECK
8857,0,upper,R1C2,Cd-109-9178,7.68,4.13,114,0.95,8.4,4499,4,3,106;114;115,CHECK
8857,0,upper,R1C3,Bi-207-8890,7.68,-1.07,117,0.95,20.9,26761,5,2,116;117,CHECK
8857,0,upper,R2C1,Bi-207-9176,1.68,7.59,84,0.87,2.7,4304,2,4,84;85;94;95,
8857,0,upper,R2C2,Bi-207-9177,3.18,1.53,98,0.87,4.4,26402,4,4,97;98;107;108,
8857,0,upper,R2C3,Bi-207-8779,2.43,-4.97,91,0.29,0.3,894,0,4,91;92;101;102,CHECK
8857,0,lower,R1C2,Cd-109-9178,10.89,3.31,,,,,0,0,,CHECK
8857,0,lower,R1C3,Bi-207-8890,10.89,-1.89,,,,,0,0,,CHECK
8857,0,lower,R2C1,Bi-207-9176,6.39,7.64,,,,,0,0,,CHECK
8857,0,lower,R2C2,Bi-207-9177,6.39,0.71,1011,0.39,77.5,144371,6,5,1004;1011;1012;1019;1020,
8857,0,lower,R2C3,Bi-207-8779,4.89,-5.35,1023,0.39,48.5,118227,4,3,1014;1022;1023,
8858,0,upper,R2C1,Bi-207-9176,-9.76,8.73,,,,,0,0,,CHECK
8858,0,upper,R1C2,Cd-109-9178,-3.76,5.26,37,0.07,63.5,377199,7,4,26;27;36;37,
8858,0,upper,R1C3,Bi-207-8890,-3.76,0.07,40,0.07,4.1,37014,5,4,30;40;41;52,
8858,0,upper,R2C2,Bi-207-9177,-8.26,2.66,10,0.07,6.4,5202,7,5,2;3;9;10;11,
8858,0,upper,R2C3,Bi-207-8779,-9.01,-3.83,6,0.83,1.5,82,0,5,5;6;7;13;14,CHECK
8858,0,lower,R2C1,Bi-207-9176,-8.22,7.81,,,,,0,0,,CHECK
8858,0,lower,R2C3,Bi-207-8779,-9.72,-5.18,,,,,0,0,,CHECK
8858,0,lower,R1C2,Cd-109-9178,-3.72,3.48,1086,0.03,50.3,308111,7,5,1074;1075;1085;1086;1096,
8858,0,lower,R1C3,Bi-207-8890,-3.72,-1.72,1089,0.03,21.8,171021,7,7,1077;1078;1088;1089;1090;1099;1100,
8858,0,lower,R2C2,Bi-207-9177,-8.22,0.88,1116,0.03,82.6,143312,5,4,1107;1108;1115;1116,
8859,0,upper,R2C1,Bi-207-9176,-7.42,8.01,,,,,0,0,,CHECK
8859,0,upper,R1C2,Cd-109-9178,-1.42,4.55,61,0.93,31.9,353472,7,5,48;49;60;61;73,
8859,0,upper,R1C3,Bi-207-8890,-1.42,-0.65,52,0.86,6.0,61842,4,4,52;53;64;65,
8859,0,upper,R2C2,Bi-207-9177,-5.92,1.95,19,0.86,41.0,70964,7,5,10;11;18;19;20,
8859,0,upper,R2C3,Bi-207-8779,-6.67,-4.55,23,0.66,11.2,8215,4,6,14;15;22;23;24;32,
8859,0,lower,R1C2,Cd-109-9178,-0.85,3.56,1062,0.14,32.4,575725,7,4,1049;1061;1062;1074,
8859,0,lower,R1C3,Bi-207-8890,-0.85,-1.64,1065,0.14,20.7,185898,6,6,1053;1064;1065;1066;1077;1078,
8859,0,lower,R2C1,Bi-207-9176,-5.35,7.89,1094,0.14,10.4,13854,2,3,1084;1094;1095,
8859,0,lower,R2C2,Bi-207-9177,-5.35,0.96,1098,0.14,17.5,87419,4,4,1097;1098;1107;1108,
8859,0,lower,R2C3,Bi-207-8779,-6.85,-5.1,1111,0.14,134.6,172856,5,4,1101;1102;1111;1112,
8860,0,upper,R1C2,Cd-109-9178,0.67,4.33,74,0.08,9.2,129718,7,4,61;73;74;85,
8860,0,upper,R1C3,Bi-207-8890,0.67,-0.86,77,0.08,5.2,75609,4,5,65;77;78;88;89,
8860,0,upper,R2C1,Bi-207-9176,-5.33,7.8,25,0.08,60.4,9657,4,3,25;35;36,
8860,0,upper,R2C2,Bi-207-9177,-3.83,1.73,39,0.08,9.0,50349,5,4,28;29;38;39,
8860,0,upper,R2C3,Bi-207-8779,-4.58,-4.76,32,0.79,9.8,67423,6,4,22;23;32;33,
8860,0,lower,R1C2,Cd-109-9178,0.77,3.39,1049,0.94,67.1,1017723,7,6,1037;1038;1048;1049;1061;1062,
8860,0,lower,R1C3,Bi-207-8890,0.77,-1.81,1053,0.79,11.1,135343,4,5,1041;1042;1052;1053;1065,
8860,0,lower,R2C1,Bi-207-9176,-3.73,7.72,1084,0.79,42.7,104242,4,3,1084;1094;1095,
8860,0,lower,R2C2,Bi-207-9177,-3.73,0.79,1087,0.94,31.0,185742,6,5,1086;1087;1088;1097;1098,
8860,0,lower,R2C3,Bi-207-8779,-5.23,-5.27,1101,0.94,11.6,86469,7,5,1090;1091;1101;1102;1111,
8861,0,upper,R1C2,Cd-109-9178,2.26,5.12,85,0.08,44.7,379255,7,4,84;85;95;96,
8861,0,upper,R1C3,Bi-207-8890,2.26,-0.08,88,0.08,2.2,37592,4,4,88;89;98;99,
8861,0,upper,R2C1,Bi-207-9176,-3.74,8.58,35,0.08,11.3,1850,4,4,25;35;36;47,
8861,0,upper,R2C2,Bi-207-9177,-2.24,2.52,50,0.08,6.3,72022,3,4,38;39;50;51,
8861,0,upper,R2C3,Bi-207-8779,-2.99,-3.98,54,0.82,6.1,73270,5,5,43;54;55;66;67,
8861,0,lower,R1C2,Cd-109-9178,3.64,4.22,1027,0.16,92.0,1004394,7,5,1017;1018;1026;1027;1037,
8861,0,lower,R1C3,Bi-207-8890,3.64,-0.98,1030,0.16,7.7,84683,5,4,1021;1030;1031;1041,
8861,0,lower,R2C1,Bi-207-9176,-0.86,8.55,1059,0.16,24.3,36271,3,3,1059;1060;1072,
8861,0,lower,R2C2,Bi-207-9177,-0.86,1.62,1063,0.16,6.1,93151,4,4,1063;1064;1075;1076,
8861,0,lower,R2C3,Bi-207-8779,-2.36,-4.44,1079,0.16,13.1,163036,4,5,1066;1067;1079;1080;1091,
8862,0,upper,R1C2,Cd-109-9178,5.35,5.15,105,0.11,153.4,306716,7,4,104;105;113;114,
8862,0,upper,R1C3,Bi-207-8890,5.35,-0.04,108,0.11,15.5,58651,6,4,107;108;116;117,
8862,0,upper,R2C1,Bi-207-9176,-0.65,8.62,59,0.11,2.1,24870,4,4,47;59;60;72,
8862,0,upper,R2C2,Bi-207-9177,0.85,2.55,75,0.11,3.7,56332,4,5,62;63;75;76;87,
8862,0,upper,R2C3,Bi-207-8779,0.1,-3.94,79,0.76,5.9,44239,5,5,66;67;79;80;91,
8862,0,lower,R1C2,Cd-109-9178,5.26,3.55,1018,0.08,154.3,714559,7,4,1009;1010;1017;1018,
8862,0,lower,R1C3,Bi-207-8890,5.26,-1.65,1021,0.08,36.6,150999,6,4,1012;1013;1020;1021,
8862,0,lower,R2C1,Bi-207-9176,0.76,7.88,1047,0.08,59.5,157867,4,4,1047;1048;1059;1060,
8862,0,lower,R2C2,Bi-207-9177,0.76,0.95,1051,0.08,12.9,168092,4,5,1039;1050;1051;1063;1064,
8862,0,lower,R2C3,Bi-207-8779,-0.74,-5.11,1067,0.08,17.6,122784,5,5,1054;1055;1066;1067;1068,
8863,0,upper,R1C2,Cd-109-9178,6.68,4.44,114,0.13,1.6,867,1,5,105;106;113;114;115,CHECK
8863,0,upper,R1C3,Bi-207-8890,6.68,-0.76,117,0.13,5.1,6573,4,4,108;109;116;117,
8863,0,upper,R2C1,Bi-207-9176,0.68,7.9,72,0.13,2.2,3966,2,4,71;72;83;84,
8863,0,upper,R2C2,Bi-207-9177,2.18,1.84,87,0.13,6.2,59316,4,5,86;87;88;97;98,
8863,0,upper,R2C3,Bi-207-8779,1.43,-4.66,91,0.98,8.3,29447,7,4,91;92;101;102,CHECK
8863,0,lower,R1C2,Cd-109-9178,6.14,3.88,1009,0.76,28.4,50471,3,4,1009;1010;1017;1018,
8863,0,lower,R1C3,Bi-207-8890,6.14,-1.32,1012,0.76,20.3,26436,5,4,1004;1012;1013;1021,
8863,0,lower,R2C1,Bi-207-9176,1.64,8.21,1047,0.98,6.9,18394,2,4,1036;1047;1048;1060,CHECK
8863,0,lower,R2C2,Bi-207-9177,1.64,1.28,1039,0.76,16.4,178684,5,4,1028;1029;1039;1040,
8863,0,lower,R2C3,Bi-207-8779,0.14,-4.78,1054,0.76,5.0,39775,4,4,1042;1043;1054;1055,
8864,0,upper,R1C2,Cd-109-9178,7.56,5.71,113,0.88,1.6,109,2,4,104;105;113;114,CHECK
8864,0,upper,R1C3,Bi-207-8890,7.56,0.52,116,0.88,7.2,11993,5,4,108;115;116;117,
8864,0,upper,R2C1,Bi-207-9176,1.56,9.18,83,0.86,1.1,155,0,4,72;83;84;94,CHECK
8864,0,upper,R2C2,Bi-207-9177,3.06,3.12,97,0.86,8.4,83402,6,4,97;98;106;107,
8864,0,upper,R2C3,Bi-207-8779,2.31,-3.38,90,0.11,1.5,22889,3,4,90;91;100;101,CHECK
8864,0,lower,R1C2,Cd-109-9178,8.79,2.44,,,,,0,0,,CHECK
8864,0,lower,R1C3,Bi-207-8890,8.79,-2.76,,,,,0,0,,CHECK
8864,0,lower,R2C1,Bi-207-9176,4.29,6.77,1026,0.89,25.5,85714,3,4,1017;1026;1027;1037,
8864,0,lower,R2C2,Bi-207-9177,4.29,-0.16,1020,0.97,8.9,42811,5,4,1019;1020;1029;1030,CHECK
8864,0,lower,R2C3,Bi-207-8779,2.79,-6.22,1033,0.97,33.4,86673,4,4,1023;1032;1033;1043,CHECK
8865,0,upper,R2C1,Bi-207-9176,-8.11,6.01,,,,,0,0,,CHECK
8865,0,upper,R1C2,Cd-109-9178,-2.11,2.55,50,0.15,13.5,154807,7,4,38;39;49;50,
8865,0,upper,R1C3,Bi-207-8890,-2.11,-2.65,53,0.15,6.4,71196,5,6,41;42;53;54;65;66,
8865,0,upper,R2C2,Bi-207-9177,-6.61,-0.05,20,0.15,15.6,35881,7,4,11;12;19;20,
8865,0,upper,R2C3,Bi-207-8779,-7.36,-6.54,24,0.72,1.1,176,0,4,15;23;24;33,CHECK
8865,0,lower,R2C3,Bi-207-8779,-8.14,-7.77,,,,,0,0,,CHECK
8865,0,lower,R1C2,Cd-109-9178,-2.14,0.89,1076,0.11,10.6,98061,4,5,1063;1075;1076;1086;1087,
8865,0,lower,R1C3,Bi-207-8890,-2.14,-4.31,1079,0.11,12.4,154650,6,5,1066;1067;1078;1079;1090,
8865,0,lower,R2C1,Bi-207-9176,-6.64,5.22,1105,0.11,46.4,57145,4,5,1095;1096;1105;1106;1114,
8865,0,lower,R2C2,Bi-207-9177,-6.64,-1.71,1109,0.11,17.1,51313,6,3,1108;1109;1117,
9326,0,upper,R1C1,Bi-207-8890,2.18,8.59,83,0.1,0.7,149,4,4,71;72;83;84,CHECK
9326,0,upper,R1C2,Bi-207-9177,2.18,1.66,87,0.1,10.8,31552,5,3,87;97;98,
9326,0,upper,R1C3,Bi-207-9176,2.18,-5.27,91,0.1,18.8,30019,6,4,91;92;101;102,
9326,0,upper,R2C1,Sn-113-9183,-2.32,7.72,47,0.1,25.7,20523,6,5,35;36;47;59;60,
9326,0,upper,R2C2,Cd-109-9178,-3.82,1.66,39,0.1,40.7,117847,5,4,38;39;50;51,
9326,0,upper,R2C3,Ce-139-9179,-2.32,-6.13,55,0.1,111.6,201720,7,4,44;45;55;56,
9326,0,lower,R1C1,Bi-207-8890,5.67,5.99,1017,0.9,30.3,29629,5,4,1017;1018;1026;1027,
9326,0,lower,R1C2,Bi-207-9177,5.07,-0.59,1020,0.62,36.1,73295,7,4,1011;1019;1020;1029,
9326,0,lower,R1C3,Bi-207-9176,3.57,-6.65,1033,0.62,23.1,52108,7,5,1023;1024;1032;1033;1034,
9326,0,lower,R2C1,Sn-113-9183,-0.93,6.34,1060,0.62,27.9,74695,6,3,1059;1060;1072,
9326,0,lower,R2C2,Cd-109-9178,-2.43,-1.46,1077,0.62,16.6,88144,4,6,1063;1064;1076;1077;1087;1088,
9326,0,lower,R2C3,Ce-139-9179,-2.43,-6.65,1080,0.62,133.3,338422,7,4,1068;1080;1081;1092,
9327,0,upper,R1C1,Bi-207-8890,3.72,9.55,,,,,0,0,,CHECK
9327,0,upper,R1C2,Bi-207-9177,3.72,2.62,97,0.04,45.1,88998,7,4,96;97;106;107,
9327,0,upper,R1C3,Bi-207-9176,3.72,-4.31,101,0.04,27.2,75258,7,7,90;91;100;101;102;110;111,
9327,0,upper,R2C1,Sn-113-9183,-0.78,8.68,59,0.04,0.4,229,0,4,47;59;60;72,CHECK
9327,0,upper,R2C2,Cd-109-9178,-2.28,2.62,50,0.04,130.0,384502,7,6,38;39;49;50;62;63,
9327,0,upper,R2C3,Ce-139-9179,-0.78,-5.17,67,0.04,6.6,17339,5,5,54;55;56;67;68,
9327,0,lower,R1C1,Bi-207-8890,5.93,8.37,,,,,0,0,,CHECK
9327,0,lower,R1C2,Bi-207-9177,5.33,1.79,1019,0.1,102.1,105931,7,5,1010;1018;1019;1028;1029,
9327,0,lower,R1C3,Bi-207-9176,3.83,-4.28,1032,0.1,77.2,190618,7,5,1022;1023;1031;1032;1033,
9327,0,lower,R2C1,Sn-113-9183,-0.67,8.71,1059,0.1,283.7,123672,3,4,1047;1059;1060;1072,
9327,0,lower,R2C2,Cd-109-9178,-2.17,0.92,1076,0.1,23.9,112252,4,6,1062;1063;1075;1076;1086;1087,
9327,0,lower,R2C3,Ce-139-9179,-2.17,-4.28,1079,0.1,69.2,171930,7,3,1079;1080;1091,
9367,0,upper,R1C1,Bi-207-8890,-0.76,8.77,59,0.11,2.5,1394,1,4,47;59;60;72,CHECK
9367,0,upper,R1C2,Bi-207-9177,-0.76,1.84,63,0.11,8.1,28197,6,4,50;51;62;63,
9367,0,upper,R1C3,Bi-207-9176,-0.76,-5.08,67,0.11,7.9,20788,6,4,54;55;67;68,
9367,0,upper,R2C1,Sn-113-9183,-5.26,7.91,25,0.11,1.2,58,0,4,25;26;35;36,CHECK
9367,0,upper,R2C2,Cd-109-9178,-6.76,1.84,19,0.11,39.3,21830,6,6,3;9;10;11;18;19,
9367,0,upper,R2C3,Ce-139-9179,-5.26,-5.95,33,0.11,398.3,435387,7,4,33;34;43;44,
9367,0,lower,R2C1,Sn-113-9183,-6.49,8.66,,,,,0,0,,CHECK
9367,0,lower,R1C1,Bi-207-8890,0.11,8.31,1059,0.92,222.7,97084,4,4,1047;1059;1060;1072,
9367,0,lower,R1C2,Bi-207-9177,-0.49,1.73,1063,0.26,24.5,85696,6,4,1062;1063;1075;1076,
9367,0,lower,R1C3,Bi-207-9176,-1.99,-4.33,1079,0.26,43.4,107920,7,4,1067;1079;1080;1091,
9367,0,lower,R2C2,Cd-109-9178,-7.99,0.87,1116,0.26,303.8,94771,5,4,1106;1107;1115;1116,
9367,0,lower,R2C3,Ce-139-9179,-7.99,-4.33,1119,0.26,533.1,114608,4,4,1110;1111;1118;1119,
9367,1,upper,R1C1,Bi-207-8890,-0.79,8.59,59,0.08,22.3,12455,5,4,47;59;60;72,
9367,1,upper,R1C2,Bi-207-9177,-0.79,1.66,63,0.08,9.6,33339,6,4,50;51;62;63,
9367,1,upper,R1C3,Bi-207-9176,-0.79,-5.27,67,0.08,9.5,25152,7,5,54;55;56;67;68,
9367,1,upper,R2C1,Sn-113-9183,-5.29,7.72,25,0.08,2.8,140,3,3,25;35;36,
9367,1,upper,R2C2,Cd-109-9178,-6.79,1.66,19,0.08,51.9,28869,7,5,3;10;11;18;19,
9367,1,upper,R2C3,Ce-139-9179,-5.29,-6.13,33,0.08,401.0,438347,7,4,33;34;43;44,
9367,1,lower,R1C1,Bi-207-8890,1.34,7.45,1047,0.69,12.6,15233,4,4,1047;1059;1060;1072,
9367,1,lower,R1C2,Bi-207-9177,0.74,0.86,1051,0.01,2.5,10981,4,5,1050;1051;1063;1064;1076,
9367,1,lower,R1C3,Bi-207-9176,-0.76,-5.2,1067,0.01,40.8,113784,7,4,1067;1068;1079;1080,
9367,1,lower,R2C1,Sn-113-9183,-5.26,7.79,1094,0.01,1.3,385,1,3,1084;1094;1095,CHECK
9367,1,lower,R2C2,Cd-109-9178,-6.76,-0.0,1108,0.01,63.1,68810,5,5,1107;1108;1115;1116;1117,
9367,1,lower,R2C3,Ce-139-9179,-6.76,-5.2,1111,0.01,123.0,84371,6,4,1110;1111;1112;1119,
9367,2,upper,R1C1,Bi-207-8890,-0.83,8.66,59,0.08,44.0,24553,5,3,47;59;60,
9367,2,upper,R1C2,Bi-207-9177,-0.83,1.73,63,0.08,7.8,26986,5,4,50;51;63;64,
9367,2,upper,R1C3,Bi-207-9176,-0.83,-5.19,67,0.08,9.6,25357,7,5,54;55;56;67;68,
9367,2,upper,R2C1,Sn-113-9183,-5.33,7.8,25,0.08,6.0,298,3,3,25;35;36,
9367,2,upper,R2C2,Cd-109-9178,-6.83,1.73,19,0.08,69.6,38678,5,5,3;10;11;19;20,
9367,2,upper,R2C3,Ce-139-9179,-5.33,-6.06,33,0.08,390.0,426323,7,4,33;34;43;44,
9367,2,lower,R1C1,Bi-207-8890,1.33,7.33,1047,0.74,10.6,12751,4,4,1047;1059;1060;1072,
9367,2,lower,R1C2,Bi-207-9177,0.73,0.75,1051,0.12,2.5,10939,4,4,1051;1063;1064;1076,
9367,2,lower,R1C3,Bi-207-9176,-0.77,-5.31,1067,0.12,25.6,71536,6,5,1067;1068;1079;1080;1081,
9367,2,lower,R2C1,Sn-113-9183,-5.27,7.68,1094,0.12,1.9,549,1,4,1084;1085;1094;1095,CHECK
9367,2,lower,R2C2,Cd-109-9178,-6.77,-0.12,1108,0.12,207.4,226242,7,4,1107;1108;1116;1117,
9367,2,lower,R2C3,Ce-139-9179,-6.77,-5.31,1111,0.12,41.8,28666,4,3,1102;1111;1112,
9367,3,upper,R1C1,Bi-207-8890,-0.86,6.96,60,0.12,23.9,41526,7,4,47;48;59;60,
9367,3,upper,R1C2,Bi-207-9177,-0.86,0.03,64,0.12,7.2,30726,5,4,51;52;64;65,
9367,3,upper,R1C3,Bi-207-9176,-0.86,-6.9,68,0.12,50.4,69933,7,4,55;56;68;69,
9367,3,upper,R2C1,Sn-113-9183,-5.36,6.09,26,0.12,1.5,617,2,4,25;26;36;37,CHECK
9367,3,upper,R2C2,Cd-109-9178,-6.86,0.03,20,0.12,32.6,23049,5,5,4;11;12;19;20,
9367,3,upper,R2C3,Ce-139-9179,-5.36,-7.76,34,0.12,347.4,175791,5,4,33;34;44;45,
9367,3,lower,R1C1,Bi-207-8890,1.32,5.69,1048,0.68,6.0,14870,5,4,1048;1060;1061;1073,
9367,3,lower,R1C2,Bi-207-9177,0.72,-0.89,1052,0.04,1.9,9343,2,4,1052;1064;1065;1077,CHECK
9367,3,lower,R1C3,Bi-207-9176,-0.78,-6.95,1068,0.04,60.9,162941,7,4,1068;1069;1080;1081,
9367,3,lower,R2C1,Sn-113-9183,-5.28,6.04,1095,0.04,8.5,7360,5,4,1095;1096;1105;1106,
9367,3,lower,R2C2,Cd-109-9178,-6.78,-1.75,1109,0.04,120.8,67878,4,4,1108;1109;1117;1118,
9367,3,lower,R2C3,Ce-139-9179,-6.78,-6.95,1112,0.04,114.7,28205,3,3,1102;1111;1112,
9367,4,upper,R1C1,Bi-207-8890,-1.4,6.52,48,0.97,25.1,59003,7,6,36;37;47;48;49;61,CHECK
9367,4,upper,R1C2,Bi-207-9177,-1.4,-0.41,52,0.97,12.7,67772,7,6,40;41;52;53;64;65,CHECK
9367,4,upper,R1C3,Bi-207-9176,-1.4,-7.34,56,0.97,1753.2,678495,6,4,55;56;68;69,CHECK
9367,4,upper,R2C1,Sn-113-9183,-5.9,5.65,17,0.97,6.6,1722,4,3,9;17;18,CHECK
9367,4,upper,R2C2,Cd-109-9178,-7.4,-0.41,12,0.97,981.0,229546,7,4,4;5;12;13,CHECK
9367,4,upper,R2C3,Ce-139-9179,-5.9,-8.2,34,0.77,348.8,176513,5,4,33;34;44;45,
9367,4,lower,R1C1,Bi-207-8890,1.31,5.82,1048,0.61,3.4,8304,4,4,1048;1049;1060;1061,
9367,4,lower,R1C2,Bi-207-9177,0.71,-0.76,1052,0.11,1.5,7519,3,5,1052;1053;1064;1065;1077,CHECK
9367,4,lower,R1C3,Bi-207-9176,-0.79,-6.82,1068,0.11,35.9,96023,6,4,1068;1069;1080;1081,
9367,4,lower,R2C1,Sn-113-9183,-5.29,6.17,1095,0.11,10.2,8807,5,4,1095;1096;1105;1106,
9367,4,lower,R2C2,Cd-109-9178,-6.79,-1.63,1109,0.11,219.5,123337,7,4,1109;1110;1117;1118,
9367,4,lower,R2C3,Ce-139-9179,-6.79,-6.82,1112,0.11,114.3,28118,3,3,1102;1111;1112,
9367,5,upper,R1C1,Bi-207-8890,-0.68,6.08,61,0.88,8.4,30665,6,4,48;49;61;62,
9367,5,upper,R1C2,Bi-207-9177,-0.68,-0.85,65,0.88,7.0,26686,4,4,52;53;65;66,
9367,5,upper,R1C3,Bi-207-9176,-0.68,-7.78,69,0.88,62.3,55331,3,4,55;56;68;69,
9367,5,upper,R2C1,Sn-113-9183,-5.18,5.21,27,0.88,22.5,11498,6,4,17;18;26;27,
9367,5,upper,R2C2,Cd-109-9178,-6.68,-0.85,21,0.88,48.3,26529,6,5,5;12;13;21;22,
9367,5,upper,R2C3,Ce-139-9179,-5.18,-8.65,34,0.85,352.8,178515,5,4,33;34;44;45,
9367,5,lower,R2C3,Ce-139-9179,-8.05,-8.7,,,,,0,0,,CHECK
9367,5,lower,R1C1,Bi-207-8890,0.05,3.94,1062,0.93,34.6,113507,7,5,1061;1062;1063;1074;1075,
9367,5,lower,R1C2,Bi-207-9177,-0.55,-2.64,1066,0.85,25.2,83571,7,4,1065;1066;1078;1079,
9367,5,lower,R1C3,Bi-207-9176,-2.05,-8.7,1081,0.93,270.2,228593,5,5,1068;1069;1080;1081;1092,
9367,5,lower,R2C1,Sn-113-9183,-6.55,4.29,1106,0.85,310.7,102840,6,3,1106;1107;1115,
9367,5,lower,R2C2,Cd-109-9178,-8.05,-3.51,1118,0.93,165.1,41598,5,4,1109;1110;1118;1119,
9367,6,upper,R1C1,Bi-207-8890,0.69,9.52,71,0.06,0.8,103,1,4,59;60;71;72,CHECK
9367,6,upper,R1C2,Bi-207-9177,0.69,2.59,75,0.06,9.7,28443,5,4,62;63;74;75,
9367,6,upper,R1C3,Bi-207-9176,0.69,-4.34,79,0.06,9.0,25801,6,4,66;67;78;79,
9367,6,upper,R2C1,Sn-113-9183,-3.81,8.65,35,0.06,0.8,53,1,3,35;36;47,CHECK
9367,6,upper,R2C2,Cd-109-9178,-5.31,2.59,28,0.06,78.2,88263,5,5,10;18;19;27;28,
9367,6,upper,R2C3,Ce-139-9179,-3.81,-5.2,43,0.06,61.0,179242,6,5,33;34;43;44;55,
9367,6,lower,R1C1,Bi-207-8890,1.28,7.52,1047,0.59,36.3,43728,4,4,1047;1059;1060;1072,
9367,6,lower,R1C2,Bi-207-9177,0.68,0.94,1051,0.1,7.2,31208,4,5,1050;1051;1062;1063;1064,
9367,6,lower,R1C3,Bi-207-9176,-0.82,-5.13,1067,0.1,22.5,62784,7,5,1066;1067;1068;1079;1080,
9367,6,lower,R2C1,Sn-113-9183,-5.32,7.86,1094,0.1,1.0,284,0,3,1084;1094;1095,CHECK
9367,6,lower,R2C2,Cd-109-9178,-6.82,0.07,1108,0.1,59.9,65395,6,5,1098;1107;1108;1115;1116,
9367,6,lower,R2C3,Ce-139-9179,-6.82,-5.13,1111,0.1,88.5,60722,6,5,1101;1102;1110;1111;1119,
9367,7,upper,R1C1,Bi-207-8890,-0.59,8.6,59,0.17,35.3,19684,5,5,47;59;60;71;72,
9367,7,upper,R1C2,Bi-207-9177,-0.59,1.67,63,0.17,18.3,63745,7,7,50;51;62;63;64;75;76,
9367,7,upper,R1C3,Bi-207-9176,-0.59,-5.26,67,0.17,12.3,32511,7,4,54;55;67;68,
9367,7,upper,R2C1,Sn-113-9183,-5.09,7.73,25,0.17,1.1,53,0,4,25;26;35;36,CHECK
9367,7,upper,R2C2,Cd-109-9178,-6.59,1.67,19,0.17,511.3,284285,7,4,10;11;18;19,
9367,7,upper,R2C3,Ce-139-9179,-5.09,-6.13,33,0.17,406.1,443916,7,4,33;34;43;44,
9367,7,lower,R1C1,Bi-207-8890,1.26,7.41,1047,0.64,58.1,70049,5,3,1047;1059;1060,
9367,7,lower,R1C2,Bi-207-9177,0.66,0.83,1051,0.09,13.3,57762,5,4,1050;1051;1063;1064,
9367,7,lower,R1C3,Bi-207-9176,-0.84,-5.23,1067,0.09,54.0,150591,7,4,1067;1068;1079;1080,
9367,7,lower,R2C1,Sn-113-9183,-5.34,7.76,1094,0.09,11.7,3362,1,3,1084;1094;1095,CHECK
9367,7,lower,R2C2,Cd-109-9178,-6.84,-0.04,1108,0.09,93.2,101734,6,5,1098;1107;1108;1115;1116,
9367,7,lower,R2C3,Ce-139-9179,-6.84,-5.23,1111,0.09,222.1,152388,6,4,1101;1102;1111;1112,
9367,8,upper,R1C1,Bi-207-8890,-0.63,8.66,59,0.12,61.0,34031,5,4,47;59;60;72,
9367,8,upper,R1C2,Bi-207-9177,-0.63,1.73,63,0.12,16.4,57191,7,5,50;51;63;64;76,
9367,8,upper,R1C3,Bi-207-9176,-0.63,-5.2,67,0.12,21.7,57180,7,5,54;55;56;67;68,
9367,8,upper,R2C1,Sn-113-9183,-5.13,7.79,25,0.12,0.8,39,2,3,25;35;36,CHECK
9367,8,upper,R2C2,Cd-109-9178,-6.63,1.73,19,0.12,510.5,283861,7,4,10;11;19;20,
9367,8,upper,R2C3,Ce-139-9179,-5.13,-6.07,33,0.12,398.0,435045,7,4,33;34;43;44,
9367,8,lower,R1C1,Bi-207-8890,1.5,7.53,1047,0.8,33.3,40099,5,4,1047;1048;1059;1060,
9367,8,lower,R1C2,Bi-207-9177,0.9,0.95,1051,0.18,10.3,44658,5,4,1051;1052;1063;1064,
9367,8,lower,R1C3,Bi-207-9176,-0.6,-5.11,1067,0.18,38.2,106449,7,3,1067;1068;1080,
9367,8,lower,R2C1,Sn-113-9183,-5.1,7.88,1094,0.18,43.1,12384,3,3,1084;1094;1095,
9367,8,lower,R2C2,Cd-109-9178,-6.6,0.09,1108,0.18,594.1,648145,7,5,1107;1108;1109;1116;1117,
9367,8,lower,R2C3,Ce-139-9179,-6.6,-5.11,1111,0.18,104.4,71586,6,3,1102;1111;1112,
9367,9,upper,R1C1,Bi-207-8890,-0.66,6.95,60,0.09,32.8,56887,7,7,47;48;59;60;61;72;73,
9367,9,upper,R1C2,Bi-207-9177,-0.66,0.03,64,0.09,14.4,61582,7,5,51;52;63;64;65,
9367,9,upper,R1C3,Bi-207-9176,-0.66,-6.9,68,0.09,56.7,78670,7,4,55;56;68;69,
9367,9,upper,R2C1,Sn-113-9183,-5.16,6.09,26,0.09,0.9,392,2,5,25;26;27;36;37,CHECK
9367,9,upper,R2C2,Cd-109-9178,-6.66,0.03,20,0.09,398.6,281839,7,4,11;12;20;21,
9367,9,upper,R2C3,Ce-139-9179,-5.16,-7.77,34,0.09,348.4,176272,5,4,33;34;44;45,
9367,9,lower,R1C1,Bi-207-8890,1.49,5.65,1048,0.85,22.4,55161,7,4,1048;1049;1060;1061,
9367,9,lower,R1C2,Bi-207-9177,0.89,-0.93,1052,0.16,10.2,49776,5,4,1052;1053;1064;1065,
9367,9,lower,R1C3,Bi-207-9176,-0.61,-7.0,1068,0.16,69.3,185572,7,4,1068;1069;1080;1081,
9367,9,lower,R2C1,Sn-113-9183,-5.11,5.99,1095,0.16,47.0,40520,6,4,1095;1096;1105;1106,
9367,9,lower,R2C2,Cd-109-9178,-6.61,-1.8,1109,0.16,677.0,380473,7,4,1108;1109;1117;1118,
9367,9,lower,R2C3,Ce-139-9179,-6.61,-7.0,1112,0.16,114.8,28250,3,3,1102;1111;1112,
9367,10,upper,R1C1,Bi-207-8890,-0.7,7.01,60,0.1,10.6,18433,4,4,48;60;61;73,
9367,10,upper,R1C2,Bi-207-9177,-0.7,0.09,64,0.1,5.9,25354,5,4,51;52;64;65,
9367,10,upper,R1C3,Bi-207-9176,-0.7,-6.84,68,0.1,38.6,53523,7,4,55;56;68;69,
9367,10,upper,R2C1,Sn-113-9183,-5.2,6.15,26,0.1,6.1,2545,5,4,17;18;26;27,
9367,10,upper,R2C2,Cd-109-9178,-6.7,0.09,20,0.1,113.8,80488,6,5,11;12;13;20;21,
9367,10,upper,R2C3,Ce-139-9179,-5.2,-7.71,34,0.1,318.1,160979,5,4,33;34;44;45,
9367,10,lower,R1C1,Bi-207-8890,1.48,5.77,1048,0.78,8.7,21526,5,4,1048;1049;1060;1061,
9367,10,lower,R1C2,Bi-207-9177,0.88,-0.81,1052,0.14,4.7,23019,4,4,1052;1053;1064;1065,
9367,10,lower,R1C3,Bi-207-9176,-0.62,-6.87,1068,0.14,33.0,88243,7,4,1068;1069;1080;1081,
9367,10,lower,R2C1,Sn-113-9183,-5.12,6.12,1095,0.14,14.6,12603,3,4,1095;1096;1105;1106,
9367,10,lower,R2C2,Cd-109-9178,-6.62,-1.68,1109,0.14,829.0,465916,7,5,1108;1109;1110;1117;1118,
9367,10,lower,R2C3,Ce-139-9179,-6.62,-6.87,1112,0.14,105.1,25851,3,3,1102;1111;1112,
9368,0,upper,R1C1,Bi-207-8890,0.01,5.57,61,0.85,13.1,47615,7,4,49;61;62;74,
9368,0,upper,R1C2,Bi-207-9177,0.01,-1.36,65,0.85,12.5,47654,5,5,52;53;65;66;78,
9368,0,upper,R1C3,Bi-207-9176,0.01,-8.29,69,0.85,53.7,47661,3,4,55;56;68;69,
9368,0,upper,R2C1,Sn-113-9183,-4.49,4.7,27,0.85,32.1,16372,6,5,9;17;18;26;27,
9368,0,upper,R2C2,Cd-109-9178,-5.99,-1.36,21,0.85,440.4,241793,7,4,12;13;21;22,
9368,0,upper,R2C3,Ce-139-9179,-4.49,-9.15,45,0.89,134.5,45197,4,3,34;44;45,
9368,0,lower,R2C3,Ce-139-9179,-6.63,-8.75,,,,,0,0,,CHECK
9368,0,lower,R1C1,Bi-207-8890,1.47,3.89,1049,0.84,11.9,40969,5,4,1049;1050;1061;1062,
9368,0,lower,R1C2,Bi-207-9177,0.87,-2.69,1053,0.15,8.8,39659,4,4,1053;1054;1065;1066,
9368,0,lower,R1C3,Bi-207-9176,-0.63,-8.75,1069,0.15,163.6,137915,4,4,1056;1068;1069;1081,
9368,0,lower,R2C1,Sn-113-9183,-5.13,4.24,1096,0.15,23.3,27953,5,4,1096;1097;1105;1106,
9368,0,lower,R2C2,Cd-109-9178,-6.63,-3.56,1110,0.15,1149.6,548371,7,5,1109;1110;1111;1118;1119,
9368,1,upper,R1C1,Bi-207-8890,0.64,9.5,71,0.11,0.5,71,0,3,59;71;72,CHECK
9368,1,upper,R1C2,Bi-207-9177,0.64,2.58,75,0.11,17.3,50751,7,6,62;63;74;75;76;86,
9368,1,upper,R1C3,Bi-207-9176,0.64,-4.35,79,0.11,11.2,32212,7,7,66;67;78;79;80;90;91,
9368,1,upper,R2C1,Sn-113-9183,-3.86,8.64,35,0.11,0.7,46,0,4,25;35;36;47,CHECK
9368,1,upper,R2C2,Cd-109-9178,-5.36,2.58,28,0.11,82.6,93146,7,4,18;19;27;28,
9368,1,upper,R2C3,Ce-139-9179,-3.86,-5.22,43,0.11,14.3,42120,7,5,32;33;34;43;44,
9368,1,lower,R2C1,Sn-113-9183,-3.9,8.06,,,,,0,0,,CHECK
9368,1,lower,R1C1,Bi-207-8890,2.7,7.71,1036,0.9,10.4,8462,2,4,1036;1047;1048;1060,
9368,1,lower,R1C2,Bi-207-9177,2.1,1.13,1039,0.62,12.5,35790,4,4,1038;1039;1050;1051,
9368,1,lower,R1C3,Bi-207-9176,0.6,-4.93,1054,0.62,51.5,157620,7,7,1042;1043;1053;1054;1055;1066;1067,
9368,1,lower,R2C2,Cd-109-9178,-5.4,0.27,1098,0.62,35.3,80796,5,5,1087;1097;1098;1106;1107,
9368,1,lower,R2C3,Ce-139-9179,-5.4,-4.93,1101,0.62,83.8,162989,7,4,1101;1102;1110;1111,
9368,2,upper,R1C1,Bi-207-8890,0.86,9.58,71,0.12,6.2,807,4,3,59;71;72,
9368,2,upper,R1C2,Bi-207-9177,0.86,2.65,75,0.12,17.1,50182,7,5,62;63;75;76;87,
9368,2,upper,R1C3,Bi-207-9176,0.86,-4.28,79,0.12,16.9,48394,7,5,66;67;79;80;91,
9368,2,upper,R2C1,Sn-113-9183,-3.64,8.71,35,0.12,1.3,89,1,3,35;36;47,CHECK
9368,2,upper,R2C2,Cd-109-9178,-5.14,2.65,28,0.12,143.2,161494,7,4,18;19;28;29,
9368,2,upper,R2C3,Ce-139-9179,-3.64,-5.15,43,0.12,14.1,41486,7,5,32;33;34;43;44,
9368,2,lower,R1C1,Bi-207-8890,1.43,7.35,1047,0.82,125.5,151277,5,5,1036;1047;1048;1059;1060,
9368,2,lower,R1C2,Bi-207-9177,0.83,0.77,1051,0.13,36.2,156821,7,5,1039;1050;1051;1063;1064,
9368,2,lower,R1C3,Bi-207-9176,-0.67,-5.29,1067,0.13,21.4,59753,7,4,1054;1055;1067;1068,
9368,2,lower,R2C1,Sn-113-9183,-5.17,7.7,1094,0.13,484.4,139010,3,3,1084;1094;1095,
9368,2,lower,R2C2,Cd-109-9178,-6.67,-0.1,1108,0.13,75.4,82310,6,4,1097;1098;1107;1108,
9368,2,lower,R2C3,Ce-139-9179,-6.67,-5.29,1111,0.13,84.4,57881,6,4,1101;1102;1111;1112,
9368,3,upper,R1C1,Bi-207-8890,-0.68,8.65,59,0.07,17.9,9966,5,4,59;60;71;72,
9368,3,upper,R1C2,Bi-207-9177,-0.68,1.72,63,0.07,11.7,40744,5,4,63;64;75;76,
9368,3,upper,R1C3,Bi-207-9176,-0.68,-5.2,67,0.07,22.7,59878,7,4,55;67;68;80,
9368,3,upper,R2C1,Sn-113-9183,-5.18,7.79,25,0.07,13.4,668,4,3,25;35;36,
9368,3,upper,R2C2,Cd-109-9178,-6.68,1.72,19,0.07,473.3,263155,7,6,10;11;18;19;20;29,
9368,3,upper,R2C3,Ce-139-9179,-5.18,-6.07,33,0.07,259.4,283543,7,6,23;24;33;34;43;44,
9368,3,lower,R1C1,Bi-207-8890,2.92,6.49,1036,0.8,28.1,22943,5,3,1036;1047;1048,
9368,3,lower,R1C2,Bi-207-9177,2.32,-0.09,1040,0.12,8.6,35344,5,3,1040;1051;1052,
9368,3,lower,R1C3,Bi-207-9176,0.82,-6.15,1055,0.12,62.1,161890,7,6,1044;1054;1055;1056;1067;1068,
9368,3,lower,R2C1,Sn-113-9183,-3.68,6.84,1084,0.12,22.2,24579,6,3,1084;1094;1095,
9368,3,lower,R2C2,Cd-109-9178,-5.18,-0.96,1099,0.12,55.7,134411,7,5,1088;1098;1099;1107;1108,
9368,3,lower,R2C3,Ce-139-9179,-5.18,-6.15,1102,0.12,78.1,151134,6,3,1102;1111;1112,
9368,4,upper,R1C1,Bi-207-8890,-0.72,6.95,60,0.04,23.6,40872,7,4,60;61;72;73,
9368,4,upper,R1C2,Bi-207-9177,-0.72,0.02,64,0.04,14.3,61351,6,5,52;64;65;76;77,
9368,4,upper,R1C3,Bi-207-9176,-0.72,-6.91,68,0.04,59.6,82674,7,4,55;56;68;69,
9368,4,upper,R2C1,Sn-113-9183,-5.22,6.08,26,0.04,25.7,10649,6,4,17;25;26;36,
9368,4,upper,R2C2,Cd-109-9178,-6.72,0.02,20,0.04,420.9,297601,7,5,11;12;20;21;30,
9368,4,upper,R2C3,Ce-139-9179,-5.22,-7.77,34,0.04,53.5,27086,5,4,33;34;44;45,
9368,4,lower,R1C1,Bi-207-8890,1.41,5.85,1048,0.69,59.4,146367,7,7,1036;1037;1047;1048;1049;1060;1061,
9368,4,lower,R1C2,Bi-207-9177,0.81,-0.73,1052,0.15,31.8,155053,7,6,1041;1051;1052;1053;1064;1065,
9368,4,lower,R1C3,Bi-207-9176,-0.69,-6.79,1068,0.15,41.4,110886,7,4,1056;1068;1069;1081,
9368,4,lower,R2C1,Sn-113-9183,-5.19,6.2,1095,0.15,194.9,167995,6,4,1094;1095;1096;1105,
9368,4,lower,R2C2,Cd-109-9178,-6.69,-1.6,1109,0.15,159.2,89468,7,4,1099;1100;1108;1109,
9368,4,lower,R2C3,Ce-139-9179,-6.69,-6.79,1112,0.15,110.0,27068,3,3,1102;1111;1112,
9368,5,upper,R1C1,Bi-207-8890,0.75,6.01,73,0.05,23.4,53744,7,5,61;73;74;84;85,
9368,5,upper,R1C2,Bi-207-9177,0.75,-0.92,77,0.05,9.4,44985,5,4,64;65;77;78,
9368,5,upper,R1C3,Bi-207-9176,0.75,-7.85,81,0.05,15.4,16742,4,3,68;69;81,
9368,5,upper,R2C1,Sn-113-9183,-3.75,5.14,37,0.05,17.7,20523,7,5,17;26;27;36;37,
9368,5,upper,R2C2,Cd-109-9178,-5.25,-0.92,30,0.05,73.1,149784,6,4,20;21;30;31,
9368,5,upper,R2C3,Ce-139-9179,-3.75,-8.71,45,0.05,151.8,51007,4,4,44;45;55;56,
9368,5,lower,R1C1,Bi-207-8890,1.4,5.73,1048,0.73,18.3,45007,7,4,1037;1048;1049;1061,
9368,5,lower,R1C2,Bi-207-9177,0.8,-0.86,1052,0.05,12.6,61493,5,4,1041;1052;1053;1065,
9368,5,lower,R1C3,Bi-207-9176,-0.7,-6.92,1068,0.05,30.6,81813,6,4,1056;1068;1069;1081,
9368,5,lower,R2C1,Sn-113-9183,-5.2,6.07,1095,0.05,41.6,35848,6,3,1095;1096;1105,
9368,5,lower,R2C2,Cd-109-9178,-6.7,-1.72,1109,0.05,182.3,102429,7,4,1099;1100;1109;1110,
9368,5,lower,R2C3,Ce-139-9179,-6.7,-6.92,1112,0.05,107.3,26385,3,3,1102;1111;1112,
9368,6,upper,R1C1,Bi-207-8890,-0.04,5.57,61,0.8,8.3,30082,5,4,61;62;73;74,
9368,6,upper,R1C2,Bi-207-9177,-0.04,-1.36,65,0.8,14.6,55330,5,5,53;65;66;77;78,
9368,6,upper,R1C3,Bi-207-9176,-0.04,-8.29,69,0.8,60.8,53958,4,4,55;56;68;69,
9368,6,upper,R2C1,Sn-113-9183,-4.54,4.7,27,0.8,89.2,45487,7,4,17;18;26;27,
9368,6,upper,R2C2,Cd-109-9178,-6.04,-1.36,21,0.8,517.8,284266,7,5,12;13;21;22;31,
9368,6,upper,R2C3,Ce-139-9179,-4.54,-9.16,45,0.93,148.6,49939,4,3,34;44;45,
9368,6,lower,R2C3,Ce-139-9179,-6.71,-8.55,,,,,0,0,,CHECK
9368,6,lower,R1C1,Bi-207-8890,1.39,4.1,1049,0.68,29.8,102652,7,4,1038;1049;1050;1062,
9368,6,lower,R1C2,Bi-207-9177,0.79,-2.48,1053,0.12,29.2,131906,7,5,1042;1053;1054;1065;1066,
9368,6,lower,R1C3,Bi-207-9176,-0.71,-8.55,1069,0.12,95.4,80440,4,4,1056;1068;1069;1081,
9368,6,lower,R2C1,Sn-113-9183,-5.21,4.44,1096,0.12,104.0,124963,7,4,1096;1097;1105;1106,
9368,6,lower,R2C2,Cd-109-9178,-6.71,-3.35,1110,0.12,184.0,87747,7,4,1100;1101;1109;1110,
9368,7,upper,R1C1,Bi-207-8890,0.84,9.5,71,0.09,0.0,3,0,4,59;71;72;83,CHECK
9368,7,upper,R1C2,Bi-207-9177,0.84,2.57,75,0.09,4.7,13894,2,4,74;75;86;87,
9368,7,upper,R1C3,Bi-207-9176,0.84,-4.36,79,0.09,2.0,5854,2,5,66;78;79;90;91,
9368,7,upper,R2C1,Sn-113-9183,-3.66,8.63,35,0.09,0.0,2,0,4,25;35;36;47,CHECK
9368,7,upper,R2C2,Cd-109-9178,-5.16,2.57,28,0.09,66.6,75126,7,5,18;19;27;28;38,
9368,7,upper,R2C3,Ce-139-9179,-3.66,-5.22,43,0.09,3.1,9187,5,5,32;33;34;43;44,
9368,7,lower,R1C1,Bi-207-8890,2.87,8.42,,,,,0,0,,CHECK
9368,7,lower,R2C1,Sn-113-9183,-3.73,8.77,,,,,0,0,,CHECK
9368,7,lower,R1C2,Bi-207-9177,2.27,1.84,1039,0.11,3.8,10995,2,5,1028;1038;1039;1050;1051,
9368,7,lower,R1C3,Bi-207-9176,0.77,-4.22,1054,0.11,3.2,9671,3,4,1042;1043;1053;1054,
9368,7,lower,R2C2,Cd-109-9178,-5.23,0.97,1098,0.11,5.0,11552,4,5,1087;1097;1098;1106;1107,
9368,7,lower,R2C3,Ce-139-9179,-5.23,-4.22,1101,0.11,8.9,17301,5,4,1101;1102;1110;1111,
9369,0,upper,R1C1,Bi-207-8890,0.84,9.5,71,0.09,0.1,14,0,4,59;71;72;83,CHECK
9369,0,upper,R1C2,Bi-207-9177,0.84,2.57,75,0.09,7.6,22316,4,5,74;75;76;86;87,
9369,0,upper,R1C3,Bi-207-9176,0.84,-4.35,79,0.09,5.4,15539,5,5,78;79;80;90;91,
9369,0,upper,R2C1,Sn-113-9183,-3.66,8.64,35,0.09,2.2,152,2,3,25;35;36,
9369,0,upper,R2C2,Cd-109-9178,-5.16,2.57,28,0.09,90.0,101547,7,4,18;19;27;28,
9369,0,upper,R2C3,Ce-139-9179,-3.66,-5.22,43,0.09,1.7,5107,3,4,32;33;42;43,CHECK
9369,0,lower,R1C1,Bi-207-8890,2.87,8.42,,,,,0,0,,CHECK
9369,0,lower,R2C1,Sn-113-9183,-3.73,8.77,,,,,0,0,,CHECK
9369,0,lower,R1C2,Bi-207-9177,2.27,1.84,1039,0.11,15.8,45443,5,4,1038;1039;1050;1051,
9369,0,lower,R1C3,Bi-207-9176,0.77,-4.22,1054,0.11,13.1,40050,5,4,1042;1043;1054;1055,
9369,0,lower,R2C2,Cd-109-9178,-5.23,0.97,1098,0.11,16.2,37092,4,4,1087;1097;1098;1107,
9369,0,lower,R2C3,Ce-139-9179,-5.23,-4.22,1101,0.11,19.6,38169,7,5,1090;1100;1101;1110;1111,
9369,1,upper,R1C1,Bi-207-8890,0.81,9.58,71,0.08,1.6,209,2,4,59;71;72;83,CHECK
9369,1,upper,R1C2,Bi-207-9177,0.81,2.65,75,0.08,20.2,59308,6,5,63;75;76;86;87,
9369,1,upper,R1C3,Bi-207-9176,0.81,-4.28,79,0.08,27.0,77589,7,4,79;80;90;91,
9369,1,upper,R2C1,Sn-113-9183,-3.69,8.71,35,0.08,84.9,5858,4,3,25;35;36,
9369,1,upper,R2C2,Cd-109-9178,-5.19,2.65,28,0.08,260.2,293465,7,5,18;19;27;28;29,
9369,1,upper,R2C3,Ce-139-9179,-3.69,-5.14,43,0.08,6.0,17488,7,5,32;33;42;43;44,
9369,1,lower,R1C1,Bi-207-8890,2.86,6.56,1036,0.71,12.0,9808,4,4,1036;1047;1048;1060,
9369,1,lower,R1C2,Bi-207-9177,2.26,-0.02,1040,0.02,16.2,66618,6,4,1029;1039;1040;1051,
9369,1,lower,R1C3,Bi-207-9176,0.76,-6.08,1055,0.02,45.4,118553,7,4,1043;1044;1054;1055,
9369,1,lower,R2C1,Sn-113-9183,-3.74,6.91,1084,0.02,59.3,65680,6,3,1084;1094;1095,
9369,1,lower,R2C2,Cd-109-9178,-5.24,-0.89,1099,0.02,17.8,42863,5,5,1088;1098;1099;1107;1108,
9369,1,lower,R2C3,Ce-139-9179,-5.24,-6.08,1102,0.02,16.9,32697,6,4,1091;1092;1101;1102,
9369,2,upper,R1C1,Bi-207-8890,0.77,7.88,72,0.09,13.1,19478,7,4,72;73;83;84,
9369,2,upper,R1C2,Bi-207-9177,0.77,0.95,76,0.09,13.7,68068,7,5,75;76;77;87;88,
9369,2,upper,R1C3,Bi-207-9176,0.77,-5.97,80,0.09,23.3,52876,7,5,79;80;81;91;92,
9369,2,upper,R2C1,Sn-113-9183,-3.73,7.02,36,0.09,42.0,15304,7,3,25;35;36,
9369,2,upper,R2C2,Cd-109-9178,-5.23,0.95,29,0.09,135.1,315386,7,6,19;20;28;29;30;40,
9369,2,upper,R2C3,Ce-139-9179,-3.73,-6.84,44,0.09,14.0,13444,4,4,33;34;43;44,
9369,2,lower,R1C1,Bi-207-8890,2.84,6.68,1036,0.64,16.4,13407,5,4,1036;1037;1047;1048,
9369,2,lower,R1C2,Bi-207-9177,2.24,0.1,1040,0.1,33.3,137348,7,5,1039;1040;1041;1051;1052,
9369,2,lower,R1C3,Bi-207-9176,0.74,-5.96,1055,0.1,51.4,134077,7,5,1043;1044;1054;1055;1056,
9369,2,lower,R2C1,Sn-113-9183,-3.76,7.03,1084,0.1,136.8,151411,6,3,1084;1094;1095,
9369,2,lower,R2C2,Cd-109-9178,-5.26,-0.77,1099,0.1,47.5,114769,7,4,1088;1089;1098;1099,
9369,2,lower,R2C3,Ce-139-9179,-5.26,-5.96,1102,0.1,56.4,109127,6,3,1102;1111;1112,
9369,3,upper,R1C1,Bi-207-8890,2.23,6.94,84,0.02,35.1,41510,7,4,73;84;85;95,
9369,3,upper,R1C2,Bi-207-9177,2.23,0.01,88,0.02,7.6,34584,7,4,76;77;88;89,
9369,3,upper,R1C3,Bi-207-9176,2.23,-6.91,92,0.02,21.4,18936,6,4,80;81;91;92,
9369,3,upper,R2C1,Sn-113-9183,-2.27,6.08,48,0.02,6.2,14506,7,4,36;37;47;48,
9369,3,upper,R2C2,Cd-109-9178,-3.77,0.01,40,0.02,22.0,90143,5,4,20;29;30;40,
9369,3,upper,R2C3,Ce-139-9179,-2.27,-7.78,56,0.02,1.7,661,2,3,56;68;69,CHECK
9369,3,lower,R1C1,Bi-207-8890,3.58,5.3,1026,0.78,38.1,16945,5,4,1026;1027;1036;1037,
9369,3,lower,R1C2,Bi-207-9177,2.98,-1.28,1041,0.86,27.4,97820,7,4,1040;1041;1052;1053,
9369,3,lower,R1C3,Bi-207-9176,1.48,-7.34,1044,0.87,59.5,132154,7,5,1034;1044;1045;1055;1056,
9369,3,lower,R2C1,Sn-113-9183,-3.02,5.65,1085,0.86,64.6,126408,7,4,1084;1085;1095;1096,
9369,3,lower,R2C2,Cd-109-9178,-4.52,-2.14,1100,0.86,57.5,76011,6,5,1089;1099;1100;1108;1109,
9369,3,lower,R2C3,Ce-139-9179,-4.52,-7.34,1092,0.87,29.3,55549,5,5,1080;1081;1091;1092;1102,
9369,4,upper,R1C1,Bi-207-8890,0.7,6.02,73,0.07,20.4,47018,7,4,73;74;84;85,
9369,4,upper,R1C2,Bi-207-9177,0.7,-0.91,77,0.07,12.8,61712,5,5,65;77;78;88;89,
9369,4,upper,R1C3,Bi-207-9176,0.7,-7.84,81,0.07,18.2,19781,5,4,68;69;80;81,
9369,4,upper,R2C1,Sn-113-9183,-3.8,5.15,37,0.07,23.5,27321,7,4,26;27;36;37,
9369,4,upper,R2C2,Cd-109-9178,-5.3,-0.91,30,0.07,141.7,290468,7,5,20;21;30;31;41,
9369,4,upper,R2C3,Ce-139-9179,-3.8,-8.7,45,0.07,0.2,65,0,4,44;45;55;56,CHECK
9369,4,lower,R2C3,Ce-139-9179,-5.28,-7.7,,,,,0,0,,CHECK
9369,4,lower,R1C1,Bi-207-8890,2.82,4.94,1037,0.62,49.9,95282,7,7,1026;1027;1036;1037;1038;1048;1049,
9369,4,lower,R1C2,Bi-207-9177,2.22,-1.64,1041,0.1,30.0,106884,7,4,1041;1042;1052;1053,
9369,4,lower,R1C3,Bi-207-9176,0.72,-7.7,1056,0.1,40.9,80078,6,3,1044;1045;1056,
9369,4,lower,R2C1,Sn-113-9183,-3.78,5.29,1085,0.1,58.5,114565,7,4,1085;1086;1095;1096,
9369,4,lower,R2C2,Cd-109-9178,-5.28,-2.51,1100,0.1,252.0,332932,7,5,1089;1090;1099;1100;1109,
9369,5,upper,R1C1,Bi-207-8890,0.91,5.31,74,0.99,17.8,62624,7,5,73;74;75;85;86,CHECK
9369,5,upper,R1C2,Bi-207-9177,0.91,-1.62,78,0.99,14.0,67623,7,5,66;78;79;89;90,CHECK
9369,5,upper,R1C3,Bi-207-9176,0.91,-8.55,81,0.77,8.4,9169,4,5,68;69;80;81;92,
9369,5,upper,R2C1,Sn-113-9183,-3.59,4.44,37,0.77,25.9,30058,6,4,26;27;37;38,
9369,5,upper,R2C2,Cd-109-9178,-5.09,-1.62,31,0.99,225.7,297946,7,5,21;22;30;31;32,CHECK
9369,5,upper,R2C3,Ce-139-9179,-3.59,-9.42,45,0.77,0.3,87,0,4,44;45;55;56,CHECK
9369,5,lower,R2C3,Ce-139-9179,-4.54,-8.85,,,,,0,0,,CHECK
9369,5,lower,R1C1,Bi-207-8890,3.56,3.8,1027,0.57,16.4,19243,5,4,1027;1028;1037;1038,
9369,5,lower,R1C2,Bi-207-9177,2.96,-2.78,1042,0.98,39.0,122660,7,5,1041;1042;1043;1053;1054,CHECK
9369,5,lower,R1C3,Bi-207-9176,1.46,-8.85,1045,0.81,116.9,65905,4,4,1034;1044;1045;1056,
9369,5,lower,R2C1,Sn-113-9183,-3.04,4.14,1086,0.98,51.7,147356,7,4,1085;1086;1096;1097,CHECK
9369,5,lower,R2C2,Cd-109-9178,-4.54,-3.65,1090,0.81,157.3,344504,7,4,1089;1090;1100;1101,
9369,6,upper,R1C1,Bi-207-8890,2.29,10.26,,,,,0,0,,CHECK
9369,6,upper,R2C1,Sn-113-9183,-2.21,9.4,,,,,0,0,,CHECK
9369,6,upper,R1C2,Bi-207-9177,2.29,3.33,86,0.14,19.9,63580,7,5,75;86;87;96;97,
9369,6,upper,R1C3,Bi-207-9176,2.29,-3.59,90,0.14,21.3,71629,7,4,79;90;91;101,
9369,6,upper,R2C2,Cd-109-9178,-3.71,3.33,38,0.14,110.8,288754,7,4,27;28;38;39,
9369,6,upper,R2C3,Ce-139-9179,-2.21,-4.46,54,0.14,7.0,17355,6,4,42;43;53;54,
9369,6,lower,R1C1,Bi-207-8890,4.29,7.39,,,,,0,0,,CHECK
9369,6,lower,R1C2,Bi-207-9177,3.69,0.81,1029,0.09,17.9,45134,5,3,1028;1029;1039,
9369,6,lower,R1C3,Bi-207-9176,2.19,-5.26,1043,0.09,41.3,76095,7,5,1032;1033;1042;1043;1054,
9369,6,lower,R2C1,Sn-113-9183,-2.31,7.73,1072,0.09,21.4,20813,2,4,1059;1060;1072;1073,
9369,6,lower,R2C2,Cd-109-9178,-3.81,-0.06,1088,0.09,10.1,49094,5,5,1076;1087;1088;1097;1098,
9369,6,lower,R2C3,Ce-139-9179,-3.81,-5.26,1091,0.09,22.2,50035,6,4,1079;1090;1091;1101,
9369,7,upper,R1C1,Bi-207-8890,2.25,8.57,83,0.09,1.8,372,2,4,83;84;94;95,CHECK
9369,7,upper,R1C2,Bi-207-9177,2.25,1.64,87,0.09,23.8,69420,7,5,86;87;88;97;98,
9369,7,upper,R1C3,Bi-207-9176,2.25,-5.29,91,0.09,36.9,59005,7,7,79;80;90;91;92;101;102,
9369,7,upper,R2C1,Sn-113-9183,-2.25,7.7,47,0.09,10.1,8078,4,4,25;35;36;47,
9369,7,upper,R2C2,Cd-109-9178,-3.75,1.64,39,0.09,101.7,294844,7,4,28;29;38;39,
9369,7,upper,R2C3,Ce-139-9179,-2.25,-6.15,55,0.09,7.8,14062,6,5,43;44;54;55;56,
9369,7,lower,R1C1,Bi-207-8890,4.28,7.51,,,,,0,0,,CHECK
9369,7,lower,R1C2,Bi-207-9177,3.68,0.93,1029,0.1,33.0,83229,7,4,1028;1029;1039;1040,
9369,7,lower,R1C3,Bi-207-9176,2.18,-5.13,1043,0.1,81.8,150651,7,7,1032;1033;1042;1043;1044;1054;1055,
9369,7,lower,R2C1,Sn-113-9183,-2.32,7.86,1072,0.1,94.8,92216,5,4,1060;1072;1073;1084,
9369,7,lower,R2C2,Cd-109-9178,-3.82,0.06,1088,0.1,19.2,92790,4,5,1076;1087;1088;1097;1098,
9369,7,lower,R2C3,Ce-139-9179,-3.82,-5.13,1091,0.1,59.1,133530,7,7,1079;1080;1090;1091;1092;1101;1102,
9369,8,upper,R1C1,Bi-207-8890,2.22,8.63,83,0.04,15.3,3155,4,4,83;84;94;95,
9369,8,upper,R1C2,Bi-207-9177,2.22,1.7,87,0.04,18.0,52409,7,5,76;87;88;97;98,
9369,8,upper,R1C3,Bi-207-9176,2.22,-5.23,91,0.04,34.9,55797,7,4,80;91;92;102,
9369,8,upper,R2C1,Sn-113-9183,-2.28,7.76,47,0.04,43.0,34371,6,4,25;35;36;47,
9369,8,upper,R2C2,Cd-109-9178,-3.78,1.7,39,0.04,107.6,311931,7,4,28;29;39;40,
9369,8,upper,R2C3,Ce-139-9179,-2.28,-6.09,55,0.04,3.0,5342,7,4,43;44;54;55,
9369,8,lower,R1C1,Bi-207-8890,4.26,5.64,1026,0.67,88.3,39295,5,4,1017;1026;1027;1037,
9369,8,lower,R1C2,Bi-207-9177,3.66,-0.95,1030,0.12,16.0,55874,6,4,1029;1030;1040;1041,
9369,8,lower,R1C3,Bi-207-9176,2.16,-7.01,1044,0.12,74.8,166195,7,7,1033;1034;1043;1044;1045;1055;1056,
9369,8,lower,R2C1,Sn-113-9183,-2.34,5.98,1073,0.12,18.2,53585,5,4,1072;1073;1084;1085,
9369,8,lower,R2C2,Cd-109-9178,-3.84,-1.81,1089,0.12,31.3,86802,5,4,1077;1088;1089;1099,
9369,8,lower,R2C3,Ce-139-9179,-3.84,-7.01,1092,0.12,64.6,122537,5,5,1080;1081;1091;1092;1102,
9369,9,upper,R1C1,Bi-207-8890,2.18,6.94,84,0.07,38.4,45347,7,4,84;85;94;95,
9369,9,upper,R1C2,Bi-207-9177,2.18,0.01,88,0.07,14.8,67310,7,5,77;88;89;98;99,
9369,9,upper,R1C3,Bi-207-9176,2.18,-6.92,92,0.07,46.7,41246,6,6,80;81;91;92;102;103,
9369,9,upper,R2C1,Sn-113-9183,-2.32,6.07,48,0.07,9.0,21244,6,4,36;37;47;48,
9369,9,upper,R2C2,Cd-109-9178,-3.82,0.01,40,0.07,77.1,315557,7,5,29;30;40;41;52,
9369,9,upper,R2C3,Ce-139-9179,-2.32,-7.79,56,0.07,1.5,574,3,5,44;55;56;68;69,CHECK
9369,9,lower,R1C1,Bi-207-8890,4.25,5.76,1026,0.59,107.0,47612,5,5,1017;1026;1027;1036;1037,
9369,9,lower,R1C2,Bi-207-9177,3.65,-0.83,1030,0.11,21.1,73842,7,4,1030;1031;1040;1041,
9369,9,lower,R1C3,Bi-207-9176,2.15,-6.89,1044,0.11,69.0,153414,7,4,1034;1044;1045;1056,
9369,9,lower,R2C1,Sn-113-9183,-2.35,6.1,1073,0.11,24.2,71355,6,4,1073;1074;1084;1085,
9369,9,lower,R2C2,Cd-109-9178,-3.85,-1.69,1089,0.11,229.0,635381,7,7,1077;1078;1088;1089;1090;1099;1100,
9369,9,lower,R2C3,Ce-139-9179,-3.85,-6.89,1092,0.11,65.9,124996,5,5,1080;1081;1091;1092;1102,
9369,10,upper,R1C1,Bi-207-8890,1.65,5.75,85,0.82,44.4,69068,7,4,84;85;95;96,
9369,10,upper,R1C2,Bi-207-9177,1.65,-1.18,89,0.82,15.9,65059,7,7,77;78;88;89;90;99;100,
9369,10,upper,R1C3,Bi-207-9176,1.65,-8.1,81,0.95,15.6,16936,4,3,80;81;92,
9369,10,upper,R2C1,Sn-113-9183,-2.85,4.89,37,0.95,47.1,54727,7,4,26;27;36;37,
9369,10,upper,R2C2,Cd-109-9178,-4.35,-1.18,41,0.82,106.6,307849,7,4,30;31;41;42,
9369,10,upper,R2C3,Ce-139-9179,-2.85,-8.97,45,0.95,0.2,78,0,4,44;45;55;56,CHECK
9369,10,lower,R2C3,Ce-139-9179,-3.86,-8.51,,,,,0,0,,CHECK
9369,10,lower,R1C1,Bi-207-8890,4.24,4.14,1027,0.53,80.3,94419,7,4,1026;1027;1037;1038,
9369,10,lower,R1C2,Bi-207-9177,3.64,-2.45,1031,0.19,24.2,68592,7,4,1030;1031;1041;1042,
9369,10,lower,R1C3,Bi-207-9176,2.14,-8.51,1045,0.19,226.8,127896,4,4,1034;1044;1045;1056,
9369,10,lower,R2C1,Sn-113-9183,-2.36,4.48,1074,0.19,22.0,74819,7,4,1073;1074;1085;1086,
9369,10,lower,R2C2,Cd-109-9178,-3.86,-3.31,1090,0.19,51.2,112048,4,5,1078;1089;1090;1099;1100,
9369,11,upper,R1C1,Bi-207-8890,1.61,5.8,85,0.88,32.6,50627,7,4,85;86;95;96,
9369,11,upper,R1C2,Bi-207-9177,1.61,-1.13,89,0.88,14.0,57249,5,4,78;89;90;100,
9369,11,upper,R1C3,Bi-207-9176,1.61,-8.06,81,0.9,7.1,7687,2,4,68;80;81;92,
9369,11,upper,R2C1,Sn-113-9183,-2.89,4.93,37,0.9,47.9,55609,7,4,26;27;37;38,
9369,11,upper,R2C2,Cd-109-9178,-4.39,-1.13,41,0.88,105.1,303624,7,5,30;31;41;42;53,
9369,11,upper,R2C3,Ce-139-9179,-2.89,-8.92,45,0.9,0.2,72,0,4,44;45;55;56,CHECK
9369,11,lower,R2C3,Ce-139-9179,-3.87,-8.64,,,,,0,0,,CHECK
9369,11,lower,R1C1,Bi-207-8890,4.23,4.0,1027,0.58,47.3,55625,7,4,1027;1028;1037;1038,
9369,11,lower,R1C2,Bi-207-9177,3.63,-2.58,1031,0.12,20.2,57175,7,4,1031;1032;1041;1042,
9369,11,lower,R1C3,Bi-207-9176,2.13,-8.64,1045,0.12,114.6,64607,4,4,1034;1044;1045;1056,
9369,11,lower,R2C1,Sn-113-9183,-2.37,4.35,1074,0.12,13.6,46201,5,4,1074;1075;1085;1086,
9369,11,lower,R2C2,Cd-109-9178,-3.87,-3.45,1090,0.12,300.3,657654,7,7,1078;1079;1089;1090;1091;1100;1101,
9369,12,upper,R1C1,Bi-207-8890,3.74,9.51,,,,,0,0,,CHECK
9369,12,upper,R1C2,Bi-207-9177,3.74,2.58,97,0.02,34.0,66988,7,5,96;97;98;106;107,
9369,12,upper,R1C3,Bi-207-9176,3.74,-4.35,101,0.02,18.1,50108,7,6,90;91;100;101;102;110,
9369,12,upper,R2C1,Sn-113-9183,-0.76,8.64,59,0.02,0.4,220,0,4,47;59;60;72,CHECK
9369,12,upper,R2C2,Cd-109-9178,-2.26,2.58,50,0.02,64.7,191307,7,4,38;39;49;50,
9369,12,upper,R2C3,Ce-139-9179,-0.76,-5.22,67,0.02,5.4,14117,5,4,54;55;66;67,
9369,12,lower,R1C1,Bi-207-8890,5.96,8.34,,,,,0,0,,CHECK
9369,12,lower,R1C2,Bi-207-9177,5.36,1.76,1019,0.11,52.9,54905,7,5,1010;1018;1019;1028;1029,
9369,12,lower,R1C3,Bi-207-9176,3.86,-4.3,1032,0.11,67.9,167729,7,7,1022;1023;1031;1032;1033;1042;1043,
9369,12,lower,R2C1,Sn-113-9183,-0.64,8.69,1059,0.11,71.1,30978,4,3,1059;1060;1072,
9369,12,lower,R2C2,Cd-109-9178,-2.14,0.89,1076,0.11,19.9,93324,4,5,1063;1075;1076;1086;1087,
9369,12,lower,R2C3,Ce-139-9179,-2.14,-4.3,1079,0.11,53.6,133194,7,7,1066;1067;1078;1079;1080;1090;1091,
9369,13,upper,R1C1,Bi-207-8890,3.7,9.56,,,,,0,0,,CHECK
9369,13,upper,R1C2,Bi-207-9177,3.7,2.63,97,0.06,27.9,54961,7,5,87;97;98;106;107,
9369,13,upper,R1C3,Bi-207-9176,3.7,-4.3,101,0.06,21.8,60368,7,5,90;91;101;102;111,
9369,13,upper,R2C1,Sn-113-9183,-0.8,8.69,59,0.06,2.2,1248,2,3,47;59;60,
9369,13,upper,R2C2,Cd-109-9178,-2.3,2.63,50,0.06,101.0,298825,7,5,38;39;50;51;63,
9369,13,upper,R2C3,Ce-139-9179,-0.8,-5.16,67,0.06,6.0,15820,6,5,54;55;67;68;80,
9369,13,lower,R1C1,Bi-207-8890,5.95,8.21,,,,,0,0,,CHECK
9369,13,lower,R1C2,Bi-207-9177,5.35,1.63,1019,0.14,39.5,41022,7,4,1019;1020;1028;1029,
9369,13,lower,R1C3,Bi-207-9176,3.85,-4.44,1032,0.14,69.8,172255,7,5,1022;1023;1032;1033;1043,
9369,13,lower,R2C1,Sn-113-9183,-0.65,8.56,1059,0.14,52.9,23063,3,3,1059;1060;1072,
9369,13,lower,R2C2,Cd-109-9178,-2.15,0.76,1076,0.14,159.0,745988,7,6,1063;1064;1075;1076;1087;1088,
9369,13,lower,R2C3,Ce-139-9179,-2.15,-4.44,1079,0.14,23.6,58709,6,4,1067;1079;1080;1091,
9369,14,upper,R1C1,Bi-207-8890,3.67,7.88,94,0.12,36.1,12278,5,4,84;94;95;104,
9369,14,upper,R1C2,Bi-207-9177,3.67,0.95,98,0.12,26.7,64762,7,6,87;97;98;99;107;108,
9369,14,upper,R1C3,Bi-207-9176,3.67,-5.97,102,0.12,18.0,54878,7,5,91;92;102;103;112,
9369,14,upper,R2C1,Sn-113-9183,-0.83,7.02,60,0.12,10.9,18904,6,4,47;48;59;60,
9369,14,upper,R2C2,Cd-109-9178,-2.33,0.95,51,0.12,11.4,344363,7,6,39;40;50;51;52;63,
9369,14,upper,R2C3,Ce-139-9179,-0.83,-6.84,68,0.12,10.2,14212,6,4,55;56;68;69,
9369,14,lower,R1C1,Bi-207-8890,5.18,6.1,1017,0.9,94.0,92032,5,3,1017;1026;1027,
9369,14,lower,R1C2,Bi-207-9177,4.58,-0.49,1030,0.92,36.1,125979,7,4,1020;1029;1030;1040,
9369,14,lower,R1C3,Bi-207-9176,3.08,-6.55,1044,0.92,48.1,106863,7,4,1033;1034;1044;1045,
9369,14,lower,R2C1,Sn-113-9183,-1.42,6.44,1073,0.92,45.6,134574,7,4,1060;1072;1073;1084,
9369,14,lower,R2C2,Cd-109-9178,-2.92,-1.35,1077,0.82,48.6,257743,7,4,1064;1076;1077;1088,
9369,14,lower,R2C3,Ce-139-9179,-2.92,-6.55,1080,0.82,52.0,131875,7,5,1068;1080;1081;1091;1092,
9369,15,upper,R1C1,Bi-207-8890,2.38,6.93,84,0.13,16.2,19103,6,3,84;94;95,
9369,15,upper,R1C2,Bi-207-9177,2.38,0.0,88,0.13,10.5,47866,5,4,88;89;98;99,
9369,15,upper,R1C3,Bi-207-9176,2.38,-6.93,92,0.13,26.5,23407,6,3,92;102;103,
9369,15,upper,R2C1,Sn-113-9183,-2.12,6.06,48,0.13,18.9,44449,7,4,36;37;47;48,
9369,15,upper,R2C2,Cd-109-9178,-3.62,0.0,40,0.13,72.5,296982,7,5,30;40;41;51;52,
9369,15,upper,R2C3,Ce-139-9179,-2.12,-7.79,56,0.13,1.1,420,0,5,44;55;56;68;69,CHECK
9369,15,lower,R1C1,Bi-207-8890,4.42,5.71,1026,0.76,159.9,71147,5,4,1017;1026;1027;1037,
9369,15,lower,R1C2,Bi-207-9177,3.82,-0.87,1030,0.07,45.5,158896,7,6,1020;1021;1029;1030;1031;1041,
9369,15,lower,R1C3,Bi-207-9176,2.32,-6.94,1044,0.07,28.6,63469,7,4,1033;1034;1044;1045,
9369,15,lower,R2C1,Sn-113-9183,-2.18,6.05,1073,0.07,55.9,164995,7,6,1060;1072;1073;1074;1084;1085,
9369,15,lower,R2C2,Cd-109-9178,-3.68,-1.74,1089,0.07,34.7,96314,5,4,1077;1078;1088;1089,
9369,15,lower,R2C3,Ce-139-9179,-3.68,-6.94,1092,0.07,7.2,13561,3,5,1068;1069;1080;1081;1092,
9369,16,upper,R1C1,Bi-207-8890,3.85,5.99,95,0.12,80.9,52647,7,5,94;95;96;104;105,
9369,16,upper,R1C2,Bi-207-9177,3.85,-0.94,99,0.12,16.8,55899,7,7,88;89;98;99;100;108;109,
9369,16,upper,R1C3,Bi-207-9176,3.85,-7.87,103,0.12,16.7,12348,4,4,92;102;103;112,
9369,16,upper,R2C1,Sn-113-9183,-0.65,5.12,61,0.12,6.3,23110,7,4,48;49;60;61,
9369,16,upper,R2C2,Cd-109-9178,-2.15,-0.94,52,0.12,56.1,299654,7,4,41;52;53;65,
9369,16,upper,R2C3,Ce-139-9179,-0.65,-8.74,69,0.12,1.3,1157,1,3,68;69;81,CHECK
9369,16,lower,R1C1,Bi-207-8890,5.91,4.83,1017,0.76,51.2,50142,5,4,1017;1018;1026;1027,
9369,16,lower,R1C2,Bi-207-9177,5.31,-1.75,1021,0.06,18.9,42170,7,4,1021;1022;1030;1031,
9369,16,lower,R1C3,Bi-207-9176,3.81,-7.81,1034,0.06,72.1,113283,5,3,1034;1044;1045,
9369,16,lower,R2C1,Sn-113-9183,-0.69,5.18,1061,0.06,7.5,28234,7,4,1061;1062;1073;1074,
9369,16,lower,R2C2,Cd-109-9178,-2.19,-2.62,1078,0.06,291.9,748038,7,7,1065;1066;1077;1078;1079;1089;1090,
9369,16,lower,R2C3,Ce-139-9179,-2.19,-7.81,1081,0.06,131.8,111477,5,5,1068;1069;1080;1081;1092,
9369,17,upper,R1C3,Bi-207-9176,2.32,-8.56,,,,,0,0,,CHECK
9369,17,upper,R2C3,Ce-139-9179,-2.18,-9.43,,,,,0,0,,CHECK
9369,17,upper,R1C1,Bi-207-8890,2.32,5.29,85,0.12,22.7,35233,6,4,85;86;95;96,
9369,17,upper,R1C2,Bi-207-9177,2.32,-1.63,89,0.12,12.0,49064,5,4,89;90;99;100,
9369,17,upper,R2C1,Sn-113-9183,-2.18,4.43,49,0.12,18.3,57157,7,5,37;38;48;49;50,
9369,17,upper,R2C2,Cd-109-9178,-3.68,-1.63,41,0.12,83.6,241502,7,4,41;42;52;53,
9369,17,lower,R2C3,Ce-139-9179,-3.69,-8.69,,,,,0,0,,CHECK
9369,17,lower,R1C1,Bi-207-8890,4.41,3.95,1027,0.76,83.6,98304,7,5,1017;1018;1027;1028;1038,
9369,17,lower,R1C2,Bi-207-9177,3.81,-2.63,1031,0.06,49.6,140264,7,4,1022;1031;1032;1042,
9369,17,lower,R1C3,Bi-207-9176,2.31,-8.69,1045,0.06,7.0,3970,2,3,1034;1044;1045,
9369,17,lower,R2C1,Sn-113-9183,-2.19,4.3,1074,0.06,34.7,117847,7,4,1062;1074;1075;1086,
9369,17,lower,R2C2,Cd-109-9178,-3.69,-3.5,1090,0.06,43.9,96165,5,4,1078;1079;1089;1090,
9369,18,upper,R1C1,Bi-207-8890,3.69,9.48,,,,,0,0,,CHECK
9369,18,upper,R1C2,Bi-207-9177,3.69,2.55,97,0.08,29.4,57922,7,4,96;97;106;107,
9369,18,upper,R1C3,Bi-207-9176,3.69,-4.37,101,0.08,20.6,57132,7,5,90;100;101;110;111,
9369,18,upper,R2C1,Sn-113-9183,-0.81,8.62,59,0.08,1.0,575,0,4,47;59;60;72,CHECK
9369,18,upper,R2C2,Cd-109-9178,-2.31,2.55,50,0.08,97.5,288491,7,5,49;50;51;62;63,
9369,18,upper,R2C3,Ce-139-9179,-0.81,-5.24,67,0.08,5.4,14331,6,4,54;55;66;67,
9369,18,lower,R1C1,Bi-207-8890,5.88,8.28,,,,,0,0,,CHECK
9369,18,lower,R1C2,Bi-207-9177,5.28,1.7,1019,0.05,147.4,152975,7,4,1010;1011;1018;1019,
9369,18,lower,R1C3,Bi-207-9176,3.78,-4.37,1032,0.05,30.8,76168,7,4,1022;1023;1031;1032,
9369,18,lower,R2C1,Sn-113-9183,-0.72,8.62,1059,0.05,396.1,172707,3,4,1047;1059;1060;1072,
9369,18,lower,R2C2,Cd-109-9178,-2.22,0.83,1076,0.05,18.9,88459,5,5,1062;1063;1064;1075;1076,
9369,18,lower,R2C3,Ce-139-9179,-2.22,-4.37,1079,0.05,25.0,62053,7,4,1066;1067;1078;1079,
9369,19,upper,R1C1,Bi-207-8890,3.65,9.56,,,,,0,0,,CHECK
9369,19,upper,R1C2,Bi-207-9177,3.65,2.63,97,0.1,23.1,45476,6,4,97;98;106;107,
9369,19,upper,R1C3,Bi-207-9176,3.65,-4.3,101,0.1,20.9,57755,7,5,91;101;102;110;111,
9369,19,upper,R2C1,Sn-113-9183,-0.85,8.69,59,0.1,28.7,16001,5,4,47;59;60;72,
9369,19,upper,R2C2,Cd-109-9178,-2.35,2.63,50,0.1,103.7,306679,7,5,49;50;51;62;63,
9369,19,upper,R2C3,Ce-139-9179,-0.85,-5.17,67,0.1,5.3,13880,7,5,54;55;67;68;80,
9369,19,lower,R1C1,Bi-207-8890,7.37,7.42,,,,,0,0,,CHECK
9369,19,lower,R1C2,Bi-207-9177,6.77,0.83,1011,0.04,94.3,23575,6,4,1010;1011;1019;1020,
9369,19,lower,R1C3,Bi-207-9176,5.27,-5.23,1023,0.04,69.2,171902,7,7,1014;1015;1022;1023;1024;1032;1033,
9369,19,lower,R2C1,Sn-113-9183,0.77,7.76,1047,0.04,16.0,19337,4,4,1047;1059;1060;1072,
9369,19,lower,R2C2,Cd-109-9178,-0.73,-0.03,1064,0.04,15.4,84907,5,5,1051;1063;1064;1075;1076,
9369,19,lower,R2C3,Ce-139-9179,-0.73,-5.23,1067,0.04,45.7,127480,7,7,1054;1055;1066;1067;1068;1079;1080,
9369,20,upper,R1C1,Bi-207-8890,3.87,7.87,94,0.14,4.0,1377,4,4,84;94;95;104,
9369,20,upper,R1C2,Bi-207-9177,3.87,0.94,98,0.14,25.6,62159,7,5,97;98;99;107;108,
9369,20,upper,R1C3,Bi-207-9176,3.87,-5.99,102,0.14,11.0,33455,7,4,92;102;103;112,
9369,20,upper,R2C1,Sn-113-9183,-0.63,7.0,60,0.14,17.2,29859,7,4,47;59;60;72,
9369,20,upper,R2C2,Cd-109-9178,-2.13,0.94,51,0.14,11.1,335515,7,5,50;51;52;63;64,
9369,20,upper,R2C3,Ce-139-9179,-0.63,-6.86,68,0.14,12.2,16900,7,4,55;56;68;69,
9369,20,lower,R1C1,Bi-207-8890,5.86,5.79,1017,0.85,75.5,73955,5,4,1017;1018;1026;1027,
9369,20,lower,R1C2,Bi-207-9177,5.26,-0.79,1020,0.79,75.2,152667,7,4,1011;1012;1019;1020,
9369,20,lower,R1C3,Bi-207-9176,3.76,-6.86,1034,0.94,34.5,54168,5,3,1024;1033;1034,
9369,20,lower,R2C1,Sn-113-9183,-0.74,6.13,1060,0.79,64.1,171246,7,4,1047;1059;1060;1072,
9369,20,lower,R2C2,Cd-109-9178,-2.24,-1.66,1077,0.79,18.3,97027,5,4,1064;1065;1076;1077,
9369,20,lower,R2C3,Ce-139-9179,-2.24,-6.86,1081,0.94,20.3,17181,5,4,1068;1069;1080;1081,
9369,21,upper,R1C1,Bi-207-8890,3.83,6.16,95,0.13,26.4,17155,7,4,94;95;104;105,
9369,21,upper,R1C2,Bi-207-9177,3.83,-0.77,99,0.13,17.3,57538,7,4,98;99;108;109,
9369,21,upper,R1C3,Bi-207-9176,3.83,-7.7,103,0.13,24.8,18381,4,4,92;102;103;112,
9369,21,upper,R2C1,Sn-113-9183,-0.67,5.29,61,0.13,6.7,24329,7,4,48;60;61;73,
9369,21,upper,R2C2,Cd-109-9178,-2.17,-0.77,52,0.13,29.8,159432,7,5,41;52;53;64;65,
9369,21,upper,R2C3,Ce-139-9179,-0.67,-8.56,69,0.13,12.2,10835,4,3,56;68;69,
9369,21,lower,R1C1,Bi-207-8890,5.84,4.9,1017,0.66,172.0,168389,5,5,1009;1017;1018;1026;1027,
9369,21,lower,R1C2,Bi-207-9177,5.24,-1.68,1021,0.05,59.1,131852,7,5,1012;1013;1020;1021;1030,
9369,21,lower,R1C3,Bi-207-9176,3.74,-7.75,1034,0.05,41.1,64580,5,3,1024;1033;1034,
9369,21,lower,R2C1,Sn-113-9183,-0.76,5.24,1061,0.05,41.6,155721,7,5,1048;1060;1061;1073;1074,
9369,21,lower,R2C2,Cd-109-9178,-2.26,-2.55,1078,0.05,28.8,73890,5,4,1064;1065;1077;1078,
9369,21,lower,R2C3,Ce-139-9179,-2.26,-7.75,1081,0.05,50.9,43065,4,4,1068;1069;1080;1081,
9369,22,upper,R1C1,Bi-207-8890,3.79,5.98,95,0.09,38.3,24921,7,4,95;96;104;105,
9369,22,upper,R1C2,Bi-207-9177,3.79,-0.95,99,0.09,18.8,62397,6,5,89;99;100;108;109,
9369,22,upper,R1C3,Bi-207-9176,3.79,-7.87,103,0.09,5.3,3954,2,4,92;102;103;112,
9369,22,upper,R2C1,Sn-113-9183,-0.71,5.12,61,0.09,11.2,40755,7,4,48;49;60;61,
9369,22,upper,R2C2,Cd-109-9178,-2.21,-0.95,52,0.09,57.7,308214,6,5,41;52;53;64;65,
9369,22,upper,R2C3,Ce-139-9179,-0.71,-8.74,69,0.09,1.2,1085,0,4,56;68;69;81,CHECK
9369,22,lower,R1C1,Bi-207-8890,5.83,4.78,1017,0.71,108.3,106047,5,4,1009;1017;1018;1027,
9369,22,lower,R1C2,Bi-207-9177,5.23,-1.8,1021,0.07,59.1,131867,7,6,1012;1013;1021;1022;1030;1031,
9369,22,lower,R1C3,Bi-207-9176,3.73,-7.86,1034,0.07,16.9,26549,4,5,1024;1033;1034;1044;1045,
9369,22,lower,R2C1,Sn-113-9183,-0.77,5.13,1061,0.07,36.0,134766,7,5,1049;1061;1062;1073;1074,
9369,22,lower,R2C2,Cd-109-9178,-2.27,-2.66,1078,0.07,49.8,127646,7,4,1065;1066;1077;1078,
9369,22,lower,R2C3,Ce-139-9179,-2.27,-7.86,1081,0.07,12.7,10761,3,4,1056;1068;1069;1081,
9369,23,upper,R1C3,Bi-207-9176,3.76,-9.57,,,,,0,0,,CHECK
9369,23,upper,R2C3,Ce-139-9179,-0.74,-10.44,,,,,0,0,,CHECK
9369,23,upper,R1C1,Bi-207-8890,3.76,4.29,96,0.05,38.1,54377,7,4,96;97;105;106,
9369,23,upper,R1C2,Bi-207-9177,3.76,-2.64,100,0.05,13.8,73213,7,5,90;100;101;109;110,
9369,23,upper,R2C1,Sn-113-9183,-0.74,3.42,62,0.05,7.9,25251,7,5,49;50;61;62;74,
9369,23,upper,R2C2,Cd-109-9178,-2.24,-2.64,53,0.05,108.5,304707,7,5,42;53;54;65;66,
9369,23,lower,R1C3,Bi-207-9176,3.72,-9.49,,,,,0,0,,CHECK
9369,23,lower,R2C3,Ce-139-9179,-2.28,-9.49,,,,,0,0,,CHECK
9369,23,lower,R1C1,Bi-207-8890,5.82,3.15,1018,0.65,196.4,152627,7,6,1009;1010;1017;1018;1019;1028,
9369,23,lower,R1C2,Bi-207-9177,5.22,-3.43,1022,0.05,60.2,151452,7,7,1013;1014;1021;1022;1023;1031;1032,
9369,23,lower,R2C1,Sn-113-9183,-0.78,3.5,1062,0.05,51.7,169809,7,7,1049;1050;1061;1062;1063;1074;1075,
9369,23,lower,R2C2,Cd-109-9178,-2.28,-4.3,1079,0.05,35.3,87667,5,5,1065;1066;1067;1078;1079,
9369,24,upper,R1C1,Bi-207-8890,5.13,10.47,,,,,0,0,,CHECK
9369,24,upper,R1C2,Bi-207-9177,5.13,3.55,106,0.14,62.9,49665,7,4,106;107;114;115,
9369,24,upper,R1C3,Bi-207-9176,5.13,-3.38,110,0.14,18.5,61665,7,4,110;111;118;119,
9369,24,upper,R2C1,Sn-113-9183,0.63,9.61,71,0.14,0.3,41,0,3,59;71;72,CHECK
9369,24,upper,R2C2,Cd-109-9178,-0.87,3.55,62,0.14,95.6,307050,7,5,50;62;63;74;75,
9369,24,upper,R2C3,Ce-139-9179,0.63,-4.25,79,0.14,6.1,17423,7,5,66;67;78;79;80,
9369,24,lower,R1C1,Bi-207-8890,7.3,7.48,,,,,0,0,,CHECK
9369,24,lower,R1C2,Bi-207-9177,6.7,0.9,1011,0.06,147.9,36983,6,3,1010;1011;1019,
9369,24,lower,R1C3,Bi-207-9176,5.2,-5.17,1023,0.06,49.5,122817,7,4,1014;1015;1022;1023,
9369,24,lower,R2C1,Sn-113-9183,0.7,7.83,1047,0.06,43.6,52567,3,3,1047;1059;1060,
9369,24,lower,R2C2,Cd-109-9178,-0.8,0.03,1064,0.06,10.4,57422,5,6,1050;1051;1063;1064;1075;1076,
9369,24,lower,R2C3,Ce-139-9179,-0.8,-5.17,1067,0.06,17.2,48095,5,4,1054;1055;1066;1067,
9369,25,upper,R1C1,Bi-207-8890,3.85,9.54,,,,,0,0,,CHECK
9369,25,upper,R1C2,Bi-207-9177,3.85,2.62,97,0.1,9.7,19214,5,4,97;98;106;107,
9369,25,upper,R1C3,Bi-207-9176,3.85,-4.31,101,0.1,7.7,21222,4,4,101;102;110;111,
9369,25,upper,R2C1,Sn-113-9183,-0.65,8.68,59,0.1,22.3,12428,5,5,47;59;60;71;72,
9369,25,upper,R2C2,Cd-109-9178,-2.15,2.62,50,0.1,23.2,68602,4,5,50;51;62;63;75,
9369,25,upper,R2C3,Ce-139-9179,-0.65,-5.18,67,0.1,10.6,27932,7,7,54;55;66;67;68;79;80,
9369,25,lower,R1C1,Bi-207-8890,7.29,7.36,,,,,0,0,,CHECK
9369,25,lower,R1C2,Bi-207-9177,6.69,0.78,1011,0.11,286.8,71712,6,4,1004;1010;1011;1012,
9369,25,lower,R1C3,Bi-207-9176,5.19,-5.28,1023,0.11,62.4,155005,7,4,1014;1015;1023;1024,
9369,25,lower,R2C1,Sn-113-9183,0.69,7.71,1047,0.11,111.2,133983,5,3,1047;1059;1060,
9369,25,lower,R2C2,Cd-109-9178,-0.81,-0.09,1064,0.11,19.4,107340,5,5,1050;1051;1063;1064;1076,
9369,25,lower,R2C3,Ce-139-9179,-0.81,-5.28,1067,0.11,46.6,129994,7,7,1054;1055;1066;1067;1068;1079;1080,
9369,26,upper,R1C1,Bi-207-8890,5.31,8.61,,,,,0,0,,CHECK
9369,26,upper,R1C2,Bi-207-9177,5.31,1.68,107,0.08,45.9,66440,7,4,107;108;115;116,
9369,26,upper,R1C3,Bi-207-9176,5.31,-5.25,111,0.08,6.9,21396,7,4,111;112;119;120,
9369,26,upper,R2C1,Sn-113-9183,0.81,7.74,72,0.08,14.1,20979,6,4,59;60;71;72,
9369,26,upper,R2C2,Cd-109-9178,-0.69,1.68,63,0.08,88.5,307664,7,5,51;63;64;75;76,
9369,26,upper,R2C3,Ce-139-9179,0.81,-6.12,80,0.08,7.6,17296,7,4,67;68;80;81,
9369,26,lower,R1C1,Bi-207-8890,7.03,5.24,1009,0.95,68.0,35415,4,4,1009;1010;1017;1018,
9369,26,lower,R1C2,Bi-207-9177,6.43,-1.34,1012,0.58,140.9,98488,6,3,1004;1011;1012,
9369,26,lower,R1C3,Bi-207-9176,4.93,-7.41,1024,0.58,37.8,78856,5,3,1015;1023;1024,
9369,26,lower,R2C1,Sn-113-9183,0.43,5.58,1048,0.58,36.1,89077,7,4,1036;1047;1048;1060,
9369,26,lower,R2C2,Cd-109-9178,-1.07,-2.21,1065,0.58,19.9,74549,4,4,1052;1064;1065;1077,
9369,26,lower,R2C3,Ce-139-9179,-1.07,-7.41,1068,0.58,40.3,107900,7,7,1055;1056;1067;1068;1069;1080;1081,
9369,27,upper,R1C1,Bi-207-8890,5.28,6.92,104,0.03,2.7,251,3,4,95;104;105;113,
9369,27,upper,R1C2,Bi-207-9177,5.28,-0.01,108,0.03,28.3,78904,7,5,107;108;109;116;117,
9369,27,upper,R1C3,Bi-207-9176,5.28,-6.94,112,0.03,4.6,10488,5,5,102;103;111;112;120,
9369,27,upper,R2C1,Sn-113-9183,0.78,6.05,73,0.03,12.1,27748,7,4,60;61;72;73,
9369,27,upper,R2C2,Cd-109-9178,-0.72,-0.01,64,0.03,72.6,311058,7,5,52;64;65;76;77,
9369,27,upper,R2C3,Ce-139-9179,0.78,-7.8,81,0.03,11.9,12928,4,4,68;69;80;81,
9369,27,lower,R1C1,Bi-207-8890,7.01,5.12,1009,0.83,173.5,90383,4,3,1009;1017;1018,
9369,27,lower,R1C2,Bi-207-9177,6.41,-1.47,1012,0.69,139.9,97816,6,3,1004;1011;1012,
9369,27,lower,R1C3,Bi-207-9176,4.91,-7.53,1024,0.69,38.4,80238,5,4,1015;1023;1024;1033,
9369,27,lower,R2C1,Sn-113-9183,0.41,5.46,1048,0.69,43.6,107397,7,5,1047;1048;1049;1060;1061,
9369,27,lower,R2C2,Cd-109-9178,-1.09,-2.33,1065,0.69,122.1,457532,7,5,1052;1053;1064;1065;1077,
9369,27,lower,R2C3,Ce-139-9179,-1.09,-7.53,1068,0.69,41.3,110672,7,4,1056;1068;1069;1081,
9369,28,upper,R1C3,Bi-207-9176,5.24,-8.65,,,,,0,0,,CHECK
9369,28,upper,R2C3,Ce-139-9179,0.74,-9.51,,,,,0,0,,CHECK
9369,28,upper,R1C1,Bi-207-8890,5.24,5.21,105,0.02,33.0,19848,7,5,104;105;106;113;114,
9369,28,upper,R1C2,Bi-207-9177,5.24,-1.72,109,0.02,12.0,62571,7,5,108;109;110;117;118,
9369,28,upper,R2C1,Sn-113-9183,0.74,4.34,74,0.02,7.1,25011,7,5,61;62;73;74;85,
9369,28,upper,R2C2,Cd-109-9178,-0.76,-1.72,65,0.02,81.5,309969,7,7,52;53;64;65;66;77;78,
9369,28,lower,R1C3,Bi-207-9176,5.15,-8.67,,,,,0,0,,CHECK
9369,28,lower,R1C1,Bi-207-8890,7.25,3.97,1009,0.62,235.1,122466,4,4,1009;1010;1017;1018,
9369,28,lower,R1C2,Bi-207-9177,6.65,-2.61,1013,0.1,91.7,96912,5,4,1012;1013;1021;1022,
9369,28,lower,R2C1,Sn-113-9183,0.65,4.32,1049,0.1,36.0,124112,7,4,1048;1049;1061;1062,
9369,28,lower,R2C2,Cd-109-9178,-0.85,-3.47,1066,0.1,31.6,104771,4,4,1053;1065;1066;1078,
9369,28,lower,R2C3,Ce-139-9179,-0.85,-8.67,1069,0.1,152.2,128314,3,4,1056;1068;1069;1081,
9369,29,upper,R1C3,Bi-207-9176,5.21,-8.58,,,,,0,0,,CHECK
9369,29,upper,R2C3,Ce-139-9179,0.71,-9.44,,,,,0,0,,CHECK
9369,29,upper,R1C1,Bi-207-8890,5.21,5.28,105,0.09,51.5,31019,7,4,105;106;113;114,
9369,29,upper,R1C2,Bi-207-9177,5.21,-1.65,109,0.09,9.7,50956,7,4,100;109;110;118,
9369,29,upper,R2C1,Sn-113-9183,0.71,4.41,74,0.09,8.3,29064,7,5,61;62;73;74;75,
9369,29,upper,R2C2,Cd-109-9178,-0.79,-1.65,65,0.09,80.5,305941,7,5,52;53;65;66;78,
9369,29,lower,R1C3,Bi-207-9176,5.14,-8.54,,,,,0,0,,CHECK
9369,29,lower,R1C1,Bi-207-8890,7.24,4.11,1009,0.54,98.0,51049,4,4,1009;1010;1018;1019,
9369,29,lower,R1C2,Bi-207-9177,6.64,-2.48,1013,0.16,82.2,86876,5,4,1013;1014;1021;1022,
9369,29,lower,R2C1,Sn-113-9183,0.64,4.45,1049,0.16,17.2,59304,7,4,1049;1050;1061;1062,
9369,29,lower,R2C2,Cd-109-9178,-0.86,-3.34,1066,0.16,195.4,647001,7,7,1053;1054;1065;1066;1067;1078;1079,
9369,29,lower,R2C3,Ce-139-9179,-0.86,-8.54,1069,0.16,50.5,42552,2,4,1056;1068;1069;1081,
9369,30,upper,R1C1,Bi-207-8890,6.58,9.48,,,,,0,0,,CHECK
9369,30,upper,R1C2,Bi-207-9177,6.58,2.55,115,0.17,65.3,40620,5,4,106;107;114;115,
9369,30,upper,R1C3,Bi-207-9176,6.58,-4.38,119,0.17,17.5,39909,7,4,119;120;126;127,
9369,30,upper,R2C1,Sn-113-9183,2.08,8.61,83,0.17,0.2,47,0,3,83;84;94,CHECK
9369,30,upper,R2C2,Cd-109-9178,0.58,2.55,75,0.17,104.8,307500,7,7,62;63;74;75;76;86;87,
9369,30,upper,R2C3,Ce-139-9179,2.08,-5.24,91,0.17,8.6,13778,6,5,79;80;90;91;101,
9369,30,lower,R1C1,Bi-207-8890,7.97,7.94,,,,,0,0,,CHECK
9369,30,lower,R1C2,Bi-207-9177,7.37,1.36,1011,0.79,156.7,39175,6,4,1004;1010;1011;1019,
9369,30,lower,R1C3,Bi-207-9176,5.87,-4.7,1014,0.96,113.6,82840,6,3,1007;1014;1015,CHECK
9369,30,lower,R2C1,Sn-113-9183,1.37,8.29,1047,0.79,53.3,64188,2,4,1036;1047;1048;1060,
9369,30,lower,R2C2,Cd-109-9178,-0.13,0.49,1051,0.96,24.2,104644,4,5,1038;1039;1050;1051;1063,CHECK
9369,30,lower,R2C3,Ce-139-9179,-0.13,-4.7,1054,0.96,43.5,133209,7,7,1042;1043;1053;1054;1055;1066;1067,CHECK
9369,31,upper,R1C1,Bi-207-8890,6.8,9.54,,,,,0,0,,CHECK
9369,31,upper,R1C2,Bi-207-9177,6.8,2.61,115,0.05,94.0,58448,5,4,106;107;115;116,
9369,31,upper,R1C3,Bi-207-9176,6.8,-4.32,119,0.05,13.3,30303,7,4,119;120;126;127,
9369,31,upper,R2C1,Sn-113-9183,2.3,8.67,83,0.05,0.2,43,0,4,72;83;84;94,CHECK
9369,31,upper,R2C2,Cd-109-9178,0.8,2.61,75,0.05,104.5,306492,7,5,63;75;76;86;87,
9369,31,upper,R2C3,Ce-139-9179,2.3,-5.18,91,0.05,10.6,16971,6,4,79;80;91;92,
9369,31,lower,R1C1,Bi-207-8890,8.71,6.57,,,,,0,0,,CHECK
9369,31,lower,R1C2,Bi-207-9177,8.11,-0.01,1004,0.14,718.1,15798,3,3,1004;1011;1012,
9369,31,lower,R1C3,Bi-207-9176,6.61,-6.08,1015,0.14,101.4,109761,5,3,1007;1014;1015,
9369,31,lower,R2C1,Sn-113-9183,2.11,6.91,1036,0.14,19.6,16029,2,4,1036;1047;1048;1060,
9369,31,lower,R2C2,Cd-109-9178,0.61,-0.88,1052,0.14,14.3,69773,4,5,1039;1040;1051;1052;1064,
9369,31,lower,R2C3,Ce-139-9179,0.61,-6.08,1055,0.14,41.0,106842,7,5,1043;1044;1054;1055;1067,
9369,32,upper,R1C1,Bi-207-8890,6.76,7.84,,,,,0,0,,CHECK
9369,32,upper,R1C2,Bi-207-9177,6.76,0.92,116,0.05,19.7,35081,5,4,107;108;115;116,
9369,32,upper,R1C3,Bi-207-9176,6.76,-6.01,120,0.05,10.3,10139,5,3,119;120;127,
9369,32,upper,R2C1,Sn-113-9183,2.26,6.98,84,0.05,11.9,14029,4,4,72;73;84;85,
9369,32,upper,R2C2,Cd-109-9178,0.76,0.92,76,0.05,63.3,313399,7,7,63;64;75;76;77;87;88,
9369,32,upper,R2C3,Ce-139-9179,2.26,-6.88,92,0.05,16.8,14849,4,4,80;81;91;92,
9369,32,lower,R1C1,Bi-207-8890,8.7,6.69,,,,,0,0,,CHECK
9369,32,lower,R1C2,Bi-207-9177,8.1,0.1,1004,0.19,869.6,19132,3,3,1004;1011;1012,
9369,32,lower,R1C3,Bi-207-9176,6.6,-5.96,1015,0.19,70.9,76672,5,4,1007;1014;1015;1023,
9369,32,lower,R2C1,Sn-113-9183,2.1,7.03,1036,0.19,20.0,16374,4,5,1036;1037;1047;1048;1060,
9369,32,lower,R2C2,Cd-109-9178,0.6,-0.76,1052,0.19,65.1,317661,7,4,1040;1051;1052;1064,
9369,32,lower,R2C3,Ce-139-9179,0.6,-5.96,1055,0.19,51.0,133110,7,7,1043;1044;1054;1055;1056;1067;1068,
9369,33,upper,R1C1,Bi-207-8890,5.23,6.91,104,0.03,0.7,66,1,4,94;95;104;105,CHECK
9369,33,upper,R1C2,Bi-207-9177,5.23,-0.02,108,0.03,12.4,34544,5,4,108;109;116;117,
9369,33,upper,R1C3,Bi-207-9176,5.23,-6.95,112,0.03,0.1,340,0,4,102;111;112;120,CHECK
9369,33,upper,R2C1,Sn-113-9183,0.73,6.04,73,0.03,22.6,52011,7,4,72;73;84;85,
9369,33,upper,R2C2,Cd-109-9178,-0.77,-0.02,64,0.03,31.3,134357,5,4,64;65;76;77,
9369,33,upper,R2C3,Ce-139-9179,0.73,-7.81,81,0.03,12.2,13285,4,4,68;69;80;81,
9369,33,lower,R1C1,Bi-207-8890,7.18,4.82,1009,0.65,185.2,96486,4,4,1009;1010;1017;1018,
9369,33,lower,R1C2,Bi-207-9177,6.58,-1.77,1012,0.92,211.3,147730,6,3,1004;1011;1012,
9369,33,lower,R1C3,Bi-207-9176,5.08,-7.83,1024,0.92,0.3,696,0,3,1015;1023;1024,CHECK
9369,33,lower,R2C1,Sn-113-9183,0.58,5.16,1048,0.92,60.7,149577,7,5,1036;1037;1047;1048;1049,
9369,33,lower,R2C2,Cd-109-9178,-0.92,-2.63,1065,0.92,20.7,77565,4,4,1052;1053;1064;1065,
9369,33,lower,R2C3,Ce-139-9179,-0.92,-7.83,1069,0.85,15.8,13327,3,4,1055;1056;1068;1069,
9369,34,upper,R1C1,Bi-207-8890,5.19,6.97,104,0.07,1.6,149,3,4,95;104;105;113,CHECK
9369,34,upper,R1C2,Bi-207-9177,5.19,0.04,108,0.07,3.3,9305,4,4,108;109;116;117,
9369,34,upper,R1C3,Bi-207-9176,5.19,-6.89,112,0.07,0.6,1322,1,4,111;112;119;120,CHECK
9369,34,upper,R2C1,Sn-113-9183,0.69,6.1,73,0.07,24.8,57125,7,5,61;73;74;84;85,
9369,34,upper,R2C2,Cd-109-9178,-0.81,0.04,64,0.07,5.7,24545,4,5,64;65;76;77;78,
9369,34,upper,R2C3,Ce-139-9179,0.69,-7.75,81,0.07,9.7,10598,4,4,68;69;80;81,
9369,34,lower,R1C3,Bi-207-9176,5.32,-8.71,,,,,0,0,,CHECK
9369,34,lower,R1C1,Bi-207-8890,7.42,3.94,1009,0.78,316.2,164721,4,3,1009;1010;1018,
9369,34,lower,R1C2,Bi-207-9177,6.82,-2.64,1013,0.09,149.2,157657,5,4,1012;1013;1021;1022,
9369,34,lower,R2C1,Sn-113-9183,0.82,4.28,1049,0.09,49.8,171713,7,5,1037;1038;1048;1049;1061,
9369,34,lower,R2C2,Cd-109-9178,-0.68,-3.51,1066,0.09,19.9,65929,4,4,1053;1054;1065;1066,
9369,34,lower,R2C3,Ce-139-9179,-0.68,-8.71,1069,0.09,12.8,10805,3,4,1055;1056;1068;1069,
9369,35,upper,R1C3,Bi-207-9176,6.66,-9.58,,,,,0,0,,CHECK
9369,35,upper,R2C3,Ce-139-9179,2.16,-10.45,,,,,0,0,,CHECK
9369,35,upper,R1C1,Bi-207-8890,6.66,4.27,114,0.11,36.0,8740,6,4,105;113;114;121,
9369,35,upper,R1C2,Bi-207-9177,6.66,-2.65,118,0.11,21.3,35912,5,3,118;119;126,
9369,35,upper,R2C1,Sn-113-9183,2.16,3.41,86,0.11,7.8,24883,7,4,74;75;85;86,
9369,35,upper,R2C2,Cd-109-9178,0.66,-2.65,78,0.11,62.1,299567,7,7,65;66;77;78;79;89;90,
9369,35,lower,R1C3,Bi-207-9176,5.32,-8.59,,,,,0,0,,CHECK
9369,35,lower,R1C1,Bi-207-8890,7.42,4.06,1009,0.72,148.7,77454,4,3,1009;1010;1018,
9369,35,lower,R1C2,Bi-207-9177,6.82,-2.52,1013,0.1,148.3,156731,5,4,1013;1014;1021;1022,
9369,35,lower,R2C1,Sn-113-9183,0.82,4.4,1049,0.1,28.8,99305,7,5,1037;1038;1049;1050;1062,
9369,35,lower,R2C2,Cd-109-9178,-0.68,-3.39,1066,0.1,26.7,88329,4,4,1053;1054;1065;1066,
9369,35,lower,R2C3,Ce-139-9179,-0.68,-8.59,1069,0.1,0.6,503,0,4,1056;1068;1069;1081,CHECK
9369,36,upper,R1C1,Bi-207-8890,6.58,9.44,,,,,0,0,,CHECK
9369,36,upper,R1C2,Bi-207-9177,6.58,2.51,115,0.19,6.0,3759,2,5,106;107;114;115;116,
9369,36,upper,R1C3,Bi-207-9176,6.58,-4.42,119,0.19,2.1,4829,4,4,119;120;126;127,
9369,36,upper,R2C1,Sn-113-9183,2.08,8.57,83,0.19,0.1,16,0,4,72;83;84;94,CHECK
9369,36,upper,R2C2,Cd-109-9178,0.58,2.51,75,0.19,17.1,50153,7,7,62;63;74;75;76;86;87,
9369,36,upper,R2C3,Ce-139-9179,2.08,-5.28,91,0.19,1.5,2348,0,4,79;80;90;91,CHECK
9369,36,lower,R1C1,Bi-207-8890,8.21,9.39,,,,,0,0,,CHECK
9369,36,lower,R2C1,Sn-113-9183,1.61,9.74,,,,,0,0,,CHECK
9369,36,lower,R1C2,Bi-207-9177,7.61,2.81,1010,0.89,67.6,20216,4,4,1010;1011;1018;1019,
9369,36,lower,R1C3,Bi-207-9176,6.11,-3.25,1013,0.92,11.3,11916,4,4,1013;1014;1021;1022,
9369,36,lower,R2C2,Cd-109-9178,0.11,1.94,1050,0.92,30.1,93115,7,6,1038;1039;1049;1050;1051;1063,
9369,36,lower,R2C3,Ce-139-9179,0.11,-3.25,1066,0.89,0.8,2685,1,4,1053;1054;1066;1067,CHECK
9370,0,upper,R2C1,Sn-113-9183,-7.4,8.04,,,,,0,0,,CHECK
9370,0,upper,R1C1,Bi-207-8890,-2.9,8.9,35,0.88,92.6,6390,4,3,25;35;36,
9370,0,upper,R1C2,Bi-207-9177,-2.9,1.98,39,0.88,12.1,35189,6,4,28;29;38;39,
9370,0,upper,R1C3,Bi-207-9176,-2.9,-4.95,43,0.88,9.2,26957,7,4,32;33;43;44,
9370,0,upper,R2C2,Cd-109-9178,-8.9,1.98,10,0.9,7.8,1564,5,4,10;11;18;19,
9370,0,upper,R2C3,Ce-139-9179,-7.4,-5.82,23,0.9,46.7,22649,6,3,14;22;23,
9370,0,lower,R1C1,Bi-207-8890,1.33,7.41,1047,0.69,0.2,202,0,3,1047;1059;1060,CHECK
9370,0,lower,R1C2,Bi-207-9177,0.73,0.83,1051,0.04,0.0,191,0,5,1050;1051;1063;1064;1076,CHECK
9370,0,lower,R1C3,Bi-207-9176,-0.77,-5.23,1067,0.04,0.1,311,2,4,1067;1079;1080;1091,CHECK
9370,0,lower,R2C1,Sn-113-9183,-5.27,7.76,1094,0.04,393.1,112812,3,3,1084;1094;1095,
9370,0,lower,R2C2,Cd-109-9178,-6.77,-0.03,1108,0.04,26.0,28370,7,4,1098;1099;1107;1108,
9370,0,lower,R2C3,Ce-139-9179,-6.77,-5.23,1111,0.04,44.1,30226,6,4,1101;1102;1111;1112,
9370,1,upper,R1C1,Bi-207-8890,-1.44,7.22,47,1.0,8.2,6559,4,2,35;47,CHECK
9370,1,upper,R1C2,Bi-207-9177,-1.44,0.29,51,1.0,1.6,47745,2,3,39;40;51,CHECK
9370,1,upper,R1C3,Bi-207-9176,-1.44,-6.64,55,1.0,1.3,2432,2,3,43;54;55,CHECK
9370,1,upper,R2C1,Sn-113-9183,-5.94,6.35,26,0.75,43.7,18082,6,3,25;26;36,
9370,1,upper,R2C2,Cd-109-9178,-7.44,0.29,20,0.75,40.4,28579,7,6,11;19;20;21;29;30,
9370,1,upper,R2C3,Ce-139-9179,-5.94,-7.51,34,0.75,27.2,13764,4,4,24;33;34;44,
9370,1,lower,R1C1,Bi-207-8890,0.57,6.04,1048,0.19,0.1,202,0,5,1036;1047;1048;1060;1061,CHECK
9370,1,lower,R1C2,Bi-207-9177,-0.03,-0.54,1064,0.9,0.1,383,0,4,1064;1076;1077;1088,CHECK
9370,1,lower,R1C3,Bi-207-9176,-1.53,-6.6,1080,0.9,3.0,7658,4,4,1080;1081;1091;1092,
9370,1,lower,R2C1,Sn-113-9183,-6.03,6.39,1095,0.85,163.5,140953,6,4,1084;1085;1094;1095,
9370,1,lower,R2C2,Cd-109-9178,-7.53,-1.41,1109,0.85,33.1,18617,7,4,1099;1100;1108;1109,
9370,1,lower,R2C3,Ce-139-9179,-7.53,-6.6,1112,0.85,83.3,20480,3,3,1102;1111;1112,
9370,2,upper,R2C3,Ce-139-9179,-7.48,-8.94,,,,,0,0,,CHECK
9370,2,upper,R1C1,Bi-207-8890,-2.98,5.78,37,0.97,18.4,21322,7,3,36;37;48,CHECK
9370,2,upper,R1C2,Bi-207-9177,-2.98,-1.15,41,0.97,9.4,27063,5,4,30;31;40;41,CHECK
9370,2,upper,R1C3,Bi-207-9176,-2.98,-8.08,56,0.78,1.0,395,1,4,44;45;55;56,CHECK
9370,2,upper,R2C1,Sn-113-9183,-7.48,4.91,17,0.78,46.5,12127,4,3,17;26;27,
9370,2,upper,R2C2,Cd-109-9178,-8.98,-1.15,12,0.78,13.4,3131,5,3,12;20;21,
9370,2,lower,R1C1,Bi-207-8890,1.3,5.67,1048,0.68,0.1,194,0,5,1036;1047;1048;1060;1061,CHECK
9370,2,lower,R1C2,Bi-207-9177,0.7,-0.91,1052,0.07,0.0,219,0,5,1051;1052;1053;1064;1065,CHECK
9370,2,lower,R1C3,Bi-207-9176,-0.8,-6.98,1068,0.07,0.1,382,2,5,1068;1069;1080;1081;1092,CHECK
9370,2,lower,R2C1,Sn-113-9183,-5.3,6.01,1095,0.07,117.7,101456,6,4,1085;1095;1096;1105,
9370,2,lower,R2C2,Cd-109-9178,-6.8,-1.78,1109,0.07,63.4,35648,7,4,1099;1100;1108;1109,
9370,2,lower,R2C3,Ce-139-9179,-6.8,-6.98,1112,0.07,42.9,10564,3,3,1102;1111;1112,
9370,3,upper,R1C1,Bi-207-8890,-1.46,8.37,47,0.98,36.6,29319,5,4,47;48;59;60,CHECK
9370,3,upper,R1C2,Bi-207-9177,-1.46,1.44,63,0.77,2.8,9583,3,4,50;51;62;63,
9370,3,upper,R1C3,Bi-207-9176,-1.46,-5.49,55,0.98,10.5,19005,5,5,54;55;56;67;68,CHECK
9370,3,upper,R2C1,Sn-113-9183,-5.96,7.5,25,0.77,276.8,13840,4,3,25;35;36,
9370,3,upper,R2C2,Cd-109-9178,-7.46,1.44,19,0.77,14.0,7805,5,4,18;19;28;29,
9370,3,upper,R2C3,Ce-139-9179,-5.96,-6.36,33,0.77,20.8,22694,7,5,23;32;33;43;44,
9370,3,lower,R1C1,Bi-207-8890,0.5,7.34,1047,0.52,0.2,259,2,4,1047;1059;1060;1072,CHECK
9370,3,lower,R1C2,Bi-207-9177,-0.1,0.76,1064,1.0,1.3,7227,3,5,1063;1064;1076;1077;1088,CHECK
9370,3,lower,R1C3,Bi-207-9176,-1.6,-5.31,1080,1.0,15.8,40015,5,4,1079;1080;1091;1092,CHECK
9370,3,lower,R2C1,Sn-113-9183,-6.1,7.69,1094,0.86,108.0,30983,3,3,1084;1094;1095,
9370,3,lower,R2C2,Cd-109-9178,-7.6,-0.11,1108,0.86,4.6,5010,5,4,1098;1099;1107;1108,
9370,3,lower,R2C3,Ce-139-9179,-7.6,-5.31,1111,0.86,9.8,6729,5,4,1101;1102;1110;1111,
9370,4,upper,R1C1,Bi-207-8890,-1.49,8.22,47,0.87,33.4,26685,6,4,47;48;59;60,
9370,4,upper,R1C2,Bi-207-9177,-1.49,1.29,51,0.87,1.9,57482,3,3,39;40;51,CHECK
9370,4,upper,R1C3,Bi-207-9176,-1.49,-5.64,55,0.87,5.2,9403,5,4,55;56;67;68,
9370,4,upper,R2C1,Sn-113-9183,-5.99,7.35,25,0.86,238.4,11922,4,4,25;26;35;36,
9370,4,upper,R2C2,Cd-109-9178,-7.49,1.29,19,0.86,8.9,4972,4,4,19;20;28;29,
9370,4,upper,R2C3,Ce-139-9179,-5.99,-6.51,33,0.86,22.0,24022,7,6,23;32;33;34;43;44,
9370,4,lower,R1C1,Bi-207-8890,0.74,6.25,1048,0.19,0.1,258,1,5,1047;1048;1060;1061;1073,CHECK
9370,4,lower,R1C2,Bi-207-9177,0.14,-0.33,1064,0.95,0.6,3349,2,4,1064;1076;1077;1088,CHECK
9370,4,lower,R1C3,Bi-207-9176,-1.36,-6.39,1080,0.95,17.5,44522,5,4,1080;1081;1091;1092,
9370,4,lower,R2C1,Sn-113-9183,-5.86,6.6,1095,0.81,47.0,40508,6,4,1084;1085;1094;1095,
9370,4,lower,R2C2,Cd-109-9178,-7.36,-1.2,1109,0.81,6.8,3848,5,4,1099;1100;1108;1109,
9370,4,lower,R2C3,Ce-139-9179,-7.36,-6.39,1112,0.81,16.8,4129,3,3,1102;1111;1112,
9370,5,upper,R2C3,Ce-139-9179,-6.78,-8.7,,,,,0,0,,CHECK
9370,5,upper,R1C1,Bi-207-8890,-2.28,6.02,48,0.05,10.0,23502,5,4,36;37;47;48,
9370,5,upper,R1C2,Bi-207-9177,-2.28,-0.9,52,0.05,4.6,24515,4,4,40;41;52;53,
9370,5,upper,R1C3,Bi-207-9176,-2.28,-7.83,56,0.05,3.2,1231,2,5,44;45;55;56;68,
9370,5,upper,R2C1,Sn-113-9183,-6.78,5.16,17,0.05,9.2,2408,4,3,17;26;27,
9370,5,upper,R2C2,Cd-109-9178,-8.28,-0.9,12,0.05,1.7,387,2,4,12;13;20;21,CHECK
9370,5,lower,R1C1,Bi-207-8890,0.72,6.12,1048,0.07,0.1,340,0,3,1048;1060;1061,CHECK
9370,5,lower,R1C2,Bi-207-9177,0.12,-0.46,1064,0.99,0.5,2731,2,5,1064;1065;1076;1077;1088,CHECK
9370,5,lower,R1C3,Bi-207-9176,-1.38,-6.52,1080,0.99,9.4,23743,4,3,1080;1081;1092,CHECK
9370,5,lower,R2C1,Sn-113-9183,-5.88,6.47,1095,0.75,38.5,33153,6,4,1084;1085;1095;1096,
9370,5,lower,R2C2,Cd-109-9178,-7.38,-1.33,1117,0.99,17.2,5427,5,4,1108;1109;1116;1117,CHECK
9370,5,lower,R2C3,Ce-139-9179,-7.38,-6.52,1112,0.75,5.8,1420,3,3,1102;1111;1112,
9370,6,upper,R1C1,Bi-207-8890,-0.76,8.65,59,0.02,10.0,5601,3,4,47;48;59;60,
9370,6,upper,R1C2,Bi-207-9177,-0.76,1.72,63,0.02,5.7,19786,4,4,50;51;62;63,
9370,6,upper,R1C3,Bi-207-9176,-0.76,-5.21,67,0.02,6.9,18252,4,4,54;55;67;68,
9370,6,upper,R2C1,Sn-113-9183,-5.26,7.78,25,0.02,88.5,4423,4,3,25;35;36,
9370,6,upper,R2C2,Cd-109-9178,-6.76,1.72,19,0.02,2.8,1558,4,4,18;19;28;29,
9370,6,upper,R2C3,Ce-139-9179,-5.26,-6.08,33,0.02,7.7,8404,4,4,32;33;43;44,
9370,6,lower,R2C1,Sn-113-9183,-6.68,8.67,,,,,0,0,,CHECK
9370,6,lower,R1C1,Bi-207-8890,-0.08,8.32,1059,0.75,42.9,18721,3,3,1059;1060;1072,
9370,6,lower,R1C2,Bi-207-9177,-0.68,1.74,1063,0.07,6.4,22320,4,5,1063;1064;1075;1076;1087,
9370,6,lower,R1C3,Bi-207-9176,-2.18,-4.32,1079,0.07,28.8,71552,7,4,1067;1079;1080;1091,
9370,6,lower,R2C2,Cd-109-9178,-8.18,0.88,1116,0.07,1737.0,541930,5,5,1107;1108;1115;1116;1117,
9370,6,lower,R2C3,Ce-139-9179,-8.18,-4.32,1119,0.07,1.9,411,1,3,1110;1118;1119,CHECK
9370,7,upper,R1C1,Bi-207-8890,-0.79,8.71,59,0.06,8.4,4689,3,4,47;48;59;60,
9370,7,upper,R1C2,Bi-207-9177,-0.79,1.78,63,0.06,1.7,5972,3,4,50;51;63;64,CHECK
9370,7,upper,R1C3,Bi-207-9176,-0.79,-5.15,67,0.06,5.4,14298,4,4,54;55;67;68,
9370,7,upper,R2C1,Sn-113-9183,-5.29,7.84,25,0.06,70.5,3525,4,3,25;35;36,
9370,7,upper,R2C2,Cd-109-9178,-6.79,1.78,19,0.06,1.0,574,2,4,19;20;28;29,CHECK
9370,7,upper,R2C3,Ce-139-9179,-5.29,-6.01,33,0.06,6.9,7594,4,3,33;43;44,
9370,7,lower,R2C1,Sn-113-9183,-6.69,7.05,,,,,0,0,,CHECK
9370,7,lower,R2C3,Ce-139-9179,-8.19,-5.94,,,,,0,0,,CHECK
9370,7,lower,R1C1,Bi-207-8890,-0.09,6.7,1060,0.69,11.1,29540,5,3,1060;1072;1073,
9370,7,lower,R1C2,Bi-207-9177,-0.69,0.12,1064,0.13,4.2,23432,4,5,1064;1065;1076;1077;1088,
9370,7,lower,R1C3,Bi-207-9176,-2.19,-5.94,1080,0.13,55.3,140333,7,5,1068;1080;1081;1091;1092,
9370,7,lower,R2C2,Cd-109-9178,-8.19,-0.75,1117,0.13,1544.2,486411,5,5,1108;1109;1116;1117;1118,
9370,8,upper,R1C1,Bi-207-8890,-0.83,7.02,60,0.12,7.6,13143,4,4,47;48;60;61,
9370,8,upper,R1C2,Bi-207-9177,-0.83,0.09,64,0.12,3.2,13610,4,4,51;52;64;65,
9370,8,upper,R1C3,Bi-207-9176,-0.83,-6.84,68,0.12,2.5,3474,3,4,55;56;68;69,
9370,8,upper,R2C1,Sn-113-9183,-5.33,6.15,26,0.12,18.2,7518,5,4,25;26;36;37,
9370,8,upper,R2C2,Cd-109-9178,-6.83,0.09,20,0.12,1.7,1230,3,4,20;21;29;30,CHECK
9370,8,upper,R2C3,Ce-139-9179,-5.33,-7.7,34,0.12,0.6,294,1,5,33;34;43;44;45,CHECK
9370,8,lower,R2C3,Ce-139-9179,-8.21,-7.82,,,,,0,0,,CHECK
9370,8,lower,R1C1,Bi-207-8890,-0.11,4.83,1061,0.74,8.5,31720,5,4,1061;1073;1074;1085,
9370,8,lower,R1C2,Bi-207-9177,-0.71,-1.76,1065,0.05,5.9,22220,4,4,1065;1077;1078;1089,
9370,8,lower,R1C3,Bi-207-9176,-2.21,-7.82,1081,0.05,159.8,135165,5,5,1068;1069;1080;1081;1092,
9370,8,lower,R2C1,Sn-113-9183,-6.71,5.17,1105,0.05,3.8,912,3,3,1095;1096;1105,
9370,8,lower,R2C2,Cd-109-9178,-8.21,-2.62,1118,0.05,191.6,48272,3,4,1108;1109;1117;1118,
9370,9,upper,R1C1,Bi-207-8890,6.73,7.8,,,,,0,0,,CHECK
9370,9,upper,R1C2,Bi-207-9177,6.73,0.88,116,0.02,7.7,13775,5,4,107;108;115;116,
9370,9,upper,R1C3,Bi-207-9176,6.73,-6.05,120,0.02,0.7,653,0,3,119;120;127,CHECK
9370,9,upper,R2C1,Sn-113-9183,2.23,6.94,84,0.02,2.3,2761,2,4,83;84;94;95,
9370,9,upper,R2C2,Cd-109-9178,0.73,0.88,76,0.02,24.1,119194,5,4,75;76;87;88,
9370,9,upper,R2C3,Ce-139-9179,2.23,-6.92,92,0.02,11.4,10035,6,5,80;81;91;92;102,
9370,9,lower,R1C1,Bi-207-8890,8.87,6.57,,,,,0,0,,CHECK
9370,9,lower,R1C2,Bi-207-9177,8.27,-0.01,1004,0.03,431.5,9492,3,3,1004;1011;1012,
9370,9,lower,R1C3,Bi-207-9176,6.77,-6.07,1015,0.03,1.3,1400,1,3,1007;1014;1015,CHECK
9370,9,lower,R2C1,Sn-113-9183,2.27,6.92,1036,0.03,0.7,600,1,4,1036;1037;1047;1048,CHECK
9370,9,lower,R2C2,Cd-109-9178,0.77,-0.88,1052,0.03,14.1,68872,4,5,1039;1040;1041;1051;1052,
9370,9,lower,R2C3,Ce-139-9179,0.77,-6.07,1055,0.03,7.4,19324,4,5,1033;1043;1044;1054;1055,
9370,10,upper,R1C1,Bi-207-8890,6.69,7.88,,,,,0,0,,CHECK
9370,10,upper,R1C2,Bi-207-9177,6.69,0.95,116,0.1,5.3,9425,3,4,107;108;116;117,
9370,10,upper,R1C3,Bi-207-9176,6.69,-5.98,120,0.1,0.5,486,0,4,111;119;120;127,CHECK
9370,10,upper,R2C1,Sn-113-9183,2.19,7.01,84,0.1,36.5,43147,7,5,83;84;85;94;95,
9370,10,upper,R2C2,Cd-109-9178,0.69,0.95,76,0.1,58.9,291814,7,5,75;76;77;87;88,
9370,10,upper,R2C3,Ce-139-9179,2.19,-6.84,92,0.1,18.5,16338,6,5,80;81;91;92;102,
9370,10,lower,R1C1,Bi-207-8890,8.86,6.46,,,,,0,0,,CHECK
9370,10,lower,R1C2,Bi-207-9177,8.26,-0.12,1004,0.12,367.6,8087,3,3,1004;1011;1012,
9370,10,lower,R1C3,Bi-207-9176,6.76,-6.18,1015,0.12,0.8,814,0,4,1007;1014;1015;1023,CHECK
9370,10,lower,R2C1,Sn-113-9183,2.26,6.81,1036,0.12,11.9,9747,4,5,1026;1027;1036;1037;1048,
9370,10,lower,R2C2,Cd-109-9178,0.76,-0.99,1052,0.12,18.7,91428,5,4,1040;1041;1051;1052,
9370,10,lower,R2C3,Ce-139-9179,0.76,-6.18,1055,0.12,6.3,16501,4,4,1043;1044;1055;1056,
9370,11,upper,R1C1,Bi-207-8890,4.66,6.44,95,0.99,32.7,21257,5,4,95;96;104;105,CHECK
9370,11,upper,R1C2,Bi-207-9177,4.66,-0.49,99,0.99,20.3,67236,4,4,88;89;99;100,CHECK
9370,11,upper,R1C3,Bi-207-9176,4.66,-7.42,103,0.99,2.1,1538,2,4,92;102;103;112,CHECK
9370,11,upper,R2C1,Sn-113-9183,0.16,5.57,73,0.76,14.5,33408,5,3,73;84;85,
9370,11,upper,R2C2,Cd-109-9178,-1.34,-0.49,64,0.76,5.3,22680,4,5,64;65;76;77;78,
9370,11,upper,R2C3,Ce-139-9179,0.16,-8.28,81,0.76,12.0,13013,3,4,68;69;80;81,
9370,11,lower,R1C1,Bi-207-8890,8.86,5.58,,,,,0,0,,CHECK
9370,11,lower,R1C2,Bi-207-9177,8.26,-1.0,1004,1.0,125.5,2762,3,3,1004;1011;1012,CHECK
9370,11,lower,R1C3,Bi-207-9176,6.76,-7.06,1015,1.0,0.9,922,0,4,1007;1014;1015;1023,CHECK
9370,11,lower,R2C1,Sn-113-9183,2.26,5.93,1037,0.73,92.6,176698,7,4,1026;1027;1036;1037,
9370,11,lower,R2C2,Cd-109-9178,0.76,-1.86,1053,0.73,19.0,85783,5,5,1040;1041;1042;1052;1053,
9370,11,lower,R2C3,Ce-139-9179,0.76,-7.06,1056,0.73,11.7,22987,3,4,1034;1044;1045;1056,
9370,12,upper,R1C1,Bi-207-8890,8.18,8.55,,,,,0,0,,CHECK
9370,12,upper,R1C2,Bi-207-9177,8.18,1.62,,,,,0,0,,CHECK
9370,12,upper,R1C3,Bi-207-9176,8.18,-5.31,127,0.13,1.5,561,0,4,119;120;126;127,CHECK
9370,12,upper,R2C1,Sn-113-9183,3.68,7.68,94,0.13,9.8,3317,3,5,83;84;94;95;104,
9370,12,upper,R2C2,Cd-109-9178,2.18,1.62,87,0.13,104.9,306136,7,5,86;87;88;97;98,
9370,12,upper,R2C3,Ce-139-9179,3.68,-6.18,102,0.13,0.8,2495,1,4,91;92;102;103,CHECK
9370,12,lower,R1C1,Bi-207-8890,9.54,7.02,,,,,0,0,,CHECK
9370,12,lower,R1C2,Bi-207-9177,8.94,0.44,1004,0.82,42.8,942,3,3,1004;1011;1012,
9370,12,lower,R1C3,Bi-207-9176,7.44,-5.62,1007,0.91,1.6,704,0,3,1007;1014;1015,CHECK
9370,12,lower,R2C1,Sn-113-9183,2.94,7.37,1036,0.82,0.2,143,0,4,1026;1036;1037;1048,CHECK
9370,12,lower,R2C2,Cd-109-9178,1.44,-0.42,1040,0.91,43.6,179582,7,4,1029;1030;1039;1040,
9370,12,lower,R2C3,Ce-139-9179,1.44,-5.62,1043,0.91,7.8,14301,2,4,1033;1043;1044;1055,
9370,13,upper,R1C1,Bi-207-8890,6.14,7.37,104,1.0,15.1,1422,3,3,104;105;113,CHECK
9370,13,upper,R1C2,Bi-207-9177,6.14,0.44,108,1.0,19.0,53051,4,3,98;99;108,CHECK
9370,13,upper,R1C3,Bi-207-9176,6.14,-6.49,112,1.0,0.9,2104,2,3,111;112;120,CHECK
9370,13,upper,R2C1,Sn-113-9183,1.64,6.5,84,0.74,25.9,30605,6,4,83;84;94;95,
9370,13,upper,R2C2,Cd-109-9178,0.14,0.44,76,0.74,7.5,37123,4,4,76;77;87;88,
9370,13,upper,R2C3,Ce-139-9179,1.64,-7.35,92,0.74,20.7,18277,6,6,80;81;91;92;102;103,
9370,13,lower,R1C1,Bi-207-8890,9.53,5.91,,,,,0,0,,CHECK
9370,13,lower,R1C2,Bi-207-9177,8.93,-0.67,1004,0.96,34.1,751,3,3,1004;1011;1012,CHECK
9370,13,lower,R1C3,Bi-207-9176,7.43,-6.73,1015,0.96,0.8,905,0,4,1007;1014;1015;1023,CHECK
9370,13,lower,R2C1,Sn-113-9183,2.93,6.26,1026,0.84,11.9,5296,4,4,1026;1027;1036;1037,
9370,13,lower,R2C2,Cd-109-9178,1.43,-1.54,1041,0.84,28.7,102398,5,5,1029;1030;1031;1040;1041,
9370,13,lower,R2C3,Ce-139-9179,1.43,-6.73,1044,0.84,50.5,112288,7,5,1033;1034;1044;1045;1056,
9370,14,upper,R1C1,Bi-207-8890,6.11,6.68,104,0.89,34.6,3254,4,3,94;104;105,
9370,14,upper,R1C2,Bi-207-9177,6.11,-0.25,108,0.89,4.8,13398,4,3,98;99;108,
9370,14,upper,R1C3,Bi-207-9176,6.11,-7.18,112,0.89,4.1,9317,3,3,102;103;112,
9370,14,upper,R2C1,Sn-113-9183,1.61,5.81,85,0.89,18.6,28897,7,4,84;85;95;96,
9370,14,upper,R2C2,Cd-109-9178,0.11,-0.25,77,0.89,15.6,74821,5,4,76;77;88;89,
9370,14,upper,R2C3,Ce-139-9179,1.61,-8.04,81,0.89,4.0,4372,2,3,80;81;92,
9370,14,lower,R1C1,Bi-207-8890,10.27,4.03,,,,,0,0,,CHECK
9370,14,lower,R1C2,Bi-207-9177,9.67,-2.55,,,,,0,0,,CHECK
9370,14,lower,R1C3,Bi-207-9176,8.17,-8.61,,,,,0,0,,CHECK
9370,14,lower,R2C1,Sn-113-9183,3.67,4.38,1027,0.09,94.0,110546,7,5,1017;1026;1027;1037;1038,
9370,14,lower,R2C2,Cd-109-9178,2.17,-3.41,1042,0.09,16.7,52552,4,5,1030;1031;1041;1042;1053,
9370,14,lower,R2C3,Ce-139-9179,2.17,-8.61,1045,0.09,86.0,48514,4,3,1034;1044;1045,
9370,15,upper,R1C1,Bi-207-8890,7.88,9.54,,,,,0,0,,CHECK
9370,15,upper,R1C2,Bi-207-9177,7.88,2.61,,,,,0,0,,CHECK
9370,15,upper,R1C3,Bi-207-9176,7.88,-4.31,126,0.93,2.0,627,2,4,118;119;126;127,
9370,15,upper,R2C1,Sn-113-9183,3.38,8.68,94,0.96,1.1,376,0,4,84;94;95;104,CHECK
9370,15,upper,R2C2,Cd-109-9178,1.88,2.61,87,0.96,30.2,87989,4,5,87;88;97;98;107,CHECK
9370,15,upper,R2C3,Ce-139-9179,3.38,-5.18,101,0.93,11.4,31684,2,7,90;91;100;101;102;110;111,
9370,15,lower,R1C1,Bi-207-8890,10.21,7.23,,,,,0,0,,CHECK
9370,15,lower,R1C2,Bi-207-9177,9.61,0.65,,,,,0,0,,CHECK
9370,15,lower,R2C1,Sn-113-9183,3.61,7.57,,,,,0,0,,CHECK
9370,15,lower,R1C3,Bi-207-9176,8.11,-5.42,1007,0.26,1.8,816,0,3,1007;1014;1015,CHECK
9370,15,lower,R2C2,Cd-109-9178,2.11,-0.22,1040,0.26,21.1,87020,4,6,1020;1028;1029;1030;1039;1040,
9370,15,lower,R2C3,Ce-139-9179,2.11,-5.42,1043,0.26,1.9,3478,0,4,1032;1033;1042;1043,CHECK
9370,16,upper,R1C1,Bi-207-8890,8.09,6.86,,,,,0,0,,CHECK
9370,16,upper,R1C2,Bi-207-9177,8.09,-0.07,,,,,0,0,,CHECK
9370,16,upper,R1C3,Bi-207-9176,8.09,-6.99,,,,,0,0,,CHECK
9370,16,upper,R2C1,Sn-113-9183,3.59,6.0,95,0.17,8.1,5277,3,4,84;94;95;104,
9370,16,upper,R2C2,Cd-109-9178,2.09,-0.07,88,0.17,19.7,89602,5,5,87;88;98;99;108,
9370,16,upper,R2C3,Ce-139-9179,3.59,-7.86,103,0.17,14.3,10551,4,4,92;102;103;112,
9370,16,lower,R1C1,Bi-207-8890,10.95,5.11,,,,,0,0,,CHECK
9370,16,lower,R1C2,Bi-207-9177,10.35,-1.47,,,,,0,0,,CHECK
9370,16,lower,R1C3,Bi-207-9176,8.85,-7.53,,,,,0,0,,CHECK
9370,16,lower,R2C1,Sn-113-9183,4.35,5.46,1017,0.94,39.2,38395,3,4,1009;1017;1018;1027,
9370,16,lower,R2C2,Cd-109-9178,2.85,-2.34,1031,0.94,24.3,68763,4,5,1020;1021;1030;1031;1041,
9370,16,lower,R2C3,Ce-139-9179,2.85,-7.53,1034,0.94,57.4,90224,5,5,1024;1033;1034;1044;1045,
9370,17,upper,R1C1,Bi-207-8890,8.31,6.94,,,,,0,0,,CHECK
9370,17,upper,R1C2,Bi-207-9177,8.31,0.01,,,,,0,0,,CHECK
9370,17,upper,R1C3,Bi-207-9176,8.31,-6.92,,,,,0,0,,CHECK
9370,17,upper,R2C1,Sn-113-9183,3.81,6.07,95,0.06,74.5,48521,7,4,94;95;104;105,
9370,17,upper,R2C2,Cd-109-9178,2.31,0.01,88,0.06,16.3,73927,4,4,88;89;98;99,
9370,17,upper,R2C3,Ce-139-9179,3.81,-7.79,103,0.06,18.0,13299,4,4,92;102;103;112,
9370,17,lower,R1C1,Bi-207-8890,10.19,4.75,,,,,0,0,,CHECK
9370,17,lower,R1C2,Bi-207-9177,9.59,-1.83,,,,,0,0,,CHECK
9370,17,lower,R1C3,Bi-207-9176,8.09,-7.89,,,,,0,0,,CHECK
9370,17,lower,R2C1,Sn-113-9183,3.59,5.1,1027,0.78,83.4,98071,7,4,1017;1018;1026;1027,
9370,17,lower,R2C2,Cd-109-9178,2.09,-2.7,1041,0.98,23.8,84689,5,5,1021;1030;1031;1040;1041,CHECK
9370,17,lower,R2C3,Ce-139-9179,2.09,-7.89,1045,0.78,23.9,13482,3,4,1033;1034;1044;1045,
9370,18,upper,R1C1,Bi-207-8890,2.2,6.92,84,0.05,21.2,24982,6,5,83;84;85;94;95,
9370,18,upper,R1C2,Bi-207-9177,2.2,-0.01,88,0.05,8.9,40511,7,6,76;87;88;89;98;99,
9370,18,upper,R1C3,Bi-207-9176,2.2,-6.94,92,0.05,22.7,20033,6,6,80;81;91;92;102;103,
9370,18,upper,R2C1,Sn-113-9183,-2.3,6.05,48,0.05,5.5,12857,6,4,36;37;47;48,
9370,18,upper,R2C2,Cd-109-9178,-3.8,-0.01,40,0.05,45.6,186560,7,5,29;30;39;40;41,
9370,18,upper,R2C3,Ce-139-9179,-2.3,-7.8,56,0.05,0.6,235,1,4,44;55;56;68,CHECK
9370,18,lower,R1C1,Bi-207-8890,4.26,5.71,1026,0.62,70.8,31526,5,4,1017;1026;1027;1037,
9370,18,lower,R1C2,Bi-207-9177,3.66,-0.88,1030,0.09,12.8,44854,6,4,1029;1030;1040;1041,
9370,18,lower,R1C3,Bi-207-9176,2.16,-6.94,1044,0.09,48.1,106854,7,5,1033;1034;1044;1045;1056,
9370,18,lower,R2C1,Sn-113-9183,-2.34,6.05,1073,0.09,17.4,51435,5,4,1072;1073;1084;1085,
9370,18,lower,R2C2,Cd-109-9178,-3.84,-1.74,1089,0.09,20.9,57971,4,4,1077;1088;1089;1099,
9370,18,lower,R2C3,Ce-139-9179,-3.84,-6.94,1092,0.09,43.4,82264,5,5,1080;1081;1091;1092;1102,
9371,0,upper,R2C1,Sn-113-9183,-8.39,7.72,,,,,0,0,,CHECK
9371,0,upper,R1C1,Bi-207-8890,-3.89,8.59,35,0.16,11.2,775,4,4,25;35;36;47,
9371,0,upper,R1C2,Bi-207-9177,-3.89,1.66,39,0.16,4.3,12387,7,5,28;29;38;39;40,
9371,0,upper,R1C3,Bi-207-9176,-3.89,-5.27,43,0.16,212.1,623070,7,4,33;43;44;55,
9371,0,upper,R2C2,Cd-109-9178,-9.89,1.66,3,0.16,145.4,5524,5,4,2;3;10;11,
9371,0,upper,R2C3,Ce-139-9179,-8.39,-6.13,15,0.16,10.6,6244,5,4,14;15;22;23,
9371,0,lower,R2C1,Sn-113-9183,-6.94,8.54,,,,,0,0,,CHECK
9371,0,lower,R1C1,Bi-207-8890,-0.34,8.19,1059,0.62,3.7,1593,1,4,1047;1059;1060;1072,CHECK
9371,0,lower,R1C2,Bi-207-9177,-0.94,1.61,1063,0.23,1.7,6098,0,7,1050;1051;1062;1063;1064;1075;1076,CHECK
9371,0,lower,R1C3,Bi-207-9176,-2.44,-4.46,1079,0.23,28.2,69973,7,4,1079;1080;1090;1091,
9371,0,lower,R2C2,Cd-109-9178,-8.44,0.74,1116,0.23,425.1,132629,5,4,1107;1108;1115;1116,
9371,0,lower,R2C3,Ce-139-9179,-8.44,-4.46,1119,0.23,539.0,115886,5,4,1110;1111;1118;1119,
9371,1,upper,R2C1,Sn-113-9183,-8.19,7.66,,,,,0,0,,CHECK
9371,1,upper,R1C1,Bi-207-8890,-3.69,8.53,35,0.15,11.3,777,4,4,25;35;36;47,
9371,1,upper,R1C2,Bi-207-9177,-3.69,1.6,39,0.15,4.4,12828,7,5,28;29;38;39;40,
9371,1,upper,R1C3,Bi-207-9176,-3.69,-5.33,43,0.15,214.8,630921,7,4,33;43;44;55,
9371,1,upper,R2C2,Cd-109-9178,-9.69,1.6,3,0.15,145.0,5510,5,4,2;3;10;11,
9371,1,upper,R2C3,Ce-139-9179,-8.19,-6.2,15,0.15,6.5,3820,5,5,7;14;15;22;23,
9371,1,lower,R2C1,Sn-113-9183,-6.96,8.56,,,,,0,0,,CHECK
9371,1,lower,R1C1,Bi-207-8890,-0.36,8.22,1059,0.59,3.9,1717,1,4,1047;1059;1060;1072,CHECK
9371,1,lower,R1C2,Bi-207-9177,-0.96,1.63,1063,0.23,1.8,6341,0,7,1050;1051;1062;1063;1064;1075;1076,CHECK
9371,1,lower,R1C3,Bi-207-9176,-2.46,-4.43,1079,0.23,28.2,70105,7,4,1079;1080;1090;1091,
9371,1,lower,R2C2,Cd-109-9178,-8.46,0.77,1116,0.23,222.3,69370,5,3,1108;1116;1117,
9371,1,lower,R2C3,Ce-139-9179,-8.46,-4.43,1119,0.23,51.2,11007,5,4,1110;1111;1118;1119,
9371,2,upper,R2C3,Ce-139-9179,-8.24,-9.54,,,,,0,0,,CHECK
9371,2,upper,R1C1,Bi-207-8890,-3.74,5.19,37,0.01,4.4,5134,6,4,26;27;36;37,
9371,2,upper,R1C2,Bi-207-9177,-3.74,-1.74,41,0.01,5.3,15184,7,4,31;41;42;53,
9371,2,upper,R1C3,Bi-207-9176,-3.74,-8.67,45,0.01,38.1,12795,4,4,34;44;45;56,
9371,2,upper,R2C1,Sn-113-9183,-8.24,4.32,9,0.01,79.5,7472,5,4,2;9;10;18,
9371,2,upper,R2C2,Cd-109-9178,-9.74,-1.74,5,0.01,96.8,3776,5,4,4;5;12;13,
9371,2,lower,R2C3,Ce-139-9179,-8.47,-7.67,,,,,0,0,,CHECK
9371,2,lower,R1C1,Bi-207-8890,-0.37,4.97,1061,0.44,1.4,5201,0,7,1048;1049;1060;1061;1062;1073;1074,CHECK
9371,2,lower,R1C2,Bi-207-9177,-0.97,-1.61,1065,0.25,2.0,7325,4,5,1052;1053;1065;1066;1078,CHECK
9371,2,lower,R1C3,Bi-207-9176,-2.47,-7.67,1081,0.25,17.7,14946,4,4,1080;1081;1091;1092,
9371,2,lower,R2C1,Sn-113-9183,-6.97,5.32,1105,0.25,191.9,46631,4,3,1096;1105;1106,
9371,2,lower,R2C2,Cd-109-9178,-8.47,-2.48,1118,0.25,363.0,91465,5,4,1109;1110;1117;1118,
9371,3,upper,R2C1,Sn-113-9183,-8.16,7.71,,,,,0,0,,CHECK
9371,3,upper,R1C1,Bi-207-8890,-3.66,8.58,35,0.12,11.7,810,4,4,25;35;36;47,
9371,3,upper,R1C2,Bi-207-9177,-3.66,1.65,39,0.12,6.7,19304,7,4,28;29;38;39,
9371,3,upper,R1C3,Bi-207-9176,-3.66,-5.28,43,0.12,219.4,644303,7,4,33;43;44;55,
9371,3,upper,R2C2,Cd-109-9178,-9.66,1.65,3,0.12,115.1,4375,5,4,2;3;10;11,
9371,3,upper,R2C3,Ce-139-9179,-8.16,-6.14,15,0.12,24.0,14112,5,4,14;15;22;23,
9371,3,lower,R1C1,Bi-207-8890,0.35,7.37,1047,0.58,1.6,1914,2,4,1047;1048;1059;1060,CHECK
9371,3,lower,R1C2,Bi-207-9177,-0.25,0.79,1051,1.0,1.8,7860,4,7,1039;1040;1050;1051;1052;1063;1064,CHECK
9371,3,lower,R1C3,Bi-207-9176,-1.75,-5.27,1080,0.94,32.8,83131,7,4,1079;1080;1091;1092,
9371,3,lower,R2C1,Sn-113-9183,-6.25,7.72,1094,1.0,82.1,23563,3,3,1084;1094;1095,CHECK
9371,3,lower,R2C2,Cd-109-9178,-7.75,-0.07,1108,1.0,70.7,77128,7,4,1098;1107;1108;1116,CHECK
9371,3,lower,R2C3,Ce-139-9179,-7.75,-5.27,1111,1.0,211.2,144882,6,5,1101;1102;1110;1111;1119,CHECK
9371,4,upper,R1C1,Bi-207-8890,-2.46,7.01,47,0.81,12.5,10031,6,4,35;36;47;48,
9371,4,upper,R1C2,Bi-207-9177,-2.46,0.08,51,0.81,5.0,152695,7,7,39;40;50;51;52;63;64,
9371,4,upper,R1C3,Bi-207-9176,-2.46,-6.85,55,0.81,53.1,96014,7,3,43;44;55,
9371,4,upper,R2C1,Sn-113-9183,-6.96,6.14,17,0.97,94.4,24626,5,4,9;17;18;27,CHECK
9371,4,upper,R2C2,Cd-109-9178,-8.46,0.08,11,0.81,180.4,39869,7,7,3;4;10;11;12;19;20,
9371,4,upper,R2C3,Ce-139-9179,-6.96,-7.72,24,0.81,19.4,19034,5,4,23;24;33;34,
9371,4,lower,R1C1,Bi-207-8890,0.59,6.14,1048,0.18,1.8,4517,2,5,1036;1037;1047;1048;1049,CHECK
9371,4,lower,R1C2,Bi-207-9177,-0.01,-0.44,1052,0.87,2.1,10406,4,6,1040;1041;1051;1052;1053;1065,
9371,4,lower,R1C3,Bi-207-9176,-1.51,-6.5,1080,0.86,33.4,84803,7,4,1079;1080;1091;1092,
9371,4,lower,R2C1,Sn-113-9183,-6.01,6.49,1095,0.87,74.0,63799,6,3,1095;1096;1105,
9371,4,lower,R2C2,Cd-109-9178,-7.51,-1.31,1117,0.86,119.5,37643,5,4,1108;1109;1116;1117,
9371,4,lower,R2C3,Ce-139-9179,-7.51,-6.5,1112,0.87,383.0,94230,3,3,1102;1111;1112,
9371,5,upper,R1C1,Bi-207-8890,-2.25,7.04,47,0.75,228.9,183123,6,4,35;36;47;48,
9371,5,upper,R1C2,Bi-207-9177,-2.25,0.11,51,0.75,78.8,2385505,7,7,39;40;50;51;52;63;64,
9371,5,upper,R1C3,Bi-207-9176,-2.25,-6.82,55,0.75,891.6,1611074,7,3,43;44;55,
9371,5,upper,R2C1,Sn-113-9183,-6.75,6.17,17,0.98,2645.6,690510,5,4,9;17;18;27,CHECK
9371,5,upper,R2C2,Cd-109-9178,-8.25,0.11,12,0.98,2970.4,695065,7,7,4;5;11;12;13;20;21,CHECK
9371,5,upper,R2C3,Ce-139-9179,-6.75,-7.68,24,0.75,77.8,76252,5,4,23;24;33;34,
9371,5,lower,R1C1,Bi-207-8890,1.07,5.76,1048,0.44,31.5,77769,7,4,1036;1037;1048;1049,
9371,5,lower,R1C2,Bi-207-9177,0.47,-0.83,1052,0.28,37.6,183682,7,6,1040;1041;1051;1052;1053;1065,
9371,5,lower,R1C3,Bi-207-9176,-1.03,-6.89,1068,0.28,56.7,151808,7,4,1067;1068;1080;1081,
9371,5,lower,R2C1,Sn-113-9183,-5.53,6.1,1095,0.28,759.3,654510,6,4,1095;1096;1105;1106,
9371,5,lower,R2C2,Cd-109-9178,-7.03,-1.69,1109,0.28,4856.3,2729255,7,5,1108;1109;1110;1117;1118,
9371,5,lower,R2C3,Ce-139-9179,-7.03,-6.89,1112,0.28,2191.9,539213,3,3,1102;1111;1112,
9377,0,upper,R2C1,Sn-113-9183,-8.89,8.18,,,,,0,0,,CHECK
9377,0,upper,R1C1,Bi-207-8890,-4.39,9.05,35,0.75,0.5,34,0,4,25;35;36;47,CHECK
9377,0,upper,R1C2,Bi-207-9177,-4.39,2.12,28,0.98,4.1,4590,4,3,18;19;28,CHECK
9377,0,upper,R1C3,Bi-207-9176,-4.39,-4.81,32,0.98,3.6,7011,4,3,22;31;32,CHECK
9377,0,upper,R2C2,Cd-109-9178,-10.39,2.12,3,0.75,59.1,2247,4,4,2;3;10;11,
9377,0,upper,R2C3,Ce-139-9179,-8.89,-5.67,15,0.75,8.9,5214,4,4,14;15;23;24,
9377,0,lower,R2C1,Sn-113-9183,-7.19,8.5,,,,,0,0,,CHECK
9377,0,lower,R1C1,Bi-207-8890,-0.59,8.15,1059,0.53,0.3,147,0,4,1047;1059;1060;1072,CHECK
9377,0,lower,R1C2,Bi-207-9177,-1.19,1.57,1063,0.47,0.1,195,0,5,1050;1062;1063;1075;1076,CHECK
9377,0,lower,R1C3,Bi-207-9176,-2.69,-4.49,1079,0.47,0.1,230,0,5,1078;1079;1080;1090;1091,CHECK
9377,0,lower,R2C2,Cd-109-9178,-8.69,0.7,1116,0.47,414.5,129332,5,4,1107;1108;1115;1116,
9377,0,lower,R2C3,Ce-139-9179,-8.69,-4.49,1119,0.47,530.5,114065,5,4,1110;1111;1118;1119,
9377,1,upper,R2C1,Sn-113-9183,-8.44,7.61,,,,,0,0,,CHECK
9377,1,upper,R1C1,Bi-207-8890,-3.94,8.47,35,0.27,0.4,31,0,4,25;35;36;47,CHECK
9377,1,upper,R1C2,Bi-207-9177,-3.94,1.54,39,0.27,0.1,248,0,4,28;29;39;40,CHECK
9377,1,upper,R1C3,Bi-207-9176,-3.94,-5.38,43,0.27,0.4,1038,2,4,32;33;43;44,CHECK
9377,1,upper,R2C2,Cd-109-9178,-9.94,1.54,3,0.27,55.3,2102,5,4,3;4;10;11,
9377,1,upper,R2C3,Ce-139-9179,-8.44,-6.25,15,0.27,4.9,2884,4,4,14;15;23;24,
9377,1,lower,R2C1,Sn-113-9183,-7.46,8.01,,,,,0,0,,CHECK
9377,1,lower,R1C1,Bi-207-8890,-0.86,7.67,1059,1.0,0.4,177,0,4,1047;1059;1060;1072,CHECK
9377,1,lower,R1C2,Bi-207-9177,-1.46,1.08,1076,0.82,0.1,269,0,5,1063;1075;1076;1087;1088,CHECK
9377,1,lower,R1C3,Bi-207-9176,-2.96,-4.98,1091,0.82,0.5,1096,2,4,1091;1092;1101;1102,CHECK
9377,1,lower,R2C2,Cd-109-9178,-8.96,0.22,1116,0.96,202.7,63239,5,3,1108;1116;1117,CHECK
9377,1,lower,R2C3,Ce-139-9179,-8.96,-4.98,1119,0.96,42.7,9175,5,4,1110;1111;1118;1119,CHECK
9377,2,upper,R2C3,Ce-139-9179,-8.99,-9.07,,,,,0,0,,CHECK
9377,2,upper,R1C1,Bi-207-8890,-4.49,5.65,26,0.86,0.9,355,2,3,17;26;27,CHECK
9377,2,upper,R1C2,Bi-207-9177,-4.49,-1.28,30,0.86,3.6,7310,4,4,20;21;30;31,
9377,2,upper,R1C3,Bi-207-9176,-4.49,-8.2,34,0.86,0.3,152,0,4,24;33;34;44,CHECK
9377,2,upper,R2C1,Sn-113-9183,-8.99,4.79,9,0.87,17.1,1607,5,4,2;9;10;18,
9377,2,upper,R2C2,Cd-109-9178,-10.49,-1.28,5,0.87,43.5,1696,4,4,4;5;12;13,
9377,2,lower,R2C3,Ce-139-9179,-8.47,-7.71,,,,,0,0,,CHECK
9377,2,lower,R1C1,Bi-207-8890,-0.37,4.94,1061,0.46,0.1,217,0,7,1048;1049;1060;1061;1062;1073;1074,CHECK
9377,2,lower,R1C2,Bi-207-9177,-0.97,-1.65,1065,0.24,0.1,190,0,6,1053;1064;1065;1066;1077;1078,CHECK
9377,2,lower,R1C3,Bi-207-9176,-2.47,-7.71,1081,0.24,0.2,163,0,3,1068;1069;1081,CHECK
9377,2,lower,R2C1,Sn-113-9183,-6.97,5.28,1105,0.24,191.1,46445,4,4,1095;1096;1105;1106,
9377,2,lower,R2C2,Cd-109-9178,-8.47,-2.51,1118,0.24,354.4,89311,5,4,1109;1110;1117;1118,
9377,3,upper,R1C1,Bi-207-8890,-4.41,9.79,,,,,0,0,,CHECK
9377,3,upper,R2C1,Sn-113-9183,-8.91,8.93,,,,,0,0,,CHECK
9377,3,upper,R1C2,Bi-207-9177,-4.41,2.87,28,0.88,22.9,25785,6,3,18;19;28,
9377,3,upper,R1C3,Bi-207-9176,-4.41,-4.06,32,0.88,12.6,24699,7,3,22;23;32,
9377,3,upper,R2C2,Cd-109-9178,-10.41,2.87,2,0.89,39.7,635,4,4,2;3;9;10,
9377,3,upper,R2C3,Ce-139-9179,-8.91,-4.93,14,0.89,43.8,17479,6,5,6;7;13;14;15,
9377,3,lower,R1C1,Bi-207-8890,1.11,7.59,1047,0.41,0.2,195,0,3,1047;1059;1060,CHECK
9377,3,lower,R1C2,Bi-207-9177,0.51,1.01,1051,0.28,0.0,187,0,6,1039;1040;1050;1051;1063;1064,CHECK
9377,3,lower,R1C3,Bi-207-9176,-0.99,-5.06,1067,0.28,0.1,217,0,5,1066;1067;1068;1079;1080,CHECK
9377,3,lower,R2C1,Sn-113-9183,-5.49,7.94,1094,0.28,78.4,22508,3,3,1084;1094;1095,
9377,3,lower,R2C2,Cd-109-9178,-6.99,0.14,1108,0.28,66.9,72937,7,4,1098;1107;1108;1116,
9377,3,lower,R2C3,Ce-139-9179,-6.99,-5.06,1111,0.28,211.1,144803,6,4,1101;1110;1111;1119,
9377,4,upper,R2C1,Sn-113-9183,-8.21,7.85,,,,,0,0,,CHECK
9377,4,upper,R1C1,Bi-207-8890,-3.71,8.72,35,0.07,1.3,92,1,3,25;35;36,CHECK
9377,4,upper,R1C2,Bi-207-9177,-3.71,1.79,39,0.07,0.8,2395,2,4,28;29;39;40,CHECK
9377,4,upper,R1C3,Bi-207-9176,-3.71,-5.14,43,0.07,3.3,9757,4,4,32;33;43;44,
9377,4,upper,R2C2,Cd-109-9178,-9.71,1.79,3,0.07,29.8,1133,5,5,3;4;10;11;19,
9377,4,upper,R2C3,Ce-139-9179,-8.21,-6.0,15,0.07,16.1,9440,4,4,14;15;23;24,
9377,4,lower,R1C1,Bi-207-8890,1.09,7.35,1047,0.56,0.2,188,0,3,1047;1059;1060,CHECK
9377,4,lower,R1C2,Bi-207-9177,0.49,0.77,1051,0.28,0.0,180,0,6,1039;1040;1050;1051;1063;1064,CHECK
9377,4,lower,R1C3,Bi-207-9176,-1.01,-5.29,1067,0.28,0.1,237,0,7,1054;1055;1066;1067;1068;1079;1080,CHECK
9377,4,lower,R2C1,Sn-113-9183,-5.51,7.7,1094,0.28,57.2,16420,3,3,1084;1094;1095,
9377,4,lower,R2C2,Cd-109-9178,-7.01,-0.09,1108,0.28,143.3,156328,7,4,1108;1109;1116;1117,
9377,4,lower,R2C3,Ce-139-9179,-7.01,-5.29,1111,0.28,162.6,111526,6,3,1102;1111;1112,
9377,5,upper,R2C3,Ce-139-9179,-9.01,-9.06,,,,,0,0,,CHECK
9377,5,upper,R1C1,Bi-207-8890,-4.51,5.66,26,0.85,27.9,11542,6,3,17;26;27,
9377,5,upper,R1C2,Bi-207-9177,-4.51,-1.27,30,0.85,12.9,26403,5,3,20;21;30,
9377,5,upper,R1C3,Bi-207-9176,-4.51,-8.2,34,0.85,3.5,1752,4,4,24;33;34;44,
9377,5,upper,R2C1,Sn-113-9183,-9.01,4.79,9,0.89,53.8,5054,5,4,2;9;10;18,
9377,5,upper,R2C2,Cd-109-9178,-10.51,-1.27,5,0.89,35.8,1398,4,3,5;12;13,
9377,5,lower,R1C1,Bi-207-8890,1.07,5.63,1048,0.54,0.1,219,0,4,1036;1037;1048;1049,CHECK
9377,5,lower,R1C2,Bi-207-9177,0.47,-0.95,1052,0.29,0.0,179,0,7,1040;1041;1051;1052;1053;1064;1065,CHECK
9377,5,lower,R1C3,Bi-207-9176,-1.03,-7.01,1068,0.29,0.1,253,0,4,1056;1068;1069;1081,CHECK
9377,5,lower,R2C1,Sn-113-9183,-5.53,5.98,1095,0.29,42.9,36975,6,4,1095;1096;1105;1106,
9377,5,lower,R2C2,Cd-109-9178,-7.03,-1.81,1109,0.29,293.7,165085,7,4,1109;1110;1117;1118,
9377,5,lower,R2C3,Ce-139-9179,-7.03,-7.01,1112,0.29,95.3,23446,3,3,1102;1111;1112,
9377,6,upper,R2C1,Sn-113-9183,-7.42,8.17,,,,,0,0,,CHECK
9377,6,upper,R1C1,Bi-207-8890,-2.92,9.03,35,0.91,62.2,4294,4,3,25;35;36,
9377,6,upper,R1C2,Bi-207-9177,-2.92,2.1,39,0.91,13.3,38648,6,4,28;29;38;39,
9377,6,upper,R1C3,Bi-207-9176,-2.92,-4.82,43,0.91,9.3,27194,7,5,42;43;44;54;55,
9377,6,upper,R2C2,Cd-109-9178,-8.92,2.1,10,0.83,10.0,2004,5,4,10;11;18;19,
9377,6,upper,R2C3,Ce-139-9179,-7.42,-5.69,23,0.83,46.1,22343,7,4,22;23;32;33,
9377,6,lower,R1C1,Bi-207-8890,1.3,7.52,1047,0.62,0.2,198,0,3,1047;1059;1060,CHECK
9377,6,lower,R1C2,Bi-207-9177,0.7,0.94,1051,0.09,0.0,173,0,5,1050;1051;1063;1064;1076,CHECK
9377,6,lower,R1C3,Bi-207-9176,-0.8,-5.12,1067,0.09,0.1,303,2,4,1067;1079;1080;1091,CHECK
9377,6,lower,R2C1,Sn-113-9183,-5.3,7.87,1094,0.09,388.3,111441,3,3,1084;1094;1095,
9377,6,lower,R2C2,Cd-109-9178,-6.8,0.07,1108,0.09,21.4,23305,7,3,1098;1107;1108,
9377,6,lower,R2C3,Ce-139-9179,-6.8,-5.12,1111,0.09,45.5,31180,6,4,1101;1102;1110;1111,
9377,7,upper,R1C1,Bi-207-8890,-1.47,7.21,47,0.98,7.6,6062,4,2,35;47,CHECK
9377,7,upper,R1C2,Bi-207-9177,-1.47,0.28,51,0.98,1.5,46019,2,3,39;40;51,CHECK
9377,7,upper,R1C3,Bi-207-9176,-1.47,-6.65,55,0.98,1.2,2098,2,3,43;54;55,CHECK
9377,7,upper,R2C1,Sn-113-9183,-5.97,6.34,26,0.77,46.2,19119,6,3,25;26;36,
9377,7,upper,R2C2,Cd-109-9178,-7.47,0.28,20,0.77,41.5,29372,7,6,11;19;20;21;29;30,
9377,7,upper,R2C3,Ce-139-9179,-5.97,-7.52,34,0.77,26.1,13216,4,4,24;33;34;44,
9377,7,lower,R1C1,Bi-207-8890,0.78,6.28,1048,0.22,0.1,216,0,5,1036;1037;1047;1048;1049,CHECK
9377,7,lower,R1C2,Bi-207-9177,0.18,-0.3,1064,0.98,0.1,405,0,4,1064;1076;1077;1088,CHECK
9377,7,lower,R1C3,Bi-207-9176,-1.32,-6.36,1080,0.98,2.7,6969,4,4,1080;1081;1091;1092,CHECK
9377,7,lower,R2C1,Sn-113-9183,-5.82,6.63,1095,0.8,164.5,141832,6,4,1084;1085;1094;1095,
9377,7,lower,R2C2,Cd-109-9178,-7.32,-1.16,1109,0.8,36.0,20208,7,4,1099;1100;1108;1109,
9377,7,lower,R2C3,Ce-139-9179,-7.32,-6.36,1112,0.8,86.0,21162,3,3,1102;1111;1112,
9377,8,upper,R2C3,Ce-139-9179,-7.52,-9.07,,,,,0,0,,CHECK
9377,8,upper,R1C1,Bi-207-8890,-3.02,5.65,37,0.86,23.3,27106,7,4,26;27;36;37,
9377,8,upper,R1C2,Bi-207-9177,-3.02,-1.28,41,0.86,9.8,28421,5,3,30;31;41,
9377,8,upper,R1C3,Bi-207-9176,-3.02,-8.2,56,0.87,0.6,242,1,4,44;45;55;56,CHECK
9377,8,upper,R2C1,Sn-113-9183,-7.52,4.79,17,0.87,71.2,18580,5,3,9;17;18,
9377,8,upper,R2C2,Cd-109-9178,-9.02,-1.28,12,0.87,15.0,3516,5,4,12;13;20;21,
9377,8,lower,R1C1,Bi-207-8890,1.27,5.57,1048,0.72,0.1,176,0,7,1036;1037;1047;1048;1049;1060;1061,CHECK
9377,8,lower,R1C2,Bi-207-9177,0.67,-1.01,1052,0.17,0.0,200,0,5,1051;1052;1053;1064;1065,CHECK
9377,8,lower,R1C3,Bi-207-9176,-0.83,-7.08,1068,0.17,0.2,465,1,4,1068;1069;1080;1081,CHECK
9377,8,lower,R2C1,Sn-113-9183,-5.33,5.92,1095,0.17,64.5,55604,6,4,1085;1095;1096;1105,
9377,8,lower,R2C2,Cd-109-9178,-6.83,-1.88,1109,0.17,72.6,40788,7,4,1099;1100;1109;1110,
9377,8,lower,R2C3,Ce-139-9179,-6.83,-7.08,1112,0.17,21.6,5319,3,3,1102;1111;1112,
9377,9,upper,R1C1,Bi-207-8890,-1.44,8.28,47,0.95,28.1,22519,5,4,47;48;59;60,
9377,9,upper,R1C2,Bi-207-9177,-1.44,1.35,63,0.79,5.1,17830,4,4,50;51;62;63,
9377,9,upper,R1C3,Bi-207-9176,-1.44,-5.58,55,0.95,11.8,21300,7,4,54;55;67;68,
9377,9,upper,R2C1,Sn-113-9183,-5.94,7.41,25,0.79,196.1,9803,4,3,25;35;36,
9377,9,upper,R2C2,Cd-109-9178,-7.44,1.35,19,0.79,11.1,6152,5,4,18;19;28;29,
9377,9,upper,R2C3,Ce-139-9179,-5.94,-6.44,33,0.79,15.2,16577,5,4,32;33;43;44,
9377,9,lower,R2C1,Sn-113-9183,-6.6,8.55,,,,,0,0,,CHECK
9377,9,lower,R1C1,Bi-207-8890,-0.0,8.21,1059,0.87,19.9,8675,3,4,1059;1060;1072;1073,
9377,9,lower,R1C2,Bi-207-9177,-0.6,1.62,1063,0.18,5.2,18086,4,4,1063;1075;1076;1087,
9377,9,lower,R1C3,Bi-207-9176,-2.1,-4.44,1079,0.18,25.3,62811,6,4,1079;1080;1090;1091,
9377,9,lower,R2C2,Cd-109-9178,-8.1,0.76,1116,0.18,1.1,330,1,5,1098;1107;1108;1115;1116,CHECK
9377,9,lower,R2C3,Ce-139-9179,-8.1,-4.44,1119,0.18,1.5,323,2,4,1110;1111;1118;1119,CHECK
9377,10,upper,R1C1,Bi-207-8890,-1.49,8.21,47,0.87,39.8,31821,6,4,47;48;59;60,
9377,10,upper,R1C2,Bi-207-9177,-1.49,1.28,51,0.87,1.9,57359,3,4,39;40;51;52,CHECK
9377,10,upper,R1C3,Bi-207-9176,-1.49,-5.64,55,0.87,6.9,12534,7,4,55;56;67;68,
9377,10,upper,R2C1,Sn-113-9183,-5.99,7.35,25,0.86,196.5,9824,4,3,25;35;36,
9377,10,upper,R2C2,Cd-109-9178,-7.49,1.28,19,0.86,3.4,1900,4,4,19;20;28;29,
9377,10,upper,R2C3,Ce-139-9179,-5.99,-6.51,33,0.86,14.9,16286,6,4,32;33;43;44,
9377,10,lower,R1C1,Bi-207-8890,0.73,6.23,1048,0.17,0.2,391,2,4,1047;1048;1060;1061,CHECK
9377,10,lower,R1C2,Bi-207-9177,0.13,-0.35,1064,0.95,1.2,6620,2,4,1064;1076;1077;1088,CHECK
9377,10,lower,R1C3,Bi-207-9176,-1.37,-6.41,1080,0.95,27.2,69034,7,4,1080;1081;1091;1092,
9377,10,lower,R2C1,Sn-113-9183,-5.87,6.58,1095,0.8,28.0,24100,6,4,1084;1085;1094;1095,
9377,10,lower,R2C2,Cd-109-9178,-7.37,-1.22,1109,0.8,3.8,2109,5,4,1099;1100;1108;1109,
9377,10,lower,R2C3,Ce-139-9179,-7.37,-6.41,1112,0.8,8.1,1987,3,3,1102;1111;1112,
9377,11,upper,R2C3,Ce-139-9179,-5.79,-8.83,,,,,0,0,,CHECK
9377,11,upper,R1C1,Bi-207-8890,-1.29,5.89,48,0.98,12.9,30376,6,3,36;47;48,CHECK
9377,11,upper,R1C2,Bi-207-9177,-1.29,-1.04,52,0.98,5.0,26624,4,4,40;41;52;53,CHECK
9377,11,upper,R1C3,Bi-207-9176,-1.29,-7.97,56,0.98,1.6,636,0,5,44;45;55;56;68,CHECK
9377,11,upper,R2C1,Sn-113-9183,-5.79,5.02,27,0.88,40.4,20615,7,4,26;27;37;38,
9377,11,upper,R2C2,Cd-109-9178,-7.29,-1.04,21,0.88,7.5,4132,6,4,20;21;30;31,
9377,11,lower,R1C1,Bi-207-8890,0.71,5.25,1048,0.82,0.5,1136,1,4,1048;1049;1060;1061,CHECK
9377,11,lower,R1C2,Bi-207-9177,0.11,-1.33,1065,0.95,1.7,6311,2,5,1065;1066;1077;1078;1089,CHECK
9377,11,lower,R1C3,Bi-207-9176,-1.39,-7.4,1081,0.95,66.8,56485,5,4,1068;1080;1081;1092,CHECK
9377,11,lower,R2C1,Sn-113-9183,-5.89,5.59,1095,0.79,21.6,18643,6,4,1084;1085;1095;1096,
9377,11,lower,R2C2,Cd-109-9178,-7.39,-2.2,1109,0.79,7.7,4343,6,4,1099;1100;1109;1110,
9377,11,lower,R2C3,Ce-139-9179,-7.39,-7.4,1112,0.79,1.4,338,1,4,1101;1102;1111;1112,CHECK
9377,12,upper,R1C1,Bi-207-8890,6.2,8.94,,,,,0,0,,CHECK
9377,12,upper,R1C2,Bi-207-9177,6.2,2.01,107,0.98,10.5,15157,5,3,97;98;107,CHECK
9377,12,upper,R1C3,Bi-207-9176,6.2,-4.92,119,0.81,0.4,802,0,4,110;118;119;126,CHECK
9377,12,upper,R2C1,Sn-113-9183,1.7,8.07,83,0.81,0.8,163,1,3,83;84;94,CHECK
9377,12,upper,R2C2,Cd-109-9178,0.2,2.01,75,0.81,21.9,64341,4,4,75;76;86;87,
9377,12,upper,R2C3,Ce-139-9179,1.7,-5.79,91,0.81,6.0,9541,7,5,79;80;91;92;102,
9377,12,lower,R1C1,Bi-207-8890,9.56,7.15,,,,,0,0,,CHECK
9377,12,lower,R1C2,Bi-207-9177,8.96,0.57,1004,0.91,127.0,2793,3,3,1004;1011;1012,
9377,12,lower,R1C3,Bi-207-9176,7.46,-5.49,1007,0.84,0.8,356,0,3,1007;1014;1015,CHECK
9377,12,lower,R2C1,Sn-113-9183,2.96,7.5,1036,0.91,0.2,201,0,4,1026;1036;1037;1048,CHECK
9377,12,lower,R2C2,Cd-109-9178,1.46,-0.3,1040,0.84,44.3,182328,7,5,1028;1029;1039;1040;1051,
9377,12,lower,R2C3,Ce-139-9179,1.46,-5.49,1043,0.84,45.3,83348,7,7,1032;1033;1042;1043;1044;1054;1055,
9377,13,upper,R1C1,Bi-207-8890,6.65,7.87,,,,,0,0,,CHECK
9377,13,upper,R1C2,Bi-207-9177,6.65,0.94,116,0.13,1.7,3092,1,4,107;108;116;117,CHECK
9377,13,upper,R1C3,Bi-207-9176,6.65,-5.98,120,0.13,0.2,211,0,4,111;119;120;127,CHECK
9377,13,upper,R2C1,Sn-113-9183,2.15,7.01,84,0.13,32.7,38571,7,4,83;84;94;95,
9377,13,upper,R2C2,Cd-109-9178,0.65,0.94,76,0.13,17.0,84404,4,4,76;77;87;88,
9377,13,upper,R2C3,Ce-139-9179,2.15,-6.85,92,0.13,20.7,18300,6,6,80;81;91;92;102;103,
9377,13,lower,R1C1,Bi-207-8890,8.79,6.68,,,,,0,0,,CHECK
9377,13,lower,R1C2,Bi-207-9177,8.19,0.1,1004,0.11,129.0,2839,3,3,1004;1011;1012,
9377,13,lower,R1C3,Bi-207-9176,6.69,-5.97,1015,0.11,0.5,527,0,4,1007;1014;1015;1023,CHECK
9377,13,lower,R2C1,Sn-113-9183,2.19,7.02,1036,0.11,6.3,5152,4,4,1026;1027;1036;1037,
9377,13,lower,R2C2,Cd-109-9178,0.69,-0.77,1052,0.11,17.7,86563,4,5,1030;1040;1041;1051;1052,
9377,13,lower,R2C3,Ce-139-9179,0.69,-5.97,1055,0.11,5.2,13456,4,6,1033;1043;1044;1045;1055;1056,
9377,14,upper,R1C3,Bi-207-9176,6.1,-8.3,,,,,0,0,,CHECK
9377,14,upper,R2C3,Ce-139-9179,1.6,-9.17,,,,,0,0,,CHECK
9377,14,upper,R1C1,Bi-207-8890,6.1,5.55,105,0.92,14.8,8918,5,4,105;106;113;114,
9377,14,upper,R1C2,Bi-207-9177,6.1,-1.37,109,0.92,0.3,1376,2,3,99;100;109,CHECK
9377,14,upper,R2C1,Sn-113-9183,1.6,4.69,85,0.83,35.8,55582,7,4,84;85;95;96,
9377,14,upper,R2C2,Cd-109-9178,0.1,-1.37,77,0.83,18.5,88674,4,4,77;78;88;89,
9377,14,lower,R1C1,Bi-207-8890,10.28,3.95,,,,,0,0,,CHECK
9377,14,lower,R1C2,Bi-207-9177,9.68,-2.63,,,,,0,0,,CHECK
9377,14,lower,R1C3,Bi-207-9176,8.18,-8.69,,,,,0,0,,CHECK
9377,14,lower,R2C1,Sn-113-9183,3.68,4.3,1027,0.08,82.1,96492,7,5,1017;1026;1027;1037;1038,
9377,14,lower,R2C2,Cd-109-9178,2.18,-3.5,1042,0.08,27.2,85561,4,5,1030;1031;1041;1042;1053,
9377,14,lower,R2C3,Ce-139-9179,2.18,-8.69,1045,0.08,218.2,123059,4,4,1034;1044;1045;1056,
9377,15,upper,R1C1,Bi-207-8890,8.18,9.43,,,,,0,0,,CHECK
9377,15,upper,R1C2,Bi-207-9177,8.18,2.5,,,,,0,0,,CHECK
9377,15,upper,R1C3,Bi-207-9176,8.18,-4.43,126,0.97,0.6,187,0,4,118;119;126;127,CHECK
9377,15,upper,R2C1,Sn-113-9183,3.68,8.56,94,0.77,0.8,289,0,4,84;94;95;104,CHECK
9377,15,upper,R2C2,Cd-109-9178,2.18,2.5,87,0.77,30.3,88499,5,5,86;87;97;98;107,
9377,15,upper,R2C3,Ce-139-9179,3.68,-5.3,101,0.97,13.1,36254,5,7,90;91;100;101;102;110;111,CHECK
9377,15,lower,R1C1,Bi-207-8890,10.26,7.33,,,,,0,0,,CHECK
9377,15,lower,R1C2,Bi-207-9177,9.66,0.75,,,,,0,0,,CHECK
9377,15,lower,R2C1,Sn-113-9183,3.66,7.68,,,,,0,0,,CHECK
9377,15,lower,R1C3,Bi-207-9176,8.16,-5.31,1007,0.15,0.8,340,2,4,1007;1014;1015;1023,CHECK
9377,15,lower,R2C2,Cd-109-9178,2.16,-0.11,1040,0.15,16.1,66397,4,6,1020;1028;1029;1030;1039;1040,
9377,15,lower,R2C3,Ce-139-9179,2.16,-5.31,1043,0.15,2.2,4081,3,4,1032;1033;1042;1043,
9377,16,upper,R1C1,Bi-207-8890,8.13,6.86,,,,,0,0,,CHECK
9377,16,upper,R1C2,Bi-207-9177,8.13,-0.07,,,,,0,0,,CHECK
9377,16,upper,R1C3,Bi-207-9176,8.13,-7.0,,,,,0,0,,CHECK
9377,16,upper,R2C1,Sn-113-9183,3.63,5.99,95,0.14,6.8,4396,3,3,94;95;104,
9377,16,upper,R2C2,Cd-109-9178,2.13,-0.07,88,0.14,19.3,87728,5,5,87;88;98;99;108,
9377,16,upper,R2C3,Ce-139-9179,3.63,-7.87,103,0.14,14.3,10559,4,4,92;102;103;112,
9377,16,lower,R1C1,Bi-207-8890,10.99,5.35,,,,,0,0,,CHECK
9377,16,lower,R1C2,Bi-207-9177,10.39,-1.23,,,,,0,0,,CHECK
9377,16,lower,R1C3,Bi-207-9176,8.89,-7.29,,,,,0,0,,CHECK
9377,16,lower,R2C1,Sn-113-9183,4.39,5.7,1017,1.0,45.4,44431,3,4,1009;1017;1018;1027,CHECK
9377,16,lower,R2C2,Cd-109-9178,2.89,-2.09,1031,1.0,27.4,77493,4,5,1020;1021;1030;1031;1041,CHECK
9377,16,lower,R2C3,Ce-139-9179,2.89,-7.29,1034,1.0,53.0,83281,5,5,1024;1033;1034;1044;1045,CHECK
9377,17,upper,R1C1,Bi-207-8890,8.08,6.8,,,,,0,0,,CHECK
9377,17,upper,R1C2,Bi-207-9177,8.08,-0.13,,,,,0,0,,CHECK
9377,17,upper,R1C3,Bi-207-9176,8.08,-7.06,,,,,0,0,,CHECK
9377,17,upper,R2C1,Sn-113-9183,3.58,5.93,95,0.21,76.2,49599,7,4,94;95;104;105,
9377,17,upper,R2C2,Cd-109-9178,2.08,-0.13,88,0.21,5.4,24695,4,5,88;89;98;99;100,
9377,17,upper,R2C3,Ce-139-9179,3.58,-7.92,103,0.21,14.3,10590,4,4,92;102;103;112,
9377,17,lower,R1C1,Bi-207-8890,10.22,4.14,,,,,0,0,,CHECK
9377,17,lower,R1C2,Bi-207-9177,9.62,-2.45,,,,,0,0,,CHECK
9377,17,lower,R1C3,Bi-207-9176,8.12,-8.51,,,,,0,0,,CHECK
9377,17,lower,R2C1,Sn-113-9183,3.62,4.48,1027,0.2,109.5,128747,7,4,1017;1018;1026;1027,
9377,17,lower,R2C2,Cd-109-9178,2.12,-3.31,1042,0.2,19.6,61665,4,6,1022;1030;1031;1032;1041;1042,
9377,17,lower,R2C3,Ce-139-9179,2.12,-8.51,1045,0.2,18.8,10612,3,3,1034;1044;1045,
9377,18,upper,R1C1,Bi-207-8890,7.67,9.16,,,,,0,0,,CHECK
9377,18,upper,R1C2,Bi-207-9177,7.67,2.23,115,0.99,94.1,58533,4,4,106;107;115;116,CHECK
9377,18,upper,R1C3,Bi-207-9176,7.67,-4.7,119,0.99,5.8,13242,4,3,119;120;127,CHECK
9377,18,upper,R2C1,Sn-113-9183,3.17,8.29,94,0.77,0.5,181,0,4,84;94;95;104,CHECK
9377,18,upper,R2C2,Cd-109-9178,1.67,2.23,87,0.77,0.1,238,2,3,87;97;98,CHECK
9377,18,upper,R2C3,Ce-139-9179,3.17,-5.57,102,0.77,4.1,12477,4,4,101;102;111;112,
9377,18,lower,R1C1,Bi-207-8890,11.2,7.75,,,,,0,0,,CHECK
9377,18,lower,R1C2,Bi-207-9177,10.6,1.17,,,,,0,0,,CHECK
9377,18,lower,R2C1,Sn-113-9183,4.6,8.1,,,,,0,0,,CHECK
9377,18,lower,R1C3,Bi-207-9176,9.1,-4.89,1007,0.91,1.9,833,2,3,1007;1014;1015,CHECK
9377,18,lower,R2C2,Cd-109-9178,3.1,0.31,1029,0.86,29.7,74705,5,5,1011;1019;1020;1028;1029,
9377,18,lower,R2C3,Ce-139-9179,3.1,-4.89,1032,0.86,4.9,12203,4,5,1022;1023;1024;1032;1033,
9377,19,upper,R1C1,Bi-207-8890,7.62,7.6,,,,,0,0,,CHECK
9377,19,upper,R1C2,Bi-207-9177,7.62,0.67,116,0.89,48.4,86186,4,4,107;108;116;117,
9377,19,upper,R1C3,Bi-207-9176,7.62,-6.26,120,0.89,13.1,12934,3,4,111;112;119;120,
9377,19,upper,R2C1,Sn-113-9183,3.12,6.73,95,0.92,0.4,275,0,5,94;95;96;104;105,CHECK
9377,19,upper,R2C2,Cd-109-9178,1.62,0.67,88,0.92,0.1,241,2,3,88;98;99,CHECK
9377,19,upper,R2C3,Ce-139-9179,3.12,-7.12,103,0.92,17.3,12820,3,3,92;102;103,
9377,19,lower,R1C1,Bi-207-8890,12.44,5.54,,,,,0,0,,CHECK
9377,19,lower,R1C2,Bi-207-9177,11.84,-1.04,,,,,0,0,,CHECK
9377,19,lower,R1C3,Bi-207-9176,10.34,-7.1,,,,,0,0,,CHECK
9377,19,lower,R2C1,Sn-113-9183,5.84,5.89,1017,0.91,64.4,63004,2,3,1009;1017;1018,
9377,19,lower,R2C2,Cd-109-9178,4.34,-1.91,1021,0.93,48.6,108401,5,4,1011;1012;1020;1021,
9377,19,lower,R2C3,Ce-139-9179,4.34,-7.1,1024,0.93,61.4,128194,5,5,1015;1023;1024;1033;1034,
9377,20,upper,R1C1,Bi-207-8890,9.57,6.04,,,,,0,0,,CHECK
9377,20,upper,R1C2,Bi-207-9177,9.57,-0.89,,,,,0,0,,CHECK
9377,20,upper,R1C3,Bi-207-9176,9.57,-7.81,,,,,0,0,,CHECK
9377,20,upper,R2C3,Ce-139-9179,5.07,-8.68,,,,,0,0,,CHECK
9377,20,upper,R2C1,Sn-113-9183,5.07,5.18,105,0.18,14.5,8727,6,5,104;105;106;113;114,
9377,20,upper,R2C2,Cd-109-9178,3.57,-0.89,99,0.18,26.1,86675,4,4,99;100;108;109,
9377,20,lower,R1C1,Bi-207-8890,11.67,4.82,,,,,0,0,,CHECK
9377,20,lower,R1C2,Bi-207-9177,11.07,-1.76,,,,,0,0,,CHECK
9377,20,lower,R1C3,Bi-207-9176,9.57,-7.82,,,,,0,0,,CHECK
9377,20,lower,R2C1,Sn-113-9183,5.07,5.17,1017,0.18,78.3,76620,4,3,1009;1017;1018,
9377,20,lower,R2C2,Cd-109-9178,3.57,-2.63,1031,0.18,30.1,85044,4,5,1013;1021;1022;1030;1031,
9377,20,lower,R2C3,Ce-139-9179,3.57,-7.82,1034,0.18,0.2,320,0,4,1024;1033;1034;1044,CHECK
9377,21,upper,R1C1,Bi-207-8890,7.65,9.14,,,,,0,0,,CHECK
9377,21,upper,R1C2,Bi-207-9177,7.65,2.22,115,0.98,187.1,116405,5,4,106;107;114;115,CHECK
9377,21,upper,R1C3,Bi-207-9176,7.65,-4.71,127,0.77,34.4,13246,4,4,119;120;126;127,
9377,21,upper,R2C1,Sn-113-9183,3.15,8.28,94,0.77,0.5,158,0,4,84;94;95;104,CHECK
9377,21,upper,R2C2,Cd-109-9178,1.65,2.22,87,0.77,0.1,253,0,4,86;87;97;98,CHECK
9377,21,upper,R2C3,Ce-139-9179,3.15,-5.58,91,0.98,0.1,160,0,5,80;91;92;101;102,CHECK
9377,21,lower,R1C1,Bi-207-8890,10.65,7.19,,,,,0,0,,CHECK
9377,21,lower,R1C2,Bi-207-9177,10.05,0.6,,,,,0,0,,CHECK
9377,21,lower,R2C1,Sn-113-9183,4.05,7.53,,,,,0,0,,CHECK
9377,21,lower,R1C3,Bi-207-9176,8.55,-5.46,1007,0.4,65.4,29292,3,3,1007;1014;1015,
9377,21,lower,R2C2,Cd-109-9178,2.55,-0.26,1040,0.4,0.1,257,0,5,1029;1030;1039;1040;1051,CHECK
9377,21,lower,R2C3,Ce-139-9179,2.55,-5.46,1043,0.4,0.1,207,0,7,1032;1033;1042;1043;1044;1054;1055,CHECK
9377,22,upper,R1C1,Bi-207-8890,10.35,6.84,,,,,0,0,,CHECK
9377,22,upper,R1C2,Bi-207-9177,10.35,-0.09,,,,,0,0,,CHECK
9377,22,upper,R1C3,Bi-207-9176,10.35,-7.02,,,,,0,0,,CHECK
9377,22,upper,R2C3,Ce-139-9179,5.85,-7.88,,,,,0,0,,CHECK
9377,22,upper,R2C1,Sn-113-9183,5.85,5.97,113,0.9,0.7,32,0,4,105;113;114;121,CHECK
9377,22,upper,R2C2,Cd-109-9178,4.35,-0.09,108,0.9,22.5,62751,4,4,108;109;116;117,
9377,22,lower,R1C1,Bi-207-8890,12.38,5.72,,,,,0,0,,CHECK
9377,22,lower,R1C2,Bi-207-9177,11.78,-0.86,,,,,0,0,,CHECK
9377,22,lower,R1C3,Bi-207-9176,10.28,-6.92,,,,,0,0,,CHECK
9377,22,lower,R2C1,Sn-113-9183,5.78,6.07,,,,,0,0,,CHECK
9377,22,lower,R2C2,Cd-109-9178,4.28,-1.73,1021,0.97,28.0,62395,4,6,1004;1011;1012;1013;1020;1021,CHECK
9377,22,lower,R2C3,Ce-139-9179,4.28,-6.92,1024,0.97,0.1,270,0,4,1015;1023;1024;1033,CHECK
9377,23,upper,R1C3,Bi-207-9176,7.55,-7.57,,,,,0,0,,CHECK
9377,23,upper,R1C1,Bi-207-8890,7.55,6.28,113,0.83,0.4,19,0,4,104;105;113;114,CHECK
9377,23,upper,R1C2,Bi-207-9177,7.55,-0.64,117,0.83,33.1,103975,5,5,108;109;116;117;118,
9377,23,upper,R2C1,Sn-113-9183,3.05,5.42,95,0.95,0.8,540,0,4,84;85;94;95,CHECK
9377,23,upper,R2C2,Cd-109-9178,1.55,-0.64,88,0.95,0.3,1488,0,6,76;87;88;89;98;99,CHECK
9377,23,upper,R2C3,Ce-139-9179,3.05,-8.44,103,0.95,0.6,471,0,3,92;102;103,CHECK
9377,23,lower,R1C1,Bi-207-8890,12.37,4.01,,,,,0,0,,CHECK
9377,23,lower,R1C2,Bi-207-9177,11.77,-2.58,,,,,0,0,,CHECK
9377,23,lower,R1C3,Bi-207-9176,10.27,-8.64,,,,,0,0,,CHECK
9377,23,lower,R2C1,Sn-113-9183,5.77,4.35,1009,0.98,255.9,133304,1,4,1009;1010;1017;1018,CHECK
9377,23,lower,R2C2,Cd-109-9178,4.27,-3.44,1031,0.99,0.2,588,0,5,1021;1022;1030;1031;1041,CHECK
9377,23,lower,R2C3,Ce-139-9179,4.27,-8.64,1034,0.99,0.8,1282,0,4,1033;1034;1044;1045,CHECK
9377,24,upper,R1C1,Bi-207-8890,2.22,8.67,83,0.04,11.6,2399,3,4,83;84;94;95,
9377,24,upper,R1C2,Bi-207-9177,2.22,1.74,87,0.04,6.0,17649,6,5,76;87;88;97;98,
9377,24,upper,R1C3,Bi-207-9176,2.22,-5.19,91,0.04,16.9,27081,7,4,80;91;92;102,
9377,24,upper,R2C1,Sn-113-9183,-2.28,7.8,47,0.04,19.1,15304,5,4,25;35;36;47,
9377,24,upper,R2C2,Cd-109-9178,-3.78,1.74,39,0.04,25.4,73613,4,4,29;39;40;51,
9377,24,upper,R2C3,Ce-139-9179,-2.28,-6.05,55,0.04,1.2,2214,2,4,43;44;54;55,CHECK
9377,24,lower,R1C1,Bi-207-8890,4.27,5.71,1026,0.63,74.2,33023,5,4,1017;1026;1027;1037,
9377,24,lower,R1C2,Bi-207-9177,3.67,-0.88,1030,0.08,13.6,47504,6,4,1029;1030;1040;1041,
9377,24,lower,R1C3,Bi-207-9176,2.17,-6.94,1044,0.08,50.2,111599,7,5,1033;1034;1044;1045;1056,
9377,24,lower,R2C1,Sn-113-9183,-2.33,6.05,1073,0.08,18.2,53573,5,4,1072;1073;1084;1085,
9377,24,lower,R2C2,Cd-109-9178,-3.83,-1.74,1089,0.08,21.9,60820,4,4,1077;1088;1089;1099,
9377,24,lower,R2C3,Ce-139-9179,-3.83,-6.94,1092,0.08,44.6,84525,5,5,1080;1081;1091;1092;1102,
9378,0,upper,R1C1,Bi-207-8890,3.73,9.58,,,,,0,0,,CHECK
9378,0,upper,R1C2,Bi-207-9177,3.73,2.65,97,0.05,123.9,244338,7,4,96;97;106;107,
9378,0,upper,R1C3,Bi-207-9176,3.73,-4.28,101,0.05,76.4,211732,7,6,90;91;100;101;110;111,
9378,0,upper,R2C1,Sn-113-9183,-0.77,8.71,59,0.05,1.3,706,0,4,47;59;60;72,CHECK
9378,0,upper,R2C2,Cd-109-9178,-2.27,2.65,50,0.05,290.6,859512,7,5,38;39;49;50;62,
9378,0,upper,R2C3,Ce-139-9179,-0.77,-5.15,67,0.05,17.8,46893,5,4,54;55;66;67,
9378,0,lower,R1C1,Bi-207-8890,5.94,8.39,,,,,0,0,,CHECK
9378,0,lower,R1C2,Bi-207-9177,5.34,1.81,1019,0.12,253.5,263130,7,5,1010;1018;1019;1028;1029,
9378,0,lower,R1C3,Bi-207-9176,3.84,-4.25,1032,0.12,212.8,525359,7,5,1022;1023;1031;1032;1042,
9378,0,lower,R2C1,Sn-113-9183,-0.66,8.74,1059,0.12,612.6,267100,4,4,1047;1059;1060;1072,
9378,0,lower,R2C2,Cd-109-9178,-2.16,0.94,1076,0.12,61.4,287958,5,6,1062;1063;1075;1076;1086;1087,
9378,0,lower,R2C3,Ce-139-9179,-2.16,-4.25,1079,0.12,187.5,465809,7,7,1066;1067;1078;1079;1080;1090;1091,
9402,0,upper,R1C1,Bi-207-8890,-1.5,9.77,,,,,0,0,,CHECK
9402,0,upper,R2C1,Sn-113-9183,-6.0,8.9,,,,,0,0,,CHECK
9402,0,upper,R1C2,Bi-207-9177,-1.5,2.84,50,0.79,3.7,10846,1,7,38;39;49;50;51;62;63,CHECK
9402,0,upper,R1C3,Bi-207-9176,-1.5,-4.09,54,0.79,2.5,6320,2,5,42;53;54;66;67,
9402,0,upper,R2C2,Cd-109-9178,-7.5,2.84,10,0.79,195.8,39160,7,4,2;3;9;10,
9402,0,upper,R2C3,Ce-139-9179,-6.0,-4.95,23,0.79,0.8,386,0,4,14;15;23;24,CHECK
9402,0,lower,R2C1,Sn-113-9183,-6.49,8.66,,,,,0,0,,CHECK
9402,0,lower,R1C1,Bi-207-8890,0.11,8.31,1059,0.93,46.0,20037,2,4,1047;1059;1060;1072,
9402,0,lower,R1C2,Bi-207-9177,-0.49,1.73,1063,0.26,4.7,16331,4,4,1062;1063;1075;1076,
9402,0,lower,R1C3,Bi-207-9176,-1.99,-4.33,1079,0.26,7.9,19569,4,4,1066;1067;1078;1079,
9402,0,lower,R2C2,Cd-109-9178,-7.99,0.86,1116,0.26,92.1,28737,4,4,1106;1107;1115;1116,
9402,0,lower,R2C3,Ce-139-9179,-7.99,-4.33,1119,0.26,88.7,19064,4,4,1110;1111;1118;1119,
9402,1,upper,R1C1,Bi-207-8890,-1.28,9.36,59,0.88,5.4,3003,3,4,47;59;60;72,
9402,1,upper,R1C2,Bi-207-9177,-1.28,2.43,50,0.98,3.6,10789,1,5,39;50;51;62;63,CHECK
9402,1,upper,R1C3,Bi-207-9176,-1.28,-4.5,54,0.98,4.6,11350,2,5,43;54;55;66;67,CHECK
9402,1,upper,R2C1,Sn-113-9183,-5.78,8.49,25,0.88,0.3,14,1,3,25;35;36,CHECK
9402,1,upper,R2C2,Cd-109-9178,-7.28,2.43,10,0.98,175.8,35161,7,4,2;3;9;10,CHECK
9402,1,upper,R2C3,Ce-139-9179,-5.78,-5.36,23,0.98,2.1,1023,3,5,14;15;22;23;24,CHECK
9402,1,lower,R2C1,Sn-113-9183,-6.5,8.56,,,,,0,0,,CHECK
9402,1,lower,R1C1,Bi-207-8890,0.1,8.21,1059,0.96,25.0,10919,3,3,1059;1060;1072,CHECK
9402,1,lower,R1C2,Bi-207-9177,-0.5,1.63,1063,0.27,3.9,13705,3,4,1063;1064;1075;1076,
9402,1,lower,R1C3,Bi-207-9176,-2.0,-4.43,1079,0.27,6.3,15589,3,4,1066;1067;1079;1080,
9402,1,lower,R2C2,Cd-109-9178,-8.0,0.76,1116,0.27,332.7,103812,5,5,1107;1108;1115;1116;1117,
9402,1,lower,R2C3,Ce-139-9179,-8.0,-4.43,1119,0.27,40.8,8777,4,4,1110;1111;1118;1119,
9402,2,upper,R1C1,Bi-207-8890,-0.82,8.67,59,0.07,6.9,3871,4,3,47;59;60,
9402,2,upper,R1C2,Bi-207-9177,-0.82,1.74,63,0.07,1.2,4187,0,4,50;51;63;64,CHECK
9402,2,upper,R1C3,Bi-207-9176,-0.82,-5.19,67,0.07,1.9,5043,3,4,54;55;67;68,CHECK
9402,2,upper,R2C1,Sn-113-9183,-5.32,7.8,25,0.07,0.4,21,2,3,25;35;36,CHECK
9402,2,upper,R2C2,Cd-109-9178,-6.82,1.74,19,0.07,12.1,6724,4,5,3;10;11;19;20,
9402,2,upper,R2C3,Ce-139-9179,-5.32,-6.06,33,0.07,0.3,303,1,4,33;34;43;44,CHECK
9402,2,lower,R2C1,Sn-113-9183,-6.51,6.93,,,,,0,0,,CHECK
9402,2,lower,R2C3,Ce-139-9179,-8.01,-6.06,,,,,0,0,,CHECK
9402,2,lower,R1C1,Bi-207-8890,0.09,6.59,1060,0.91,7.7,20499,5,4,1059;1060;1072;1073,
9402,2,lower,R1C2,Bi-207-9177,-0.51,0.0,1064,0.24,3.2,17940,3,5,1063;1064;1065;1076;1077,
9402,2,lower,R1C3,Bi-207-9176,-2.01,-6.06,1080,0.24,9.0,22952,5,5,1067;1068;1080;1081;1092,
9402,2,lower,R2C2,Cd-109-9178,-8.01,-0.86,1117,0.24,99.9,31458,5,3,1108;1116;1117,
9402,3,upper,R2C1,Sn-113-9183,-6.61,6.85,,,,,0,0,,CHECK
9402,3,upper,R1C1,Bi-207-8890,-2.11,7.71,47,0.17,6.4,5133,5,5,35;36;47;48;60,
9402,3,upper,R1C2,Bi-207-9177,-2.11,0.78,51,0.17,0.9,26500,0,4,40;51;52;64,CHECK
9402,3,upper,R1C3,Bi-207-9176,-2.11,-6.14,55,0.17,3.6,6445,2,4,44;55;56;68,
9402,3,upper,R2C2,Cd-109-9178,-8.11,0.78,11,0.17,147.0,32485,7,5,3;4;10;11;12,
9402,3,upper,R2C3,Ce-139-9179,-6.61,-7.01,24,0.17,0.9,875,0,5,15;23;24;33;34,CHECK
9402,3,lower,R2C3,Ce-139-9179,-8.02,-7.7,,,,,0,0,,CHECK
9402,3,lower,R1C1,Bi-207-8890,0.08,4.95,1061,0.86,5.0,18557,4,4,1060;1061;1073;1074,
9402,3,lower,R1C2,Bi-207-9177,-0.52,-1.64,1065,0.25,3.4,12673,3,4,1064;1065;1077;1078,
9402,3,lower,R1C3,Bi-207-9176,-2.02,-7.7,1081,0.25,20.4,17253,4,4,1068;1069;1080;1081,
9402,3,lower,R2C1,Sn-113-9183,-6.52,5.29,1105,0.25,52.0,12630,2,4,1095;1096;1105;1106,
9402,3,lower,R2C2,Cd-109-9178,-8.02,-2.5,1118,0.25,43.1,10870,3,4,1108;1109;1117;1118,
9402,4,upper,R2C3,Ce-139-9179,-6.64,-8.7,,,,,0,0,,CHECK
9402,4,upper,R1C1,Bi-207-8890,-2.14,6.02,48,0.12,4.2,9846,4,6,36;37;47;48;49;61,
9402,4,upper,R1C2,Bi-207-9177,-2.14,-0.91,52,0.12,2.2,11898,2,4,41;52;53;65,
9402,4,upper,R1C3,Bi-207-9176,-2.14,-7.84,56,0.12,1.0,389,0,4,44;45;55;56,CHECK
9402,4,upper,R2C1,Sn-113-9183,-6.64,5.15,17,0.12,3.5,912,2,3,9;17;18,
9402,4,upper,R2C2,Cd-109-9178,-8.14,-0.91,12,0.12,152.3,35635,7,4,4;5;12;13,
9402,4,lower,R2C3,Ce-139-9179,-8.04,-7.83,,,,,0,0,,CHECK
9402,4,lower,R1C1,Bi-207-8890,0.06,4.82,1061,0.9,3.6,13476,3,4,1061;1062;1073;1074,
9402,4,lower,R1C2,Bi-207-9177,-0.54,-1.76,1065,0.22,3.8,14371,3,4,1065;1066;1077;1078,
9402,4,lower,R1C3,Bi-207-9176,-2.04,-7.83,1081,0.22,21.5,18158,3,3,1068;1069;1081,
9402,4,lower,R2C1,Sn-113-9183,-6.54,5.16,1105,0.22,46.9,11398,2,4,1095;1096;1105;1106,
9402,4,lower,R2C2,Cd-109-9178,-8.04,-2.63,1118,0.22,30.9,7783,5,4,1109;1110;1117;1118,
9402,5,upper,R2C3,Ce-139-9179,-5.93,-9.15,,,,,0,0,,CHECK
9402,5,upper,R1C1,Bi-207-8890,-1.43,5.58,61,0.78,1.5,5357,1,4,48;49;61;62,CHECK
9402,5,upper,R1C2,Bi-207-9177,-1.43,-1.35,65,0.78,1.4,5377,1,4,52;53;65;66,CHECK
9402,5,upper,R1C3,Bi-207-9176,-1.43,-8.28,56,0.96,0.8,300,0,5,44;45;55;56;68,CHECK
9402,5,upper,R2C1,Sn-113-9183,-5.93,4.71,17,0.96,17.7,4618,4,3,9;17;18,CHECK
9402,5,upper,R2C2,Cd-109-9178,-7.43,-1.35,12,0.96,26.5,6190,6,5,5;6;12;13;21,CHECK
9402,5,lower,R2C3,Ce-139-9179,-7.55,-8.95,,,,,0,0,,CHECK
9402,5,lower,R1C1,Bi-207-8890,0.55,3.69,1049,0.67,0.8,2691,1,5,1049;1050;1061;1062;1074,CHECK
9402,5,lower,R1C2,Bi-207-9177,-0.05,-2.89,1066,0.91,4.5,14946,4,4,1065;1066;1078;1079,
9402,5,lower,R1C3,Bi-207-9176,-1.55,-8.95,1069,0.85,13.6,11498,2,4,1056;1068;1069;1081,
9402,5,lower,R2C1,Sn-113-9183,-6.05,4.04,1106,0.91,52.6,17419,5,4,1097;1106;1107;1115,
9402,5,lower,R2C2,Cd-109-9178,-7.55,-3.76,1119,0.91,19.4,4173,4,3,1110;1118;1119,
9402,6,upper,R1C1,Bi-207-8890,-0.55,10.24,,,,,0,0,,CHECK
9402,6,upper,R2C1,Sn-113-9183,-5.05,9.38,,,,,0,0,,CHECK
9402,6,upper,R1C2,Bi-207-9177,-0.55,3.31,62,0.25,3.4,10849,1,4,50;62;63;75,CHECK
9402,6,upper,R1C3,Bi-207-9176,-0.55,-3.62,66,0.25,3.3,11136,1,6,53;54;65;66;67;79,CHECK
9402,6,upper,R2C2,Cd-109-9178,-6.55,3.31,18,0.25,102.8,45847,7,4,9;10;18;19,
9402,6,upper,R2C3,Ce-139-9179,-5.05,-4.48,32,0.25,1.4,2751,2,5,14;22;23;31;32,CHECK
9402,6,lower,R2C1,Sn-113-9183,-5.57,9.09,,,,,0,0,,CHECK
9402,6,lower,R1C1,Bi-207-8890,1.03,8.74,1047,0.99,6.8,8195,2,4,1047;1059;1060;1072,CHECK
9402,6,lower,R1C2,Bi-207-9177,0.43,2.16,1050,0.54,2.9,8843,3,4,1050;1051;1062;1063,
9402,6,lower,R1C3,Bi-207-9176,-1.07,-3.9,1066,0.54,7.2,23760,4,4,1054;1066;1067;1079,
9402,6,lower,R2C2,Cd-109-9178,-7.07,1.3,1107,0.54,230.8,113343,7,4,1106;1107;1115;1116,
9402,6,lower,R2C3,Ce-139-9179,-7.07,-3.9,1110,0.54,36.7,17488,5,4,1110;1111;1118;1119,
9402,7,upper,R1C1,Bi-207-8890,-0.59,8.59,59,0.18,9.4,5257,4,5,47;59;60;71;72,
9402,7,upper,R1C2,Bi-207-9177,-0.59,1.66,63,0.18,3.3,11572,1,7,50;51;62;63;64;75;76,CHECK
9402,7,upper,R1C3,Bi-207-9176,-0.59,-5.26,67,0.18,2.5,6608,5,7,54;55;66;67;68;79;80,
9402,7,upper,R2C1,Sn-113-9183,-5.09,7.73,25,0.18,0.3,14,0,4,25;26;35;36,CHECK
9402,7,upper,R2C2,Cd-109-9178,-6.59,1.66,19,0.18,93.1,51738,7,5,10;11;18;19;20,
9402,7,upper,R2C3,Ce-139-9179,-5.09,-6.13,33,0.18,1.9,2072,2,4,23;24;32;33,CHECK
9402,7,lower,R1C1,Bi-207-8890,1.02,7.41,1047,0.47,9.6,11541,3,3,1047;1059;1060,
9402,7,lower,R1C2,Bi-207-9177,0.42,0.82,1051,0.33,2.3,9853,3,4,1050;1051;1063;1064,
9402,7,lower,R1C3,Bi-207-9176,-1.08,-5.24,1067,0.33,10.1,28213,5,7,1054;1055;1066;1067;1068;1079;1080,
9402,7,lower,R2C1,Sn-113-9183,-5.58,7.75,1094,0.33,2.1,590,1,3,1084;1094;1095,CHECK
9402,7,lower,R2C2,Cd-109-9178,-7.08,-0.04,1108,0.33,28.2,30780,6,5,1098;1107;1108;1115;1116,
9402,7,lower,R2C3,Ce-139-9179,-7.08,-5.24,1111,0.33,27.3,18703,4,4,1110;1111;1112;1119,
9402,8,upper,R1C1,Bi-207-8890,-0.62,8.65,59,0.13,14.0,7799,5,5,47;59;60;71;72,
9402,8,upper,R1C2,Bi-207-9177,-0.62,1.72,63,0.13,2.7,9438,1,5,51;63;64;75;76,CHECK
9402,8,upper,R1C3,Bi-207-9176,-0.62,-5.21,67,0.13,3.9,10365,4,5,54;55;67;68;80,
9402,8,upper,R2C1,Sn-113-9183,-5.12,7.78,25,0.13,0.3,15,0,3,25;35;36,CHECK
9402,8,upper,R2C2,Cd-109-9178,-6.62,1.72,19,0.13,80.2,44584,7,4,10;11;19;20,
9402,8,upper,R2C3,Ce-139-9179,-5.12,-6.07,33,0.13,0.6,604,0,4,23;24;33;34,CHECK
9402,8,lower,R1C1,Bi-207-8890,1.51,7.53,1047,0.8,4.8,5826,4,4,1047;1048;1059;1060,
9402,8,lower,R1C2,Bi-207-9177,0.91,0.95,1051,0.18,1.5,6674,1,4,1051;1052;1063;1064,CHECK
9402,8,lower,R1C3,Bi-207-9176,-0.59,-5.12,1067,0.18,6.1,16915,4,4,1055;1067;1068;1080,
9402,8,lower,R2C1,Sn-113-9183,-5.09,7.87,1094,0.18,2.7,772,2,3,1084;1094;1095,
9402,8,lower,R2C2,Cd-109-9178,-6.59,0.08,1108,0.18,94.5,103126,7,5,1107;1108;1109;1116;1117,
9402,8,lower,R2C3,Ce-139-9179,-6.59,-5.12,1111,0.18,6.3,4289,4,4,1101;1110;1111;1119,
9402,9,upper,R1C1,Bi-207-8890,-0.66,6.96,60,0.1,6.4,11069,3,7,47;48;59;60;61;72;73,
9402,9,upper,R1C2,Bi-207-9177,-0.66,0.03,64,0.1,2.6,11183,1,4,52;64;65;77,CHECK
9402,9,upper,R1C3,Bi-207-9176,-0.66,-6.9,68,0.1,3.5,4870,5,4,55;56;68;69,
9402,9,upper,R2C1,Sn-113-9183,-5.16,6.09,26,0.1,0.3,134,1,3,17;26;27,CHECK
9402,9,upper,R2C2,Cd-109-9178,-6.66,0.03,20,0.1,66.4,46968,7,4,11;12;20;21,
9402,9,upper,R2C3,Ce-139-9179,-5.16,-7.76,34,0.1,1.0,489,0,5,24;33;34;44;45,CHECK
9402,9,lower,R1C1,Bi-207-8890,1.5,5.65,1048,0.85,3.9,9545,3,4,1048;1049;1060;1061,
9402,9,lower,R1C2,Bi-207-9177,0.9,-0.93,1052,0.16,1.8,8634,2,4,1052;1053;1064;1065,CHECK
9402,9,lower,R1C3,Bi-207-9176,-0.6,-6.99,1068,0.16,9.7,26098,5,4,1056;1068;1069;1081,
9402,9,lower,R2C1,Sn-113-9183,-5.1,6.0,1095,0.16,6.6,5712,3,4,1095;1096;1105;1106,
9402,9,lower,R2C2,Cd-109-9178,-6.6,-1.8,1109,0.16,157.9,88750,7,5,1108;1109;1110;1117;1118,
9402,9,lower,R2C3,Ce-139-9179,-6.6,-6.99,1112,0.16,0.6,155,0,3,1102;1111;1112,CHECK
9402,10,upper,R2C3,Ce-139-9179,-5.19,-9.45,,,,,0,0,,CHECK
9402,10,upper,R1C1,Bi-207-8890,-0.69,5.27,61,0.09,3.2,11740,2,7,48;49;60;61;62;73;74,
9402,10,upper,R1C2,Bi-207-9177,-0.69,-1.66,65,0.09,2.8,10456,2,6,52;53;64;65;66;78,
9402,10,upper,R1C3,Bi-207-9176,-0.69,-8.59,69,0.09,1.1,945,0,4,56;68;69;81,CHECK
9402,10,upper,R2C1,Sn-113-9183,-5.19,4.4,27,0.09,2.1,1068,3,5,9;17;18;26;27,
9402,10,upper,R2C2,Cd-109-9178,-6.69,-1.66,21,0.09,75.6,41486,7,4,12;13;20;21,
9402,10,lower,R2C3,Ce-139-9179,-7.37,-8.12,,,,,0,0,,CHECK
9402,10,lower,R1C1,Bi-207-8890,0.73,4.53,1049,0.2,3.2,10861,3,4,1048;1049;1061;1062,
9402,10,lower,R1C2,Bi-207-9177,0.13,-2.06,1065,0.94,7.1,26424,3,4,1053;1065;1066;1078,
9402,10,lower,R1C3,Bi-207-9176,-1.37,-8.12,1069,0.82,30.3,25530,4,4,1056;1068;1069;1081,
9402,10,lower,R2C1,Sn-113-9183,-5.87,4.87,1105,0.94,91.7,22288,4,3,1096;1105;1106,
9402,10,lower,R2C2,Cd-109-9178,-7.37,-2.92,1110,0.82,61.2,29171,6,4,1100;1109;1110;1118,
9402,11,upper,R2C3,Ce-139-9179,-5.23,-9.4,,,,,0,0,,CHECK
9402,11,upper,R1C1,Bi-207-8890,-0.73,5.32,61,0.13,2.6,9318,1,5,49;61;62;73;74,CHECK
9402,11,upper,R1C2,Bi-207-9177,-0.73,-1.6,65,0.13,2.7,10160,2,5,52;53;65;66;78,
9402,11,upper,R1C3,Bi-207-9176,-0.73,-8.53,69,0.13,0.4,366,0,4,56;68;69;81,CHECK
9402,11,upper,R2C1,Sn-113-9183,-5.23,4.46,27,0.13,6.2,3138,4,5,9;17;18;26;27,
9402,11,upper,R2C2,Cd-109-9178,-6.73,-1.6,21,0.13,82.8,45458,7,4,12;13;21;22,
9402,11,lower,R2C3,Ce-139-9179,-6.63,-8.75,,,,,0,0,,CHECK
9402,11,lower,R1C1,Bi-207-8890,1.47,3.9,1049,0.84,2.4,8368,3,4,1049;1050;1061;1062,
9402,11,lower,R1C2,Bi-207-9177,0.87,-2.69,1053,0.15,1.8,8273,2,4,1053;1054;1065;1066,CHECK
9402,11,lower,R1C3,Bi-207-9176,-0.63,-8.75,1069,0.15,22.3,18823,2,4,1056;1068;1069;1081,
9402,11,lower,R2C1,Sn-113-9183,-5.13,4.24,1096,0.15,4.4,5229,5,4,1096;1097;1105;1106,
9402,11,lower,R2C2,Cd-109-9178,-6.63,-3.55,1110,0.15,198.5,94696,7,5,1109;1110;1111;1118;1119,
9402,12,upper,R1C1,Bi-207-8890,0.65,9.49,71,0.11,2.4,315,1,4,59;71;72;83,CHECK
9402,12,upper,R1C2,Bi-207-9177,0.65,2.56,75,0.11,3.0,8925,2,5,62;63;74;75;76,
9402,12,upper,R1C3,Bi-207-9176,0.65,-4.37,79,0.11,2.1,6023,3,7,66;67;78;79;80;90;91,
9402,12,upper,R2C1,Sn-113-9183,-3.85,8.62,35,0.11,0.2,12,0,4,25;35;36;47,CHECK
9402,12,upper,R2C2,Cd-109-9178,-5.35,2.56,28,0.11,16.2,18229,7,4,18;19;27;28,
9402,12,upper,R2C3,Ce-139-9179,-3.85,-5.23,43,0.11,0.8,2297,1,4,32;33;42;43,CHECK
9402,12,lower,R1C1,Bi-207-8890,2.95,8.2,,,,,0,0,,CHECK
9402,12,lower,R2C1,Sn-113-9183,-3.65,8.55,,,,,0,0,,CHECK
9402,12,lower,R1C2,Bi-207-9177,2.35,1.62,1039,0.15,2.0,5613,2,4,1038;1039;1050;1051,CHECK
9402,12,lower,R1C3,Bi-207-9176,0.85,-4.44,1054,0.15,9.6,29417,5,7,1042;1043;1053;1054;1055;1066;1067,
9402,12,lower,R2C2,Cd-109-9178,-5.15,0.75,1098,0.15,11.5,26390,4,5,1087;1097;1098;1106;1107,
9402,12,lower,R2C3,Ce-139-9179,-5.15,-4.44,1101,0.15,10.6,20654,3,5,1100;1101;1102;1110;1111,
9402,13,upper,R1C1,Bi-207-8890,0.86,9.58,71,0.12,10.7,1395,4,4,59;71;72;83,
9402,13,upper,R1C2,Bi-207-9177,0.86,2.65,75,0.12,2.8,8304,2,5,62;63;75;76;87,
9402,13,upper,R1C3,Bi-207-9176,0.86,-4.28,79,0.12,3.0,8664,5,5,66;67;79;80;91,
9402,13,upper,R2C1,Sn-113-9183,-3.64,8.71,35,0.12,0.3,20,0,3,35;36;47,CHECK
9402,13,upper,R2C2,Cd-109-9178,-5.14,2.65,28,0.12,24.1,27187,6,4,18;19;28;29,
9402,13,upper,R2C3,Ce-139-9179,-3.64,-5.14,43,0.12,0.9,2587,2,4,32;33;43;44,CHECK
9402,13,lower,R1C1,Bi-207-8890,1.44,7.35,1047,0.82,22.2,26809,4,5,1036;1047;1048;1059;1060,
9402,13,lower,R1C2,Bi-207-9177,0.84,0.77,1051,0.13,6.6,28628,3,5,1039;1050;1051;1063;1064,
9402,13,lower,R1C3,Bi-207-9176,-0.66,-5.29,1067,0.13,3.2,8843,3,3,1054;1055;1067,
9402,13,lower,R2C1,Sn-113-9183,-5.16,7.7,1094,0.13,86.2,24749,3,3,1084;1094;1095,
9402,13,lower,R2C2,Cd-109-9178,-6.66,-0.1,1108,0.13,12.9,14108,5,3,1098;1107;1108,
9402,13,lower,R2C3,Ce-139-9179,-6.66,-5.29,1111,0.13,5.8,3976,6,4,1101;1102;1111;1112,
9402,14,upper,R1C1,Bi-207-8890,-0.67,8.67,59,0.08,10.8,6031,4,4,59;60;71;72,
9402,14,upper,R1C2,Bi-207-9177,-0.67,1.74,63,0.08,1.8,6328,0,4,63;64;75;76,CHECK
9402,14,upper,R1C3,Bi-207-9176,-0.67,-5.19,67,0.08,3.6,9514,3,4,67;68;79;80,
9402,14,upper,R2C1,Sn-113-9183,-5.17,7.8,25,0.08,1.2,60,0,4,25;26;35;36,CHECK
9402,14,upper,R2C2,Cd-109-9178,-6.67,1.74,19,0.08,65.8,36569,7,5,10;11;19;20;29,
9402,14,upper,R2C3,Ce-139-9179,-5.17,-6.05,33,0.08,1.8,1965,4,4,23;24;33;34,CHECK
9402,14,lower,R1C1,Bi-207-8890,2.18,7.0,1036,0.1,5.5,4532,4,4,1036;1037;1047;1048,
9402,14,lower,R1C2,Bi-207-9177,1.58,0.42,1051,0.94,4.1,17923,3,4,1040;1051;1052;1064,
9402,14,lower,R1C3,Bi-207-9176,0.08,-5.64,1055,0.79,10.8,28167,6,6,1043;1044;1055;1056;1067;1068,
9402,14,lower,R2C1,Sn-113-9183,-4.42,7.35,1094,0.94,35.7,10246,3,3,1084;1094;1095,
9402,14,lower,R2C2,Cd-109-9178,-5.92,-0.44,1099,0.79,14.9,35961,6,4,1088;1098;1099;1108,
9402,14,lower,R2C3,Ce-139-9179,-5.92,-5.64,1102,0.79,9.3,18010,3,3,1102;1111;1112,
9402,15,upper,R1C1,Bi-207-8890,-0.71,6.96,60,0.06,4.2,7313,4,4,59;60;72;73,
9402,15,upper,R1C2,Bi-207-9177,-0.71,0.04,64,0.06,2.4,10450,1,4,64;65;76;77,CHECK
9402,15,upper,R1C3,Bi-207-9176,-0.71,-6.89,68,0.06,3.6,5023,4,4,68;69;80;81,
9402,15,upper,R2C1,Sn-113-9183,-5.21,6.1,26,0.06,8.8,3639,3,4,17;25;26;36,
9402,15,upper,R2C2,Cd-109-9178,-6.71,0.04,20,0.06,65.0,45969,7,5,11;12;20;21;30,
9402,15,upper,R2C3,Ce-139-9179,-5.21,-7.76,34,0.06,1.0,512,0,5,24;33;34;44;45,CHECK
9402,15,lower,R1C1,Bi-207-8890,1.42,5.62,1048,0.8,9.9,24455,6,6,1036;1037;1047;1048;1049;1061,
9402,15,lower,R1C2,Bi-207-9177,0.82,-0.97,1052,0.12,5.6,27172,3,5,1041;1052;1053;1064;1065,
9402,15,lower,R1C3,Bi-207-9176,-0.68,-7.03,1068,0.12,3.2,8600,4,4,1055;1056;1068;1069,
9402,15,lower,R2C1,Sn-113-9183,-5.18,5.96,1095,0.12,29.0,24995,5,5,1085;1094;1095;1096;1105,
9402,15,lower,R2C2,Cd-109-9178,-6.68,-1.83,1109,0.12,27.0,15162,6,4,1099;1100;1108;1109,
9402,15,lower,R2C3,Ce-139-9179,-6.68,-7.03,1112,0.12,0.6,158,0,3,1102;1111;1112,CHECK
9402,16,upper,R1C1,Bi-207-8890,0.76,6.01,73,0.05,3.8,8744,2,5,61;73;74;84;85,
9402,16,upper,R1C2,Bi-207-9177,0.76,-0.92,77,0.05,1.8,8564,1,4,64;65;77;78,CHECK
9402,16,upper,R1C3,Bi-207-9176,0.76,-7.84,81,0.05,2.4,2639,2,4,68;69;80;81,
9402,16,upper,R2C1,Sn-113-9183,-3.74,5.15,37,0.05,3.0,3520,3,5,17;26;27;36;37,
9402,16,upper,R2C2,Cd-109-9178,-5.24,-0.92,30,0.05,12.9,26514,5,4,20;21;30;31,
9402,16,upper,R2C3,Ce-139-9179,-3.74,-8.71,45,0.05,1.0,330,0,4,34;44;45;56,CHECK
9402,16,lower,R2C3,Ce-139-9179,-6.69,-8.67,,,,,0,0,,CHECK
9402,16,lower,R1C1,Bi-207-8890,1.41,3.98,1049,0.74,8.4,28893,5,7,1037;1038;1048;1049;1050;1061;1062,
9402,16,lower,R1C2,Bi-207-9177,0.81,-2.6,1053,0.06,6.2,27959,3,6,1041;1052;1053;1054;1065;1066,
9402,16,lower,R1C3,Bi-207-9176,-0.69,-8.67,1069,0.06,9.3,7816,2,3,1056;1068;1069,
9402,16,lower,R2C1,Sn-113-9183,-5.19,4.32,1096,0.06,23.6,28326,5,5,1095;1096;1097;1105;1106,
9402,16,lower,R2C2,Cd-109-9178,-6.69,-3.47,1110,0.06,28.7,13697,5,4,1100;1101;1109;1110,
9402,17,upper,R2C3,Ce-139-9179,-5.03,-9.39,,,,,0,0,,CHECK
9402,17,upper,R1C1,Bi-207-8890,-0.53,5.33,61,0.26,1.3,4766,1,4,61;62;73;74,CHECK
9402,17,upper,R1C2,Bi-207-9177,-0.53,-1.6,65,0.26,2.5,9325,1,5,53;65;66;77;78,CHECK
9402,17,upper,R1C3,Bi-207-9176,-0.53,-8.53,69,0.26,0.5,417,0,3,68;69;81,CHECK
9402,17,upper,R2C1,Sn-113-9183,-5.03,4.46,27,0.26,15.4,7876,6,4,17;18;26;27,
9402,17,upper,R2C2,Cd-109-9178,-6.53,-1.6,21,0.26,80.3,44096,7,5,12;13;21;22;31,
9402,17,lower,R2C3,Ce-139-9179,-6.7,-8.54,,,,,0,0,,CHECK
9402,17,lower,R1C1,Bi-207-8890,1.4,4.11,1049,0.68,4.8,16617,4,4,1038;1049;1050;1062,
9402,17,lower,R1C2,Bi-207-9177,0.8,-2.47,1053,0.13,5.1,22906,3,5,1042;1053;1054;1065;1066,
9402,17,lower,R1C3,Bi-207-9176,-0.7,-8.54,1069,0.13,4.7,3932,2,3,1056;1068;1069,
9402,17,lower,R2C1,Sn-113-9183,-5.2,4.46,1096,0.13,16.0,19267,5,4,1096;1097;1105;1106,
9402,17,lower,R2C2,Cd-109-9178,-6.7,-3.34,1110,0.13,27.7,13202,5,4,1100;1101;1109;1110,
9402,18,upper,R1C1,Bi-207-8890,0.85,9.49,71,0.1,2.3,302,2,3,71;72;83,
9402,18,upper,R1C2,Bi-207-9177,0.85,2.56,75,0.1,3.9,11302,2,5,74;75;76;86;87,
9402,18,upper,R1C3,Bi-207-9176,0.85,-4.37,79,0.1,2.8,8045,4,5,78;79;80;90;91,
9402,18,upper,R2C1,Sn-113-9183,-3.65,8.62,35,0.1,2.5,175,2,3,25;35;36,
9402,18,upper,R2C2,Cd-109-9178,-5.15,2.56,28,0.1,44.9,50610,7,4,18;19;27;28,
9402,18,upper,R2C3,Ce-139-9179,-3.65,-5.23,43,0.1,0.9,2571,1,4,32;33;42;43,CHECK
9402,18,lower,R1C1,Bi-207-8890,2.87,8.41,,,,,0,0,,CHECK
9402,18,lower,R2C1,Sn-113-9183,-3.73,8.75,,,,,0,0,,CHECK
9402,18,lower,R1C2,Bi-207-9177,2.27,1.83,1039,0.1,8.0,23093,4,4,1038;1039;1050;1051,
9402,18,lower,R1C3,Bi-207-9176,0.77,-4.24,1054,0.1,6.5,20006,4,4,1042;1043;1054;1055,
9402,18,lower,R2C2,Cd-109-9178,-5.23,0.96,1098,0.1,9.9,22743,4,4,1087;1097;1098;1107,
9402,18,lower,R2C3,Ce-139-9179,-5.23,-4.24,1101,0.1,8.8,17192,5,6,1090;1100;1101;1102;1110;1111,
9402,19,upper,R1C1,Bi-207-8890,0.81,9.59,71,0.09,9.1,1186,4,3,71;72;83,
9402,19,upper,R1C2,Bi-207-9177,0.81,2.66,75,0.09,3.3,9732,2,5,63;75;76;86;87,
9402,19,upper,R1C3,Bi-207-9176,0.81,-4.27,79,0.09,4.8,13791,4,4,79;80;90;91,
9402,19,upper,R2C1,Sn-113-9183,-3.69,8.72,35,0.09,19.1,1316,4,3,25;35;36,
9402,19,upper,R2C2,Cd-109-9178,-5.19,2.66,28,0.09,39.6,44681,7,4,18;19;28;29,
9402,19,upper,R2C3,Ce-139-9179,-3.69,-5.14,43,0.09,1.0,2940,3,4,32;33;43;44,CHECK
9402,19,lower,R1C1,Bi-207-8890,2.86,7.32,1036,0.73,2.3,1874,2,3,1036;1047;1048,
9402,19,lower,R1C2,Bi-207-9177,2.26,0.74,1039,1.0,5.8,16760,3,4,1039;1040;1050;1051,CHECK
9402,19,lower,R1C3,Bi-207-9176,0.76,-5.33,1055,0.74,8.5,22306,4,4,1043;1044;1054;1055,
9402,19,lower,R2C1,Sn-113-9183,-3.74,7.66,1084,0.74,12.5,13856,3,3,1084;1094;1095,
9402,19,lower,R2C2,Cd-109-9178,-5.24,-0.13,1098,1.0,30.2,69053,7,5,1087;1097;1098;1107;1108,CHECK
9402,19,lower,R2C3,Ce-139-9179,-5.24,-5.33,1102,0.74,3.5,6765,3,4,1091;1092;1101;1102,
9402,20,upper,R1C1,Bi-207-8890,0.78,7.88,72,0.09,5.2,7745,7,5,59;71;72;83;84,
9402,20,upper,R1C2,Bi-207-9177,0.78,0.95,76,0.09,2.5,12414,1,5,75;76;77;87;88,CHECK
9402,20,upper,R1C3,Bi-207-9176,0.78,-5.98,80,0.09,4.0,9189,5,4,80;81;91;92,
9402,20,upper,R2C1,Sn-113-9183,-3.72,7.02,36,0.09,7.9,2867,6,4,25;26;35;36,
9402,20,upper,R2C2,Cd-109-9178,-5.22,0.95,29,0.09,23.0,53596,7,6,19;20;28;29;30;40,
9402,20,upper,R2C3,Ce-139-9179,-3.72,-6.84,44,0.09,2.0,1897,2,3,33;34;44,CHECK
9402,20,lower,R1C1,Bi-207-8890,2.85,6.68,1036,0.65,3.5,2887,5,5,1026;1036;1037;1047;1048,
9402,20,lower,R1C2,Bi-207-9177,2.25,0.1,1040,0.1,5.7,23542,4,5,1039;1040;1041;1051;1052,
9402,20,lower,R1C3,Bi-207-9176,0.75,-5.97,1055,0.1,8.2,21324,5,4,1043;1044;1055;1056,
9402,20,lower,R2C1,Sn-113-9183,-3.75,7.02,1084,0.1,21.5,23773,5,4,1084;1085;1094;1095,
9402,20,lower,R2C2,Cd-109-9178,-5.25,-0.77,1099,0.1,12.8,31018,6,4,1088;1089;1098;1099,
9402,20,lower,R2C3,Ce-139-9179,-5.25,-5.97,1102,0.1,8.0,15551,4,3,1102;1111;1112,
9402,21,upper,R1C1,Bi-207-8890,0.74,7.69,72,0.1,2.4,3594,4,4,72;73;83;84,
9402,21,upper,R1C2,Bi-207-9177,0.74,0.77,76,0.1,1.4,6858,1,4,64;76;77;88,CHECK
9402,21,upper,R1C3,Bi-207-9176,0.74,-6.16,80,0.1,3.2,7289,3,5,68;80;81;91;92,
9402,21,upper,R2C1,Sn-113-9183,-3.76,6.83,36,0.1,7.5,2730,5,4,25;26;36;37,
9402,21,upper,R2C2,Cd-109-9178,-5.26,0.77,29,0.1,16.7,38903,6,4,19;20;29;30,
9402,21,upper,R2C3,Ce-139-9179,-3.76,-7.03,44,0.1,0.2,153,0,3,34;44;45,CHECK
9402,21,lower,R2C3,Ce-139-9179,-5.26,-7.84,,,,,0,0,,CHECK
9402,21,lower,R1C1,Bi-207-8890,2.84,4.8,1037,0.71,12.9,24684,6,5,1026;1027;1036;1037;1048,
9402,21,lower,R1C2,Bi-207-9177,2.24,-1.78,1041,0.05,5.2,18476,3,4,1040;1041;1052;1053,
9402,21,lower,R1C3,Bi-207-9176,0.74,-7.84,1056,0.05,7.1,13945,4,3,1044;1045;1056,
9402,21,lower,R2C1,Sn-113-9183,-3.76,5.15,1085,0.05,11.5,22443,4,4,1084;1085;1095;1096,
9402,21,lower,R2C2,Cd-109-9178,-5.26,-2.64,1100,0.05,14.4,18995,4,4,1089;1099;1100;1109,
9402,22,upper,R1C1,Bi-207-8890,0.7,6.01,73,0.07,3.6,8330,3,4,73;74;84;85,
9402,22,upper,R1C2,Bi-207-9177,0.7,-0.92,77,0.07,2.4,11472,1,5,65;77;78;88;89,CHECK
9402,22,upper,R1C3,Bi-207-9176,0.7,-7.85,81,0.07,3.2,3472,1,4,68;69;80;81,CHECK
9402,22,upper,R2C1,Sn-113-9183,-3.8,5.14,37,0.07,4.2,4823,4,4,26;27;36;37,
9402,22,upper,R2C2,Cd-109-9178,-5.3,-0.92,30,0.07,23.3,47825,6,5,20;21;30;31;41,
9402,22,upper,R2C3,Ce-139-9179,-3.8,-8.72,45,0.07,1.1,364,0,3,34;44;45,CHECK
9402,22,lower,R2C3,Ce-139-9179,-5.27,-7.71,,,,,0,0,,CHECK
9402,22,lower,R1C1,Bi-207-8890,2.83,4.93,1037,0.63,8.2,15573,6,5,1027;1037;1038;1048;1049,
9402,22,lower,R1C2,Bi-207-9177,2.23,-1.65,1041,0.08,5.3,18945,3,4,1041;1042;1052;1053,
9402,22,lower,R1C3,Bi-207-9176,0.73,-7.71,1056,0.08,6.6,12899,3,3,1044;1045;1056,
9402,22,lower,R2C1,Sn-113-9183,-3.77,5.28,1085,0.08,9.1,17849,5,4,1085;1086;1095;1096,
9402,22,lower,R2C2,Cd-109-9178,-5.27,-2.52,1100,0.08,47.6,62902,7,6,1089;1090;1099;1100;1109;1110,
9402,23,upper,R1C1,Bi-207-8890,0.93,5.31,74,0.99,2.8,9981,2,5,73;74;75;85;86,CHECK
9402,23,upper,R1C2,Bi-207-9177,0.93,-1.62,78,0.99,2.4,11469,1,5,66;78;79;89;90,CHECK
9402,23,upper,R1C3,Bi-207-9176,0.93,-8.55,81,0.77,1.6,1768,0,4,68;80;81;92,CHECK
9402,23,upper,R2C1,Sn-113-9183,-3.57,4.44,37,0.77,4.0,4670,3,4,26;27;37;38,
9402,23,upper,R2C2,Cd-109-9178,-5.07,-1.62,31,0.99,34.4,45344,7,5,21;22;30;31;32,CHECK
9402,23,upper,R2C3,Ce-139-9179,-3.57,-9.41,45,0.77,1.0,337,0,3,34;44;45,CHECK
9402,23,lower,R2C3,Ce-139-9179,-4.53,-8.85,,,,,0,0,,CHECK
9402,23,lower,R1C1,Bi-207-8890,3.57,3.8,1027,0.56,3.3,3873,4,4,1027;1028;1037;1038,
9402,23,lower,R1C2,Bi-207-9177,2.97,-2.78,1042,0.99,6.8,21298,5,5,1041;1042;1043;1053;1054,CHECK
9402,23,lower,R1C3,Bi-207-9176,1.47,-8.85,1045,0.8,21.7,12235,1,4,1034;1044;1045;1056,CHECK
9402,23,lower,R2C1,Sn-113-9183,-3.03,4.15,1086,0.99,8.3,23665,5,5,1085;1086;1087;1096;1097,CHECK
9402,23,lower,R2C2,Cd-109-9178,-4.53,-3.65,1090,0.8,27.6,60449,7,4,1089;1090;1100;1101,
9402,24,upper,R1C1,Bi-207-8890,2.3,10.25,,,,,0,0,,CHECK
9402,24,upper,R2C1,Sn-113-9183,-2.2,9.38,,,,,0,0,,CHECK
9402,24,upper,R1C2,Bi-207-9177,2.3,3.32,86,0.15,3.3,10587,3,5,75;86;87;96;97,
9402,24,upper,R1C3,Bi-207-9176,2.3,-3.61,90,0.15,3.8,12906,3,4,79;90;91;101,
9402,24,upper,R2C2,Cd-109-9178,-3.7,3.32,38,0.15,17.2,44893,6,4,27;28;38;39,
9402,24,upper,R2C3,Ce-139-9179,-2.2,-4.48,54,0.15,1.2,2866,1,4,42;43;53;54,CHECK
9402,24,lower,R1C1,Bi-207-8890,4.29,9.12,,,,,0,0,,CHECK
9402,24,lower,R2C1,Sn-113-9183,-2.31,9.47,,,,,0,0,,CHECK
9402,24,lower,R1C2,Bi-207-9177,3.69,2.54,1028,0.08,5.6,11253,4,4,1028;1029;1038;1039,
9402,24,lower,R1C3,Bi-207-9176,2.19,-3.52,1042,0.08,7.6,23826,5,5,1031;1032;1042;1043;1054,
9402,24,lower,R2C2,Cd-109-9178,-3.81,1.68,1087,0.08,27.7,83481,5,5,1075;1086;1087;1097;1098,
9402,24,lower,R2C3,Ce-139-9179,-3.81,-3.52,1090,0.08,6.4,14032,2,4,1079;1090;1091;1101,
9402,25,upper,R1C1,Bi-207-8890,2.26,8.59,83,0.08,10.0,2070,3,5,71;72;83;84;94,
9402,25,upper,R1C2,Bi-207-9177,2.26,1.66,87,0.08,4.3,12569,3,5,86;87;88;97;98,
9402,25,upper,R1C3,Bi-207-9176,2.26,-5.27,91,0.08,7.2,11594,7,7,79;80;90;91;92;101;102,
9402,25,upper,R2C1,Sn-113-9183,-2.24,7.72,47,0.08,3.5,2810,3,4,25;35;36;47,
9402,25,upper,R2C2,Cd-109-9178,-3.74,1.66,39,0.08,17.7,51222,6,4,28;29;38;39,
9402,25,upper,R2C3,Ce-139-9179,-2.24,-6.14,55,0.08,1.2,2233,1,5,43;44;54;55;56,CHECK
9402,25,lower,R1C1,Bi-207-8890,4.28,7.52,,,,,0,0,,CHECK
9402,25,lower,R1C2,Bi-207-9177,3.68,0.94,1029,0.1,5.7,14295,4,4,1028;1029;1039;1040,
9402,25,lower,R1C3,Bi-207-9176,2.18,-5.12,1043,0.1,14.9,27415,7,7,1032;1033;1042;1043;1044;1054;1055,
9402,25,lower,R2C1,Sn-113-9183,-2.32,7.87,1072,0.1,14.7,14277,3,4,1060;1072;1073;1084,
9402,25,lower,R2C2,Cd-109-9178,-3.82,0.08,1088,0.1,6.2,30160,4,4,1076;1087;1088;1098,
9402,25,lower,R2C3,Ce-139-9179,-3.82,-5.12,1091,0.1,8.7,19542,2,7,1079;1080;1090;1091;1092;1101;1102,
9402,26,upper,R1C1,Bi-207-8890,2.22,8.61,83,0.06,12.9,2650,4,4,72;83;84;94,
9402,26,upper,R1C2,Bi-207-9177,2.22,1.68,87,0.06,3.0,8742,2,5,76;87;88;97;98,
9402,26,upper,R1C3,Bi-207-9176,2.22,-5.25,91,0.06,6.4,10286,4,4,80;91;92;102,
9402,26,upper,R2C1,Sn-113-9183,-2.28,7.75,47,0.06,7.8,6233,3,4,25;35;36;47,
9402,26,upper,R2C2,Cd-109-9178,-3.78,1.68,39,0.06,16.1,46813,4,4,28;29;39;40,
9402,26,upper,R2C3,Ce-139-9179,-2.28,-6.11,55,0.06,0.4,731,0,4,43;44;54;55,CHECK
9402,26,lower,R1C1,Bi-207-8890,4.27,5.87,1026,0.56,16.7,7410,4,4,1017;1026;1027;1037,
9402,26,lower,R1C2,Bi-207-9177,3.67,-0.71,1030,0.17,2.9,9970,4,4,1029;1030;1040;1041,
9402,26,lower,R1C3,Bi-207-9176,2.17,-6.78,1044,0.17,13.4,29799,6,6,1033;1034;1043;1044;1045;1056,
9402,26,lower,R2C1,Sn-113-9183,-2.33,6.21,1073,0.17,3.0,8748,4,4,1072;1073;1084;1085,
9402,26,lower,R2C2,Cd-109-9178,-3.83,-1.58,1089,0.17,9.8,27186,4,4,1077;1088;1089;1099,
9402,26,lower,R2C3,Ce-139-9179,-3.83,-6.78,1092,0.17,11.3,21399,2,5,1080;1081;1091;1092;1102,
9402,27,upper,R1C1,Bi-207-8890,2.19,6.94,84,0.06,8.5,10021,5,4,84;85;94;95,
9402,27,upper,R1C2,Bi-207-9177,2.19,0.01,88,0.06,2.6,11889,1,5,77;88;89;98;99,CHECK
9402,27,upper,R1C3,Bi-207-9176,2.19,-6.92,92,0.06,8.2,7240,4,6,80;81;91;92;102;103,
9402,27,upper,R2C1,Sn-113-9183,-2.31,6.07,48,0.06,1.5,3465,2,4,36;37;47;48,CHECK
9402,27,upper,R2C2,Cd-109-9178,-3.81,0.01,40,0.06,12.1,49694,5,5,29;30;40;41;52,
9402,27,upper,R2C3,Ce-139-9179,-2.31,-7.79,56,0.06,0.3,112,0,3,44;45;56,CHECK
9402,27,lower,R1C1,Bi-207-8890,4.26,5.76,1026,0.59,17.8,7919,5,5,1017;1026;1027;1036;1037,
9402,27,lower,R1C2,Bi-207-9177,3.66,-0.83,1030,0.1,3.4,11888,4,4,1030;1031;1040;1041,
9402,27,lower,R1C3,Bi-207-9176,2.16,-6.89,1044,0.1,11.1,24659,4,4,1034;1044;1045;1056,
9402,27,lower,R2C1,Sn-113-9183,-2.34,6.1,1073,0.1,3.3,9694,3,4,1073;1074;1084;1085,
9402,27,lower,R2C2,Cd-109-9178,-3.84,-1.69,1089,0.1,42.0,116600,7,7,1077;1078;1088;1089;1090;1099;1100,
9402,27,lower,R2C3,Ce-139-9179,-3.84,-6.89,1092,0.1,9.4,17845,2,5,1080;1081;1091;1092;1102,
9402,28,upper,R1C3,Bi-207-9176,2.15,-8.61,,,,,0,0,,CHECK
9402,28,upper,R2C3,Ce-139-9179,-2.35,-9.48,,,,,0,0,,CHECK
9402,28,upper,R1C1,Bi-207-8890,2.15,5.25,85,0.11,7.7,12022,4,4,84;85;95;96,
9402,28,upper,R1C2,Bi-207-9177,2.15,-1.68,89,0.11,2.9,11984,1,7,77;78;88;89;90;99;100,CHECK
9402,28,upper,R2C1,Sn-113-9183,-2.35,4.38,49,0.11,1.3,4012,1,4,37;38;48;49,CHECK
9402,28,upper,R2C2,Cd-109-9178,-3.85,-1.68,41,0.11,18.8,54390,7,5,30;31;41;42;53,
9402,28,lower,R2C3,Ce-139-9179,-3.85,-8.51,,,,,0,0,,CHECK
9402,28,lower,R1C1,Bi-207-8890,4.25,4.13,1027,0.54,13.4,15763,5,4,1026;1027;1037;1038,
9402,28,lower,R1C2,Bi-207-9177,3.65,-2.45,1031,0.18,4.2,11763,3,4,1030;1031;1041;1042,
9402,28,lower,R1C3,Bi-207-9176,2.15,-8.51,1045,0.18,42.5,23963,3,4,1034;1044;1045;1056,
9402,28,lower,R2C1,Sn-113-9183,-2.35,4.48,1074,0.18,3.3,11364,3,4,1073;1074;1085;1086,
9402,28,lower,R2C2,Cd-109-9178,-3.85,-3.32,1090,0.18,14.2,31004,4,4,1078;1089;1090;1100,
9402,29,upper,R1C3,Bi-207-9176,2.37,-8.55,,,,,0,0,,CHECK
9402,29,upper,R2C3,Ce-139-9179,-2.13,-9.42,,,,,0,0,,CHECK
9402,29,upper,R1C1,Bi-207-8890,2.37,5.3,85,0.16,5.6,8731,4,4,85;86;95;96,
9402,29,upper,R1C2,Bi-207-9177,2.37,-1.63,89,0.16,2.5,10338,1,4,78;89;90;100,CHECK
9402,29,upper,R2C1,Sn-113-9183,-2.13,4.44,49,0.16,1.3,4074,1,4,37;38;48;49,CHECK
9402,29,upper,R2C2,Cd-109-9178,-3.63,-1.63,41,0.16,16.4,47337,4,5,30;31;41;42;53,
9402,29,lower,R2C3,Ce-139-9179,-3.86,-8.64,,,,,0,0,,CHECK
9402,29,lower,R1C1,Bi-207-8890,4.24,4.0,1027,0.59,8.6,10153,7,5,1026;1027;1028;1037;1038,
9402,29,lower,R1C2,Bi-207-9177,3.64,-2.58,1031,0.12,3.7,10437,3,4,1031;1032;1041;1042,
9402,29,lower,R1C3,Bi-207-9176,2.14,-8.64,1045,0.12,18.7,10540,2,4,1034;1044;1045;1056,
9402,29,lower,R2C1,Sn-113-9183,-2.36,4.35,1074,0.12,2.1,7167,3,4,1074;1075;1085;1086,
9402,29,lower,R2C2,Cd-109-9178,-3.86,-3.45,1090,0.12,43.1,94477,7,7,1078;1079;1089;1090;1091;1100;1101,
9402,30,upper,R1C1,Bi-207-8890,3.74,9.46,,,,,0,0,,CHECK
9402,30,upper,R1C2,Bi-207-9177,3.74,2.53,97,0.07,5.7,11303,6,5,96;97;98;106;107,
9402,30,upper,R1C3,Bi-207-9176,3.74,-4.4,101,0.07,3.8,10606,6,7,90;91;100;101;102;110;111,
9402,30,upper,R2C1,Sn-113-9183,-0.76,8.59,59,0.07,0.3,186,0,4,59;60;71;72,CHECK
9402,30,upper,R2C2,Cd-109-9178,-2.26,2.53,50,0.07,13.7,40503,6,4,38;39;49;50,
9402,30,upper,R2C3,Ce-139-9179,-0.76,-5.26,67,0.07,0.9,2485,0,4,54;55;66;67,CHECK
9402,30,lower,R1C1,Bi-207-8890,5.71,8.3,,,,,0,0,,CHECK
9402,30,lower,R1C2,Bi-207-9177,5.11,1.71,1019,0.14,7.6,7926,4,4,1018;1019;1028;1029,
9402,30,lower,R1C3,Bi-207-9176,3.61,-4.35,1032,0.14,12.9,31915,7,7,1022;1023;1031;1032;1033;1042;1043,
9402,30,lower,R2C1,Sn-113-9183,-0.89,8.64,1059,0.14,9.2,4019,2,3,1059;1060;1072,
9402,30,lower,R2C2,Cd-109-9178,-2.39,0.85,1076,0.14,6.5,30334,4,4,1063;1075;1076;1087,
9402,30,lower,R2C3,Ce-139-9179,-2.39,-4.35,1079,0.14,8.2,20489,1,7,1066;1067;1078;1079;1080;1090;1091,CHECK
9402,31,upper,R1C1,Bi-207-8890,3.71,9.56,,,,,0,0,,CHECK
9402,31,upper,R1C2,Bi-207-9177,3.71,2.64,97,0.06,4.7,9216,4,5,87;97;98;106;107,
9402,31,upper,R1C3,Bi-207-9176,3.71,-4.29,101,0.06,4.0,11135,4,5,90;91;101;102;111,
9402,31,upper,R2C1,Sn-113-9183,-0.79,8.7,59,0.06,0.7,411,1,4,47;59;60;72,CHECK
9402,31,upper,R2C2,Cd-109-9178,-2.29,2.64,50,0.06,16.3,48161,3,5,38;39;50;51;63,
9402,31,upper,R2C3,Ce-139-9179,-0.79,-5.16,67,0.06,1.2,3038,1,4,54;55;67;68,CHECK
9402,31,lower,R1C1,Bi-207-8890,5.2,7.96,,,,,0,0,,CHECK
9402,31,lower,R1C2,Bi-207-9177,4.6,1.38,1029,1.0,11.6,29307,6,5,1019;1020;1028;1029;1039,CHECK
9402,31,lower,R1C3,Bi-207-9176,3.1,-4.68,1032,0.74,11.8,29234,5,5,1022;1023;1032;1033;1043,
9402,31,lower,R2C1,Sn-113-9183,-1.4,8.31,1072,1.0,26.9,26165,3,4,1059;1060;1072;1073,CHECK
9402,31,lower,R2C2,Cd-109-9178,-2.9,0.52,1076,0.74,25.8,121135,7,7,1063;1064;1075;1076;1077;1087;1088,
9402,31,lower,R2C3,Ce-139-9179,-2.9,-4.68,1079,0.74,3.0,7527,2,4,1067;1079;1080;1091,
9402,32,upper,R1C1,Bi-207-8890,2.17,8.65,83,0.08,3.0,620,3,3,83;84;94,
9402,32,upper,R1C2,Bi-207-9177,2.17,1.72,87,0.08,1.3,3717,1,4,87;88;97;98,CHECK
9402,32,upper,R1C3,Bi-207-9176,2.17,-5.21,91,0.08,4.2,6767,4,4,91;92;101;102,
9402,32,upper,R2C1,Sn-113-9183,-2.33,7.78,47,0.08,10.8,8659,4,4,35;36;47;48,
9402,32,upper,R2C2,Cd-109-9178,-3.83,1.72,39,0.08,4.6,13258,3,4,39;40;50;51,
9402,32,upper,R2C3,Ce-139-9179,-2.33,-6.07,55,0.08,1.6,2923,3,5,43;44;55;56;68,CHECK
9402,32,lower,R1C1,Bi-207-8890,5.19,6.11,1017,0.92,18.9,18480,5,3,1017;1026;1027,
9402,32,lower,R1C2,Bi-207-9177,4.59,-0.47,1030,0.93,6.9,24229,3,5,1020;1021;1029;1030;1040,
9402,32,lower,R1C3,Bi-207-9176,3.09,-6.53,1044,0.93,8.4,18721,5,4,1033;1034;1044;1045,
9402,32,lower,R2C1,Sn-113-9183,-1.41,6.46,1073,0.93,8.3,24391,4,4,1060;1072;1073;1084,
9402,32,lower,R2C2,Cd-109-9178,-2.91,-1.34,1077,0.81,11.1,58900,4,4,1064;1076;1077;1088,
9402,32,lower,R2C3,Ce-139-9179,-2.91,-6.53,1080,0.81,7.6,19226,2,4,1068;1080;1081;1092,
9402,33,upper,R1C1,Bi-207-8890,2.39,6.93,84,0.14,6.9,8104,5,3,84;94;95,
9402,33,upper,R1C2,Bi-207-9177,2.39,0.0,88,0.14,1.9,8438,2,4,88;89;98;99,CHECK
9402,33,upper,R1C3,Bi-207-9176,2.39,-6.92,92,0.14,4.4,3869,2,3,92;102;103,
9402,33,upper,R2C1,Sn-113-9183,-2.11,6.07,48,0.14,3.5,8263,4,4,36;37;47;48,
9402,33,upper,R2C2,Cd-109-9178,-3.61,0.0,40,0.14,11.0,45096,3,5,30;40;41;51;52,
9402,33,upper,R2C3,Ce-139-9179,-2.11,-7.79,56,0.14,0.2,76,0,3,44;45;56,CHECK
9402,33,lower,R1C1,Bi-207-8890,5.93,4.96,1017,0.72,19.3,18934,5,3,1017;1026;1027,
9402,33,lower,R1C2,Bi-207-9177,5.33,-1.62,1021,0.14,2.9,6432,4,4,1020;1021;1030;1031,
9402,33,lower,R1C3,Bi-207-9176,3.83,-7.68,1034,0.14,18.3,28813,5,4,1033;1034;1044;1045,
9402,33,lower,R2C1,Sn-113-9183,-0.67,5.31,1061,0.14,1.1,4220,2,4,1060;1061;1073;1074,CHECK
9402,33,lower,R2C2,Cd-109-9178,-2.17,-2.49,1078,0.14,10.8,27796,4,4,1065;1077;1078;1089,
9402,33,lower,R2C3,Ce-139-9179,-2.17,-7.68,1081,0.14,24.8,20998,2,5,1068;1069;1080;1081;1092,
9402,34,upper,R1C1,Bi-207-8890,3.6,5.99,95,0.16,16.5,10727,7,5,94;95;96;104;105,
9402,34,upper,R1C2,Bi-207-9177,3.6,-0.94,99,0.16,3.0,9919,2,5,88;89;99;100;109,
9402,34,upper,R1C3,Bi-207-9176,3.6,-7.87,103,0.16,3.0,2236,2,4,92;102;103;112,
9402,34,upper,R2C1,Sn-113-9183,-0.9,5.12,61,0.16,1.0,3640,1,4,48;49;60;61,CHECK
9402,34,upper,R2C2,Cd-109-9178,-2.4,-0.94,52,0.16,9.1,48592,4,4,41;52;53;65,
9402,34,upper,R2C3,Ce-139-9179,-0.9,-8.73,69,0.16,0.0,35,0,3,68;69;81,CHECK
9402,34,lower,R1C1,Bi-207-8890,5.92,4.83,1017,0.76,7.1,6931,5,4,1017;1018;1026;1027,
9402,34,lower,R1C2,Bi-207-9177,5.32,-1.75,1021,0.07,2.8,6247,3,4,1021;1022;1030;1031,
9402,34,lower,R1C3,Bi-207-9176,3.82,-7.81,1034,0.07,12.6,19796,2,3,1034;1044;1045,
9402,34,lower,R2C1,Sn-113-9183,-0.68,5.18,1061,0.07,1.0,3745,1,4,1061;1062;1073;1074,CHECK
9402,34,lower,R2C2,Cd-109-9178,-2.18,-2.62,1078,0.07,48.7,124920,7,7,1065;1066;1077;1078;1079;1089;1090,
9402,34,lower,R2C3,Ce-139-9179,-2.18,-7.81,1081,0.07,19.0,16109,1,5,1068;1069;1080;1081;1092,CHECK
9402,35,upper,R1C3,Bi-207-9176,2.32,-8.56,,,,,0,0,,CHECK
9402,35,upper,R2C3,Ce-139-9179,-2.18,-9.43,,,,,0,0,,CHECK
9402,35,upper,R1C1,Bi-207-8890,2.32,5.29,85,0.12,4.6,7087,4,4,85;86;95;96,
9402,35,upper,R1C2,Bi-207-9177,2.32,-1.63,89,0.12,2.2,9151,4,4,89;90;99;100,
9402,35,upper,R2C1,Sn-113-9183,-2.18,4.43,49,0.12,2.8,8820,2,6,37;38;48;49;50;62,
9402,35,upper,R2C2,Cd-109-9178,-3.68,-1.63,41,0.12,11.0,31796,4,4,41;42;52;53,
9402,35,lower,R2C3,Ce-139-9179,-3.69,-8.69,,,,,0,0,,CHECK
9402,35,lower,R1C1,Bi-207-8890,4.41,3.95,1027,0.76,13.1,15380,6,4,1017;1018;1027;1028,
9402,35,lower,R1C2,Bi-207-9177,3.81,-2.63,1031,0.06,8.2,23278,5,5,1021;1022;1031;1032;1042,
9402,35,lower,R1C3,Bi-207-9176,2.31,-8.69,1045,0.06,0.8,463,0,3,1034;1044;1045,CHECK
9402,35,lower,R2C1,Sn-113-9183,-2.19,4.3,1074,0.06,4.9,16575,2,4,1062;1074;1075;1086,
9402,35,lower,R2C2,Cd-109-9178,-3.69,-3.5,1090,0.06,6.5,14194,4,4,1078;1079;1089;1090,
9402,36,upper,R1C1,Bi-207-8890,3.69,9.46,,,,,0,0,,CHECK
9402,36,upper,R1C2,Bi-207-9177,3.69,2.53,97,0.09,5.2,10237,4,4,96;97;106;107,
9402,36,upper,R1C3,Bi-207-9176,3.69,-4.39,101,0.09,3.9,10842,3,4,100;101;110;111,
9402,36,upper,R2C1,Sn-113-9183,-0.81,8.6,59,0.09,1.0,576,0,4,59;60;71;72,CHECK
9402,36,upper,R2C2,Cd-109-9178,-2.31,2.53,50,0.09,17.6,51981,3,5,49;50;51;62;63,
9402,36,upper,R2C3,Ce-139-9179,-0.81,-5.26,67,0.09,1.0,2546,0,4,54;55;66;67,CHECK
9402,36,lower,R1C1,Bi-207-8890,5.89,8.26,,,,,0,0,,CHECK
9402,36,lower,R1C2,Bi-207-9177,5.29,1.68,1019,0.07,27.3,28302,7,4,1010;1011;1018;1019,
9402,36,lower,R1C3,Bi-207-9176,3.79,-4.39,1032,0.07,5.0,12385,4,4,1022;1023;1031;1032,
9402,36,lower,R2C1,Sn-113-9183,-0.71,8.6,1059,0.07,62.7,27342,2,4,1047;1059;1060;1072,
9402,36,lower,R2C2,Cd-109-9178,-2.21,0.81,1076,0.07,3.5,16327,4,5,1062;1063;1064;1075;1076,
9402,36,lower,R2C3,Ce-139-9179,-2.21,-4.39,1079,0.07,3.5,8812,3,5,1066;1067;1078;1079;1080,
9402,37,upper,R1C1,Bi-207-8890,3.66,9.56,,,,,0,0,,CHECK
9402,37,upper,R1C2,Bi-207-9177,3.66,2.63,97,0.1,3.8,7435,4,4,97;98;106;107,
9402,37,upper,R1C3,Bi-207-9176,3.66,-4.3,101,0.1,3.6,9878,3,4,101;102;110;111,
9402,37,upper,R2C1,Sn-113-9183,-0.84,8.69,59,0.1,6.6,3673,3,5,47;59;60;71;72,
9402,37,upper,R2C2,Cd-109-9178,-2.34,2.63,50,0.1,15.6,46274,3,5,49;50;51;62;63,
9402,37,upper,R2C3,Ce-139-9179,-0.84,-5.16,67,0.1,1.1,2956,2,5,54;55;66;67;68,CHECK
9402,37,lower,R1C1,Bi-207-8890,5.87,8.17,,,,,0,0,,CHECK
9402,37,lower,R1C2,Bi-207-9177,5.27,1.58,1019,0.15,18.5,19227,7,4,1010;1011;1019;1020,
9402,37,lower,R1C3,Bi-207-9176,3.77,-4.48,1032,0.15,4.0,9770,4,4,1022;1023;1032;1033,
9402,37,lower,R2C1,Sn-113-9183,-0.73,8.51,1059,0.15,30.4,13249,4,4,1047;1059;1060;1072,
9402,37,lower,R2C2,Cd-109-9178,-2.23,0.72,1076,0.15,4.9,22884,4,4,1063;1064;1075;1076,
9402,37,lower,R2C3,Ce-139-9179,-2.23,-4.48,1079,0.15,1.1,2630,1,4,1066;1067;1079;1080,CHECK
9402,38,upper,R1C1,Bi-207-8890,3.87,7.89,94,0.16,1.3,430,0,4,84;94;95;104,CHECK
9402,38,upper,R1C2,Bi-207-9177,3.87,0.97,98,0.16,4.3,10500,3,5,97;98;99;107;108,
9402,38,upper,R1C3,Bi-207-9176,3.87,-5.96,102,0.16,2.0,6004,3,5,92;102;103;111;112,CHECK
9402,38,upper,R2C1,Sn-113-9183,-0.63,7.03,60,0.16,3.2,5496,4,4,47;59;60;72,
9402,38,upper,R2C2,Cd-109-9178,-2.13,0.97,51,0.16,1.9,56321,3,4,51;52;63;64,CHECK
9402,38,upper,R2C3,Ce-139-9179,-0.63,-6.83,68,0.16,2.0,2735,4,4,55;56;68;69,CHECK
9402,38,lower,R1C1,Bi-207-8890,5.61,6.06,1017,0.94,14.2,13878,4,4,1017;1018;1026;1027,
9402,38,lower,R1C2,Bi-207-9177,5.01,-0.52,1020,0.57,12.9,26257,7,5,1011;1012;1019;1020;1021,
9402,38,lower,R1C3,Bi-207-9176,3.51,-6.58,1033,0.57,2.4,5503,5,4,1023;1024;1033;1034,
9402,38,lower,R2C1,Sn-113-9183,-0.99,6.41,1060,0.57,9.7,25888,4,4,1047;1059;1060;1072,
9402,38,lower,R2C2,Cd-109-9178,-2.49,-1.38,1077,0.57,3.8,20155,4,4,1064;1065;1076;1077,
9402,38,lower,R2C3,Ce-139-9179,-2.49,-6.58,1080,0.57,2.3,5754,3,4,1067;1068;1080;1081,
9402,39,upper,R1C1,Bi-207-8890,3.84,6.17,95,0.14,5.5,3554,4,4,94;95;104;105,
9402,39,upper,R1C2,Bi-207-9177,3.84,-0.75,99,0.14,3.2,10506,2,4,98;99;108;109,
9402,39,upper,R1C3,Bi-207-9176,3.84,-7.68,103,0.14,4.3,3196,2,4,92;102;103;112,
9402,39,upper,R2C1,Sn-113-9183,-0.66,5.31,61,0.14,1.2,4389,2,4,48;60;61;73,CHECK
9402,39,upper,R2C2,Cd-109-9178,-2.16,-0.75,52,0.14,5.9,31725,4,5,41;52;53;64;65,
9402,39,upper,R2C3,Ce-139-9179,-0.66,-8.55,69,0.14,1.7,1509,1,3,56;68;69,CHECK
9402,39,lower,R1C1,Bi-207-8890,5.85,4.91,1017,0.66,30.1,29472,5,5,1009;1017;1018;1026;1027,
9402,39,lower,R1C2,Bi-207-9177,5.25,-1.67,1021,0.06,11.1,24865,6,5,1012;1013;1020;1021;1030,
9402,39,lower,R1C3,Bi-207-9176,3.75,-7.73,1034,0.06,6.3,9845,2,3,1024;1033;1034,
9402,39,lower,R2C1,Sn-113-9183,-0.75,5.26,1061,0.06,7.3,27234,2,6,1048;1049;1060;1061;1073;1074,
9402,39,lower,R2C2,Cd-109-9178,-2.25,-2.54,1078,0.06,5.1,13184,4,5,1064;1065;1066;1077;1078,
9402,39,lower,R2C3,Ce-139-9179,-2.25,-7.73,1081,0.06,6.5,5522,3,4,1068;1069;1080;1081,
9402,40,upper,R1C1,Bi-207-8890,3.8,5.99,95,0.09,8.0,5178,6,4,95;96;104;105,
9402,40,upper,R1C2,Bi-207-9177,3.8,-0.94,99,0.09,3.3,10934,1,5,89;99;100;108;109,CHECK
9402,40,upper,R1C3,Bi-207-9176,3.8,-7.87,103,0.09,1.0,732,0,4,92;102;103;112,CHECK
9402,40,upper,R2C1,Sn-113-9183,-0.7,5.12,61,0.09,1.9,6768,1,4,48;49;60;61,CHECK
9402,40,upper,R2C2,Cd-109-9178,-2.2,-0.94,52,0.09,8.8,47198,4,5,41;52;53;64;65,
9402,40,upper,R2C3,Ce-139-9179,-0.7,-8.73,69,0.09,0.0,23,0,4,56;68;69;81,CHECK
9402,40,lower,R1C1,Bi-207-8890,5.84,4.79,1017,0.71,17.3,16948,5,4,1009;1017;1018;1027,
9402,40,lower,R1C2,Bi-207-9177,5.24,-1.79,1021,0.06,10.0,22326,5,4,1013;1021;1022;1031,
9402,40,lower,R1C3,Bi-207-9176,3.74,-7.85,1034,0.06,2.3,3647,1,4,1024;1033;1034;1044,CHECK
9402,40,lower,R2C1,Sn-113-9183,-0.76,5.14,1061,0.06,5.5,20684,3,5,1049;1061;1062;1073;1074,
9402,40,lower,R2C2,Cd-109-9178,-2.26,-2.66,1078,0.06,7.1,18292,4,4,1065;1066;1077;1078,
9402,40,lower,R2C3,Ce-139-9179,-2.26,-7.85,1081,0.06,0.6,534,1,4,1056;1068;1069;1081,CHECK
9402,41,upper,R1C3,Bi-207-9176,3.77,-9.57,,,,,0,0,,CHECK
9402,41,upper,R2C3,Ce-139-9179,-0.73,-10.43,,,,,0,0,,CHECK
9402,41,upper,R1C1,Bi-207-8890,3.77,4.29,96,0.04,6.5,9221,6,5,95;96;97;105;106,
9402,41,upper,R1C2,Bi-207-9177,3.77,-2.64,100,0.04,2.6,13587,6,5,90;100;101;109;110,
9402,41,upper,R2C1,Sn-113-9183,-0.73,3.42,62,0.04,1.5,4810,1,6,49;50;61;62;63;74,CHECK
9402,41,upper,R2C2,Cd-109-9178,-2.23,-2.64,53,0.04,16.4,45962,4,5,42;53;54;65;66,
9402,41,lower,R1C3,Bi-207-9176,3.73,-9.49,,,,,0,0,,CHECK
9402,41,lower,R2C3,Ce-139-9179,-2.27,-9.49,,,,,0,0,,CHECK
9402,41,lower,R1C1,Bi-207-8890,5.83,3.15,1018,0.65,32.9,25575,7,5,1009;1010;1017;1018;1019,
9402,41,lower,R1C2,Bi-207-9177,5.23,-3.43,1022,0.04,10.5,26304,7,7,1013;1014;1021;1022;1023;1031;1032,
9402,41,lower,R2C1,Sn-113-9183,-0.77,3.5,1062,0.04,7.9,25877,1,7,1049;1050;1061;1062;1063;1074;1075,CHECK
9402,41,lower,R2C2,Cd-109-9178,-2.27,-4.29,1079,0.04,5.2,13017,4,4,1066;1067;1078;1079,
9402,42,upper,R1C1,Bi-207-8890,5.14,10.43,,,,,0,0,,CHECK
9402,42,upper,R1C2,Bi-207-9177,5.14,3.5,106,0.12,11.0,8671,4,4,106;107;114;115,
9402,42,upper,R1C3,Bi-207-9176,5.14,-3.42,110,0.12,3.7,12258,4,4,110;111;118;119,
9402,42,upper,R2C1,Sn-113-9183,0.64,9.57,71,0.12,1.2,159,0,4,59;71;72;83,CHECK
9402,42,upper,R2C2,Cd-109-9178,-0.86,3.5,62,0.12,14.9,47781,4,4,50;62;63;75,
9402,42,upper,R2C3,Ce-139-9179,0.64,-4.29,79,0.12,1.0,2971,1,5,66;67;78;79;80,CHECK
9402,42,lower,R1C1,Bi-207-8890,6.81,8.44,,,,,0,0,,CHECK
9402,42,lower,R1C2,Bi-207-9177,6.21,1.86,1010,0.92,59.2,17690,4,4,1010;1011;1018;1019,
9402,42,lower,R1C3,Bi-207-9176,4.71,-4.2,1022,0.92,9.2,23144,5,4,1013;1014;1022;1023,
9402,42,lower,R2C1,Sn-113-9183,0.21,8.79,1059,0.96,37.0,16114,2,3,1047;1059;1060,CHECK
9402,42,lower,R2C2,Cd-109-9178,-1.29,0.99,1063,0.92,28.2,98417,6,5,1050;1051;1062;1063;1075,
9402,42,lower,R2C3,Ce-139-9179,-1.29,-4.2,1066,0.92,2.2,7252,3,3,1054;1066;1067,
9402,43,upper,R1C1,Bi-207-8890,5.11,8.81,,,,,0,0,,CHECK
9402,43,upper,R1C2,Bi-207-9177,5.11,1.88,107,0.21,8.4,12149,6,5,106;107;108;115;116,
9402,43,upper,R1C3,Bi-207-9176,5.11,-5.05,111,0.21,2.2,6740,4,4,111;112;119;120,
9402,43,upper,R2C1,Sn-113-9183,0.61,7.94,72,0.21,1.6,2357,2,4,59;60;71;72,CHECK
9402,43,upper,R2C2,Cd-109-9178,-0.89,1.88,63,0.21,15.7,54502,6,6,50;62;63;64;75;76,
9402,43,upper,R2C3,Ce-139-9179,0.61,-5.91,80,0.21,1.1,2585,0,4,67;68;79;80,CHECK
9402,43,lower,R1C1,Bi-207-8890,7.29,7.38,,,,,0,0,,CHECK
9402,43,lower,R1C2,Bi-207-9177,6.69,0.79,1011,0.09,50.5,12635,6,4,1004;1010;1011;1012,
9402,43,lower,R1C3,Bi-207-9176,5.19,-5.27,1023,0.09,10.2,25419,5,4,1014;1015;1023;1024,
9402,43,lower,R2C1,Sn-113-9183,0.69,7.72,1047,0.09,17.5,21033,4,4,1047;1048;1059;1060,
9402,43,lower,R2C2,Cd-109-9178,-0.81,-0.07,1064,0.09,5.5,30282,4,4,1051;1063;1064;1076,
9402,43,lower,R2C3,Ce-139-9179,-0.81,-5.27,1067,0.09,6.8,19103,1,7,1054;1055;1066;1067;1068;1079;1080,CHECK
9402,44,upper,R1C1,Bi-207-8890,5.32,8.59,,,,,0,0,,CHECK
9402,44,upper,R1C2,Bi-207-9177,5.32,1.66,107,0.1,4.8,6910,3,5,98;107;108;115;116,
9402,44,upper,R1C3,Bi-207-9176,5.32,-5.27,111,0.1,1.7,5297,2,4,111;112;119;120,CHECK
9402,44,upper,R2C1,Sn-113-9183,0.82,7.73,72,0.1,4.1,6075,5,4,59;60;71;72,
9402,44,upper,R2C2,Cd-109-9178,-0.68,1.66,63,0.1,13.4,46633,3,5,51;63;64;75;76,
9402,44,upper,R2C3,Ce-139-9179,0.82,-6.13,80,0.1,1.3,2845,3,4,67;68;80;81,CHECK
9402,44,lower,R1C1,Bi-207-8890,7.28,5.72,,,,,0,0,,CHECK
9402,44,lower,R1C2,Bi-207-9177,6.68,-0.86,1012,0.07,23.9,16732,6,3,1004;1011;1012,
9402,44,lower,R1C3,Bi-207-9176,5.18,-6.92,1024,0.07,7.2,14997,3,3,1015;1023;1024,
9402,44,lower,R2C1,Sn-113-9183,0.68,6.07,1048,0.07,6.4,15783,4,5,1036;1047;1048;1060;1061,
9402,44,lower,R2C2,Cd-109-9178,-0.82,-1.72,1065,0.07,5.5,20604,4,4,1052;1064;1065;1077,
9402,44,lower,R2C3,Ce-139-9179,-0.82,-6.92,1068,0.07,6.9,18414,4,7,1055;1056;1067;1068;1069;1080;1081,
9402,45,upper,R1C1,Bi-207-8890,5.28,6.91,104,0.04,1.2,114,0,4,95;104;105;113,CHECK
9402,45,upper,R1C2,Bi-207-9177,5.28,-0.02,108,0.04,3.9,10898,2,5,99;108;109;116;117,
9402,45,upper,R1C3,Bi-207-9176,5.28,-6.95,112,0.04,1.4,3272,1,5,102;103;111;112;120,CHECK
9402,45,upper,R2C1,Sn-113-9183,0.78,6.04,73,0.04,2.0,4550,2,4,60;61;72;73,CHECK
9402,45,upper,R2C2,Cd-109-9178,-0.72,-0.02,64,0.04,11.4,48954,4,5,52;64;65;76;77,
9402,45,upper,R2C3,Ce-139-9179,0.78,-7.81,81,0.04,1.8,1984,1,4,68;69;80;81,CHECK
9402,45,lower,R1C1,Bi-207-8890,7.02,5.1,1009,0.82,32.3,16835,3,3,1009;1017;1018,
9402,45,lower,R1C2,Bi-207-9177,6.42,-1.48,1012,0.69,23.2,16209,6,3,1004;1011;1012,
9402,45,lower,R1C3,Bi-207-9176,4.92,-7.54,1024,0.69,6.2,12919,2,4,1015;1023;1024;1033,
9402,45,lower,R2C1,Sn-113-9183,0.42,5.45,1048,0.69,6.5,16031,3,5,1047;1048;1049;1060;1061,
9402,45,lower,R2C2,Cd-109-9178,-1.08,-2.34,1065,0.69,21.9,81899,7,6,1052;1053;1064;1065;1066;1077,
9402,45,lower,R2C3,Ce-139-9179,-1.08,-7.54,1068,0.69,5.9,15851,3,4,1056;1068;1069;1081,
9402,46,upper,R1C3,Bi-207-9176,5.25,-8.62,,,,,0,0,,CHECK
9402,46,upper,R2C3,Ce-139-9179,0.75,-9.49,,,,,0,0,,CHECK
9402,46,upper,R1C1,Bi-207-8890,5.25,5.24,105,0.04,6.3,3784,5,5,104;105;106;113;114,
9402,46,upper,R1C2,Bi-207-9177,5.25,-1.69,109,0.04,2.3,11839,2,4,109;110;117;118,
9402,46,upper,R2C1,Sn-113-9183,0.75,4.37,74,0.04,1.2,4108,1,5,61;62;73;74;85,CHECK
9402,46,upper,R2C2,Cd-109-9178,-0.75,-1.69,65,0.04,14.4,54600,7,7,52;53;64;65;66;77;78,
9402,46,lower,R1C3,Bi-207-9176,5.16,-8.65,,,,,0,0,,CHECK
9402,46,lower,R1C1,Bi-207-8890,7.26,4.0,1009,0.61,39.7,20692,4,4,1009;1010;1017;1018,
9402,46,lower,R1C2,Bi-207-9177,6.66,-2.59,1013,0.09,16.3,17185,5,4,1012;1013;1021;1022,
9402,46,lower,R2C1,Sn-113-9183,0.66,4.34,1049,0.09,5.9,20190,3,5,1048;1049;1050;1061;1062,
9402,46,lower,R2C2,Cd-109-9178,-0.84,-3.45,1066,0.09,8.9,29355,4,4,1053;1065;1066;1078,
9402,46,lower,R2C3,Ce-139-9179,-0.84,-8.65,1069,0.09,22.5,18947,1,4,1056;1068;1069;1081,CHECK
9402,47,upper,R1C3,Bi-207-9176,5.21,-8.58,,,,,0,0,,CHECK
9402,47,upper,R2C3,Ce-139-9179,0.71,-9.44,,,,,0,0,,CHECK
9402,47,upper,R1C1,Bi-207-8890,5.21,5.28,105,0.09,8.7,5246,5,4,105;106;113;114,
9402,47,upper,R1C2,Bi-207-9177,5.21,-1.65,109,0.09,1.9,10188,2,4,109;110;117;118,CHECK
9402,47,upper,R2C1,Sn-113-9183,0.71,4.41,74,0.09,1.3,4677,1,5,61;62;73;74;75,CHECK
9402,47,upper,R2C2,Cd-109-9178,-0.79,-1.65,65,0.09,12.4,47185,4,5,52;53;65;66;78,
9402,47,lower,R1C3,Bi-207-9176,5.15,-8.54,,,,,0,0,,CHECK
9402,47,lower,R1C1,Bi-207-8890,7.25,4.11,1009,0.55,16.9,8792,4,4,1009;1010;1018;1019,
9402,47,lower,R1C2,Bi-207-9177,6.65,-2.48,1013,0.16,14.1,14857,5,4,1013;1014;1021;1022,
9402,47,lower,R2C1,Sn-113-9183,0.65,4.45,1049,0.16,2.6,9097,3,4,1049;1050;1061;1062,
9402,47,lower,R2C2,Cd-109-9178,-0.85,-3.34,1066,0.16,28.4,94065,7,7,1053;1054;1065;1066;1067;1078;1079,
9402,47,lower,R2C3,Ce-139-9179,-0.85,-8.54,1069,0.16,5.0,4210,1,4,1056;1068;1069;1081,CHECK
9402,48,upper,R1C1,Bi-207-8890,6.59,9.46,,,,,0,0,,CHECK
9402,48,upper,R1C2,Bi-207-9177,6.59,2.53,115,0.17,12.1,7554,5,5,106;107;114;115;116,
9402,48,upper,R1C3,Bi-207-9176,6.59,-4.4,119,0.17,3.4,7770,6,4,119;120;126;127,
9402,48,upper,R2C1,Sn-113-9183,2.09,8.59,83,0.17,1.0,196,1,3,71;72;83,CHECK
9402,48,upper,R2C2,Cd-109-9178,0.59,2.53,75,0.17,18.3,53540,7,7,62;63;74;75;76;86;87,
9402,48,upper,R2C3,Ce-139-9179,2.09,-5.27,91,0.17,1.5,2341,0,5,79;80;90;91;101,CHECK
9402,48,lower,R1C1,Bi-207-8890,7.98,7.92,,,,,0,0,,CHECK
9402,48,lower,R1C2,Bi-207-9177,7.38,1.34,1011,0.78,34.2,8539,6,3,1004;1010;1011,
9402,48,lower,R1C3,Bi-207-9176,5.88,-4.72,1014,0.96,24.0,17468,6,3,1007;1014;1015,CHECK
9402,48,lower,R2C1,Sn-113-9183,1.38,8.27,1047,0.78,11.1,13332,1,4,1036;1047;1048;1060,CHECK
9402,48,lower,R2C2,Cd-109-9178,-0.12,0.47,1051,0.96,7.1,30507,4,4,1039;1050;1051;1063,CHECK
9402,48,lower,R2C3,Ce-139-9179,-0.12,-4.72,1054,0.96,6.4,19531,1,6,1042;1043;1054;1055;1066;1067,CHECK
9402,49,upper,R1C1,Bi-207-8890,6.81,9.54,,,,,0,0,,CHECK
9402,49,upper,R1C2,Bi-207-9177,6.81,2.61,115,0.06,10.8,6744,4,4,106;107;115;116,
9402,49,upper,R1C3,Bi-207-9176,6.81,-4.31,119,0.06,2.3,5285,5,4,119;120;126;127,
9402,49,upper,R2C1,Sn-113-9183,2.31,8.68,83,0.06,3.0,619,3,3,71;72;83,
9402,49,upper,R2C2,Cd-109-9178,0.81,2.61,75,0.06,16.1,47162,4,5,63;75;76;86;87,
9402,49,upper,R2C3,Ce-139-9179,2.31,-5.18,91,0.06,1.8,2841,2,4,79;80;91;92,CHECK
9402,49,lower,R1C1,Bi-207-8890,8.21,7.82,,,,,0,0,,CHECK
9402,49,lower,R1C2,Bi-207-9177,7.61,1.24,1011,0.94,69.9,17470,6,3,1004;1011;1012,
9402,49,lower,R1C3,Bi-207-9176,6.11,-4.83,1014,0.81,12.7,9285,6,3,1007;1014;1015,
9402,49,lower,R2C1,Sn-113-9183,1.61,8.16,1047,0.94,20.5,24687,2,4,1036;1047;1048;1060,
9402,49,lower,R2C2,Cd-109-9178,0.11,0.37,1051,0.81,24.2,104535,7,7,1039;1040;1050;1051;1052;1063;1064,
9402,49,lower,R2C3,Ce-139-9179,0.11,-4.83,1054,0.81,1.9,5789,1,4,1043;1054;1055;1067,CHECK
9402,50,upper,R1C1,Bi-207-8890,6.77,7.86,,,,,0,0,,CHECK
9402,50,upper,R1C2,Bi-207-9177,6.77,0.93,116,0.07,5.8,10396,4,5,107;108;115;116;117,
9402,50,upper,R1C3,Bi-207-9176,6.77,-6.0,120,0.07,2.1,2081,2,4,111;119;120;127,
9402,50,upper,R2C1,Sn-113-9183,2.27,6.99,84,0.07,6.1,7178,5,4,72;73;83;84,
9402,50,upper,R2C2,Cd-109-9178,0.77,0.93,76,0.07,10.8,53333,7,7,63;64;75;76;77;87;88,
9402,50,upper,R2C3,Ce-139-9179,2.27,-6.86,92,0.07,2.7,2367,3,4,80;81;91;92,
9402,50,lower,R1C1,Bi-207-8890,8.7,6.7,,,,,0,0,,CHECK
9402,50,lower,R1C2,Bi-207-9177,8.1,0.12,1004,0.19,156.8,3449,3,3,1004;1011;1012,
9402,50,lower,R1C3,Bi-207-9176,6.6,-5.94,1015,0.19,11.4,12326,3,4,1007;1014;1015;1023,
9402,50,lower,R2C1,Sn-113-9183,2.1,7.05,1036,0.19,4.8,3932,3,4,1036;1037;1047;1048,
9402,50,lower,R2C2,Cd-109-9178,0.6,-0.75,1052,0.19,13.9,67673,4,4,1040;1051;1052;1064,
9402,50,lower,R2C3,Ce-139-9179,0.6,-5.94,1055,0.19,7.4,19198,2,6,1043;1044;1055;1056;1067;1068,
9402,51,upper,R1C1,Bi-207-8890,5.23,6.91,104,0.02,0.6,61,0,4,95;104;105;113,CHECK
9402,51,upper,R1C2,Bi-207-9177,5.23,-0.02,108,0.02,1.7,4809,2,4,108;109;116;117,CHECK
9402,51,upper,R1C3,Bi-207-9176,5.23,-6.94,112,0.02,0.8,1856,0,4,102;111;112;120,CHECK
9402,51,upper,R2C1,Sn-113-9183,0.73,6.05,73,0.02,4.2,9749,4,5,60;72;73;84;85,
9402,51,upper,R2C2,Cd-109-9178,-0.77,-0.02,64,0.02,4.2,18024,4,4,64;65;76;77,
9402,51,upper,R2C3,Ce-139-9179,0.73,-7.81,81,0.02,2.1,2241,2,4,68;69;80;81,
9402,51,lower,R1C1,Bi-207-8890,7.19,4.82,1009,0.66,39.5,20560,3,4,1009;1010;1017;1018,
9402,51,lower,R1C2,Bi-207-9177,6.59,-1.77,1012,0.91,33.8,23627,5,3,1004;1011;1012,
9402,51,lower,R1C3,Bi-207-9176,5.09,-7.83,1024,0.91,0.2,463,0,4,1015;1023;1024;1033,CHECK
9402,51,lower,R2C1,Sn-113-9183,0.59,5.16,1048,0.91,9.2,22805,5,5,1036;1037;1047;1048;1049,
9402,51,lower,R2C2,Cd-109-9178,-0.91,-2.63,1065,0.91,3.5,13174,4,5,1041;1052;1053;1064;1065,
9402,51,lower,R2C3,Ce-139-9179,-0.91,-7.83,1069,0.85,2.6,2151,2,4,1055;1056;1068;1069,
9402,52,upper,R1C3,Bi-207-9176,6.7,-7.87,,,,,0,0,,CHECK
9402,52,upper,R2C3,Ce-139-9179,2.2,-8.73,,,,,0,0,,CHECK
9402,52,upper,R1C1,Bi-207-8890,6.7,5.99,113,0.09,1.7,80,1,4,105;113;114;121,CHECK
9402,52,upper,R1C2,Bi-207-9177,6.7,-0.94,117,0.09,2.2,6834,2,4,108;109;117;118,
9402,52,upper,R2C1,Sn-113-9183,2.2,5.13,85,0.09,2.4,3743,2,4,73;74;84;85,
9402,52,upper,R2C2,Cd-109-9178,0.7,-0.94,77,0.09,10.2,49095,4,4,65;77;78;89,
9402,52,lower,R1C3,Bi-207-9176,5.33,-8.68,,,,,0,0,,CHECK
9402,52,lower,R1C1,Bi-207-8890,7.43,3.96,1009,0.77,55.7,28996,2,3,1009;1010;1018,
9402,52,lower,R1C2,Bi-207-9177,6.83,-2.62,1013,0.08,28.1,29664,3,5,1012;1013;1014;1021;1022,
9402,52,lower,R2C1,Sn-113-9183,0.83,4.31,1049,0.08,8.0,27543,2,6,1037;1038;1048;1049;1050;1061,
9402,52,lower,R2C2,Cd-109-9178,-0.67,-3.49,1066,0.08,3.5,11618,4,4,1053;1054;1065;1066,
9402,52,lower,R2C3,Ce-139-9179,-0.67,-8.68,1069,0.08,1.8,1491,1,4,1055;1056;1068;1069,CHECK
9402,53,upper,R1C3,Bi-207-9176,6.66,-9.58,,,,,0,0,,CHECK
9402,53,upper,R2C3,Ce-139-9179,2.16,-10.45,,,,,0,0,,CHECK
9402,53,upper,R1C1,Bi-207-8890,6.66,4.27,114,0.1,6.4,1560,3,3,113;114;121,
9402,53,upper,R1C2,Bi-207-9177,6.66,-2.66,118,0.1,4.4,7457,2,4,110;118;119;126,
9402,53,upper,R2C1,Sn-113-9183,2.16,3.41,86,0.1,1.2,3815,1,4,74;75;85;86,CHECK
9402,53,upper,R2C2,Cd-109-9178,0.66,-2.66,78,0.1,9.7,46981,7,7,65;66;77;78;79;89;90,
9402,53,lower,R1C3,Bi-207-9176,5.32,-8.59,,,,,0,0,,CHECK
9402,53,lower,R1C1,Bi-207-8890,7.42,4.06,1009,0.72,23.9,12472,2,3,1009;1010;1018,
9402,53,lower,R1C2,Bi-207-9177,6.82,-2.52,1013,0.1,25.0,26382,4,4,1013;1014;1021;1022,
9402,53,lower,R2C1,Sn-113-9183,0.82,4.4,1049,0.1,4.4,15025,3,5,1037;1038;1049;1050;1062,
9402,53,lower,R2C2,Cd-109-9178,-0.68,-3.39,1066,0.1,4.1,13416,4,4,1053;1054;1065;1066,
9402,53,lower,R2C3,Ce-139-9179,-0.68,-8.59,1069,0.1,0.3,250,0,4,1056;1068;1069;1081,CHECK
9402,54,upper,R1C1,Bi-207-8890,-3.89,10.03,,,,,0,0,,CHECK
9402,54,upper,R2C1,Sn-113-9183,-8.39,9.17,,,,,0,0,,CHECK
9402,54,upper,R1C2,Bi-207-9177,-3.89,3.1,38,0.39,0.1,144,0,4,27;28;38;39,CHECK
9402,54,upper,R1C3,Bi-207-9176,-3.89,-3.82,42,0.39,0.1,129,0,4,31;32;42;43,CHECK
9402,54,upper,R2C2,Cd-109-9178,-9.89,3.1,2,0.39,21.4,343,4,4,2;3;9;10,
9402,54,upper,R2C3,Ce-139-9179,-8.39,-4.69,14,0.39,3.7,1469,4,5,13;14;15;22;23,
9402,54,lower,R2C1,Sn-113-9183,-7.19,8.48,,,,,0,0,,CHECK
9402,54,lower,R1C1,Bi-207-8890,-0.59,8.14,1059,0.55,0.1,45,0,4,1047;1059;1060;1072,CHECK
9402,54,lower,R1C2,Bi-207-9177,-1.19,1.55,1063,0.47,0.0,170,0,5,1050;1051;1063;1064;1076,CHECK
9402,54,lower,R1C3,Bi-207-9176,-2.69,-4.51,1079,0.47,0.0,115,0,5,1066;1078;1079;1090;1091,CHECK
9402,54,lower,R2C2,Cd-109-9178,-8.69,0.69,1116,0.47,79.6,24831,5,4,1107;1108;1115;1116,
9402,54,lower,R2C3,Ce-139-9179,-8.69,-4.51,1119,0.47,92.6,19916,5,4,1110;1111;1118;1119,
9402,55,upper,R2C1,Sn-113-9183,-8.44,7.64,,,,,0,0,,CHECK
9402,55,upper,R1C1,Bi-207-8890,-3.94,8.5,35,0.25,0.1,4,0,4,25;26;35;36,CHECK
9402,55,upper,R1C2,Bi-207-9177,-3.94,1.57,39,0.25,0.1,222,0,4,28;29;39;40,CHECK
9402,55,upper,R1C3,Bi-207-9176,-3.94,-5.35,43,0.25,0.1,381,0,4,32;33;43;44,CHECK
9402,55,upper,R2C2,Cd-109-9178,-9.94,1.57,3,0.25,9.7,369,4,4,3;4;10;11,
9402,55,upper,R2C3,Ce-139-9179,-8.44,-6.22,15,0.25,1.7,1017,1,4,14;15;23;24,CHECK
9402,55,lower,R2C1,Sn-113-9183,-7.2,7.79,,,,,0,0,,CHECK
9402,55,lower,R1C1,Bi-207-8890,-0.6,7.44,1060,0.54,0.0,66,0,4,1047;1059;1060;1072,CHECK
9402,55,lower,R1C2,Bi-207-9177,-1.2,0.86,1064,0.97,0.1,287,0,6,1051;1052;1063;1064;1065;1077,CHECK
9402,55,lower,R1C3,Bi-207-9176,-2.7,-5.2,1079,0.98,0.0,107,0,4,1078;1079;1090;1091,CHECK
9402,55,lower,R2C2,Cd-109-9178,-8.7,-0.0,1117,0.97,77.4,24372,5,5,1108;1109;1116;1117;1118,CHECK
9402,55,lower,R2C3,Ce-139-9179,-8.7,-5.2,1119,0.98,10.1,2175,4,3,1110;1111;1119,CHECK
9402,56,upper,R2C3,Ce-139-9179,-8.24,-9.52,,,,,0,0,,CHECK
9402,56,upper,R1C1,Bi-207-8890,-3.74,5.2,37,0.01,0.1,80,0,4,26;27;37;38,CHECK
9402,56,upper,R1C2,Bi-207-9177,-3.74,-1.72,41,0.01,0.1,304,0,4,30;31;41;42,CHECK
9402,56,upper,R1C3,Bi-207-9176,-3.74,-8.65,45,0.01,1.0,336,0,3,34;44;45,CHECK
9402,56,upper,R2C1,Sn-113-9183,-8.24,4.34,9,0.01,2.5,232,2,4,2;9;10;18,
9402,56,upper,R2C2,Cd-109-9178,-9.74,-1.72,5,0.01,8.1,316,4,4,4;5;12;13,
9402,56,lower,R2C3,Ce-139-9179,-8.72,-7.66,,,,,0,0,,CHECK
9402,56,lower,R1C1,Bi-207-8890,-0.62,4.98,1061,0.25,0.0,78,0,7,1048;1049;1060;1061;1062;1073;1074,CHECK
9402,56,lower,R1C2,Bi-207-9177,-1.22,-1.6,1065,0.49,0.1,248,0,7,1052;1053;1064;1065;1066;1077;1078,CHECK
9402,56,lower,R1C3,Bi-207-9176,-2.72,-7.66,1081,0.49,0.1,62,0,4,1068;1080;1081;1092,CHECK
9402,56,lower,R2C1,Sn-113-9183,-7.22,5.33,1105,0.49,30.8,7475,2,4,1095;1096;1105;1106,
9402,56,lower,R2C2,Cd-109-9178,-8.72,-2.46,1118,0.49,65.5,16509,5,4,1109;1110;1117;1118,
9402,57,upper,R1C1,Bi-207-8890,-2.4,9.52,,,,,0,0,,CHECK
9402,57,upper,R2C1,Sn-113-9183,-6.9,8.66,,,,,0,0,,CHECK
9402,57,upper,R1C2,Bi-207-9177,-2.4,2.6,50,0.15,0.1,183,0,4,38;39;50;51,CHECK
9402,57,upper,R1C3,Bi-207-9176,-2.4,-4.33,54,0.15,0.1,141,0,4,42;43;53;54,CHECK
9402,57,upper,R2C2,Cd-109-9178,-8.4,2.6,10,0.15,18.4,3682,7,4,10;11;18;19,
9402,57,upper,R2C3,Ce-139-9179,-6.9,-5.2,23,0.15,9.1,4419,7,5,14;15;22;23;32,
9402,57,lower,R1C1,Bi-207-8890,1.11,7.57,1047,0.42,0.0,33,0,4,1036;1047;1048;1060,CHECK
9402,57,lower,R1C2,Bi-207-9177,0.51,0.99,1051,0.27,0.1,228,0,7,1039;1040;1050;1051;1052;1063;1064,CHECK
9402,57,lower,R1C3,Bi-207-9176,-0.99,-5.07,1067,0.27,0.0,67,0,5,1054;1066;1067;1079;1080,CHECK
9402,57,lower,R2C1,Sn-113-9183,-5.49,7.92,1094,0.27,14.3,4096,2,3,1084;1094;1095,
9402,57,lower,R2C2,Cd-109-9178,-6.99,0.12,1108,0.27,14.1,15371,6,4,1098;1107;1108;1116,
9402,57,lower,R2C3,Ce-139-9179,-6.99,-5.07,1111,0.27,39.4,27030,6,6,1101;1102;1110;1111;1112;1119,
9402,58,upper,R2C1,Sn-113-9183,-6.95,6.87,,,,,0,0,,CHECK
9402,58,upper,R1C1,Bi-207-8890,-2.45,7.74,47,0.21,0.1,77,0,4,47;48;59;60,CHECK
9402,58,upper,R1C2,Bi-207-9177,-2.45,0.81,51,0.21,0.3,8702,0,4,39;40;51;52,CHECK
9402,58,upper,R1C3,Bi-207-9176,-2.45,-6.12,55,0.21,0.1,140,0,4,43;44;55;56,CHECK
9402,58,upper,R2C2,Cd-109-9178,-8.45,0.81,11,0.21,21.0,4635,6,4,11;12;19;20,
9402,58,upper,R2C3,Ce-139-9179,-6.95,-6.99,24,0.21,4.2,4138,5,4,15;23;24;33,
9402,58,lower,R1C1,Bi-207-8890,0.59,6.12,1048,0.17,0.0,60,0,4,1036;1037;1047;1048,CHECK
9402,58,lower,R1C2,Bi-207-9177,-0.01,-0.46,1052,0.86,0.1,328,0,6,1040;1041;1051;1052;1053;1065,CHECK
9402,58,lower,R1C3,Bi-207-9176,-1.51,-6.52,1080,0.87,0.0,92,0,3,1080;1091;1092,CHECK
9402,58,lower,R2C1,Sn-113-9183,-6.01,6.47,1095,0.86,12.4,10664,4,3,1095;1096;1105,
9402,58,lower,R2C2,Cd-109-9178,-7.51,-1.33,1109,0.86,22.3,12514,6,5,1099;1108;1109;1117;1118,
9402,58,lower,R2C3,Ce-139-9179,-7.51,-6.52,1112,0.86,74.8,18393,3,3,1102;1111;1112,
9402,59,upper,R2C3,Ce-139-9179,-7.0,-8.52,,,,,0,0,,CHECK
9402,59,upper,R1C1,Bi-207-8890,-2.5,6.21,48,0.29,0.1,249,0,4,36;37;47;48,CHECK
9402,59,upper,R1C2,Bi-207-9177,-2.5,-0.72,52,0.29,0.2,819,0,5,40;41;51;52;53,CHECK
9402,59,upper,R1C3,Bi-207-9176,-2.5,-7.65,56,0.29,0.2,65,0,4,34;44;45;56,CHECK
9402,59,upper,R2C1,Sn-113-9183,-7.0,5.34,17,0.29,17.2,4480,5,4,9;17;18;27,
9402,59,upper,R2C2,Cd-109-9178,-8.5,-0.72,12,0.29,22.3,5223,7,4,12;13;20;21,
9402,59,lower,R1C1,Bi-207-8890,1.08,5.68,1048,0.5,0.0,57,0,4,1036;1037;1047;1048,CHECK
9402,59,lower,R1C2,Bi-207-9177,0.48,-0.9,1052,0.28,0.1,353,0,7,1040;1041;1051;1052;1053;1064;1065,CHECK
9402,59,lower,R1C3,Bi-207-9176,-1.02,-6.97,1068,0.28,0.0,79,0,4,1068;1069;1080;1081,CHECK
9402,59,lower,R2C1,Sn-113-9183,-5.52,6.02,1095,0.28,7.6,6576,4,3,1095;1096;1105,
9402,59,lower,R2C2,Cd-109-9178,-7.02,-1.77,1109,0.28,49.0,27541,7,4,1109;1110;1117;1118,
9402,59,lower,R2C3,Ce-139-9179,-7.02,-6.97,1112,0.28,19.6,4820,3,3,1102;1111;1112,
9402,60,upper,R1C1,Bi-207-8890,-0.92,8.8,59,0.22,0.3,164,0,5,47;59;60;71;72,CHECK
9402,60,upper,R1C2,Bi-207-9177,-0.92,1.87,63,0.22,0.2,752,0,5,50;51;62;63;64,CHECK
9402,60,upper,R1C3,Bi-207-9176,-0.92,-5.06,67,0.22,0.1,152,0,3,54;55;67,CHECK
9402,60,upper,R2C1,Sn-113-9183,-5.42,7.93,25,0.22,15.0,748,4,4,25;26;35;36,
9402,60,upper,R2C2,Cd-109-9178,-6.92,1.87,19,0.22,8.7,4854,5,5,18;19;20;28;29,
9402,60,upper,R2C3,Ce-139-9179,-5.42,-5.92,33,0.22,4.4,4813,6,4,23;24;32;33,
9402,60,lower,R1C1,Bi-207-8890,1.3,7.53,1047,0.61,0.0,38,0,5,1036;1047;1048;1059;1060,CHECK
9402,60,lower,R1C2,Bi-207-9177,0.7,0.95,1051,0.1,0.1,232,0,5,1050;1051;1052;1063;1064,CHECK
9402,60,lower,R1C3,Bi-207-9176,-0.8,-5.11,1067,0.1,0.0,85,0,4,1067;1079;1080;1091,CHECK
9402,60,lower,R2C1,Sn-113-9183,-5.3,7.88,1094,0.1,74.5,21369,3,3,1084;1094;1095,
9402,60,lower,R2C2,Cd-109-9178,-6.8,0.09,1108,0.1,3.6,3969,4,4,1098;1099;1107;1108,
9402,60,lower,R2C3,Ce-139-9179,-6.8,-5.11,1111,0.1,6.6,4553,5,4,1101;1102;1110;1111,
9402,61,upper,R1C1,Bi-207-8890,-0.97,6.98,60,0.22,0.1,205,0,4,47;48;59;60,CHECK
9402,61,upper,R1C2,Bi-207-9177,-0.97,0.05,64,0.22,0.1,345,0,5,51;52;63;64;65,CHECK
9402,61,upper,R1C3,Bi-207-9176,-0.97,-6.88,68,0.22,0.1,92,0,5,55;56;67;68;69,CHECK
9402,61,upper,R2C1,Sn-113-9183,-5.47,6.11,26,0.22,11.7,4838,5,3,25;26;36,
9402,61,upper,R2C2,Cd-109-9178,-6.97,0.05,20,0.22,7.2,5078,5,5,19;20;21;29;30,
9402,61,upper,R2C3,Ce-139-9179,-5.47,-7.74,34,0.22,5.3,2688,4,4,24;33;34;44,
9402,61,lower,R1C1,Bi-207-8890,1.29,5.81,1048,0.6,0.0,53,0,4,1036;1037;1047;1048,CHECK
9402,61,lower,R1C2,Bi-207-9177,0.69,-0.78,1052,0.11,0.1,312,0,7,1040;1041;1051;1052;1053;1064;1065,CHECK
9402,61,lower,R1C3,Bi-207-9176,-0.81,-6.84,1068,0.11,0.0,74,0,5,1068;1069;1080;1081;1092,CHECK
9402,61,lower,R2C1,Sn-113-9183,-5.31,6.15,1095,0.11,29.4,25385,6,6,1084;1085;1094;1095;1096;1105,
9402,61,lower,R2C2,Cd-109-9178,-6.81,-1.64,1109,0.11,6.7,3764,4,4,1099;1100;1108;1109,
9402,61,lower,R2C3,Ce-139-9179,-6.81,-6.84,1112,0.11,11.4,2809,3,3,1102;1111;1112,
9402,62,upper,R2C3,Ce-139-9179,-6.77,-8.53,,,,,0,0,,CHECK
9402,62,upper,R1C1,Bi-207-8890,-2.27,6.19,48,0.13,0.5,1248,2,3,36;37;48,CHECK
9402,62,upper,R1C2,Bi-207-9177,-2.27,-0.74,52,0.13,0.3,1849,0,4,40;41;52;53,CHECK
9402,62,upper,R1C3,Bi-207-9176,-2.27,-7.67,56,0.13,0.4,152,0,4,44;45;55;56,CHECK
9402,62,upper,R2C1,Sn-113-9183,-6.77,5.32,17,0.13,11.8,3085,4,3,17;26;27,
9402,62,upper,R2C2,Cd-109-9178,-8.27,-0.74,12,0.13,1.9,456,2,4,12;13;20;21,CHECK
9402,62,lower,R1C1,Bi-207-8890,0.52,5.35,1048,0.74,0.0,74,0,5,1036;1037;1047;1048;1060,CHECK
9402,62,lower,R1C2,Bi-207-9177,-0.08,-1.23,1065,0.84,0.1,282,0,3,1065;1077;1078,CHECK
9402,62,lower,R1C3,Bi-207-9176,-1.58,-7.29,1081,0.84,0.7,592,1,4,1080;1081;1091;1092,CHECK
9402,62,lower,R2C1,Sn-113-9183,-6.08,5.7,1105,0.84,14.1,3438,4,4,1095;1096;1105;1106,
9402,62,lower,R2C2,Cd-109-9178,-7.58,-2.09,1109,0.9,9.7,5460,5,4,1099;1100;1109;1110,
9402,62,lower,R2C3,Ce-139-9179,-7.58,-7.29,1112,0.9,2.1,511,1,3,1102;1111;1112,CHECK
9402,63,upper,R1C1,Bi-207-8890,-0.68,8.74,59,0.1,1.2,644,1,3,47;59;60,CHECK
9402,63,upper,R1C2,Bi-207-9177,-0.68,1.81,63,0.1,0.9,2982,1,4,50;51;62;63,CHECK
9402,63,upper,R1C3,Bi-207-9176,-0.68,-5.12,67,0.1,0.5,1270,1,3,54;55;67,CHECK
9402,63,upper,R2C1,Sn-113-9183,-5.18,7.87,25,0.1,40.1,2005,4,3,25;35;36,
9402,63,upper,R2C2,Cd-109-9178,-6.68,1.81,19,0.1,1.7,949,2,4,18;19;28;29,CHECK
9402,63,upper,R2C3,Ce-139-9179,-5.18,-5.98,33,0.1,2.9,3141,4,5,32;33;34;43;44,
9402,63,lower,R1C1,Bi-207-8890,2.5,7.42,1036,0.55,0.1,114,0,4,1026;1036;1037;1048,CHECK
9402,63,lower,R1C2,Bi-207-9177,1.9,0.84,1039,0.96,0.1,193,0,7,1028;1029;1038;1039;1040;1050;1051,CHECK
9402,63,lower,R1C3,Bi-207-9176,0.4,-5.22,1054,0.96,0.1,155,0,4,1054;1055;1066;1067,CHECK
9402,63,lower,R2C1,Sn-113-9183,-4.1,7.77,1084,0.91,17.7,19624,6,4,1072;1073;1084;1094,
9402,63,lower,R2C2,Cd-109-9178,-5.6,-0.03,1098,0.96,3.0,6966,4,4,1087;1088;1097;1098,CHECK
9402,63,lower,R2C3,Ce-139-9179,-5.6,-5.22,1101,0.96,2.0,3956,3,4,1090;1091;1101;1102,CHECK
9402,64,upper,R1C1,Bi-207-8890,-0.98,8.47,59,0.3,0.7,386,1,3,47;59;60,CHECK
9402,64,upper,R1C2,Bi-207-9177,-0.98,1.54,63,0.3,0.1,413,0,4,50;51;63;64,CHECK
9402,64,upper,R1C3,Bi-207-9176,-0.98,-5.39,67,0.3,0.3,836,0,4,54;55;67;68,CHECK
9402,64,upper,R2C1,Sn-113-9183,-5.48,7.6,25,0.3,31.7,1584,4,4,25;26;35;36,
9402,64,upper,R2C2,Cd-109-9178,-6.98,1.54,19,0.3,0.5,292,0,4,19;20;28;29,CHECK
9402,64,upper,R2C3,Ce-139-9179,-5.48,-6.25,33,0.3,2.0,2235,3,5,32;33;34;43;44,
9402,64,lower,R1C1,Bi-207-8890,2.73,6.49,1036,0.65,0.1,120,0,4,1026;1036;1037;1048,CHECK
9402,64,lower,R1C2,Bi-207-9177,2.13,-0.09,1040,0.15,0.1,249,0,6,1029;1030;1040;1041;1051;1052,CHECK
9402,64,lower,R1C3,Bi-207-9176,0.63,-6.16,1055,0.15,0.0,69,0,3,1055;1067;1068,CHECK
9402,64,lower,R2C1,Sn-113-9183,-3.87,6.83,1084,0.15,16.0,17705,6,5,1073;1084;1085;1094;1095,
9402,64,lower,R2C2,Cd-109-9178,-5.37,-0.96,1099,0.15,2.2,5298,3,4,1088;1089;1098;1099,
9402,64,lower,R2C3,Ce-139-9179,-5.37,-6.16,1102,0.15,2.2,4298,3,3,1091;1092;1102,
9402,65,upper,R1C1,Bi-207-8890,-0.78,6.93,60,0.03,0.5,876,1,5,47;48;59;60;61,CHECK
9402,65,upper,R1C2,Bi-207-9177,-0.78,0.0,64,0.03,0.3,1304,0,5,51;52;64;65;77,CHECK
9402,65,upper,R1C3,Bi-207-9176,-0.78,-6.93,68,0.03,0.3,347,0,7,55;56;67;68;69;80;81,CHECK
9402,65,upper,R2C1,Sn-113-9183,-5.28,6.06,26,0.03,7.5,3093,5,4,26;27;36;37,
9402,65,upper,R2C2,Cd-109-9178,-6.78,0.0,20,0.03,1.5,1059,2,7,11;12;19;20;21;29;30,CHECK
9402,65,upper,R2C3,Ce-139-9179,-5.28,-7.79,34,0.03,1.0,526,0,5,24;33;34;44;45,CHECK
9402,65,lower,R1C1,Bi-207-8890,1.97,5.04,1037,0.32,0.5,949,0,4,1026;1027;1036;1037,CHECK
9402,65,lower,R1C2,Bi-207-9177,1.37,-1.55,1052,0.92,0.5,2510,0,4,1040;1041;1051;1052,CHECK
9402,65,lower,R1C3,Bi-207-9176,-0.13,-7.61,1068,0.92,0.6,1542,1,4,1068;1069;1080;1081,CHECK
9402,65,lower,R2C1,Sn-113-9183,-4.63,5.38,1085,0.9,11.7,22816,7,7,1073;1074;1084;1085;1086;1095;1096,
9402,65,lower,R2C2,Cd-109-9178,-6.13,-2.41,1100,0.9,3.5,4653,4,4,1089;1090;1099;1100,
9402,65,lower,R2C3,Ce-139-9179,-6.13,-7.61,1112,0.92,0.8,186,0,3,1102;1111;1112,CHECK
9402,66,upper,R1C1,Bi-207-8890,7.45,8.92,,,,,0,0,,CHECK
9402,66,upper,R1C2,Bi-207-9177,7.45,1.99,115,0.93,0.3,180,0,4,106;107;115;116,CHECK
9402,66,upper,R1C3,Bi-207-9176,7.45,-4.94,127,0.84,0.9,336,0,4,119;120;126;127,CHECK
9402,66,upper,R2C1,Sn-113-9183,2.95,8.05,83,0.93,5.1,1058,1,5,71;72;83;84;94,CHECK
9402,66,upper,R2C2,Cd-109-9178,1.45,1.99,87,0.84,16.9,49402,7,6,76;86;87;88;97;98,
9402,66,upper,R2C3,Ce-139-9179,2.95,-5.8,91,0.93,1.1,1827,1,5,80;91;92;101;102,CHECK
9402,66,lower,R1C1,Bi-207-8890,8.81,6.64,,,,,0,0,,CHECK
9402,66,lower,R1C2,Bi-207-9177,8.21,0.05,1004,0.06,23.1,509,3,3,1004;1011;1012,
9402,66,lower,R1C3,Bi-207-9176,6.71,-6.01,1015,0.06,0.4,441,0,4,1007;1014;1015;1023,CHECK
9402,66,lower,R2C1,Sn-113-9183,2.21,6.98,1036,0.06,0.3,218,0,3,1026;1036;1037,CHECK
9402,66,lower,R2C2,Cd-109-9178,0.71,-0.81,1052,0.06,0.8,3959,2,5,1039;1040;1041;1051;1052,CHECK
9402,66,lower,R2C3,Ce-139-9179,0.71,-6.01,1055,0.06,0.6,1663,2,5,1033;1043;1044;1054;1055,CHECK
9402,67,upper,R1C1,Bi-207-8890,6.65,7.89,,,,,0,0,,CHECK
9402,67,upper,R1C2,Bi-207-9177,6.65,0.96,116,0.14,0.5,897,0,4,107;108;116;117,CHECK
9402,67,upper,R1C3,Bi-207-9176,6.65,-5.97,120,0.14,0.7,732,0,5,111;112;119;120;127,CHECK
9402,67,upper,R2C1,Sn-113-9183,2.15,7.02,84,0.14,6.0,7081,4,4,83;84;94;95,
9402,67,upper,R2C2,Cd-109-9178,0.65,0.96,76,0.14,2.7,13561,4,4,76;77;87;88,
9402,67,upper,R2C3,Ce-139-9179,2.15,-6.84,92,0.14,2.7,2425,3,6,80;81;91;92;102;103,
9402,67,lower,R1C1,Bi-207-8890,8.8,6.44,,,,,0,0,,CHECK
9402,67,lower,R1C2,Bi-207-9177,8.2,-0.14,1004,0.15,20.1,442,2,3,1004;1011;1012,
9402,67,lower,R1C3,Bi-207-9176,6.7,-6.2,1015,0.15,0.4,475,0,4,1007;1014;1015;1023,CHECK
9402,67,lower,R2C1,Sn-113-9183,2.2,6.79,1036,0.15,1.5,1207,2,4,1026;1027;1036;1037,CHECK
9402,67,lower,R2C2,Cd-109-9178,0.7,-1.01,1052,0.15,3.2,15426,4,5,1030;1040;1041;1051;1052,
9402,67,lower,R2C3,Ce-139-9179,0.7,-6.2,1055,0.15,0.7,1939,1,5,1043;1044;1045;1055;1056,CHECK
9402,68,upper,R1C3,Bi-207-9176,6.6,-7.78,,,,,0,0,,CHECK
9402,68,upper,R2C3,Ce-139-9179,2.1,-8.65,,,,,0,0,,CHECK
9402,68,upper,R1C1,Bi-207-8890,6.6,6.07,113,0.15,1.0,47,1,4,104;105;113;114,CHECK
9402,68,upper,R1C2,Bi-207-9177,6.6,-0.86,117,0.15,0.7,2168,0,4,108;109;117;118,CHECK
9402,68,upper,R2C1,Sn-113-9183,2.1,5.21,85,0.15,5.6,8711,4,4,84;85;95;96,
9402,68,upper,R2C2,Cd-109-9178,0.6,-0.86,77,0.15,2.9,14134,4,4,77;78;88;89,
9402,68,lower,R1C1,Bi-207-8890,10.28,4.97,,,,,0,0,,CHECK
9402,68,lower,R1C2,Bi-207-9177,9.68,-1.62,,,,,0,0,,CHECK
9402,68,lower,R1C3,Bi-207-9176,8.18,-7.68,,,,,0,0,,CHECK
9402,68,lower,R2C1,Sn-113-9183,3.68,5.31,1027,0.98,12.2,14391,4,5,1017;1026;1027;1037;1038,CHECK
9402,68,lower,R2C2,Cd-109-9178,2.18,-2.48,1041,0.75,27.4,97747,7,7,1030;1031;1040;1041;1042;1052;1053,
9402,68,lower,R2C3,Ce-139-9179,2.18,-7.68,1045,0.98,31.8,17960,1,4,1034;1044;1045;1056,CHECK
9402,69,upper,R1C1,Bi-207-8890,8.19,8.68,,,,,0,0,,CHECK
9402,69,upper,R1C2,Bi-207-9177,8.19,1.75,,,,,0,0,,CHECK
9402,69,upper,R1C3,Bi-207-9176,8.19,-5.17,127,0.07,1.0,366,0,4,119;120;126;127,CHECK
9402,69,upper,R2C1,Sn-113-9183,3.69,7.82,94,0.07,0.6,191,0,5,83;84;94;95;104,CHECK
9402,69,upper,R2C2,Cd-109-9178,2.19,1.75,87,0.07,4.8,13885,4,5,86;87;97;98;107,
9402,69,upper,R2C3,Ce-139-9179,3.69,-6.04,102,0.07,0.6,1926,1,5,91;101;102;111;112,CHECK
9402,69,lower,R1C1,Bi-207-8890,11.01,7.84,,,,,0,0,,CHECK
9402,69,lower,R1C2,Bi-207-9177,10.41,1.26,,,,,0,0,,CHECK
9402,69,lower,R2C1,Sn-113-9183,4.41,8.19,,,,,0,0,,CHECK
9402,69,lower,R1C3,Bi-207-9176,8.91,-4.8,1007,0.77,0.3,127,0,3,1007;1014;1015,CHECK
9402,69,lower,R2C2,Cd-109-9178,2.91,0.39,1029,0.96,39.2,98825,7,6,1019;1020;1028;1029;1030;1039,CHECK
9402,69,lower,R2C3,Ce-139-9179,2.91,-4.8,1032,0.96,0.6,1580,0,4,1022;1023;1032;1033,CHECK
9402,70,upper,R1C1,Bi-207-8890,8.89,7.63,,,,,0,0,,CHECK
9402,70,upper,R1C2,Bi-207-9177,8.89,0.7,,,,,0,0,,CHECK
9402,70,upper,R1C3,Bi-207-9176,8.89,-6.23,,,,,0,0,,CHECK
9402,70,upper,R2C1,Sn-113-9183,4.39,6.76,104,0.88,4.1,388,5,4,94;95;104;105,
9402,70,upper,R2C2,Cd-109-9178,2.89,0.7,98,0.88,19.1,46381,6,5,88;98;99;107;108,
9402,70,upper,R2C3,Ce-139-9179,4.39,-7.1,103,0.94,2.9,2113,1,4,92;102;103;112,CHECK
9402,70,lower,R1C1,Bi-207-8890,10.99,5.12,,,,,0,0,,CHECK
9402,70,lower,R1C2,Bi-207-9177,10.39,-1.46,,,,,0,0,,CHECK
9402,70,lower,R1C3,Bi-207-9176,8.89,-7.52,,,,,0,0,,CHECK
9402,70,lower,R2C1,Sn-113-9183,4.39,5.47,1017,0.9,7.6,7425,2,5,1009;1017;1018;1026;1027,
9402,70,lower,R2C2,Cd-109-9178,2.89,-2.32,1031,0.9,8.5,24076,4,4,1021;1030;1031;1041,
9402,70,lower,R2C3,Ce-139-9179,2.89,-7.52,1034,0.9,10.1,15906,3,5,1024;1033;1034;1044;1045,
9402,71,upper,R1C3,Bi-207-9176,6.84,-7.79,,,,,0,0,,CHECK
9402,71,upper,R2C3,Ce-139-9179,2.34,-8.66,,,,,0,0,,CHECK
9402,71,upper,R1C1,Bi-207-8890,6.84,6.06,113,0.09,7.3,351,4,3,104;105;113,
9402,71,upper,R1C2,Bi-207-9177,6.84,-0.87,117,0.09,1.0,3102,2,3,108;109;117,CHECK
9402,71,upper,R2C1,Sn-113-9183,2.34,5.2,85,0.09,3.8,5877,4,4,84;85;95;96,
9402,71,upper,R2C2,Cd-109-9178,0.84,-0.87,77,0.09,0.2,729,1,5,77;78;88;89;99,CHECK
9402,71,lower,R1C1,Bi-207-8890,10.98,4.65,,,,,0,0,,CHECK
9402,71,lower,R1C2,Bi-207-9177,10.38,-1.93,,,,,0,0,,CHECK
9402,71,lower,R1C3,Bi-207-9176,8.88,-8.0,,,,,0,0,,CHECK
9402,71,lower,R2C1,Sn-113-9183,4.38,4.99,1027,0.91,17.5,20522,4,4,1017;1018;1026;1027,
9402,71,lower,R2C2,Cd-109-9178,2.88,-2.8,1031,0.89,33.6,94967,7,7,1021;1022;1030;1031;1032;1041;1042,
9402,71,lower,R2C3,Ce-139-9179,2.88,-8.0,1034,0.89,10.9,17060,2,5,1024;1033;1034;1044;1045,
9402,72,upper,R1C1,Bi-207-8890,7.67,9.15,,,,,0,0,,CHECK
9402,72,upper,R1C2,Bi-207-9177,7.67,2.22,115,0.99,13.4,8327,4,4,106;107;115;116,CHECK
9402,72,upper,R1C3,Bi-207-9176,7.67,-4.71,119,0.99,1.0,2346,1,3,119;120;127,CHECK
9402,72,upper,R2C1,Sn-113-9183,3.17,8.28,83,0.99,0.7,145,0,4,71;72;83;84,CHECK
9402,72,upper,R2C2,Cd-109-9178,1.67,2.22,87,0.76,0.1,429,2,3,87;97;98,CHECK
9402,72,upper,R2C3,Ce-139-9179,3.17,-5.58,102,0.76,0.9,2899,0,4,102;103;111;112,CHECK
9402,72,lower,R1C1,Bi-207-8890,12.46,7.25,,,,,0,0,,CHECK
9402,72,lower,R1C2,Bi-207-9177,11.86,0.66,,,,,0,0,,CHECK
9402,72,lower,R1C3,Bi-207-9176,10.36,-5.4,,,,,0,0,,CHECK
9402,72,lower,R2C1,Sn-113-9183,5.86,7.59,,,,,0,0,,CHECK
9402,72,lower,R2C2,Cd-109-9178,4.36,-0.2,1020,0.92,23.2,47041,6,3,1011;1019;1020,
9402,72,lower,R2C3,Ce-139-9179,4.36,-5.4,1023,0.92,7.4,18292,4,4,1014;1015;1023;1024,
9402,73,upper,R1C1,Bi-207-8890,9.62,7.86,,,,,0,0,,CHECK
9402,73,upper,R1C2,Bi-207-9177,9.62,0.93,,,,,0,0,,CHECK
9402,73,upper,R1C3,Bi-207-9176,9.62,-5.99,,,,,0,0,,CHECK
9402,73,upper,R2C1,Sn-113-9183,5.12,7.0,104,0.15,0.5,49,0,4,95;104;105;113,CHECK
9402,73,upper,R2C2,Cd-109-9178,3.62,0.93,98,0.15,4.9,11901,4,4,98;99;107;108,
9402,73,upper,R2C3,Ce-139-9179,5.12,-6.86,112,0.15,1.6,3664,2,5,102;103;111;112;120,CHECK
9402,73,lower,R1C1,Bi-207-8890,9.19,6.3,,,,,0,0,,CHECK
9402,73,lower,R1C2,Bi-207-9177,8.59,-0.28,1004,0.44,41.7,918,3,3,1004;1011;1012,
9402,73,lower,R1C3,Bi-207-9176,7.09,-6.34,1015,0.44,2.2,2339,2,3,1015;1023;1024,
9402,73,lower,R2C1,Sn-113-9183,2.59,6.65,1036,0.44,0.1,115,0,4,1026;1036;1037;1048,CHECK
9402,73,lower,R2C2,Cd-109-9178,1.09,-1.15,1052,0.44,0.1,351,0,6,1040;1041;1051;1052;1053;1065,CHECK
9402,73,lower,R2C3,Ce-139-9179,1.09,-6.34,1055,0.44,0.0,76,0,4,1043;1044;1054;1055,CHECK
9402,74,upper,R1C3,Bi-207-9176,7.57,-7.78,,,,,0,0,,CHECK
9402,74,upper,R2C3,Ce-139-9179,3.07,-8.65,,,,,0,0,,CHECK
9402,74,upper,R1C1,Bi-207-8890,7.57,6.07,113,0.82,2.5,119,2,5,104;105;113;114;121,
9402,74,upper,R1C2,Bi-207-9177,7.57,-0.86,117,0.82,5.1,15940,4,4,108;109;117;118,
9402,74,upper,R2C1,Sn-113-9183,3.07,5.21,85,0.82,0.1,106,0,4,84;85;95;96,CHECK
9402,74,upper,R2C2,Cd-109-9178,1.57,-0.86,77,0.82,0.1,711,0,6,65;76;77;78;88;89,CHECK
9402,74,lower,R1C1,Bi-207-8890,11.67,4.85,,,,,0,0,,CHECK
9402,74,lower,R1C2,Bi-207-9177,11.07,-1.73,,,,,0,0,,CHECK
9402,74,lower,R1C3,Bi-207-9176,9.57,-7.8,,,,,0,0,,CHECK
9402,74,lower,R2C1,Sn-113-9183,5.07,5.2,1017,0.18,11.7,11429,3,3,1009;1017;1018,
9402,74,lower,R2C2,Cd-109-9178,3.57,-2.6,1031,0.18,4.6,13110,4,5,1013;1021;1022;1030;1031,
9402,74,lower,R2C3,Ce-139-9179,3.57,-7.8,1034,0.18,0.2,323,0,3,1024;1033;1034,CHECK
9402,75,upper,R1C1,Bi-207-8890,7.65,9.14,,,,,0,0,,CHECK
9402,75,upper,R1C2,Bi-207-9177,7.65,2.21,115,0.98,29.8,18547,4,5,106;107;114;115;116,CHECK
9402,75,upper,R1C3,Bi-207-9176,7.65,-4.72,127,0.76,5.8,2215,2,4,119;120;126;127,
9402,75,upper,R2C1,Sn-113-9183,3.15,8.27,83,0.98,0.7,137,0,4,71;72;83;84,CHECK
9402,75,upper,R2C2,Cd-109-9178,1.65,2.21,87,0.76,0.1,329,0,5,75;76;87;88;98,CHECK
9402,75,upper,R2C3,Ce-139-9179,3.15,-5.58,102,0.76,0.2,757,0,4,102;103;111;112,CHECK
9402,75,lower,R1C1,Bi-207-8890,9.65,6.68,,,,,0,0,,CHECK
9402,75,lower,R1C2,Bi-207-9177,9.05,0.1,1004,0.81,70.1,1542,3,3,1004;1011;1012,
9402,75,lower,R1C3,Bi-207-9176,7.55,-5.96,1015,0.81,16.3,17653,3,4,1007;1014;1015;1023,
9402,75,lower,R2C1,Sn-113-9183,3.05,7.03,1036,0.81,0.2,128,0,4,1026;1036;1037;1048,CHECK
9402,75,lower,R2C2,Cd-109-9178,1.55,-0.77,1052,0.81,0.1,274,0,7,1040;1041;1051;1052;1053;1064;1065,CHECK
9402,75,lower,R2C3,Ce-139-9179,1.55,-5.96,1055,0.81,0.0,50,0,4,1043;1044;1054;1055,CHECK
9402,76,upper,R1C1,Bi-207-8890,7.61,7.6,,,,,0,0,,CHECK
9402,76,upper,R1C2,Bi-207-9177,7.61,0.67,116,0.88,15.0,26789,4,4,107;108;116;117,
9402,76,upper,R1C3,Bi-207-9176,7.61,-6.26,120,0.88,0.7,731,0,5,111;112;119;120;127,CHECK
9402,76,upper,R2C1,Sn-113-9183,3.11,6.73,84,0.88,0.2,194,0,4,72;83;84;94,CHECK
9402,76,upper,R2C2,Cd-109-9178,1.61,0.67,88,0.93,0.2,836,0,6,76;77;87;88;89;99,CHECK
9402,76,upper,R2C3,Ce-139-9179,3.11,-7.12,103,0.93,0.3,234,0,3,92;102;103,CHECK
9402,76,lower,R1C1,Bi-207-8890,12.39,5.73,,,,,0,0,,CHECK
9402,76,lower,R1C2,Bi-207-9177,11.79,-0.85,,,,,0,0,,CHECK
9402,76,lower,R1C3,Bi-207-9176,10.29,-6.92,,,,,0,0,,CHECK
9402,76,lower,R2C1,Sn-113-9183,5.79,6.08,,,,,0,0,,CHECK
9402,76,lower,R2C2,Cd-109-9178,4.29,-1.72,1021,0.96,4.3,9604,4,4,1012;1013;1020;1021,CHECK
9402,76,lower,R2C3,Ce-139-9179,4.29,-6.92,1024,0.96,0.2,421,0,4,1015;1023;1024;1033,CHECK
9402,77,upper,R1C1,Bi-207-8890,9.31,6.32,,,,,0,0,,CHECK
9402,77,upper,R1C2,Bi-207-9177,9.31,-0.61,,,,,0,0,,CHECK
9402,77,upper,R1C3,Bi-207-9176,9.31,-7.54,,,,,0,0,,CHECK
9402,77,upper,R2C3,Ce-139-9179,4.81,-8.4,,,,,0,0,,CHECK
9402,77,upper,R2C1,Sn-113-9183,4.81,5.45,105,0.51,0.3,203,0,4,104;105;113;114,CHECK
9402,77,upper,R2C2,Cd-109-9178,3.31,-0.61,99,0.51,0.3,956,0,4,98;99;108;109,CHECK
9402,77,lower,R1C1,Bi-207-8890,12.37,4.04,,,,,0,0,,CHECK
9402,77,lower,R1C2,Bi-207-9177,11.77,-2.55,,,,,0,0,,CHECK
9402,77,lower,R1C3,Bi-207-9176,10.27,-8.61,,,,,0,0,,CHECK
9402,77,lower,R2C1,Sn-113-9183,5.77,4.38,1009,0.98,41.1,21401,1,4,1009;1010;1017;1018,CHECK
9402,77,lower,R2C2,Cd-109-9178,4.27,-3.41,1022,0.98,0.2,582,1,5,1012;1013;1014;1021;1022,CHECK
9402,77,lower,R2C3,Ce-139-9179,4.27,-8.61,1034,0.97,0.5,768,0,4,1024;1033;1034;1044,CHECK
9402,78,upper,R1C1,Bi-207-8890,-0.74,6.96,60,0.03,122.0,211756,7,4,47;48;59;60,
9402,78,upper,R1C2,Bi-207-9177,-0.74,0.03,64,0.03,44.6,191057,7,4,51;52;64;65,
9402,78,upper,R1C3,Bi-207-9176,-0.74,-6.9,68,0.03,106.2,147318,7,4,55;56;68;69,
9402,78,upper,R2C1,Sn-113-9183,-5.24,6.09,26,0.03,12.9,5337,6,4,25;26;36;37,
9402,78,upper,R2C2,Cd-109-9178,-6.74,0.03,20,0.03,162.3,114753,7,7,3;4;10;11;12;19;20,
9402,78,upper,R2C3,Ce-139-9179,-5.24,-7.76,34,0.03,34.5,17471,5,4,33;34;44;45,
9402,78,lower,R1C1,Bi-207-8890,1.43,5.67,1048,0.79,22.9,56559,7,5,1047;1048;1060;1061;1073,
9402,78,lower,R1C2,Bi-207-9177,0.83,-0.91,1052,0.09,9.8,47849,7,4,1052;1064;1065;1077,
9402,78,lower,R1C3,Bi-207-9176,-0.67,-6.97,1068,0.09,173.6,464839,7,3,1068;1080;1081,
9402,78,lower,R2C1,Sn-113-9183,-5.17,6.02,1095,0.09,11.4,9864,6,5,1084;1085;1094;1095;1096,
9402,78,lower,R2C2,Cd-109-9178,-6.67,-1.78,1109,0.09,686.5,385837,7,4,1108;1109;1117;1118,
9402,78,lower,R2C3,Ce-139-9179,-6.67,-6.97,1112,0.09,24.0,5902,3,3,1102;1111;1112,
9402,79,upper,R1C1,Bi-207-8890,0.72,7.69,72,0.11,250.8,371919,7,7,59;60;71;72;73;83;84,
9402,79,upper,R1C2,Bi-207-9177,0.72,0.76,76,0.11,89.4,442922,7,5,64;76;77;87;88,
9402,79,upper,R1C3,Bi-207-9176,0.72,-6.17,80,0.11,170.0,386220,7,5,68;80;81;91;92,
9402,79,upper,R2C1,Sn-113-9183,-3.78,6.82,36,0.11,89.1,32444,7,4,25;26;35;36,
9402,79,upper,R2C2,Cd-109-9178,-5.28,0.76,29,0.11,804.7,1878913,7,4,19;20;29;30,
9402,79,upper,R2C3,Ce-139-9179,-3.78,-7.04,44,0.11,66.2,63373,7,4,33;34;44;45,
9402,79,lower,R1C1,Bi-207-8890,2.82,6.53,1036,0.7,196.2,160324,5,4,1036;1037;1047;1048,
9402,79,lower,R1C2,Bi-207-9177,2.22,-0.05,1040,0.06,97.7,402558,7,4,1040;1041;1051;1052,
9402,79,lower,R1C3,Bi-207-9176,0.72,-6.11,1055,0.06,323.2,843108,7,4,1043;1044;1055;1056,
9402,79,lower,R2C1,Sn-113-9183,-3.78,6.88,1084,0.06,258.4,286042,6,4,1084;1085;1094;1095,
9402,79,lower,R2C2,Cd-109-9178,-5.28,-0.92,1099,0.06,1642.4,3964758,7,5,1098;1099;1100;1108;1109,
9402,79,lower,R2C3,Ce-139-9179,-5.28,-6.11,1102,0.06,305.9,592000,6,3,1102;1111;1112,
9402,80,upper,R1C1,Bi-207-8890,3.69,7.91,94,0.13,336.9,114551,5,4,84;94;95;104,
9402,80,upper,R1C2,Bi-207-9177,3.69,0.99,98,0.13,164.9,400285,7,5,88;98;99;107;108,
9402,80,upper,R1C3,Bi-207-9176,3.69,-5.94,102,0.13,96.0,293386,7,4,92;102;103;112,
9402,80,upper,R2C1,Sn-113-9183,-0.81,7.05,60,0.13,89.8,155858,7,4,47;48;59;60,
9402,80,upper,R2C2,Cd-109-9178,-2.31,0.99,51,0.13,76.9,2325452,7,4,40;51;52;64,
9402,80,upper,R2C3,Ce-139-9179,-0.81,-6.81,68,0.13,52.7,73105,7,4,55;56;68;69,
9402,80,lower,R1C1,Bi-207-8890,5.71,4.89,1017,0.55,870.1,851793,5,3,1017;1026;1027,
9402,80,lower,R1C2,Bi-207-9177,5.11,-1.69,1021,0.15,120.0,267838,7,4,1020;1021;1030;1031,
9402,80,lower,R1C3,Bi-207-9176,3.61,-7.75,1034,0.15,473.0,743066,5,4,1024;1033;1034;1044,
9402,80,lower,R2C1,Sn-113-9183,-0.89,5.24,1061,0.15,49.5,185366,7,4,1060;1061;1073;1074,
9402,80,lower,R2C2,Cd-109-9178,-2.39,-2.56,1078,0.15,170.6,437166,7,4,1065;1077;1078;1089,
9402,80,lower,R2C3,Ce-139-9179,-2.39,-7.75,1081,0.15,460.4,389517,5,4,1068;1080;1081;1092,
9402,81,upper,R2C1,Sn-113-9183,-7.47,6.62,,,,,0,0,,CHECK
9402,81,upper,R1C1,Bi-207-8890,-2.97,7.48,36,0.96,25.2,9174,7,4,25;26;35;36,CHECK
9402,81,upper,R1C2,Bi-207-9177,-2.97,0.55,40,0.96,8.3,33862,5,4,29;30;39;40,CHECK
9402,81,upper,R1C3,Bi-207-9176,-2.97,-6.37,44,0.96,19.8,18964,5,5,43;44;45;55;56,CHECK
9402,81,upper,R2C2,Cd-109-9178,-8.97,0.55,11,0.78,11.1,2443,7,4,11;12;19;20,
9402,81,upper,R2C3,Ce-139-9179,-7.47,-7.24,24,0.78,23.5,23033,5,4,23;24;33;34,
9402,81,lower,R1C1,Bi-207-8890,0.79,6.31,1048,0.25,0.2,396,0,4,1036;1037;1047;1048,CHECK
9402,81,lower,R1C2,Bi-207-9177,0.19,-0.27,1052,0.82,0.4,2119,0,7,1040;1041;1051;1052;1053;1064;1065,CHECK
9402,81,lower,R1C3,Bi-207-9176,-1.31,-6.34,1080,0.98,2.9,7356,4,4,1080;1081;1091;1092,CHECK
9402,81,lower,R2C1,Sn-113-9183,-5.81,6.65,1095,0.82,204.9,176584,6,4,1084;1085;1094;1095,
9402,81,lower,R2C2,Cd-109-9178,-7.31,-1.14,1109,0.82,34.9,19598,7,4,1099;1100;1108;1109,
9402,81,lower,R2C3,Ce-139-9179,-7.31,-6.34,1112,0.82,83.2,20476,3,3,1102;1111;1112,
9407,0,upper,R1C1,Bi-207-8890,1.56,5.69,85,0.85,43.5,67567,7,5,84;85;86;95;96,
9407,0,upper,R1C2,Bi-207-9177,1.56,-1.24,89,0.85,17.2,70430,7,4,78;89;90;100,
9407,0,upper,R1C3,Bi-207-9176,1.56,-8.17,81,0.89,12.9,13976,2,4,68;80;81;92,
9407,0,upper,R2C1,Sn-113-9183,-2.94,4.82,37,0.89,50.1,58171,7,5,26;27;36;37;38,
9407,0,upper,R2C2,Cd-109-9178,-4.44,-1.24,41,0.85,106.8,308523,7,5,30;31;41;42;53,
9407,0,upper,R2C3,Ce-139-9179,-2.94,-9.04,45,0.89,6.0,2027,4,4,34;44;45;56,
9407,0,lower,R2C3,Ce-139-9179,-3.68,-8.53,,,,,0,0,,CHECK
9407,0,lower,R1C1,Bi-207-8890,4.42,4.11,1027,0.71,53.3,62702,7,4,1027;1028;1037;1038,
9407,0,lower,R1C2,Bi-207-9177,3.82,-2.47,1031,0.15,21.5,60860,7,4,1031;1032;1041;1042,
9407,0,lower,R1C3,Bi-207-9176,2.32,-8.53,1045,0.15,224.3,126491,4,4,1034;1044;1045;1056,
9407,0,lower,R2C1,Sn-113-9183,-2.18,4.46,1074,0.15,14.0,47607,5,4,1074;1075;1085;1086,
9407,0,lower,R2C2,Cd-109-9178,-3.68,-3.34,1090,0.15,279.2,611397,7,6,1078;1089;1090;1091;1100;1101,
9407,1,upper,R1C1,Bi-207-8890,0.73,7.82,72,0.03,42.3,62658,7,5,59;60;71;72;83,
9407,1,upper,R1C2,Bi-207-9177,0.73,0.89,76,0.03,9.6,47383,7,4,63;64;75;76,
9407,1,upper,R1C3,Bi-207-9176,0.73,-6.04,80,0.03,13.5,30646,7,7,67;68;79;80;81;91;92,
9407,1,upper,R2C1,Sn-113-9183,-3.77,6.95,36,0.03,1.1,414,4,4,35;36;47;48,CHECK
9407,1,upper,R2C2,Cd-109-9178,-5.27,0.89,29,0.03,38.4,89745,7,4,19;20;28;29,
9407,1,upper,R2C3,Ce-139-9179,-3.77,-6.9,44,0.03,20.3,19488,7,4,33;34;44;45,
9407,1,lower,R1C1,Bi-207-8890,2.83,6.65,1036,0.64,31.1,25405,5,3,1036;1047;1048,
9407,1,lower,R1C2,Bi-207-9177,2.23,0.07,1040,0.07,6.6,27209,5,4,1039;1040;1051;1052,
9407,1,lower,R1C3,Bi-207-9176,0.73,-5.99,1055,0.07,66.6,173715,7,7,1043;1044;1054;1055;1056;1067;1068,
9407,1,lower,R2C1,Sn-113-9183,-3.77,7.0,1084,0.07,17.4,19316,6,3,1084;1094;1095,
9407,1,lower,R2C2,Cd-109-9178,-5.27,-0.8,1099,0.07,27.4,66033,5,5,1088;1098;1099;1107;1108,
9407,1,lower,R2C3,Ce-139-9179,-5.27,-5.99,1102,0.07,62.7,121239,6,3,1102;1111;1112,
9407,2,upper,R1C1,Bi-207-8890,0.72,9.5,71,0.04,5.0,646,3,3,71;72;83,
9407,2,upper,R1C2,Bi-207-9177,0.72,2.57,75,0.04,9.5,27967,5,4,74;75;86;87,
9407,2,upper,R1C3,Bi-207-9176,0.72,-4.35,79,0.04,10.1,29116,6,3,79;90;91,
9407,2,upper,R2C1,Sn-113-9183,-3.78,8.64,35,0.04,3.9,269,2,4,25;35;36;47,
9407,2,upper,R2C2,Cd-109-9178,-5.28,2.57,28,0.04,62.4,70364,5,4,27;28;38;39,
9407,2,upper,R2C3,Ce-139-9179,-3.78,-5.22,43,0.04,6.8,19868,7,5,32;33;42;43;54,
9407,2,lower,R1C1,Bi-207-8890,4.47,8.38,,,,,0,0,,CHECK
9407,2,lower,R1C2,Bi-207-9177,3.87,1.8,1028,0.81,31.2,62294,7,4,1028;1029;1038;1039,
9407,2,lower,R1C3,Bi-207-9176,2.37,-4.26,1042,0.81,49.5,155711,7,5,1031;1032;1042;1043;1054,
9407,2,lower,R2C1,Sn-113-9183,-2.13,8.73,1072,0.94,9.0,8789,2,5,1059;1060;1072;1073;1084,
9407,2,lower,R2C2,Cd-109-9178,-3.63,0.93,1087,0.81,160.2,482346,7,5,1075;1086;1087;1097;1098,
9407,2,lower,R2C3,Ce-139-9179,-3.63,-4.26,1090,0.81,44.8,98007,7,5,1079;1090;1091;1100;1101,
9407,3,upper,R1C1,Bi-207-8890,-1.38,6.45,48,0.95,29.0,68240,7,4,47;48;60;61,CHECK
9407,3,upper,R1C2,Bi-207-9177,-1.38,-0.48,52,0.95,10.1,53925,7,4,40;41;52;53,CHECK
9407,3,upper,R1C3,Bi-207-9176,-1.38,-7.41,56,0.95,10.0,3880,5,4,55;56;68;69,CHECK
9407,3,upper,R2C1,Sn-113-9183,-5.88,5.58,26,0.79,8.4,3481,5,3,26;36;37,
9407,3,upper,R2C2,Cd-109-9178,-7.38,-0.48,12,0.95,2.7,636,5,5,4;5;11;12;20,CHECK
9407,3,upper,R2C3,Ce-139-9179,-5.88,-8.28,34,0.79,5.3,2704,4,4,33;34;44;45,
9407,3,lower,R2C3,Ce-139-9179,-8.26,-7.65,,,,,0,0,,CHECK
9407,3,lower,R1C1,Bi-207-8890,-0.16,5.0,1061,0.62,11.6,43356,5,3,1061;1073;1074,
9407,3,lower,R1C2,Bi-207-9177,-0.76,-1.59,1065,0.15,8.8,32995,5,4,1065;1077;1078;1089,
9407,3,lower,R1C3,Bi-207-9176,-2.26,-7.65,1081,0.15,197.6,167186,5,5,1068;1069;1080;1081;1092,
9407,3,lower,R2C1,Sn-113-9183,-6.76,5.34,1105,0.15,14.1,3438,4,4,1095;1096;1105;1106,
9407,3,lower,R2C2,Cd-109-9178,-8.26,-2.45,1118,0.15,237.5,59850,4,4,1108;1109;1117;1118,
9407,4,upper,R1C1,Bi-207-8890,-0.14,9.78,71,0.93,4.7,607,4,4,59;71;72;83,
9407,4,upper,R1C2,Bi-207-9177,-0.14,2.85,62,0.86,9.2,29591,5,4,49;50;62;63,
9407,4,upper,R1C3,Bi-207-9176,-0.14,-4.07,66,0.86,8.9,29860,6,4,53;54;65;66,
9407,4,upper,R2C1,Sn-113-9183,-4.64,8.92,35,0.93,2.1,144,2,4,25;35;36;47,
9407,4,upper,R2C2,Cd-109-9178,-6.14,2.85,18,0.86,46.8,20869,5,5,2;9;10;18;19,
9407,4,upper,R2C3,Ce-139-9179,-4.64,-4.94,43,0.93,6.0,17673,5,4,42;43;44;55,
9407,4,lower,R2C1,Sn-113-9183,-6.63,8.68,,,,,0,0,,CHECK
9407,4,lower,R1C1,Bi-207-8890,-0.03,8.33,1059,0.8,197.8,86248,4,4,1047;1059;1060;1072,
9407,4,lower,R1C2,Bi-207-9177,-0.63,1.75,1063,0.13,20.3,70728,6,4,1062;1063;1075;1076,
9407,4,lower,R1C3,Bi-207-9176,-2.13,-4.31,1079,0.13,59.3,147186,7,5,1066;1067;1078;1079;1090,
9407,4,lower,R2C2,Cd-109-9178,-8.13,0.88,1116,0.13,287.2,89602,5,4,1106;1107;1115;1116,
9407,4,lower,R2C3,Ce-139-9179,-8.13,-4.31,1119,0.13,563.8,121219,5,5,1110;1111;1118;1119;1127,
9407,5,upper,R1C1,Bi-207-8890,-0.13,7.4,60,0.78,32.3,56103,7,4,47;48;59;60,
9407,5,upper,R1C2,Bi-207-9177,-0.13,0.47,64,0.78,9.4,40196,7,5,51;52;64;65;77,
9407,5,upper,R1C3,Bi-207-9176,-0.13,-6.45,68,0.78,17.3,23944,7,4,55;56;68;69,
9407,5,upper,R2C1,Sn-113-9183,-4.63,6.54,36,0.97,26.8,9766,6,3,25;35;36,CHECK
9407,5,upper,R2C2,Cd-109-9178,-6.13,0.47,20,0.78,66.7,47166,7,5,4;11;12;19;20,
9407,5,upper,R2C3,Ce-139-9179,-4.63,-7.32,44,0.97,15.1,14508,6,4,33;34;44;45,CHECK
9407,5,lower,R1C1,Bi-207-8890,1.29,5.86,1048,0.57,10.6,26212,5,3,1048;1060;1061,
9407,5,lower,R1C2,Bi-207-9177,0.69,-0.72,1052,0.16,3.9,18823,5,4,1052;1064;1065;1077,
9407,5,lower,R1C3,Bi-207-9176,-0.81,-6.78,1068,0.16,60.1,160891,7,4,1068;1069;1080;1081,
9407,5,lower,R2C1,Sn-113-9183,-5.31,6.21,1095,0.16,13.6,11686,5,4,1095;1096;1105;1106,
9407,5,lower,R2C2,Cd-109-9178,-6.81,-1.59,1109,0.16,134.1,75374,7,5,1108;1109;1116;1117;1118,
9407,5,lower,R2C3,Ce-139-9179,-6.81,-6.78,1112,0.16,2.6,633,1,3,1102;1111;1112,CHECK
9407,6,upper,R1C1,Bi-207-8890,0.7,5.97,73,0.11,9.5,21761,7,5,60;61;73;74;85,
9407,6,upper,R1C2,Bi-207-9177,0.7,-0.96,77,0.11,5.2,24907,5,4,64;65;77;78,
9407,6,upper,R1C3,Bi-207-9176,0.7,-7.89,81,0.11,4.8,5191,4,4,68;69;80;81,
9407,6,upper,R2C1,Sn-113-9183,-3.8,5.1,37,0.11,11.9,13868,6,3,26;27;37,
9407,6,upper,R2C2,Cd-109-9178,-5.3,-0.96,30,0.11,40.1,82162,5,5,20;21;22;30;31,
9407,6,upper,R2C3,Ce-139-9179,-3.8,-8.75,45,0.11,6.1,2049,4,4,34;44;45;56,
9407,6,lower,R2C3,Ce-139-9179,-6.73,-8.65,,,,,0,0,,CHECK
9407,6,lower,R1C1,Bi-207-8890,1.37,3.99,1049,0.71,36.9,127228,7,4,1049;1050;1061;1062,
9407,6,lower,R1C2,Bi-207-9177,0.77,-2.59,1053,0.02,29.2,131568,7,4,1053;1054;1065;1066,
9407,6,lower,R1C3,Bi-207-9176,-0.73,-8.65,1069,0.02,112.8,95082,4,4,1056;1068;1069;1081,
9407,6,lower,R2C1,Sn-113-9183,-5.23,4.34,1096,0.02,113.0,135702,7,4,1096;1097;1105;1106,
9407,6,lower,R2C2,Cd-109-9178,-6.73,-3.46,1110,0.02,310.8,148269,7,4,1100;1101;1109;1110,
9407,7,upper,R1C1,Bi-207-8890,2.29,6.92,84,0.04,48.6,57434,7,4,84;85;94;95,
9407,7,upper,R1C2,Bi-207-9177,2.29,-0.01,88,0.04,15.1,68654,7,5,77;88;89;98;99,
9407,7,upper,R1C3,Bi-207-9176,2.29,-6.94,92,0.04,48.7,43032,6,5,81;91;92;102;103,
9407,7,upper,R2C1,Sn-113-9183,-2.21,6.05,48,0.04,9.4,22121,6,4,36;37;47;48,
9407,7,upper,R2C2,Cd-109-9178,-3.71,-0.01,40,0.04,78.2,320176,7,5,29;30;40;41;52,
9407,7,upper,R2C3,Ce-139-9179,-2.21,-7.8,56,0.04,3.4,1330,3,4,44;45;55;56,
9407,7,lower,R1C1,Bi-207-8890,4.36,5.75,1026,0.68,104.5,46496,5,4,1017;1026;1027;1037,
9407,7,lower,R1C2,Bi-207-9177,3.76,-0.83,1030,0.04,21.5,75008,7,4,1030;1031;1040;1041,
9407,7,lower,R1C3,Bi-207-9176,2.26,-6.89,1044,0.04,47.6,105828,7,4,1034;1044;1045;1056,
9407,7,lower,R2C1,Sn-113-9183,-2.24,6.1,1073,0.04,18.5,54558,5,4,1073;1074;1084;1085,
9407,7,lower,R2C2,Cd-109-9178,-3.74,-1.7,1089,0.04,259.1,718807,7,7,1077;1078;1088;1089;1090;1099;1100,
9407,7,lower,R2C3,Ce-139-9179,-3.74,-6.89,1092,0.04,30.9,58676,5,3,1080;1081;1092,
9407,8,upper,R1C1,Bi-207-8890,2.36,8.55,83,0.15,86.2,17755,5,5,71;72;83;84;94,
9407,8,upper,R1C2,Bi-207-9177,2.36,1.62,87,0.15,25.0,72868,7,5,86;87;88;97;98,
9407,8,upper,R1C3,Bi-207-9176,2.36,-5.3,91,0.15,45.4,72725,7,6,79;80;91;92;101;102,
9407,8,upper,R2C1,Sn-113-9183,-2.14,7.69,47,0.15,40.5,32401,6,3,35;36;47,
9407,8,upper,R2C2,Cd-109-9178,-3.64,1.62,39,0.15,108.4,314138,7,5,28;29;38;39;40,
9407,8,upper,R2C3,Ce-139-9179,-2.14,-6.17,55,0.15,9.9,17826,7,5,43;44;54;55;56,
9407,8,lower,R1C1,Bi-207-8890,4.38,6.76,1026,0.94,38.8,17250,5,4,1017;1026;1027;1037,
9407,8,lower,R1C2,Bi-207-9177,3.78,0.17,1029,0.69,44.2,111253,7,5,1028;1029;1030;1039;1040,
9407,8,lower,R1C3,Bi-207-9176,2.28,-5.89,1043,0.69,79.5,146437,7,7,1032;1033;1042;1043;1044;1054;1055,
9407,8,lower,R2C1,Sn-113-9183,-2.22,7.1,1072,0.69,112.7,109627,5,4,1060;1072;1073;1084,
9407,8,lower,R2C2,Cd-109-9178,-3.72,-0.69,1088,0.69,83.3,403326,7,5,1076;1077;1087;1088;1098,
9407,8,lower,R2C3,Ce-139-9179,-3.72,-5.89,1091,0.69,53.9,121753,7,7,1079;1080;1090;1091;1092;1101;1102,
9407,9,upper,R1C1,Bi-207-8890,3.75,9.53,,,,,0,0,,CHECK
9407,9,upper,R1C2,Bi-207-9177,3.75,2.6,97,0.0,18.3,36064,5,3,97;106;107,
9407,9,upper,R1C3,Bi-207-9176,3.75,-4.33,101,0.0,14.9,41399,5,5,100;101;102;110;111,
9407,9,upper,R2C1,Sn-113-9183,-0.75,8.66,59,0.0,4.7,2621,4,4,59;60;71;72,
9407,9,upper,R2C2,Cd-109-9178,-2.25,2.6,50,0.0,58.4,172760,7,4,49;50;62;63,
9407,9,upper,R2C3,Ce-139-9179,-0.75,-5.2,67,0.0,6.6,17338,7,6,54;55;66;67;68;79,
9407,9,lower,R1C1,Bi-207-8890,7.19,7.58,,,,,0,0,,CHECK
9407,9,lower,R1C2,Bi-207-9177,6.59,1.0,1011,0.21,136.6,34155,6,4,1010;1011;1019;1020,
9407,9,lower,R1C3,Bi-207-9176,5.09,-5.06,1023,0.21,70.8,175817,7,4,1014;1015;1022;1023,
9407,9,lower,R2C1,Sn-113-9183,0.59,7.93,1047,0.21,26.3,31706,4,4,1047;1059;1060;1072,
9407,9,lower,R2C2,Cd-109-9178,-0.91,0.13,1064,0.21,13.0,72037,5,6,1050;1051;1063;1064;1075;1076,
9407,9,lower,R2C3,Ce-139-9179,-0.91,-5.06,1067,0.21,45.5,126857,7,7,1054;1055;1066;1067;1068;1079;1080,
9407,10,upper,R1C1,Bi-207-8890,5.3,6.91,104,0.05,40.0,3757,5,3,104;105;113,
9407,10,upper,R1C2,Bi-207-9177,5.3,-0.02,108,0.05,8.0,22439,5,4,99;108;109;117,
9407,10,upper,R1C3,Bi-207-9176,5.3,-6.94,112,0.05,4.2,9700,4,4,102;111;112;120,
9407,10,upper,R2C1,Sn-113-9183,0.8,6.05,73,0.05,9.0,20678,6,4,60;61;73;74,
9407,10,upper,R2C2,Cd-109-9178,-0.7,-0.02,64,0.05,21.3,91193,5,4,52;64;65;77,
9407,10,upper,R2C3,Ce-139-9179,0.8,-7.81,81,0.05,0.9,955,0,4,68;80;81;92,CHECK
9407,10,lower,R1C3,Bi-207-9176,5.22,-8.71,,,,,0,0,,CHECK
9407,10,lower,R1C1,Bi-207-8890,7.32,3.94,1009,0.69,157.4,82015,4,4,1009;1010;1017;1018,
9407,10,lower,R1C2,Bi-207-9177,6.72,-2.64,1013,0.06,65.1,68845,5,4,1012;1013;1021;1022,
9407,10,lower,R2C1,Sn-113-9183,0.72,4.28,1049,0.06,20.5,70701,7,4,1048;1049;1061;1062,
9407,10,lower,R2C2,Cd-109-9178,-0.78,-3.51,1066,0.06,26.6,88127,4,5,1053;1065;1066;1077;1078,
9407,10,lower,R2C3,Ce-139-9179,-0.78,-8.71,1069,0.06,146.4,123387,3,4,1056;1068;1069;1081,
9407,11,upper,R1C1,Bi-207-8890,0.7,9.55,71,0.05,17.7,2295,4,4,59;71;72;83,
9407,11,upper,R1C2,Bi-207-9177,0.7,2.62,75,0.05,22.9,67310,7,6,62;63;75;76;86;87,
9407,11,upper,R1C3,Bi-207-9176,0.7,-4.31,79,0.05,14.8,42542,7,7,66;67;78;79;80;90;91,
9407,11,upper,R2C1,Sn-113-9183,-3.8,8.69,35,0.05,1.4,98,0,4,25;35;36;47,CHECK
9407,11,upper,R2C2,Cd-109-9178,-5.3,2.62,28,0.05,255.9,288657,7,4,18;19;27;28,
9407,11,upper,R2C3,Ce-139-9179,-3.8,-5.17,43,0.05,5.6,16370,6,4,32;33;43;44,
9407,11,lower,R1C1,Bi-207-8890,1.52,7.54,1047,0.81,130.8,157614,3,5,1036;1047;1048;1059;1060,
9407,11,lower,R1C2,Bi-207-9177,0.92,0.96,1051,0.19,32.8,141802,7,4,1039;1050;1051;1063,
9407,11,lower,R1C3,Bi-207-9176,-0.58,-5.11,1067,0.19,13.8,38446,5,4,1054;1055;1066;1067,
9407,11,lower,R2C1,Sn-113-9183,-5.08,7.88,1094,0.19,255.7,73393,3,3,1084;1094;1095,
9407,11,lower,R2C2,Cd-109-9178,-6.58,0.09,1108,0.19,32.6,35549,5,4,1097;1098;1107;1108,
9407,11,lower,R2C3,Ce-139-9179,-6.58,-5.11,1111,0.19,24.6,16849,6,4,1101;1102;1110;1111,
9407,12,upper,R1C1,Bi-207-8890,6.64,7.8,,,,,0,0,,CHECK
9407,12,upper,R1C2,Bi-207-9177,6.64,0.87,116,0.11,18.8,33455,5,4,107;108;115;116,
9407,12,upper,R1C3,Bi-207-9176,6.64,-6.06,120,0.11,9.6,9460,5,4,111;119;120;127,
9407,12,upper,R2C1,Sn-113-9183,2.14,6.93,84,0.11,19.9,23454,7,4,72;83;84;94,
9407,12,upper,R2C2,Cd-109-9178,0.64,0.87,76,0.11,61.6,304891,7,6,63;75;76;77;87;88,
9407,12,upper,R2C3,Ce-139-9179,2.14,-6.93,92,0.11,14.9,13152,5,4,80;81;91;92,
9407,12,lower,R1C1,Bi-207-8890,8.8,6.58,,,,,0,0,,CHECK
9407,12,lower,R1C2,Bi-207-9177,8.2,0.0,1004,0.05,731.3,16089,3,3,1004;1011;1012,
9407,12,lower,R1C3,Bi-207-9176,6.7,-6.06,1015,0.05,29.1,31538,5,3,1007;1014;1015,
9407,12,lower,R2C1,Sn-113-9183,2.2,6.93,1036,0.05,10.0,8209,4,3,1036;1047;1048,
9407,12,lower,R2C2,Cd-109-9178,0.7,-0.86,1052,0.05,18.5,90317,5,4,1039;1040;1051;1052,
9407,12,lower,R2C3,Ce-139-9179,0.7,-6.06,1055,0.05,45.5,118758,7,7,1043;1044;1054;1055;1056;1067;1068,
9407,13,upper,R1C1,Bi-207-8890,3.76,7.83,94,0.03,3.0,1028,5,4,84;94;95;104,
9407,13,upper,R1C2,Bi-207-9177,3.76,0.9,98,0.03,23.8,57873,7,5,97;98;99;107;108,
9407,13,upper,R1C3,Bi-207-9176,3.76,-6.03,102,0.03,9.9,30136,7,4,102;103;111;112,
9407,13,upper,R2C1,Sn-113-9183,-0.74,6.96,60,0.03,19.4,33599,7,4,47;59;60;72,
9407,13,upper,R2C2,Cd-109-9178,-2.24,0.9,51,0.03,11.0,333388,7,5,50;51;52;63;64,
9407,13,upper,R2C3,Ce-139-9179,-0.74,-6.9,68,0.03,12.0,16696,7,4,55;56;68;69,
9407,13,lower,R1C1,Bi-207-8890,5.75,5.74,1017,0.74,67.4,65955,5,5,1009;1017;1018;1026;1027,
9407,13,lower,R1C2,Bi-207-9177,5.15,-0.84,1020,0.85,88.0,178718,7,4,1011;1012;1019;1020,
9407,13,lower,R1C3,Bi-207-9176,3.65,-6.9,1034,0.9,22.3,34959,5,3,1024;1033;1034,
9407,13,lower,R2C1,Sn-113-9183,-0.85,6.09,1060,0.85,64.2,171597,7,4,1047;1059;1060;1072,
9407,13,lower,R2C2,Cd-109-9178,-2.35,-1.71,1077,0.85,16.5,87639,5,4,1064;1065;1076;1077,
9407,13,lower,R2C3,Ce-139-9179,-2.35,-6.9,1081,0.9,19.0,16098,5,4,1068;1069;1080;1081,
9407,14,upper,R1C3,Bi-207-9176,6.6,-9.42,,,,,0,0,,CHECK
9407,14,upper,R2C3,Ce-139-9179,2.1,-10.28,,,,,0,0,,CHECK
9407,14,upper,R1C1,Bi-207-8890,6.6,4.44,114,0.19,13.4,3250,6,3,113;114;121,
9407,14,upper,R1C2,Bi-207-9177,6.6,-2.49,118,0.19,18.8,31793,6,3,118;119;126,
9407,14,upper,R2C1,Sn-113-9183,2.1,3.57,86,0.19,7.6,24245,7,5,74;75;85;86;96,
9407,14,upper,R2C2,Cd-109-9178,0.6,-2.49,78,0.19,64.5,311359,7,7,65;66;77;78;79;89;90,
9407,14,lower,R1C3,Bi-207-9176,5.24,-8.69,,,,,0,0,,CHECK
9407,14,lower,R1C1,Bi-207-8890,7.34,3.95,1009,0.7,199.8,104107,3,3,1009;1010;1018,
9407,14,lower,R1C2,Bi-207-9177,6.74,-2.63,1013,0.03,145.9,154227,5,4,1013;1014;1021;1022,
9407,14,lower,R2C1,Sn-113-9183,0.74,4.3,1049,0.03,25.5,88049,7,4,1037;1038;1049;1050,
9407,14,lower,R2C2,Cd-109-9178,-0.76,-3.5,1066,0.03,26.3,87127,4,4,1053;1054;1065;1066,
9407,14,lower,R2C3,Ce-139-9179,-0.76,-8.69,1069,0.03,0.8,716,0,4,1056;1068;1069;1081,CHECK
9407,15,upper,R1C1,Bi-207-8890,0.67,6.19,73,0.16,26.5,60886,7,7,60;61;72;73;74;84;85,
9407,15,upper,R1C2,Bi-207-9177,0.67,-0.73,77,0.16,9.2,44033,7,5,64;65;76;77;78,
9407,15,upper,R1C3,Bi-207-9176,0.67,-7.66,81,0.16,19.2,20835,5,4,68;69;80;81,
9407,15,upper,R2C1,Sn-113-9183,-3.83,5.33,37,0.16,11.1,12928,7,4,26;27;36;37,
9407,15,upper,R2C2,Cd-109-9178,-5.33,-0.73,30,0.16,43.3,88765,7,5,12;20;21;29;30,
9407,15,upper,R2C3,Ce-139-9179,-3.83,-8.53,45,0.16,6.4,2162,4,4,34;44;45;56,
9407,15,lower,R1C1,Bi-207-8890,1.31,5.64,1048,0.7,31.5,77754,7,4,1037;1048;1049;1061,
9407,15,lower,R1C2,Bi-207-9177,0.71,-0.94,1052,0.09,24.3,118471,7,5,1041;1052;1053;1064;1065,
9407,15,lower,R1C3,Bi-207-9176,-0.79,-7.01,1068,0.09,17.9,47961,7,4,1055;1056;1068;1069,
9407,15,lower,R2C1,Sn-113-9183,-5.29,5.98,1095,0.09,104.0,89638,6,3,1095;1096;1105,
9407,15,lower,R2C2,Cd-109-9178,-6.79,-1.81,1109,0.09,324.3,182270,7,5,1099;1100;1108;1109;1117,
9407,15,lower,R2C3,Ce-139-9179,-6.79,-7.01,1112,0.09,4.3,1063,3,3,1102;1111;1112,
9407,16,upper,R2C1,Sn-113-9183,-7.45,6.59,,,,,0,0,,CHECK
9407,16,upper,R1C1,Bi-207-8890,-2.95,7.45,36,0.96,24.3,8834,7,4,25;26;35;36,CHECK
9407,16,upper,R1C2,Bi-207-9177,-2.95,0.53,40,0.96,7.7,31430,5,4,29;30;39;40,CHECK
9407,16,upper,R1C3,Bi-207-9176,-2.95,-6.4,44,0.96,24.4,23384,6,5,43;44;45;55;56,CHECK
9407,16,upper,R2C2,Cd-109-9178,-8.95,0.53,11,0.78,11.0,2434,7,4,11;12;19;20,
9407,16,upper,R2C3,Ce-139-9179,-7.45,-7.27,24,0.78,19.4,18963,5,4,23;24;33;34,
9407,16,lower,R1C1,Bi-207-8890,1.31,5.78,1048,0.62,0.6,1567,0,5,1036;1037;1047;1048;1060,CHECK
9407,16,lower,R1C2,Bi-207-9177,0.71,-0.8,1052,0.08,1.1,5129,0,4,1040;1051;1052;1064,CHECK
9407,16,lower,R1C3,Bi-207-9176,-0.79,-6.86,1068,0.08,0.5,1244,2,4,1068;1069;1080;1081,CHECK
9407,16,lower,R2C1,Sn-113-9183,-5.29,6.13,1095,0.08,186.3,160578,6,4,1084;1085;1094;1095,
9407,16,lower,R2C2,Cd-109-9178,-6.79,-1.67,1109,0.08,33.4,18752,7,4,1099;1100;1108;1109,
9407,16,lower,R2C3,Ce-139-9179,-6.79,-6.86,1112,0.08,72.8,17897,3,3,1102;1111;1112,
9407,17,upper,R1C1,Bi-207-8890,6.77,9.48,,,,,0,0,,CHECK
9407,17,upper,R1C2,Bi-207-9177,6.77,2.56,115,0.05,47.6,29580,5,5,106;107;114;115;116,
9407,17,upper,R1C3,Bi-207-9176,6.77,-4.37,119,0.05,16.2,37048,7,4,119;120;126;127,
9407,17,upper,R2C1,Sn-113-9183,2.27,8.62,83,0.05,3.7,760,4,4,71;72;83;84,
9407,17,upper,R2C2,Cd-109-9178,0.77,2.56,75,0.05,105.3,308743,7,7,62;63;74;75;76;86;87,
9407,17,upper,R2C3,Ce-139-9179,2.27,-5.24,91,0.05,8.4,13408,6,5,79;80;90;91;101,
9407,17,lower,R1C1,Bi-207-8890,8.15,7.93,,,,,0,0,,CHECK
9407,17,lower,R1C2,Bi-207-9177,7.55,1.35,1011,0.93,125.8,31445,6,4,1004;1010;1011;1019,
9407,17,lower,R1C3,Bi-207-9176,6.05,-4.71,1014,0.8,114.0,83101,6,3,1007;1014;1015,
9407,17,lower,R2C1,Sn-113-9183,1.55,8.28,1047,0.93,27.5,33087,2,4,1036;1047;1048;1060,
9407,17,lower,R2C2,Cd-109-9178,0.05,0.49,1051,0.8,21.6,93599,5,5,1038;1039;1050;1051;1063,
9407,17,lower,R2C3,Ce-139-9179,0.05,-4.71,1054,0.8,41.2,126177,7,7,1042;1043;1053;1054;1055;1066;1067,
9407,18,upper,R1C1,Bi-207-8890,-0.63,6.91,60,0.12,30.5,52845,7,4,59;60;72;73,
9407,18,upper,R1C2,Bi-207-9177,-0.63,-0.02,64,0.12,13.5,57958,6,4,64;65;76;77,
9407,18,upper,R1C3,Bi-207-9176,-0.63,-6.95,68,0.12,23.1,31991,7,5,67;68;69;80;81,
9407,18,upper,R2C1,Sn-113-9183,-5.13,6.04,26,0.12,21.6,8934,5,3,25;26;36,
9407,18,upper,R2C2,Cd-109-9178,-6.63,-0.02,20,0.12,396.9,280597,7,5,11;12;20;21;30,
9407,18,upper,R2C3,Ce-139-9179,-5.13,-7.81,34,0.12,8.7,4391,5,4,33;34;44;45,
9407,18,lower,R1C1,Bi-207-8890,2.74,6.54,1036,0.62,29.7,24253,5,4,1036;1037;1047;1048,
9407,18,lower,R1C2,Bi-207-9177,2.14,-0.04,1040,0.12,7.1,29287,4,4,1040;1041;1051;1052,
9407,18,lower,R1C3,Bi-207-9176,0.64,-6.1,1055,0.12,43.1,112508,7,4,1044;1055;1056;1068,
9407,18,lower,R2C1,Sn-113-9183,-3.86,6.89,1084,0.12,16.6,18409,6,4,1084;1085;1094;1095,
9407,18,lower,R2C2,Cd-109-9178,-5.36,-0.91,1099,0.12,267.8,646498,7,4,1099;1100;1108;1109,
9407,18,lower,R2C3,Ce-139-9179,-5.36,-6.1,1102,0.12,8.8,16959,3,3,1102;1111;1112,
9409,0,upper,R2C3,Ce-139-9179,-5.13,-9.47,,,,,0,0,,CHECK
9409,0,upper,R1C1,Bi-207-8890,-0.63,5.25,61,0.13,9.7,35450,6,4,48;49;61;62,
9409,0,upper,R1C2,Bi-207-9177,-0.63,-1.68,65,0.13,8.6,32537,5,4,52;53;65;66,
9409,0,upper,R1C3,Bi-207-9176,-0.63,-8.61,69,0.13,3.8,3344,2,3,56;68;69,
9409,0,upper,R2C1,Sn-113-9183,-5.13,4.38,27,0.13,23.5,11965,6,4,17;18;26;27,
9409,0,upper,R2C2,Cd-109-9178,-6.63,-1.68,21,0.13,48.4,26550,5,5,5;12;13;21;22,
9409,0,lower,R2C3,Ce-139-9179,-8.01,-7.79,,,,,0,0,,CHECK
9409,0,lower,R1C1,Bi-207-8890,0.09,4.85,1061,0.91,10.1,37776,5,3,1061;1062;1074,
9409,0,lower,R1C2,Bi-207-9177,-0.51,-1.73,1065,0.24,12.3,46006,5,5,1065;1066;1077;1078;1079,
9409,0,lower,R1C3,Bi-207-9176,-2.01,-7.79,1081,0.24,32.8,27760,5,3,1068;1069;1081,
9409,0,lower,R2C1,Sn-113-9183,-6.51,5.2,1105,0.24,60.8,14769,3,4,1096;1097;1105;1106,
9409,0,lower,R2C2,Cd-109-9178,-8.01,-2.6,1118,0.24,170.1,42853,5,5,1109;1110;1117;1118;1119,
9409,1,upper,R1C1,Bi-207-8890,5.16,6.87,104,0.11,3.7,351,4,4,94;95;104;105,
9409,1,upper,R1C2,Bi-207-9177,5.16,-0.06,108,0.11,8.0,22275,4,4,108;109;116;117,
9409,1,upper,R1C3,Bi-207-9176,5.16,-6.99,112,0.11,4.6,10531,4,4,102;111;112;120,
9409,1,upper,R2C1,Sn-113-9183,0.66,6.0,73,0.11,24.9,57367,7,4,72;73;84;85,
9409,1,upper,R2C2,Cd-109-9178,-0.84,-0.06,64,0.11,21.6,92811,5,4,64;65;76;77,
9409,1,upper,R2C3,Ce-139-9179,0.66,-7.85,81,0.11,11.8,12786,4,4,68;69;80;81,
9409,1,lower,R1C1,Bi-207-8890,7.11,4.76,1009,0.57,180.8,94180,3,4,1009;1010;1017;1018,
9409,1,lower,R1C2,Bi-207-9177,6.51,-1.82,1012,0.98,199.1,139140,6,3,1004;1011;1012,CHECK
9409,1,lower,R1C3,Bi-207-9176,5.01,-7.88,1024,0.98,1.8,3844,2,4,1015;1023;1024;1033,CHECK
9409,1,lower,R2C1,Sn-113-9183,0.51,5.11,1048,0.98,45.0,111045,7,4,1036;1037;1048;1049,CHECK
9409,1,lower,R2C2,Cd-109-9178,-0.99,-2.68,1065,0.98,22.1,82764,4,4,1052;1053;1064;1065,CHECK
9409,1,lower,R2C3,Ce-139-9179,-0.99,-7.88,1069,0.82,14.7,12428,3,4,1055;1056;1068;1069,
9409,2,upper,R1C1,Bi-207-8890,3.84,9.52,,,,,0,0,,CHECK
9409,2,upper,R1C2,Bi-207-9177,3.84,2.6,97,0.09,23.4,46199,6,4,96;97;106;107,
9409,2,upper,R1C3,Bi-207-9176,3.84,-4.33,101,0.09,18.6,51384,7,4,100;101;110;111,
9409,2,upper,R2C1,Sn-113-9183,-0.66,8.66,59,0.09,2.4,1322,3,4,59;60;71;72,
9409,2,upper,R2C2,Cd-109-9178,-2.16,2.6,50,0.09,38.9,114926,5,4,49;50;62;63,
9409,2,upper,R2C3,Ce-139-9179,-0.66,-5.2,67,0.09,6.3,16551,7,5,54;55;66;67;79,
9409,2,lower,R1C1,Bi-207-8890,5.77,8.31,,,,,0,0,,CHECK
9409,2,lower,R1C2,Bi-207-9177,5.17,1.73,1019,0.08,169.3,175763,7,4,1010;1011;1018;1019,
9409,2,lower,R1C3,Bi-207-9176,3.67,-4.34,1032,0.08,22.4,55196,7,4,1022;1023;1031;1032,
9409,2,lower,R2C1,Sn-113-9183,-0.83,8.65,1059,0.08,382.2,166653,2,4,1047;1059;1060;1072,
9409,2,lower,R2C2,Cd-109-9178,-2.33,0.86,1076,0.08,14.3,66864,4,5,1062;1063;1064;1075;1076,
9409,2,lower,R2C3,Ce-139-9179,-2.33,-4.34,1079,0.08,9.7,24173,7,4,1066;1067;1078;1079,
9409,3,upper,R1C1,Bi-207-8890,-0.66,8.62,59,0.1,14.0,7788,5,3,47;59;60,
9409,3,upper,R1C2,Bi-207-9177,-0.66,1.7,63,0.1,5.0,17405,4,4,50;51;62;63,
9409,3,upper,R1C3,Bi-207-9176,-0.66,-5.23,67,0.1,6.5,17022,4,4,54;55;67;68,
9409,3,upper,R2C1,Sn-113-9183,-5.16,7.76,25,0.1,169.9,8496,4,3,25;35;36,
9409,3,upper,R2C2,Cd-109-9178,-6.66,1.7,19,0.1,3.6,1996,5,4,18;19;28;29,
9409,3,upper,R2C3,Ce-139-9179,-5.16,-6.1,33,0.1,14.6,15989,7,4,32;33;43;44,
9409,3,lower,R2C1,Sn-113-9183,-6.83,8.66,,,,,0,0,,CHECK
9409,3,lower,R1C1,Bi-207-8890,-0.23,8.31,1059,0.63,33.6,14659,3,4,1059;1060;1072;1073,
9409,3,lower,R1C2,Bi-207-9177,-0.83,1.73,1063,0.08,4.9,17235,4,5,1063;1064;1075;1076;1087,
9409,3,lower,R1C3,Bi-207-9176,-2.33,-4.33,1079,0.08,26.6,66131,6,3,1079;1080;1091,
9409,3,lower,R2C2,Cd-109-9178,-8.33,0.87,1116,0.08,409.5,127754,5,5,1107;1108;1115;1116;1117,
9409,3,lower,R2C3,Ce-139-9179,-8.33,-4.33,1119,0.08,3.4,721,3,5,1110;1111;1118;1119;1127,
9409,4,upper,R1C1,Bi-207-8890,-1.51,6.73,48,1.0,10.3,24249,6,5,47;48;49;60;61,CHECK
9409,4,upper,R1C2,Bi-207-9177,-1.51,-0.2,52,1.0,5.3,28344,4,4,40;41;52;53,CHECK
9409,4,upper,R1C3,Bi-207-9176,-1.51,-7.13,56,1.0,3.3,1268,4,3,55;56;68,CHECK
9409,4,upper,R2C1,Sn-113-9183,-6.01,5.86,26,0.79,61.0,25251,6,4,25;26;36;37,
9409,4,upper,R2C2,Cd-109-9178,-7.51,-0.2,20,0.79,8.7,6177,7,4,20;21;29;30,
9409,4,upper,R2C3,Ce-139-9179,-6.01,-7.99,34,0.79,7.3,3669,5,4,24;33;34;44,
9409,4,lower,R1C1,Bi-207-8890,1.23,5.81,1048,0.54,0.7,1621,0,5,1036;1047;1048;1060;1061,CHECK
9409,4,lower,R1C2,Bi-207-9177,0.63,-0.77,1052,0.15,1.1,5591,0,5,1040;1051;1052;1064;1065,CHECK
9409,4,lower,R1C3,Bi-207-9176,-0.87,-6.83,1068,0.15,1.4,3644,3,5,1068;1069;1080;1081;1092,CHECK
9409,4,lower,R2C1,Sn-113-9183,-5.37,6.16,1095,0.15,37.7,32464,6,4,1084;1085;1095;1096,
9409,4,lower,R2C2,Cd-109-9178,-6.87,-1.63,1109,0.15,9.9,5584,7,4,1099;1100;1108;1109,
9409,4,lower,R2C3,Ce-139-9179,-6.87,-6.83,1112,0.15,8.7,2150,3,3,1102;1111;1112,
9409,5,upper,R1C1,Bi-207-8890,6.74,9.53,,,,,0,0,,CHECK
9409,5,upper,R1C2,Bi-207-9177,6.74,2.6,115,0.01,55.9,34768,5,4,106;107;115;116,
9409,5,upper,R1C3,Bi-207-9176,6.74,-4.33,119,0.01,13.5,30956,7,4,119;120;126;127,
9409,5,upper,R2C1,Sn-113-9183,2.24,8.66,83,0.01,8.3,1719,5,3,71;72;83,
9409,5,upper,R2C2,Cd-109-9178,0.74,2.6,75,0.01,105.9,310557,7,5,63;75;76;86;87,
9409,5,upper,R2C3,Ce-139-9179,2.24,-5.2,91,0.01,10.2,16340,7,5,79;80;90;91;92,
9409,5,lower,R1C1,Bi-207-8890,7.39,7.53,,,,,0,0,,CHECK
9409,5,lower,R1C2,Bi-207-9177,6.79,0.94,1011,0.09,348.1,87023,6,3,1004;1011;1012,
9409,5,lower,R1C3,Bi-207-9176,5.29,-5.12,1023,0.09,23.8,59025,7,3,1014;1015;1023,
9409,5,lower,R2C1,Sn-113-9183,0.79,7.87,1047,0.09,103.7,124993,2,4,1036;1047;1048;1060,
9409,5,lower,R2C2,Cd-109-9178,-0.71,0.08,1064,0.09,11.5,63632,4,5,1050;1051;1052;1063;1064,
9409,5,lower,R2C3,Ce-139-9179,-0.71,-5.12,1067,0.09,5.1,14186,4,5,1043;1054;1055;1066;1067,
9415,0,upper,R1C1,Bi-207-8890,0.84,7.86,72,0.11,16.0,23759,7,4,72;73;83;84,
9415,0,upper,R1C2,Bi-207-9177,0.84,0.93,76,0.11,11.4,56374,6,5,64;76;77;87;88,
9415,0,upper,R1C3,Bi-207-9176,0.84,-6.0,80,0.11,26.1,59295,7,4,80;81;91;92,
9415,0,upper,R2C1,Sn-113-9183,-3.66,6.99,36,0.11,44.4,16158,7,4,25;26;35;36,
9415,0,upper,R2C2,Cd-109-9178,-5.16,0.93,29,0.11,132.5,309350,7,4,19;20;29;30,
9415,0,upper,R2C3,Ce-139-9179,-3.66,-6.86,44,0.11,2.9,2794,5,5,33;34;43;44;55,
9415,0,lower,R1C1,Bi-207-8890,3.68,6.2,1026,0.16,44.5,19781,5,4,1026;1027;1036;1037,
9415,0,lower,R1C2,Bi-207-9177,3.08,-0.38,1040,0.91,24.0,98716,7,5,1030;1040;1041;1051;1052,
9415,0,lower,R1C3,Bi-207-9176,1.58,-6.44,1044,0.83,74.4,165391,7,5,1034;1044;1045;1055;1056,
9415,0,lower,R2C1,Sn-113-9183,-2.92,6.55,1084,0.91,56.4,62469,6,4,1084;1085;1094;1095,
9415,0,lower,R2C2,Cd-109-9178,-4.42,-1.24,1099,0.91,170.9,412638,7,7,1088;1089;1098;1099;1100;1108;1109,
9415,0,lower,R2C3,Ce-139-9179,-4.42,-6.44,1092,0.83,61.5,116582,5,5,1080;1081;1091;1092;1102,
9415,1,upper,R1C1,Bi-207-8890,3.73,6.14,95,0.08,32.7,21257,7,4,95;96;104;105,
9415,1,upper,R1C2,Bi-207-9177,3.73,-0.79,99,0.08,15.0,49653,7,4,89;99;100;109,
9415,1,upper,R1C3,Bi-207-9176,3.73,-7.72,103,0.08,2.3,1698,3,3,102;103;112,
9415,1,upper,R2C1,Sn-113-9183,-0.77,5.27,61,0.08,9.7,35448,6,5,48;49;61;62;74,
9415,1,upper,R2C2,Cd-109-9178,-2.27,-0.79,52,0.08,7.2,38719,4,5,41;52;53;65;66,
9415,1,upper,R2C3,Ce-139-9179,-0.77,-8.58,69,0.08,0.7,582,0,4,56;68;69;81,CHECK
9415,1,lower,R1C3,Bi-207-9176,5.19,-8.64,,,,,0,0,,CHECK
9415,1,lower,R1C1,Bi-207-8890,7.29,4.0,1009,0.64,45.0,23456,4,5,1009;1010;1017;1018;1019,
9415,1,lower,R1C2,Bi-207-9177,6.69,-2.58,1013,0.06,22.4,23705,5,4,1013;1014;1021;1022,
9415,1,lower,R2C1,Sn-113-9183,0.69,4.35,1049,0.06,6.6,22902,7,4,1049;1050;1061;1062,
9415,1,lower,R2C2,Cd-109-9178,-0.81,-3.45,1066,0.06,177.7,588269,7,5,1065;1066;1067;1078;1079,
9415,1,lower,R2C3,Ce-139-9179,-0.81,-8.64,1069,0.06,49.6,41774,3,4,1056;1068;1069;1081,
9415,2,upper,R1C1,Bi-207-8890,0.76,6.17,73,0.1,27.4,63056,7,5,61;73;74;84;85,
9415,2,upper,R1C2,Bi-207-9177,0.76,-0.76,77,0.1,13.9,66792,7,5,64;65;77;78;89,
9415,2,upper,R1C3,Bi-207-9176,0.76,-7.69,81,0.1,17.1,18584,4,4,68;69;80;81,
9415,2,upper,R2C1,Sn-113-9183,-3.74,5.3,37,0.1,18.5,21480,5,5,17;26;27;36;37,
9415,2,upper,R2C2,Cd-109-9178,-5.24,-0.76,30,0.1,147.6,302480,7,4,20;21;30;31,
9415,2,upper,R2C3,Ce-139-9179,-3.74,-8.56,45,0.1,4.0,1347,3,4,34;44;45;56,
9415,2,lower,R2C3,Ce-139-9179,-5.2,-7.77,,,,,0,0,,CHECK
9415,2,lower,R1C1,Bi-207-8890,2.9,4.87,1037,0.72,24.8,47432,7,4,1037;1038;1048;1049,
9415,2,lower,R1C2,Bi-207-9177,2.3,-1.71,1041,0.05,13.1,46638,6,4,1041;1042;1052;1053,
9415,2,lower,R1C3,Bi-207-9176,0.8,-7.77,1056,0.05,74.7,146168,6,3,1044;1045;1056,
9415,2,lower,R2C1,Sn-113-9183,-3.7,5.22,1085,0.05,14.2,27840,5,5,1085;1086;1095;1096;1105,
9415,2,lower,R2C2,Cd-109-9178,-5.2,-2.57,1100,0.05,487.1,643420,7,5,1099;1100;1101;1109;1110,
9415,3,upper,R1C1,Bi-207-8890,8.07,8.73,,,,,0,0,,CHECK
9415,3,upper,R1C2,Bi-207-9177,8.07,1.8,,,,,0,0,,CHECK
9415,3,upper,R1C3,Bi-207-9176,8.07,-5.12,127,0.2,4.2,1624,3,4,119;120;126;127,
9415,3,upper,R2C1,Sn-113-9183,3.57,7.87,94,0.2,7.0,2375,3,5,83;84;94;95;104,
9415,3,upper,R2C2,Cd-109-9178,2.07,1.8,87,0.2,35.2,102855,4,4,87;88;97;98,
9415,3,upper,R2C3,Ce-139-9179,3.57,-5.99,102,0.2,1.8,5439,4,5,101;102;103;111;112,CHECK
9415,3,lower,R1C1,Bi-207-8890,10.17,7.21,,,,,0,0,,CHECK
9415,3,lower,R1C2,Bi-207-9177,9.57,0.62,,,,,0,0,,CHECK
9415,3,lower,R2C1,Sn-113-9183,3.57,7.55,,,,,0,0,,CHECK
9415,3,lower,R1C3,Bi-207-9176,8.07,-5.44,1007,0.3,1.4,645,2,4,1007;1014;1015;1023,CHECK
9415,3,lower,R2C2,Cd-109-9178,2.07,-0.24,1040,0.3,22.2,91572,4,5,1020;1029;1030;1039;1040,
9415,3,lower,R2C3,Ce-139-9179,2.07,-5.44,1043,0.3,1.5,2724,1,5,1032;1033;1042;1043;1044,CHECK
9415,4,upper,R1C1,Bi-207-8890,2.14,8.72,83,0.12,6.2,1286,4,4,71;72;83;84,
9415,4,upper,R1C2,Bi-207-9177,2.14,1.79,87,0.12,14.3,41595,7,5,75;86;87;97;98,
9415,4,upper,R1C3,Bi-207-9176,2.14,-5.14,91,0.12,23.9,38273,7,5,79;90;91;101;102,
9415,4,upper,R2C1,Sn-113-9183,-2.36,7.85,47,0.12,1.1,849,1,4,35;36;47;59,CHECK
9415,4,upper,R2C2,Cd-109-9178,-3.86,1.79,39,0.12,25.5,73846,7,4,28;38;39;50,
9415,4,upper,R2C3,Ce-139-9179,-2.36,-6.0,55,0.12,7.7,13944,6,4,43;44;54;55,
9415,4,lower,R1C1,Bi-207-8890,4.4,7.36,,,,,0,0,,CHECK
9415,4,lower,R1C2,Bi-207-9177,3.8,0.78,1029,0.1,23.1,58314,7,3,1028;1029;1039,
9415,4,lower,R1C3,Bi-207-9176,2.3,-5.29,1043,0.1,41.5,76476,7,4,1032;1033;1042;1043,
9415,4,lower,R2C1,Sn-113-9183,-2.2,7.71,1072,0.1,44.1,42942,2,4,1059;1060;1072;1073,
9415,4,lower,R2C2,Cd-109-9178,-3.7,-0.09,1088,0.1,10.6,51522,5,5,1076;1087;1088;1097;1098,
9415,4,lower,R2C3,Ce-139-9179,-3.7,-5.29,1091,0.1,33.3,75287,7,5,1079;1080;1090;1091;1101,
9415,5,upper,R1C1,Bi-207-8890,5.94,6.39,113,0.88,9.5,456,5,4,105;113;114;121,
9415,5,upper,R1C2,Bi-207-9177,5.94,-0.54,117,0.88,9.6,30098,5,3,109;117;118,
9415,5,upper,R1C3,Bi-207-9176,5.94,-7.47,112,0.87,4.8,11081,4,4,102;111;112;120,
9415,5,upper,R2C1,Sn-113-9183,1.44,5.52,73,0.87,20.9,48107,7,5,61;73;74;84;85,
9415,5,upper,R2C2,Cd-109-9178,-0.06,-0.54,77,0.88,65.0,312220,7,5,64;65;77;78;89,
9415,5,upper,R2C3,Ce-139-9179,1.44,-8.33,81,0.87,1.3,1380,0,5,68;69;80;81;92,CHECK
9415,5,lower,R1C3,Bi-207-9176,5.33,-8.51,,,,,0,0,,CHECK
9415,5,lower,R1C1,Bi-207-8890,7.43,4.13,1009,0.71,321.7,167631,4,3,1009;1010;1018,
9415,5,lower,R1C2,Bi-207-9177,6.83,-2.45,1013,0.17,170.0,179664,5,5,1012;1013;1014;1021;1022,
9415,5,lower,R2C1,Sn-113-9183,0.83,4.48,1049,0.17,48.6,167371,7,6,1037;1038;1048;1049;1050;1061,
9415,5,lower,R2C2,Cd-109-9178,-0.67,-3.32,1066,0.17,19.2,63624,4,4,1053;1054;1065;1066,
9415,5,lower,R2C3,Ce-139-9179,-0.67,-8.51,1069,0.17,1.0,844,1,3,1056;1068;1069,CHECK
9415,6,upper,R1C1,Bi-207-8890,0.65,9.49,71,0.11,6.2,806,4,4,59;71;72;83,
9415,6,upper,R1C2,Bi-207-9177,0.65,2.56,75,0.11,21.5,63132,7,7,62;63;74;75;76;86;87,
9415,6,upper,R1C3,Bi-207-9176,0.65,-4.37,79,0.11,11.9,34057,7,7,66;67;78;79;80;90;91,
9415,6,upper,R2C1,Sn-113-9183,-3.85,8.62,35,0.11,2.2,153,2,4,25;35;36;47,
9415,6,upper,R2C2,Cd-109-9178,-5.35,2.56,28,0.11,237.6,268045,7,4,18;19;27;28,
9415,6,upper,R2C3,Ce-139-9179,-3.85,-5.23,43,0.11,11.1,32468,5,4,32;33;42;43,
9415,6,lower,R1C1,Bi-207-8890,2.95,8.43,,,,,0,0,,CHECK
9415,6,lower,R2C1,Sn-113-9183,-3.65,8.78,,,,,0,0,,CHECK
9415,6,lower,R1C2,Bi-207-9177,2.35,1.85,1039,0.15,19.2,55045,6,4,1038;1039;1050;1051,
9415,6,lower,R1C3,Bi-207-9176,0.85,-4.21,1054,0.15,54.3,166339,7,5,1042;1043;1053;1054;1055,
9415,6,lower,R2C2,Cd-109-9178,-5.15,0.99,1098,0.15,38.3,87817,6,5,1087;1097;1098;1106;1107,
9415,6,lower,R2C3,Ce-139-9179,-5.15,-4.21,1101,0.15,66.1,128437,7,5,1100;1101;1102;1110;1111,
9415,7,upper,R1C1,Bi-207-8890,-0.74,8.58,59,0.08,14.6,8150,5,3,47;59;60,
9415,7,upper,R1C2,Bi-207-9177,-0.74,1.65,63,0.08,5.0,17498,4,4,50;51;63;64,
9415,7,upper,R1C3,Bi-207-9176,-0.74,-5.27,67,0.08,7.8,20693,4,4,54;55;67;68,
9415,7,upper,R2C1,Sn-113-9183,-5.24,7.72,25,0.08,97.8,4889,4,3,25;35;36,
9415,7,upper,R2C2,Cd-109-9178,-6.74,1.65,19,0.08,2.7,1504,5,5,18;19;20;28;29,
9415,7,upper,R2C3,Ce-139-9179,-5.24,-6.14,33,0.08,9.8,10671,7,4,32;33;43;44,
9415,7,lower,R2C1,Sn-113-9183,-6.66,8.63,,,,,0,0,,CHECK
9415,7,lower,R1C1,Bi-207-8890,-0.06,8.28,1059,0.79,34.5,15047,3,4,1059;1060;1072;1073,
9415,7,lower,R1C2,Bi-207-9177,-0.66,1.7,1063,0.1,5.0,17391,4,5,1063;1064;1075;1076;1087,
9415,7,lower,R1C3,Bi-207-9176,-2.16,-4.36,1079,0.1,20.5,51036,6,4,1067;1079;1080;1091,
9415,7,lower,R2C2,Cd-109-9178,-8.16,0.83,1116,0.1,1878.0,585925,5,5,1107;1108;1115;1116;1117,
9415,7,lower,R2C3,Ce-139-9179,-8.16,-4.36,1119,0.1,3.2,698,4,5,1110;1111;1118;1119;1127,
9415,8,upper,R2C1,Sn-113-9183,-7.48,8.19,,,,,0,0,,CHECK
9415,8,upper,R1C1,Bi-207-8890,-2.98,9.06,35,0.87,130.2,8982,4,3,25;35;36,
9415,8,upper,R1C2,Bi-207-9177,-2.98,2.13,39,0.87,15.6,45165,6,4,28;29;38;39,
9415,8,upper,R1C3,Bi-207-9176,-2.98,-4.8,43,0.87,16.3,47966,7,4,43;44;54;55,
9415,8,upper,R2C2,Cd-109-9178,-8.98,2.13,10,0.87,18.6,3727,7,5,3;10;11;18;19,
9415,8,upper,R2C3,Ce-139-9179,-7.48,-5.66,23,0.87,34.5,16725,7,4,22;23;32;33,
9415,8,lower,R2C1,Sn-113-9183,-7.36,8.15,,,,,0,0,,CHECK
9415,8,lower,R1C1,Bi-207-8890,-0.76,7.8,1059,0.86,3.5,1521,2,4,1059;1060;1072;1073,
9415,8,lower,R1C2,Bi-207-9177,-1.36,1.22,1076,0.96,10.5,49135,6,4,1075;1076;1087;1088,CHECK
9415,8,lower,R1C3,Bi-207-9176,-2.86,-4.85,1091,0.96,62.8,141760,7,5,1090;1091;1092;1101;1102,CHECK
9415,8,lower,R2C2,Cd-109-9178,-8.86,0.35,1116,0.8,34.1,10638,5,4,1107;1108;1115;1116,
9415,8,lower,R2C3,Ce-139-9179,-8.86,-4.85,1119,0.8,7.4,1591,5,3,1110;1111;1119,
9415,9,upper,R1C1,Bi-207-8890,-0.75,8.79,59,0.13,36.0,20086,5,4,47;59;60;72,
9415,9,upper,R1C2,Bi-207-9177,-0.75,1.86,63,0.13,10.0,34711,7,4,50;51;62;63,
9415,9,upper,R1C3,Bi-207-9176,-0.75,-5.07,67,0.13,11.5,30321,7,5,54;55;66;67;68,
9415,9,upper,R2C1,Sn-113-9183,-5.25,7.92,25,0.13,1.9,95,2,3,25;35;36,CHECK
9415,9,upper,R2C2,Cd-109-9178,-6.75,1.86,19,0.13,48.6,27006,7,6,3;9;10;11;18;19,
9415,9,upper,R2C3,Ce-139-9179,-5.25,-5.93,33,0.13,9.7,10621,7,4,23;24;32;33,
9415,9,lower,R1C1,Bi-207-8890,1.39,7.4,1047,0.75,12.4,14914,4,4,1047;1059;1060;1072,
9415,9,lower,R1C2,Bi-207-9177,0.79,0.82,1051,0.06,2.7,11526,4,5,1050;1051;1063;1064;1076,
9415,9,lower,R1C3,Bi-207-9176,-0.71,-5.25,1067,0.06,50.7,141327,7,4,1066;1067;1079;1080,
9415,9,lower,R2C1,Sn-113-9183,-5.21,7.74,1094,0.06,1.3,379,0,3,1084;1094;1095,CHECK
9415,9,lower,R2C2,Cd-109-9178,-6.71,-0.05,1108,0.06,60.1,65522,5,5,1107;1108;1115;1116;1117,
9415,9,lower,R2C3,Ce-139-9179,-6.71,-5.25,1111,0.06,118.7,81435,6,3,1110;1111;1119,
9415,10,upper,R1C1,Bi-207-8890,2.32,6.88,84,0.09,39.9,47073,7,3,84;94;95,
9415,10,upper,R1C2,Bi-207-9177,2.32,-0.05,88,0.09,10.1,45638,4,4,88;89;98;99,
9415,10,upper,R1C3,Bi-207-9176,2.32,-6.98,92,0.09,25.0,22072,5,3,92;102;103,
9415,10,upper,R2C1,Sn-113-9183,-2.18,6.01,48,0.09,23.8,56014,7,4,36;37;47;48,
9415,10,upper,R2C2,Cd-109-9178,-3.68,-0.05,40,0.09,67.1,274763,7,5,30;40;41;51;52,
9415,10,upper,R2C3,Ce-139-9179,-2.18,-7.85,56,0.09,1.0,397,2,4,44;45;55;56,CHECK
9415,10,lower,R1C1,Bi-207-8890,5.88,4.93,1017,0.68,88.9,87036,5,4,1017;1018;1026;1027,
9415,10,lower,R1C2,Bi-207-9177,5.28,-1.65,1021,0.08,17.6,39327,7,4,1020;1021;1030;1031,
9415,10,lower,R1C3,Bi-207-9176,3.78,-7.72,1034,0.08,114.0,179088,5,4,1033;1034;1044;1045,
9415,10,lower,R2C1,Sn-113-9183,-0.72,5.27,1061,0.08,7.4,27600,7,4,1060;1061;1073;1074,
9415,10,lower,R2C2,Cd-109-9178,-2.22,-2.52,1078,0.08,35.0,89584,4,4,1065;1077;1078;1089,
9415,10,lower,R2C3,Ce-139-9179,-2.22,-7.72,1081,0.08,143.5,121389,5,5,1068;1069;1080;1081;1092,
9415,11,upper,R1C1,Bi-207-8890,3.61,6.17,95,0.18,62.5,40693,7,5,85;95;96;104;105,
9415,11,upper,R1C2,Bi-207-9177,3.61,-0.76,99,0.18,10.2,33837,6,4,88;89;99;100,
9415,11,upper,R1C3,Bi-207-9176,3.61,-7.69,103,0.18,13.5,9962,4,4,92;102;103;112,
9415,11,upper,R2C1,Sn-113-9183,-0.89,5.3,61,0.18,5.2,19077,6,5,48;49;60;61;62,
9415,11,upper,R2C2,Cd-109-9178,-2.39,-0.76,52,0.18,18.2,97337,5,5,40;41;42;52;53,
9415,11,upper,R2C3,Ce-139-9179,-0.89,-8.55,69,0.18,0.4,312,1,4,68;69;80;81,CHECK
9415,11,lower,R2C3,Ce-139-9179,-3.66,-8.6,,,,,0,0,,CHECK
9415,11,lower,R1C1,Bi-207-8890,4.44,4.05,1027,0.75,146.7,172506,7,7,1017;1018;1026;1027;1028;1037;1038,
9415,11,lower,R1C2,Bi-207-9177,3.84,-2.53,1031,0.11,60.3,170588,7,6,1022;1030;1031;1032;1041;1042,
9415,11,lower,R1C3,Bi-207-9176,2.34,-8.6,1045,0.11,107.1,60384,4,3,1034;1044;1045,
9415,11,lower,R2C1,Sn-113-9183,-2.16,4.39,1074,0.11,49.7,169028,7,7,1061;1062;1073;1074;1075;1085;1086,
9415,11,lower,R2C2,Cd-109-9178,-3.66,-3.4,1090,0.11,43.7,95793,5,4,1078;1079;1089;1090,
9415,12,upper,R1C1,Bi-207-8890,8.27,8.73,,,,,0,0,,CHECK
9415,12,upper,R1C2,Bi-207-9177,8.27,1.8,,,,,0,0,,CHECK
9415,12,upper,R1C3,Bi-207-9176,8.27,-5.13,127,0.07,4.7,1820,3,4,119;120;126;127,
9415,12,upper,R2C1,Sn-113-9183,3.77,7.86,94,0.07,1.9,636,2,5,83;84;94;95;104,CHECK
9415,12,upper,R2C2,Cd-109-9178,2.27,1.8,87,0.07,35.5,103643,5,5,86;87;97;98;107,
9415,12,upper,R2C3,Ce-139-9179,3.77,-5.99,102,0.07,2.5,7628,6,4,91;101;102;111,
9415,12,lower,R1C1,Bi-207-8890,10.35,7.41,,,,,0,0,,CHECK
9415,12,lower,R1C2,Bi-207-9177,9.75,0.83,,,,,0,0,,CHECK
9415,12,lower,R2C1,Sn-113-9183,3.75,7.76,,,,,0,0,,CHECK
9415,12,lower,R1C3,Bi-207-9176,8.25,-5.24,1007,0.04,1.6,716,2,4,1007;1014;1015;1023,CHECK
9415,12,lower,R2C2,Cd-109-9178,2.25,-0.04,1040,0.04,18.5,76198,4,6,1020;1028;1029;1030;1039;1040,
9415,12,lower,R2C3,Ce-139-9179,2.25,-5.24,1043,0.04,2.4,4400,3,4,1032;1033;1042;1043,
