run,segment,pixel,change,old,new,under_check_row
8622,0,47,added,,Bi-207-9176,
8622,0,59,added,,Bi-207-9176,
8622,0,114,added,,Cd-109-9178,
8622,0,2010,added,,Cd-109-9178,
8622,0,2011,added,,Cd-109-9178,
8622,0,2013,added,,Bi-207-8890,
8622,0,2014,added,,Bi-207-8890,
8622,0,2018,added,,Cd-109-9178,
8622,0,2019,added,,Cd-109-9178,
8622,0,2022,added,,Bi-207-8890,
8622,0,2023,added,,Bi-207-8890,
8622,0,2036,added,,Bi-207-9176,
8622,0,2040,added,,Bi-207-9177,
8622,0,2047,added,,Bi-207-9176,
8622,0,2048,added,,Bi-207-9176,
8622,0,2051,added,,Bi-207-9177,
8622,0,2052,added,,Bi-207-9177,
8622,0,2053,added,,Bi-207-9177,
8622,0,2055,added,,Bi-207-8779,
8622,0,2056,added,,Bi-207-8779,
8622,0,2060,added,,Bi-207-9176,
8622,0,2064,added,,Bi-207-9177,
8622,0,2065,added,,Bi-207-9177,
8622,0,2068,added,,Bi-207-8779,
8622,0,2069,added,,Bi-207-8779,
8623,0,35,added,,Bi-207-9176,
8623,0,39,added,,Bi-207-9177,
8623,0,56,added,,Bi-207-8779,
8623,0,68,added,,Bi-207-8779,
8623,0,2022,added,,Bi-207-8890,
8623,0,2023,added,,Bi-207-8890,
8623,0,2028,added,,Cd-109-9178,
8623,0,2029,added,,Cd-109-9178,
8623,0,2031,added,,Bi-207-8890,
8623,0,2032,added,,Bi-207-8890,
8623,0,2033,added,,Bi-207-8890,
8623,0,2038,added,,Cd-109-9178,
8623,0,2039,added,,Cd-109-9178,
8623,0,2042,added,,Bi-207-8890,
8623,0,2043,added,,Bi-207-8890,
8623,0,2050,added,,Cd-109-9178,
8623,0,2060,added,,Bi-207-9176,
8623,0,2064,added,,Bi-207-9177,
8623,0,2065,added,,Bi-207-9177,
8623,0,2068,added,,Bi-207-8779,
8623,0,2069,added,,Bi-207-8779,
8623,0,2072,added,,Bi-207-9176,
8623,0,2073,added,,Bi-207-9176,
8623,0,2076,added,,Bi-207-9177,
8623,0,2077,added,,Bi-207-9177,
8623,0,2080,added,,Bi-207-8779,
8623,0,2081,added,,Bi-207-8779,
8623,0,2084,added,,Bi-207-9176,
8623,0,2088,added,,Bi-207-9177,
8624,0,24,added,,Bi-207-8779,
8624,0,25,added,,Bi-207-9176,
8624,0,30,added,,Bi-207-9177,
8624,0,34,added,,Bi-207-8779,
8624,0,87,added,,Cd-109-9178,
8624,0,2038,added,,Cd-109-9178,
8624,0,2039,added,,Cd-109-9178,
8624,0,2042,added,,Bi-207-8890,
8624,0,2049,added,,Cd-109-9178,
8624,0,2050,added,,Cd-109-9178,
8624,0,2051,added,,Cd-109-9178,
8624,0,2053,added,,Bi-207-8890,
8624,0,2054,added,,Bi-207-8890,
8624,0,2062,added,,Cd-109-9178,
8624,0,2063,added,,Cd-109-9178,
8624,0,2066,added,,Bi-207-8890,
8624,0,2077,added,,Bi-207-9177,
8624,0,2084,added,,Bi-207-9176,
8624,0,2085,added,,Bi-207-9176,
8624,0,2087,added,,Bi-207-9177,
8624,0,2088,added,,Bi-207-9177,
8624,0,2089,added,,Bi-207-9177,
8624,0,2092,added,,Bi-207-8779,
8624,0,2094,added,,Bi-207-9176,
8624,0,2095,added,,Bi-207-9176,
8624,0,2098,added,,Bi-207-9177,
8624,0,2099,added,,Bi-207-9177,
8624,0,2102,added,,Bi-207-8779,
8624,0,2112,added,,Bi-207-8779,
8625,0,9,added,,Bi-207-9176,
8625,0,11,added,,Bi-207-9177,
8625,0,52,added,,Bi-207-8890,
8625,0,2050,added,,Cd-109-9178,
8625,0,2053,added,,Bi-207-8890,
8625,0,2054,added,,Bi-207-8890,
8625,0,2062,added,,Cd-109-9178,
8625,0,2063,added,,Cd-109-9178,
8625,0,2066,added,,Bi-207-8890,
8625,0,2067,added,,Bi-207-8890,
8625,0,2075,added,,Cd-109-9178,
8625,0,2076,added,,Cd-109-9178,
8625,0,2078,added,,Bi-207-8890,
8625,0,2079,added,,Bi-207-8890,
8625,0,2095,added,,Bi-207-9176,
8625,0,2096,added,,Bi-207-9176,
8625,0,2098,added,,Bi-207-9177,
8625,0,2099,added,,Bi-207-9177,
8625,0,2102,added,,Bi-207-8779,
8625,0,2105,added,,Bi-207-9176,
8625,0,2108,added,,Bi-207-9177,
8625,0,2109,added,,Bi-207-9177,
8625,0,2111,added,,Bi-207-8779,
8625,0,2112,added,,Bi-207-8779,
8626,0,97,added,,Bi-207-9177,
8626,0,113,added,,Cd-109-9178,
8626,0,116,added,,Bi-207-8890,
8626,0,121,added,,Cd-109-9178,
8626,0,2009,added,,Cd-109-9178,
8626,0,2010,added,,Cd-109-9178,
8626,0,2012,added,,Bi-207-8890,
8626,0,2013,added,,Bi-207-8890,
8626,0,2018,added,,Cd-109-9178,
8626,0,2019,added,,Cd-109-9178,
8626,0,2021,added,,Bi-207-8890,
8626,0,2022,added,,Bi-207-8890,
8626,0,2026,added,,Bi-207-9176,
8626,0,2029,added,,Bi-207-9177,
8626,0,2030,added,,Bi-207-9177,
8626,0,2033,added,,Bi-207-8779,
8626,0,2036,added,,Bi-207-9176,
8626,0,2037,added,,Bi-207-9176,
8626,0,2040,added,,Bi-207-9177,
8626,0,2041,added,,Bi-207-9177,
8626,0,2043,added,,Bi-207-8779,
8626,0,2044,added,,Bi-207-8779,
8626,0,2048,added,,Bi-207-9176,
8626,0,2055,added,,Bi-207-8779,
8626,0,2056,added,,Bi-207-8779,
8627,0,83,added,,Bi-207-9176,
8627,0,97,added,,Bi-207-9177,
8627,0,105,added,,Cd-109-9178,
8627,0,106,added,,Cd-109-9178,
8627,0,109,added,,Bi-207-8890,
8627,0,113,added,,Cd-109-9178,
8627,0,114,added,,Cd-109-9178,
8627,0,116,added,,Bi-207-8890,
8627,0,117,added,,Bi-207-8890,
8627,0,121,added,,Cd-109-9178,
8627,0,2012,added,,Bi-207-9177,
8627,0,2017,added,,Bi-207-9176,
8627,0,2020,added,,Bi-207-9177,
8627,0,2021,added,,Bi-207-9177,
8627,0,2023,added,,Bi-207-8779,
8627,0,2026,added,,Bi-207-9176,
8627,0,2027,added,,Bi-207-9176,
8627,0,2029,added,,Bi-207-9177,
8627,0,2030,added,,Bi-207-9177,
8627,0,2032,added,,Bi-207-8779,
8627,0,2033,added,,Bi-207-8779,
8627,0,2043,added,,Bi-207-8779,
8627,0,2044,added,,Bi-207-8779,
8628,0,48,added,,Bi-207-9176,
8628,0,69,added,,Bi-207-8779,
8628,0,119,added,,Bi-207-8890,
8628,0,2010,added,,Cd-109-9178,
8628,0,2011,added,,Cd-109-9178,
8628,0,2014,added,,Bi-207-8890,
8628,0,2019,added,,Cd-109-9178,
8628,0,2020,added,,Cd-109-9178,
8628,0,2022,added,,Bi-207-8890,
8628,0,2023,added,,Bi-207-8890,
8628,0,2037,added,,Bi-207-9176,
8628,0,2041,added,,Bi-207-9177,
8628,0,2048,added,,Bi-207-9176,
8628,0,2049,added,,Bi-207-9176,
8628,0,2052,added,,Bi-207-9177,
8628,0,2053,added,,Bi-207-9177,
8628,0,2056,added,,Bi-207-8779,
8628,0,2061,added,,Bi-207-9176,
8628,0,2062,added,,Bi-207-9176,
8628,0,2065,added,,Bi-207-9177,
8628,0,2066,added,,Bi-207-9177,
8628,0,2068,added,,Bi-207-8779,
8628,0,2069,added,,Bi-207-8779,
8629,0,26,added,,Bi-207-9176,
8629,0,36,added,,Bi-207-9176,
8629,0,69,added,,Bi-207-8779,
8629,0,91,added,,Bi-207-8890,
8629,0,101,added,,Bi-207-8890,
8629,0,102,added,,Bi-207-8890,
8629,0,111,added,,Bi-207-8890,
8629,0,2019,added,,Cd-109-9178,
8629,0,2020,added,,Cd-109-9178,
8629,0,2023,added,,Bi-207-8890,
8629,0,2028,added,,Cd-109-9178,
8629,0,2029,added,,Cd-109-9178,
8629,0,2030,added,,Cd-109-9178,
8629,0,2032,added,,Bi-207-8890,
8629,0,2033,added,,Bi-207-8890,
8629,0,2039,added,,Cd-109-9178,
8629,0,2040,added,,Cd-109-9178,
8629,0,2043,added,,Bi-207-8890,
8629,0,2061,added,,Bi-207-9176,
8629,0,2062,added,,Bi-207-9176,
8629,0,2064,added,,Bi-207-9177,
8629,0,2065,added,,Bi-207-9177,
8629,0,2066,added,,Bi-207-9177,
8629,0,2068,added,,Bi-207-8779,
8629,0,2069,added,,Bi-207-8779,
8629,0,2073,added,,Bi-207-9176,
8629,0,2074,added,,Bi-207-9176,
8629,0,2077,added,,Bi-207-9177,
8629,0,2078,added,,Bi-207-9177,
8629,0,2081,added,,Bi-207-8779,
8630,0,24,added,,Bi-207-8779,
8630,0,33,added,,Bi-207-8779,
8630,0,34,added,,Bi-207-8779,
8630,0,44,added,,Bi-207-8779,
8630,0,2039,added,,Cd-109-9178,
8630,0,2040,added,,Cd-109-9178,
8630,0,2043,added,,Bi-207-8890,
8630,0,2050,added,,Cd-109-9178,
8630,0,2051,added,,Cd-109-9178,
8630,0,2052,added,,Cd-109-9178,
8630,0,2054,added,,Bi-207-8890,
8630,0,2055,added,,Bi-207-8890,
8630,0,2063,added,,Cd-109-9178,
8630,0,2064,added,,Cd-109-9178,
8630,0,2067,added,,Bi-207-8890,
8630,0,2085,added,,Bi-207-9176,
8630,0,2086,added,,Bi-207-9176,
8630,0,2088,added,,Bi-207-9177,
8630,0,2089,added,,Bi-207-9177,
8630,0,2090,added,,Bi-207-9177,
8630,0,2095,added,,Bi-207-9176,
8630,0,2096,added,,Bi-207-9176,
8630,0,2099,added,,Bi-207-9177,
8630,0,2100,added,,Bi-207-9177,
8631,0,2051,added,,Cd-109-9178,
8631,0,2054,added,,Bi-207-8890,
8631,0,2055,added,,Bi-207-8890,
8631,0,2063,added,,Cd-109-9178,
8631,0,2064,added,,Cd-109-9178,
8631,0,2066,added,,Bi-207-8890,
8631,0,2067,added,,Bi-207-8890,
8631,0,2068,added,,Bi-207-8890,
8631,0,2076,added,,Cd-109-9178,
8631,0,2079,added,,Bi-207-8890,
8631,0,2080,added,,Bi-207-8890,
8631,0,2095,added,,Bi-207-9176,
8631,0,2096,added,,Bi-207-9176,
8631,0,2099,added,,Bi-207-9177,
8631,0,2100,added,,Bi-207-9177,
8631,0,2105,added,,Bi-207-9176,
8631,0,2106,added,,Bi-207-9176,
8631,0,2109,added,,Bi-207-9177,
8631,0,2110,added,,Bi-207-9177,
8631,0,2114,added,,Bi-207-9176,
8632,0,72,added,,Bi-207-9176,
8632,0,98,added,,Bi-207-9177,
8632,0,2004,added,,Cd-109-9178,
8632,0,2011,added,,Cd-109-9178,
8632,0,2012,added,,Cd-109-9178,
8632,0,2026,added,,Bi-207-9176,
8632,0,2027,added,,Bi-207-9176,
8632,0,2030,added,,Bi-207-9177,
8632,0,2031,added,,Bi-207-9177,
8632,0,2036,added,,Bi-207-9176,
8632,0,2037,added,,Bi-207-9176,
8632,0,2040,added,,Bi-207-9177,
8632,0,2041,added,,Bi-207-9177,
8632,0,2042,added,,Bi-207-9177,
8632,0,2044,added,,Bi-207-8779,
8632,0,2048,added,,Bi-207-9176,
8632,0,2055,added,,Bi-207-8779,
8632,0,2056,added,,Bi-207-8779,
8635,0,91,added,,Bi-207-8779,
8635,0,104,added,,Cd-109-9178,
8635,0,113,added,,Cd-109-9178,
8635,0,2009,added,,Cd-109-9178,
8635,0,2010,added,,Cd-109-9178,
8635,0,2012,added,,Bi-207-8890,
8635,0,2013,added,,Bi-207-8890,
8635,0,2017,added,,Cd-109-9178,
8635,0,2018,added,,Cd-109-9178,
8635,0,2020,added,,Bi-207-8890,
8635,0,2021,added,,Bi-207-8890,
8635,0,2039,added,,Bi-207-9177,
8635,0,2047,added,,Bi-207-9176,
8635,0,2048,added,,Bi-207-9176,
8635,0,2050,added,,Bi-207-9177,
8635,0,2051,added,,Bi-207-9177,
8635,0,2054,added,,Bi-207-8779,
8635,0,2055,added,,Bi-207-8779,
8635,0,2059,added,,Bi-207-9176,
8635,0,2060,added,,Bi-207-9176,
8635,0,2063,added,,Bi-207-9177,
8635,0,2064,added,,Bi-207-9177,
8635,0,2066,added,,Bi-207-8779,
8635,0,2067,added,,Bi-207-8779,
8635,0,2068,added,,Bi-207-8779,
8636,0,25,added,,Bi-207-9176,
8636,0,38,added,,Bi-207-9177,
8636,0,66,added,,Bi-207-8779,
8636,0,84,added,,Cd-109-9178,
8636,0,2017,added,,Cd-109-9178,
8636,0,2018,added,,Cd-109-9178,
8636,0,2021,added,,Bi-207-8890,
8636,0,2026,added,,Cd-109-9178,
8636,0,2027,added,,Cd-109-9178,
8636,0,2030,added,,Bi-207-8890,
8636,0,2031,added,,Bi-207-8890,
8636,0,2037,added,,Cd-109-9178,
8636,0,2041,added,,Bi-207-8890,
8636,0,2059,added,,Bi-207-9176,
8636,0,2060,added,,Bi-207-9176,
8636,0,2063,added,,Bi-207-9177,
8636,0,2064,added,,Bi-207-9177,
8636,0,2066,added,,Bi-207-8779,
8636,0,2067,added,,Bi-207-8779,
8636,0,2072,added,,Bi-207-9176,
8636,0,2075,added,,Bi-207-9177,
8636,0,2076,added,,Bi-207-9177,
8636,0,2079,added,,Bi-207-8779,
8636,0,2080,added,,Bi-207-8779,
8636,0,2091,added,,Bi-207-8779,
8637,0,22,added,,Bi-207-8779,
8637,0,23,added,,Bi-207-8779,
8637,0,2037,added,,Cd-109-9178,
8637,0,2038,added,,Cd-109-9178,
8637,0,2041,added,,Bi-207-8890,
8637,0,2042,added,,Bi-207-8890,
8637,0,2048,added,,Cd-109-9178,
8637,0,2049,added,,Cd-109-9178,
8637,0,2052,added,,Bi-207-8890,
8637,0,2053,added,,Bi-207-8890,
8637,0,2061,added,,Cd-109-9178,
8637,0,2062,added,,Cd-109-9178,
8637,0,2065,added,,Bi-207-8890,
8637,0,2084,added,,Bi-207-9176,
8637,0,2086,added,,Bi-207-9177,
8637,0,2087,added,,Bi-207-9177,
8637,0,2088,added,,Bi-207-9177,
8637,0,2090,added,,Bi-207-8779,
8637,0,2091,added,,Bi-207-8779,
8637,0,2094,added,,Bi-207-9176,
8637,0,2095,added,,Bi-207-9176,
8637,0,2097,added,,Bi-207-9177,
8637,0,2098,added,,Bi-207-9177,
8637,0,2101,added,,Bi-207-8779,
8637,0,2102,added,,Bi-207-8779,
8637,0,2111,added,,Bi-207-8779,
8643,0,14,added,,Bi-207-8779,
8643,0,15,added,,Bi-207-8779,
8643,0,24,added,,Bi-207-8779,
8643,0,41,added,,Bi-207-8890,
8643,0,2049,added,,Cd-109-9178,
8643,0,2053,added,,Bi-207-8890,
8643,0,2061,added,,Cd-109-9178,
8643,0,2062,added,,Cd-109-9178,
8643,0,2064,added,,Bi-207-8890,
8643,0,2065,added,,Bi-207-8890,
8643,0,2066,added,,Bi-207-8890,
8643,0,2074,added,,Cd-109-9178,
8643,0,2077,added,,Bi-207-8890,
8643,0,2078,added,,Bi-207-8890,
8643,0,2084,added,,Bi-207-9176,
8643,0,2094,added,,Bi-207-9176,
8643,0,2095,added,,Bi-207-9176,
8643,0,2097,added,,Bi-207-9177,
8643,0,2098,added,,Bi-207-9177,
8643,0,2101,added,,Bi-207-8779,
8643,0,2102,added,,Bi-207-8779,
8643,0,2107,added,,Bi-207-9177,
8643,0,2108,added,,Bi-207-9177,
8643,0,2111,added,,Bi-207-8779,
8643,0,2112,added,,Bi-207-8779,
8644,0,80,added,,Bi-207-8779,
8644,0,83,added,,Bi-207-9176,
8644,0,84,added,,Bi-207-9176,
8644,0,91,added,,Bi-207-8779,
8644,0,92,added,,Bi-207-8779,
8644,0,101,added,,Bi-207-8779,
8644,0,102,added,,Bi-207-8779,
8644,0,2004,added,,Bi-207-8890,
8644,0,2009,added,,Cd-109-9178,
8644,0,2010,added,,Cd-109-9178,
8644,0,2012,added,,Bi-207-8890,
8644,0,2013,added,,Bi-207-8890,
8644,0,2017,added,,Cd-109-9178,
8644,0,2018,added,,Cd-109-9178,
8644,0,2021,added,,Bi-207-8890,
8644,0,2028,added,,Bi-207-9177,
8644,0,2029,added,,Bi-207-9177,
8644,0,2039,added,,Bi-207-9177,
8644,0,2040,added,,Bi-207-9177,
8644,0,2042,added,,Bi-207-8779,
8644,0,2043,added,,Bi-207-8779,
8644,0,2054,added,,Bi-207-8779,
8644,0,2055,added,,Bi-207-8779,
8645,0,2,added,,Bi-207-9177,
8645,0,3,added,,Bi-207-9177,
8645,0,9,added,,Bi-207-9177,
8645,0,26,added,,Cd-109-9178,
8645,0,29,added,,Bi-207-8890,
8645,0,36,added,,Cd-109-9178,
8645,0,2074,added,,Cd-109-9178,
8645,0,2077,added,,Bi-207-8890,
8645,0,2078,added,,Bi-207-8890,
8645,0,2085,added,,Cd-109-9178,
8645,0,2086,added,,Cd-109-9178,
8645,0,2088,added,,Bi-207-8890,
8645,0,2089,added,,Bi-207-8890,
8645,0,2090,added,,Bi-207-8890,
8645,0,2096,added,,Cd-109-9178,
8645,0,2099,added,,Bi-207-8890,
8645,0,2100,added,,Bi-207-8890,
8645,0,2107,added,,Bi-207-9177,
8645,0,2108,added,,Bi-207-9177,
8645,0,2115,added,,Bi-207-9177,
8645,0,2116,added,,Bi-207-9177,
8646,0,2,added,,Bi-207-9176,
8646,0,38,added,,Cd-109-9178,
8646,0,66,added,,Bi-207-8890,
8646,0,67,added,,Bi-207-8890,
8646,0,2063,added,,Cd-109-9178,
8646,0,2066,added,,Bi-207-8890,
8646,0,2067,added,,Bi-207-8890,
8646,0,2075,added,,Cd-109-9178,
8646,0,2076,added,,Cd-109-9178,
8646,0,2077,added,,Cd-109-9178,
8646,0,2079,added,,Bi-207-8890,
8646,0,2080,added,,Bi-207-8890,
8646,0,2087,added,,Cd-109-9178,
8646,0,2088,added,,Cd-109-9178,
8646,0,2091,added,,Bi-207-8890,
8646,0,2095,added,,Bi-207-9176,
8646,0,2096,added,,Bi-207-9176,
8646,0,2105,added,,Bi-207-9176,
8646,0,2106,added,,Bi-207-9176,
8646,0,2108,added,,Bi-207-9177,
8646,0,2109,added,,Bi-207-9177,
8646,0,2114,added,,Bi-207-9176,
8646,0,2117,added,,Bi-207-9177,
8646,0,2118,added,,Bi-207-9177,
8647,0,2050,added,,Cd-109-9178,
8647,0,2051,added,,Cd-109-9178,
8647,0,2054,added,,Bi-207-8890,
8647,0,2063,added,,Cd-109-9178,
8647,0,2064,added,,Cd-109-9178,
8647,0,2066,added,,Bi-207-8890,
8647,0,2067,added,,Bi-207-8890,
8647,0,2085,added,,Bi-207-9176,
8647,0,2089,added,,Bi-207-9177,
8647,0,2095,added,,Bi-207-9176,
8647,0,2096,added,,Bi-207-9176,
8647,0,2099,added,,Bi-207-9177,
8647,0,2100,added,,Bi-207-9177,
8647,0,2102,added,,Bi-207-8779,
8647,0,2105,added,,Bi-207-9176,
8647,0,2108,added,,Bi-207-9177,
8647,0,2109,added,,Bi-207-9177,
8647,0,2111,added,,Bi-207-8779,
8647,0,2112,added,,Bi-207-8779,
8648,0,25,added,,Bi-207-9176,
8648,0,30,added,,Bi-207-9177,
8648,0,88,added,,Cd-109-9178,
8648,0,98,added,,Cd-109-9178,
8648,0,2028,added,,Cd-109-9178,
8648,0,2029,added,,Cd-109-9178,
8648,0,2032,added,,Bi-207-8890,
8648,0,2038,added,,Cd-109-9178,
8648,0,2039,added,,Cd-109-9178,
8648,0,2040,added,,Cd-109-9178,
8648,0,2042,added,,Bi-207-8890,
8648,0,2043,added,,Bi-207-8890,
8648,0,2050,added,,Cd-109-9178,
8648,0,2051,added,,Cd-109-9178,
8648,0,2054,added,,Bi-207-8890,
8648,0,2073,added,,Bi-207-9176,
8648,0,2074,added,,Bi-207-9176,
8648,0,2077,added,,Bi-207-9177,
8648,0,2078,added,,Bi-207-9177,
8648,0,2080,added,,Bi-207-8779,
8648,0,2081,added,,Bi-207-8779,
8648,0,2084,added,,Bi-207-9176,
8648,0,2085,added,,Bi-207-9176,
8648,0,2088,added,,Bi-207-9177,
8648,0,2089,added,,Bi-207-9177,
8648,0,2092,added,,Bi-207-8779,
8649,0,36,added,,Bi-207-9176,
8649,0,47,added,,Bi-207-9176,
8649,0,81,added,,Bi-207-8779,
8649,0,2019,added,,Cd-109-9178,
8649,0,2020,added,,Cd-109-9178,
8649,0,2022,added,,Bi-207-8890,
8649,0,2023,added,,Bi-207-8890,
8649,0,2028,added,,Cd-109-9178,
8649,0,2029,added,,Cd-109-9178,
8649,0,2032,added,,Bi-207-8890,
8649,0,2033,added,,Bi-207-8890,
8649,0,2048,added,,Bi-207-9176,
8649,0,2052,added,,Bi-207-9177,
8649,0,2053,added,,Bi-207-9177,
8649,0,2056,added,,Bi-207-8779,
8649,0,2060,added,,Bi-207-9176,
8649,0,2061,added,,Bi-207-9176,
8649,0,2064,added,,Bi-207-9177,
8649,0,2065,added,,Bi-207-9177,
8649,0,2066,added,,Bi-207-9177,
8649,0,2068,added,,Bi-207-8779,
8649,0,2069,added,,Bi-207-8779,
8649,0,2073,added,,Bi-207-9176,
8649,0,2074,added,,Bi-207-9176,
8649,0,2077,added,,Bi-207-9177,
8649,0,2078,added,,Bi-207-9177,
8649,0,2081,added,,Bi-207-8779,
8650,0,60,added,,Bi-207-9176,
8650,0,72,added,,Bi-207-9176,
8650,0,114,added,,Cd-109-9178,
8650,0,2004,added,,Cd-109-9178,
8650,0,2011,added,,Cd-109-9178,
8650,0,2012,added,,Cd-109-9178,
8650,0,2014,added,,Bi-207-8890,
8650,0,2020,added,,Cd-109-9178,
8650,0,2022,added,,Bi-207-8890,
8650,0,2023,added,,Bi-207-8890,
8650,0,2036,added,,Bi-207-9176,
8650,0,2037,added,,Bi-207-9176,
8650,0,2040,added,,Bi-207-9177,
8650,0,2041,added,,Bi-207-9177,
8650,0,2044,added,,Bi-207-8779,
8650,0,2048,added,,Bi-207-9176,
8650,0,2049,added,,Bi-207-9176,
8650,0,2052,added,,Bi-207-9177,
8650,0,2053,added,,Bi-207-9177,
8650,0,2055,added,,Bi-207-8779,
8650,0,2056,added,,Bi-207-8779,
8650,0,2068,added,,Bi-207-8779,
8651,0,83,added,,Bi-207-9176,
8651,0,84,added,,Bi-207-9176,
8651,0,98,added,,Bi-207-9177,
8651,0,2009,added,,Cd-109-9178,
8651,0,2010,added,,Cd-109-9178,
8651,0,2011,added,,Cd-109-9178,
8651,0,2012,added,,Bi-207-8890,
8651,0,2013,added,,Bi-207-8890,
8651,0,2014,added,,Bi-207-8890,
8651,0,2018,added,,Cd-109-9178,
8651,0,2019,added,,Cd-109-9178,
8651,0,2021,added,,Bi-207-8890,
8651,0,2022,added,,Bi-207-8890,
8651,0,2036,added,,Bi-207-9176,
8651,0,2039,added,,Bi-207-9177,
8651,0,2040,added,,Bi-207-9177,
8651,0,2043,added,,Bi-207-8779,
8651,0,2044,added,,Bi-207-8779,
8651,0,2047,added,,Bi-207-9176,
8651,0,2048,added,,Bi-207-9176,
8651,0,2051,added,,Bi-207-9177,
8651,0,2052,added,,Bi-207-9177,
8651,0,2055,added,,Bi-207-8779,
8651,0,2056,added,,Bi-207-8779,
8652,0,35,added,,Bi-207-9176,
8652,0,36,added,,Bi-207-9176,
8652,0,75,added,,Bi-207-9177,
8652,0,95,added,,Cd-109-9178,
8652,0,108,added,,Bi-207-8890,
8652,0,2010,added,,Cd-109-9178,
8652,0,2017,added,,Cd-109-9178,
8652,0,2018,added,,Cd-109-9178,
8652,0,2019,added,,Cd-109-9178,
8652,0,2021,added,,Bi-207-8890,
8652,0,2022,added,,Bi-207-8890,
8652,0,2027,added,,Cd-109-9178,
8652,0,2028,added,,Cd-109-9178,
8652,0,2031,added,,Bi-207-8890,
8652,0,2032,added,,Bi-207-8890,
8652,0,2047,added,,Bi-207-9176,
8652,0,2051,added,,Bi-207-9177,
8652,0,2059,added,,Bi-207-9176,
8652,0,2060,added,,Bi-207-9176,
8652,0,2063,added,,Bi-207-9177,
8652,0,2064,added,,Bi-207-9177,
8652,0,2067,added,,Bi-207-8779,
8652,0,2068,added,,Bi-207-8779,
8652,0,2072,added,,Bi-207-9176,
8652,0,2073,added,,Bi-207-9176,
8652,0,2076,added,,Bi-207-9177,
8652,0,2077,added,,Bi-207-9177,
8652,0,2080,added,,Bi-207-8779,
8653,0,28,added,,Bi-207-9177,
8653,0,29,added,,Bi-207-9177,
8653,0,32,added,,Bi-207-8779,
8653,0,33,added,,Bi-207-8779,
8653,0,38,added,,Bi-207-9177,
8653,0,43,added,,Bi-207-8779,
8653,0,44,added,,Bi-207-8779,
8653,0,55,added,,Bi-207-8779,
8653,0,2027,added,,Cd-109-9178,
8653,0,2028,added,,Cd-109-9178,
8653,0,2031,added,,Bi-207-8890,
8653,0,2037,added,,Cd-109-9178,
8653,0,2038,added,,Cd-109-9178,
8653,0,2039,added,,Cd-109-9178,
8653,0,2041,added,,Bi-207-8890,
8653,0,2042,added,,Bi-207-8890,
8653,0,2049,added,,Cd-109-9178,
8653,0,2050,added,,Cd-109-9178,
8653,0,2053,added,,Bi-207-8890,
8653,0,2072,added,,Bi-207-9176,
8653,0,2073,added,,Bi-207-9176,
8653,0,2076,added,,Bi-207-9177,
8653,0,2077,added,,Bi-207-9177,
8653,0,2079,added,,Bi-207-8779,
8653,0,2080,added,,Bi-207-8779,
8653,0,2084,added,,Bi-207-9176,
8653,0,2087,added,,Bi-207-9177,
8653,0,2088,added,,Bi-207-9177,
8653,0,2091,added,,Bi-207-8779,
8653,0,2092,added,,Bi-207-8779,
8653,0,2102,added,,Bi-207-8779,
8654,0,15,added,,Bi-207-8779,
8654,0,49,added,,Cd-109-9178,
8654,0,61,added,,Cd-109-9178,
8654,0,62,added,,Cd-109-9178,
8654,0,74,added,,Cd-109-9178,
8654,0,2049,added,,Cd-109-9178,
8654,0,2050,added,,Cd-109-9178,
8654,0,2052,added,,Bi-207-8890,
8654,0,2053,added,,Bi-207-8890,
8654,0,2061,added,,Cd-109-9178,
8654,0,2062,added,,Cd-109-9178,
8654,0,2063,added,,Cd-109-9178,
8654,0,2065,added,,Bi-207-8890,
8654,0,2066,added,,Bi-207-8890,
8654,0,2074,added,,Cd-109-9178,
8654,0,2084,added,,Bi-207-9176,
8654,0,2094,added,,Bi-207-9176,
8654,0,2095,added,,Bi-207-9176,
8654,0,2097,added,,Bi-207-9177,
8654,0,2098,added,,Bi-207-9177,
8654,0,2099,added,,Bi-207-9177,
8654,0,2102,added,,Bi-207-8779,
8654,0,2107,added,,Bi-207-9177,
8654,0,2108,added,,Bi-207-9177,
8654,0,2111,added,,Bi-207-8779,
8654,0,2112,added,,Bi-207-8779,
8655,0,2062,added,,Cd-109-9178,
8655,0,2065,added,,Bi-207-8890,
8655,0,2066,added,,Bi-207-8890,
8655,0,2074,added,,Cd-109-9178,
8655,0,2075,added,,Cd-109-9178,
8655,0,2077,added,,Bi-207-8890,
8655,0,2078,added,,Bi-207-8890,
8655,0,2079,added,,Bi-207-8890,
8655,0,2086,added,,Cd-109-9178,
8655,0,2089,added,,Bi-207-8890,
8655,0,2090,added,,Bi-207-8890,
8655,0,2102,added,,Bi-207-8779,
8655,0,2107,added,,Bi-207-9177,
8655,0,2108,added,,Bi-207-9177,
8655,0,2111,added,,Bi-207-8779,
8655,0,2112,added,,Bi-207-8779,
8655,0,2116,added,,Bi-207-9177,
8655,0,2117,added,,Bi-207-9177,
8657,0,2086,added,,Cd-109-9178,
8657,0,2096,added,,Cd-109-9178,
8657,0,2097,added,,Cd-109-9178,
8657,0,2099,added,,Bi-207-8890,
8657,0,2100,added,,Bi-207-8890,
8657,0,2105,added,,Cd-109-9178,
8657,0,2106,added,,Cd-109-9178,
8657,0,2109,added,,Bi-207-8890,
8657,0,2110,added,,Bi-207-8890,
8658,0,3,added,,Bi-207-9177,
8658,0,4,added,,Bi-207-9177,
8658,0,10,added,,Bi-207-9177,
8658,0,27,added,,Cd-109-9178,
8658,0,30,added,,Bi-207-8890,
8658,0,2075,added,,Cd-109-9178,
8658,0,2078,added,,Bi-207-8890,
8658,0,2079,added,,Bi-207-8890,
8658,0,2086,added,,Cd-109-9178,
8658,0,2087,added,,Cd-109-9178,
8658,0,2089,added,,Bi-207-8890,
8658,0,2090,added,,Bi-207-8890,
8658,0,2091,added,,Bi-207-8890,
8658,0,2097,added,,Cd-109-9178,
8658,0,2100,added,,Bi-207-8890,
8658,0,2101,added,,Bi-207-8890,
8658,0,2108,added,,Bi-207-9177,
8658,0,2109,added,,Bi-207-9177,
8658,0,2116,added,,Bi-207-9177,
8658,0,2117,added,,Bi-207-9177,
8659,0,92,added,,Bi-207-8779,
8659,0,103,added,,Bi-207-8779,
8659,0,112,added,,Bi-207-8779,
8659,0,2012,added,,Bi-207-9177,
8659,0,2017,added,,Bi-207-9176,
8659,0,2020,added,,Bi-207-9177,
8659,0,2021,added,,Bi-207-9177,
8659,0,2023,added,,Bi-207-8779,
8659,0,2026,added,,Bi-207-9176,
8659,0,2027,added,,Bi-207-9176,
8659,0,2029,added,,Bi-207-9177,
8659,0,2030,added,,Bi-207-9177,
8659,0,2032,added,,Bi-207-8779,
8659,0,2033,added,,Bi-207-8779,
8659,0,2043,added,,Bi-207-8779,
8659,0,2044,added,,Bi-207-8779,
8681,0,114,added,,Cd-109-9178,
8681,0,2010,added,,Cd-109-9178,
8681,0,2011,added,,Cd-109-9178,
8681,0,2013,added,,Bi-207-8890,
8681,0,2014,added,,Bi-207-8890,
8681,0,2018,added,,Cd-109-9178,
8681,0,2019,added,,Cd-109-9178,
8681,0,2022,added,,Bi-207-8890,
8681,0,2023,added,,Bi-207-8890,
8681,0,2036,added,,Bi-207-9176,
8681,0,2040,added,,Bi-207-9177,
8681,0,2047,added,,Bi-207-9176,
8681,0,2048,added,,Bi-207-9176,
8681,0,2051,added,,Bi-207-9177,
8681,0,2052,added,,Bi-207-9177,
8681,0,2055,added,,Bi-207-8779,
8681,0,2056,added,,Bi-207-8779,
8681,0,2060,added,,Bi-207-9176,
8681,0,2064,added,,Bi-207-9177,
8681,0,2065,added,,Bi-207-9177,
8681,0,2068,added,,Bi-207-8779,
8681,0,2069,added,,Bi-207-8779,
8682,0,35,added,,Bi-207-9176,
8682,0,56,added,,Bi-207-8779,
8682,0,68,added,,Bi-207-8779,
8682,0,2022,added,,Bi-207-8890,
8682,0,2023,added,,Bi-207-8890,
8682,0,2028,added,,Cd-109-9178,
8682,0,2029,added,,Cd-109-9178,
8682,0,2031,added,,Bi-207-8890,
8682,0,2032,added,,Bi-207-8890,
8682,0,2033,added,,Bi-207-8890,
8682,0,2038,added,,Cd-109-9178,
8682,0,2039,added,,Cd-109-9178,
8682,0,2042,added,,Bi-207-8890,
8682,0,2050,added,,Cd-109-9178,
8682,0,2060,added,,Bi-207-9176,
8682,0,2064,added,,Bi-207-9177,
8682,0,2065,added,,Bi-207-9177,
8682,0,2068,added,,Bi-207-8779,
8682,0,2069,added,,Bi-207-8779,
8682,0,2072,added,,Bi-207-9176,
8682,0,2073,added,,Bi-207-9176,
8682,0,2076,added,,Bi-207-9177,
8682,0,2077,added,,Bi-207-9177,
8682,0,2080,added,,Bi-207-8779,
8682,0,2081,added,,Bi-207-8779,
8682,0,2084,added,,Bi-207-9176,
8682,0,2088,added,,Bi-207-9177,
8683,0,24,added,,Bi-207-8779,
8683,0,30,added,,Bi-207-9177,
8683,0,34,added,,Bi-207-8779,
8683,0,2038,added,,Cd-109-9178,
8683,0,2039,added,,Cd-109-9178,
8683,0,2042,added,,Bi-207-8890,
8683,0,2049,added,,Cd-109-9178,
8683,0,2050,added,,Cd-109-9178,
8683,0,2051,added,,Cd-109-9178,
8683,0,2053,added,,Bi-207-8890,
8683,0,2054,added,,Bi-207-8890,
8683,0,2062,added,,Cd-109-9178,
8683,0,2063,added,,Cd-109-9178,
8683,0,2066,added,,Bi-207-8890,
8683,0,2077,added,,Bi-207-9177,
8683,0,2084,added,,Bi-207-9176,
8683,0,2085,added,,Bi-207-9176,
8683,0,2087,added,,Bi-207-9177,
8683,0,2088,added,,Bi-207-9177,
8683,0,2089,added,,Bi-207-9177,
8683,0,2092,added,,Bi-207-8779,
8683,0,2094,added,,Bi-207-9176,
8683,0,2095,added,,Bi-207-9176,
8683,0,2098,added,,Bi-207-9177,
8683,0,2099,added,,Bi-207-9177,
8683,0,2102,added,,Bi-207-8779,
8683,0,2112,added,,Bi-207-8779,
8684,0,52,added,,Bi-207-8890,
8684,0,61,added,,Cd-109-9178,
8684,0,74,added,,Cd-109-9178,
8684,0,75,added,,Cd-109-9178,
8684,0,2050,added,,Cd-109-9178,
8684,0,2053,added,,Bi-207-8890,
8684,0,2054,added,,Bi-207-8890,
8684,0,2062,added,,Cd-109-9178,
8684,0,2063,added,,Cd-109-9178,
8684,0,2065,added,,Bi-207-8890,
8684,0,2066,added,,Bi-207-8890,
8684,0,2067,added,,Bi-207-8890,
8684,0,2075,added,,Cd-109-9178,
8684,0,2078,added,,Bi-207-8890,
8684,0,2079,added,,Bi-207-8890,
8684,0,2095,added,,Bi-207-9176,
8684,0,2096,added,,Bi-207-9176,
8684,0,2098,added,,Bi-207-9177,
8684,0,2099,added,,Bi-207-9177,
8684,0,2102,added,,Bi-207-8779,
8684,0,2105,added,,Bi-207-9176,
8684,0,2108,added,,Bi-207-9177,
8684,0,2109,added,,Bi-207-9177,
8684,0,2111,added,,Bi-207-8779,
8684,0,2112,added,,Bi-207-8779,
8685,0,83,added,,Bi-207-9176,
8685,0,94,added,,Bi-207-9176,
8685,0,2012,added,,Bi-207-8890,
8685,0,2013,added,,Bi-207-8890,
8685,0,2014,added,,Bi-207-8890,
8685,0,2021,added,,Bi-207-8890,
8685,0,2022,added,,Bi-207-8890,
8685,0,2026,added,,Bi-207-9176,
8685,0,2029,added,,Bi-207-9177,
8685,0,2030,added,,Bi-207-9177,
8685,0,2033,added,,Bi-207-8779,
8685,0,2036,added,,Bi-207-9176,
8685,0,2037,added,,Bi-207-9176,
8685,0,2040,added,,Bi-207-9177,
8685,0,2041,added,,Bi-207-9177,
8685,0,2043,added,,Bi-207-8779,
8685,0,2044,added,,Bi-207-8779,
8685,0,2048,added,,Bi-207-9176,
8685,0,2055,added,,Bi-207-8779,
8685,0,2056,added,,Bi-207-8779,
8686,0,92,added,,Bi-207-8779,
8686,0,103,added,,Bi-207-8779,
8686,0,112,added,,Bi-207-8779,
8686,0,2012,added,,Bi-207-9177,
8686,0,2017,added,,Bi-207-9176,
8686,0,2020,added,,Bi-207-9177,
8686,0,2021,added,,Bi-207-9177,
8686,0,2023,added,,Bi-207-8779,
8686,0,2026,added,,Bi-207-9176,
8686,0,2027,added,,Bi-207-9176,
8686,0,2029,added,,Bi-207-9177,
8686,0,2030,added,,Bi-207-9177,
8686,0,2032,added,,Bi-207-8779,
8686,0,2033,added,,Bi-207-8779,
8686,0,2043,added,,Bi-207-8779,
8686,0,2044,added,,Bi-207-8779,
8687,0,48,added,,Bi-207-9176,
8687,0,2010,added,,Cd-109-9178,
8687,0,2011,added,,Cd-109-9178,
8687,0,2014,added,,Bi-207-8890,
8687,0,2019,added,,Cd-109-9178,
8687,0,2020,added,,Cd-109-9178,
8687,0,2022,added,,Bi-207-8890,
8687,0,2023,added,,Bi-207-8890,
8687,0,2037,added,,Bi-207-9176,
8687,0,2041,added,,Bi-207-9177,
8687,0,2048,added,,Bi-207-9176,
8687,0,2049,added,,Bi-207-9176,
8687,0,2052,added,,Bi-207-9177,
8687,0,2053,added,,Bi-207-9177,
8687,0,2056,added,,Bi-207-8779,
8687,0,2061,added,,Bi-207-9176,
8687,0,2062,added,,Bi-207-9176,
8687,0,2065,added,,Bi-207-9177,
8687,0,2066,added,,Bi-207-9177,
8687,0,2068,added,,Bi-207-8779,
8687,0,2069,added,,Bi-207-8779,
8688,0,26,added,,Bi-207-9176,
8688,0,36,added,,Bi-207-9176,
8688,0,55,added,,Bi-207-8779,
8688,0,56,added,,Bi-207-8779,
8688,0,68,added,,Bi-207-8779,
8688,0,69,added,,Bi-207-8779,
8688,0,2019,added,,Cd-109-9178,
8688,0,2020,added,,Cd-109-9178,
8688,0,2023,added,,Bi-207-8890,
8688,0,2028,added,,Cd-109-9178,
8688,0,2029,added,,Cd-109-9178,
8688,0,2030,added,,Cd-109-9178,
8688,0,2032,added,,Bi-207-8890,
8688,0,2033,added,,Bi-207-8890,
8688,0,2039,added,,Cd-109-9178,
8688,0,2040,added,,Cd-109-9178,
8688,0,2043,added,,Bi-207-8890,
8688,0,2061,added,,Bi-207-9176,
8688,0,2062,added,,Bi-207-9176,
8688,0,2064,added,,Bi-207-9177,
8688,0,2065,added,,Bi-207-9177,
8688,0,2066,added,,Bi-207-9177,
8688,0,2068,added,,Bi-207-8779,
8688,0,2069,added,,Bi-207-8779,
8688,0,2073,added,,Bi-207-9176,
8688,0,2074,added,,Bi-207-9176,
8688,0,2077,added,,Bi-207-9177,
8688,0,2078,added,,Bi-207-9177,
8688,0,2081,added,,Bi-207-8779,
8689,0,2039,added,,Cd-109-9178,
8689,0,2040,added,,Cd-109-9178,
8689,0,2043,added,,Bi-207-8890,
8689,0,2050,added,,Cd-109-9178,
8689,0,2051,added,,Cd-109-9178,
8689,0,2052,added,,Cd-109-9178,
8689,0,2054,added,,Bi-207-8890,
8689,0,2055,added,,Bi-207-8890,
8689,0,2063,added,,Cd-109-9178,
8689,0,2064,added,,Cd-109-9178,
8689,0,2085,added,,Bi-207-9176,
8689,0,2086,added,,Bi-207-9176,
8689,0,2088,added,,Bi-207-9177,
8689,0,2089,added,,Bi-207-9177,
8689,0,2090,added,,Bi-207-9177,
8689,0,2095,added,,Bi-207-9176,
8689,0,2096,added,,Bi-207-9176,
8689,0,2099,added,,Bi-207-9177,
8689,0,2100,added,,Bi-207-9177,
8690,0,2051,added,,Cd-109-9178,
8690,0,2054,added,,Bi-207-8890,
8690,0,2055,added,,Bi-207-8890,
8690,0,2063,added,,Cd-109-9178,
8690,0,2064,added,,Cd-109-9178,
8690,0,2066,added,,Bi-207-8890,
8690,0,2067,added,,Bi-207-8890,
8690,0,2068,added,,Bi-207-8890,
8690,0,2075,added,,Cd-109-9178,
8690,0,2076,added,,Cd-109-9178,
8690,0,2079,added,,Bi-207-8890,
8690,0,2080,added,,Bi-207-8890,
8690,0,2095,added,,Bi-207-9176,
8690,0,2096,added,,Bi-207-9176,
8690,0,2099,added,,Bi-207-9177,
8690,0,2100,added,,Bi-207-9177,
8690,0,2105,added,,Bi-207-9176,
8690,0,2106,added,,Bi-207-9176,
8690,0,2109,added,,Bi-207-9177,
8690,0,2110,added,,Bi-207-9177,
8690,0,2114,added,,Bi-207-9176,
8691,0,72,added,,Bi-207-9176,
8691,0,98,added,,Bi-207-9177,
8691,0,103,added,,Bi-207-8779,
8691,0,2004,added,,Cd-109-9178,
8691,0,2011,added,,Cd-109-9178,
8691,0,2012,added,,Cd-109-9178,
8691,0,2026,added,,Bi-207-9176,
8691,0,2027,added,,Bi-207-9176,
8691,0,2030,added,,Bi-207-9177,
8691,0,2031,added,,Bi-207-9177,
8691,0,2036,added,,Bi-207-9176,
8691,0,2037,added,,Bi-207-9176,
8691,0,2040,added,,Bi-207-9177,
8691,0,2041,added,,Bi-207-9177,
8691,0,2042,added,,Bi-207-9177,
8691,0,2044,added,,Bi-207-8779,
8691,0,2048,added,,Bi-207-9176,
8691,0,2055,added,,Bi-207-8779,
8691,0,2056,added,,Bi-207-8779,
8692,0,47,added,,Bi-207-9176,
8692,0,91,added,,Bi-207-8779,
8692,0,104,added,,Cd-109-9178,
8692,0,113,added,,Cd-109-9178,
8692,0,2009,added,,Cd-109-9178,
8692,0,2010,added,,Cd-109-9178,
8692,0,2012,added,,Bi-207-8890,
8692,0,2013,added,,Bi-207-8890,
8692,0,2017,added,,Cd-109-9178,
8692,0,2018,added,,Cd-109-9178,
8692,0,2020,added,,Bi-207-8890,
8692,0,2021,added,,Bi-207-8890,
8692,0,2039,added,,Bi-207-9177,
8692,0,2047,added,,Bi-207-9176,
8692,0,2048,added,,Bi-207-9176,
8692,0,2050,added,,Bi-207-9177,
8692,0,2051,added,,Bi-207-9177,
8692,0,2054,added,,Bi-207-8779,
8692,0,2055,added,,Bi-207-8779,
8692,0,2059,added,,Bi-207-9176,
8692,0,2060,added,,Bi-207-9176,
8692,0,2063,added,,Bi-207-9177,
8692,0,2064,added,,Bi-207-9177,
8692,0,2066,added,,Bi-207-8779,
8692,0,2067,added,,Bi-207-8779,
8692,0,2068,added,,Bi-207-8779,
8693,0,25,added,,Bi-207-9176,
8693,0,38,added,,Bi-207-9177,
8693,0,66,added,,Bi-207-8779,
8693,0,84,added,,Cd-109-9178,
8693,0,2017,added,,Cd-109-9178,
8693,0,2018,added,,Cd-109-9178,
8693,0,2021,added,,Bi-207-8890,
8693,0,2026,added,,Cd-109-9178,
8693,0,2027,added,,Cd-109-9178,
8693,0,2030,added,,Bi-207-8890,
8693,0,2031,added,,Bi-207-8890,
8693,0,2037,added,,Cd-109-9178,
8693,0,2041,added,,Bi-207-8890,
8693,0,2059,added,,Bi-207-9176,
8693,0,2060,added,,Bi-207-9176,
8693,0,2063,added,,Bi-207-9177,
8693,0,2064,added,,Bi-207-9177,
8693,0,2066,added,,Bi-207-8779,
8693,0,2067,added,,Bi-207-8779,
8693,0,2072,added,,Bi-207-9176,
8693,0,2075,added,,Bi-207-9177,
8693,0,2076,added,,Bi-207-9177,
8693,0,2079,added,,Bi-207-8779,
8693,0,2080,added,,Bi-207-8779,
8693,0,2091,added,,Bi-207-8779,
8694,0,22,added,,Bi-207-8779,
8694,0,23,added,,Bi-207-8779,
8694,0,2037,added,,Cd-109-9178,
8694,0,2038,added,,Cd-109-9178,
8694,0,2041,added,,Bi-207-8890,
8694,0,2042,added,,Bi-207-8890,
8694,0,2048,added,,Cd-109-9178,
8694,0,2049,added,,Cd-109-9178,
8694,0,2052,added,,Bi-207-8890,
8694,0,2053,added,,Bi-207-8890,
8694,0,2061,added,,Cd-109-9178,
8694,0,2062,added,,Cd-109-9178,
8694,0,2065,added,,Bi-207-8890,
8694,0,2084,added,,Bi-207-9176,
8694,0,2086,added,,Bi-207-9177,
8694,0,2087,added,,Bi-207-9177,
8694,0,2088,added,,Bi-207-9177,
8694,0,2090,added,,Bi-207-8779,
8694,0,2091,added,,Bi-207-8779,
8694,0,2094,added,,Bi-207-9176,
8694,0,2095,added,,Bi-207-9176,
8694,0,2097,added,,Bi-207-9177,
8694,0,2098,added,,Bi-207-9177,
8694,0,2101,added,,Bi-207-8779,
8694,0,2102,added,,Bi-207-8779,
8694,0,2111,added,,Bi-207-8779,
8696,0,14,added,,Bi-207-8779,
8696,0,15,added,,Bi-207-8779,
8696,0,24,added,,Bi-207-8779,
8696,0,2049,added,,Cd-109-9178,
8696,0,2053,added,,Bi-207-8890,
8696,0,2061,added,,Cd-109-9178,
8696,0,2062,added,,Cd-109-9178,
8696,0,2064,added,,Bi-207-8890,
8696,0,2065,added,,Bi-207-8890,
8696,0,2066,added,,Bi-207-8890,
8696,0,2074,added,,Cd-109-9178,
8696,0,2077,added,,Bi-207-8890,
8696,0,2078,added,,Bi-207-8890,
8696,0,2084,added,,Bi-207-9176,
8696,0,2094,added,,Bi-207-9176,
8696,0,2095,added,,Bi-207-9176,
8696,0,2097,added,,Bi-207-9177,
8696,0,2098,added,,Bi-207-9177,
8696,0,2101,added,,Bi-207-8779,
8696,0,2102,added,,Bi-207-8779,
8696,0,2107,added,,Bi-207-9177,
8696,0,2108,added,,Bi-207-9177,
8696,0,2111,added,,Bi-207-8779,
8696,0,2112,added,,Bi-207-8779,
8697,0,83,added,,Bi-207-9176,
8697,0,84,added,,Bi-207-9176,
8697,0,91,added,,Bi-207-8779,
8697,0,92,added,,Bi-207-8779,
8697,0,101,added,,Bi-207-8779,
8697,0,102,added,,Bi-207-8779,
8697,0,2004,added,,Bi-207-8890,
8697,0,2012,added,,Bi-207-8890,
8697,0,2013,added,,Bi-207-8890,
8697,0,2021,added,,Bi-207-8890,
8697,0,2028,added,,Bi-207-9177,
8697,0,2029,added,,Bi-207-9177,
8697,0,2039,added,,Bi-207-9177,
8697,0,2040,added,,Bi-207-9177,
8698,0,2,added,,Bi-207-9177,
8698,0,3,added,,Bi-207-9177,
8698,0,9,added,,Bi-207-9177,
8698,0,26,added,,Cd-109-9178,
8698,0,29,added,,Bi-207-8890,
8698,0,36,added,,Cd-109-9178,
8698,0,2074,added,,Cd-109-9178,
8698,0,2077,added,,Bi-207-8890,
8698,0,2078,added,,Bi-207-8890,
8698,0,2085,added,,Cd-109-9178,
8698,0,2086,added,,Cd-109-9178,
8698,0,2088,added,,Bi-207-8890,
8698,0,2089,added,,Bi-207-8890,
8698,0,2090,added,,Bi-207-8890,
8698,0,2096,added,,Cd-109-9178,
8698,0,2099,added,,Bi-207-8890,
8698,0,2100,added,,Bi-207-8890,
8698,0,2107,added,,Bi-207-9177,
8698,0,2108,added,,Bi-207-9177,
8698,0,2115,added,,Bi-207-9177,
8698,0,2116,added,,Bi-207-9177,
8699,0,2086,added,,Cd-109-9178,
8699,0,2096,added,,Cd-109-9178,
8699,0,2097,added,,Cd-109-9178,
8699,0,2099,added,,Bi-207-8890,
8699,0,2100,added,,Bi-207-8890,
8699,0,2105,added,,Cd-109-9178,
8699,0,2106,added,,Cd-109-9178,
8699,0,2109,added,,Bi-207-8890,
8699,0,2110,added,,Bi-207-8890,
8700,0,2,added,,Bi-207-9176,
8700,0,38,added,,Cd-109-9178,
8700,0,66,added,,Bi-207-8890,
8700,0,67,added,,Bi-207-8890,
8700,0,2063,added,,Cd-109-9178,
8700,0,2066,added,,Bi-207-8890,
8700,0,2067,added,,Bi-207-8890,
8700,0,2075,added,,Cd-109-9178,
8700,0,2076,added,,Cd-109-9178,
8700,0,2077,added,,Cd-109-9178,
8700,0,2079,added,,Bi-207-8890,
8700,0,2080,added,,Bi-207-8890,
8700,0,2087,added,,Cd-109-9178,
8700,0,2088,added,,Cd-109-9178,
8700,0,2091,added,,Bi-207-8890,
8700,0,2095,added,,Bi-207-9176,
8700,0,2096,added,,Bi-207-9176,
8700,0,2105,added,,Bi-207-9176,
8700,0,2106,added,,Bi-207-9176,
8700,0,2108,added,,Bi-207-9177,
8700,0,2109,added,,Bi-207-9177,
8700,0,2114,added,,Bi-207-9176,
8700,0,2117,added,,Bi-207-9177,
8700,0,2118,added,,Bi-207-9177,
8704,0,60,added,,Bi-207-9176,
8704,0,72,added,,Bi-207-9176,
8704,0,114,added,,Cd-109-9178,
8704,0,2004,added,,Cd-109-9178,
8704,0,2011,added,,Cd-109-9178,
8704,0,2012,added,,Cd-109-9178,
8704,0,2014,added,,Bi-207-8890,
8704,0,2020,added,,Cd-109-9178,
8704,0,2022,added,,Bi-207-8890,
8704,0,2023,added,,Bi-207-8890,
8704,0,2036,added,,Bi-207-9176,
8704,0,2037,added,,Bi-207-9176,
8704,0,2040,added,,Bi-207-9177,
8704,0,2041,added,,Bi-207-9177,
8704,0,2044,added,,Bi-207-8779,
8704,0,2048,added,,Bi-207-9176,
8704,0,2049,added,,Bi-207-9176,
8704,0,2052,added,,Bi-207-9177,
8704,0,2053,added,,Bi-207-9177,
8704,0,2055,added,,Bi-207-8779,
8704,0,2056,added,,Bi-207-8779,
8704,0,2068,added,,Bi-207-8779,
8705,0,83,added,,Bi-207-9176,
8705,0,84,added,,Bi-207-9176,
8705,0,98,added,,Bi-207-9177,
8705,0,2009,added,,Cd-109-9178,
8705,0,2010,added,,Cd-109-9178,
8705,0,2011,added,,Cd-109-9178,
8705,0,2012,added,,Bi-207-8890,
8705,0,2013,added,,Bi-207-8890,
8705,0,2014,added,,Bi-207-8890,
8705,0,2018,added,,Cd-109-9178,
8705,0,2019,added,,Cd-109-9178,
8705,0,2021,added,,Bi-207-8890,
8705,0,2022,added,,Bi-207-8890,
8705,0,2036,added,,Bi-207-9176,
8705,0,2039,added,,Bi-207-9177,
8705,0,2040,added,,Bi-207-9177,
8705,0,2043,added,,Bi-207-8779,
8705,0,2044,added,,Bi-207-8779,
8705,0,2047,added,,Bi-207-9176,
8705,0,2048,added,,Bi-207-9176,
8705,0,2051,added,,Bi-207-9177,
8705,0,2052,added,,Bi-207-9177,
8705,0,2055,added,,Bi-207-8779,
8705,0,2056,added,,Bi-207-8779,
8706,0,35,added,,Bi-207-9176,
8706,0,36,added,,Bi-207-9176,
8706,0,75,added,,Bi-207-9177,
8706,0,95,added,,Cd-109-9178,
8706,0,108,added,,Bi-207-8890,
8706,0,2010,added,,Cd-109-9178,
8706,0,2017,added,,Cd-109-9178,
8706,0,2018,added,,Cd-109-9178,
8706,0,2019,added,,Cd-109-9178,
8706,0,2021,added,,Bi-207-8890,
8706,0,2022,added,,Bi-207-8890,
8706,0,2027,added,,Cd-109-9178,
8706,0,2028,added,,Cd-109-9178,
8706,0,2031,added,,Bi-207-8890,
8706,0,2032,added,,Bi-207-8890,
8706,0,2047,added,,Bi-207-9176,
8706,0,2051,added,,Bi-207-9177,
8706,0,2059,added,,Bi-207-9176,
8706,0,2060,added,,Bi-207-9176,
8706,0,2063,added,,Bi-207-9177,
8706,0,2064,added,,Bi-207-9177,
8706,0,2067,added,,Bi-207-8779,
8706,0,2068,added,,Bi-207-8779,
8706,0,2072,added,,Bi-207-9176,
8706,0,2073,added,,Bi-207-9176,
8706,0,2076,added,,Bi-207-9177,
8706,0,2077,added,,Bi-207-9177,
8706,0,2080,added,,Bi-207-8779,
8707,0,28,added,,Bi-207-9177,
8707,0,29,added,,Bi-207-9177,
8707,0,32,added,,Bi-207-8779,
8707,0,33,added,,Bi-207-8779,
8707,0,38,added,,Bi-207-9177,
8707,0,43,added,,Bi-207-8779,
8707,0,44,added,,Bi-207-8779,
8707,0,55,added,,Bi-207-8779,
8707,0,2027,added,,Cd-109-9178,
8707,0,2028,added,,Cd-109-9178,
8707,0,2031,added,,Bi-207-8890,
8707,0,2037,added,,Cd-109-9178,
8707,0,2038,added,,Cd-109-9178,
8707,0,2039,added,,Cd-109-9178,
8707,0,2041,added,,Bi-207-8890,
8707,0,2042,added,,Bi-207-8890,
8707,0,2049,added,,Cd-109-9178,
8707,0,2050,added,,Cd-109-9178,
8707,0,2053,added,,Bi-207-8890,
8707,0,2072,added,,Bi-207-9176,
8707,0,2073,added,,Bi-207-9176,
8707,0,2076,added,,Bi-207-9177,
8707,0,2077,added,,Bi-207-9177,
8707,0,2079,added,,Bi-207-8779,
8707,0,2080,added,,Bi-207-8779,
8707,0,2084,added,,Bi-207-9176,
8707,0,2087,added,,Bi-207-9177,
8707,0,2088,added,,Bi-207-9177,
8707,0,2091,added,,Bi-207-8779,
8707,0,2092,added,,Bi-207-8779,
8707,0,2102,added,,Bi-207-8779,
8708,0,15,added,,Bi-207-8779,
8708,0,49,added,,Cd-109-9178,
8708,0,53,added,,Bi-207-8890,
8708,0,61,added,,Cd-109-9178,
8708,0,62,added,,Cd-109-9178,
8708,0,74,added,,Cd-109-9178,
8708,0,2049,added,,Cd-109-9178,
8708,0,2050,added,,Cd-109-9178,
8708,0,2052,added,,Bi-207-8890,
8708,0,2053,added,,Bi-207-8890,
8708,0,2061,added,,Cd-109-9178,
8708,0,2062,added,,Cd-109-9178,
8708,0,2063,added,,Cd-109-9178,
8708,0,2065,added,,Bi-207-8890,
8708,0,2066,added,,Bi-207-8890,
8708,0,2074,added,,Cd-109-9178,
8708,0,2084,added,,Bi-207-9176,
8708,0,2094,added,,Bi-207-9176,
8708,0,2095,added,,Bi-207-9176,
8708,0,2097,added,,Bi-207-9177,
8708,0,2098,added,,Bi-207-9177,
8708,0,2099,added,,Bi-207-9177,
8708,0,2102,added,,Bi-207-8779,
8708,0,2107,added,,Bi-207-9177,
8708,0,2108,added,,Bi-207-9177,
8708,0,2111,added,,Bi-207-8779,
8708,0,2112,added,,Bi-207-8779,
8709,0,2062,added,,Cd-109-9178,
8709,0,2065,added,,Bi-207-8890,
8709,0,2066,added,,Bi-207-8890,
8709,0,2074,added,,Cd-109-9178,
8709,0,2075,added,,Cd-109-9178,
8709,0,2077,added,,Bi-207-8890,
8709,0,2078,added,,Bi-207-8890,
8709,0,2079,added,,Bi-207-8890,
8709,0,2086,added,,Cd-109-9178,
8709,0,2089,added,,Bi-207-8890,
8709,0,2090,added,,Bi-207-8890,
8709,0,2102,added,,Bi-207-8779,
8709,0,2107,added,,Bi-207-9177,
8709,0,2108,added,,Bi-207-9177,
8709,0,2111,added,,Bi-207-8779,
8709,0,2112,added,,Bi-207-8779,
8709,0,2116,added,,Bi-207-9177,
8709,0,2117,added,,Bi-207-9177,
8711,0,3,added,,Bi-207-9177,
8711,0,4,added,,Bi-207-9177,
8711,0,27,added,,Cd-109-9178,
8711,0,30,added,,Bi-207-8890,
8711,0,37,added,,Cd-109-9178,
8711,0,2075,added,,Cd-109-9178,
8711,0,2078,added,,Bi-207-8890,
8711,0,2079,added,,Bi-207-8890,
8711,0,2086,added,,Cd-109-9178,
8711,0,2087,added,,Cd-109-9178,
8711,0,2089,added,,Bi-207-8890,
8711,0,2090,added,,Bi-207-8890,
8711,0,2091,added,,Bi-207-8890,
8711,0,2097,added,,Cd-109-9178,
8711,0,2100,added,,Bi-207-8890,
8711,0,2101,added,,Bi-207-8890,
8711,0,2108,added,,Bi-207-9177,
8711,0,2109,added,,Bi-207-9177,
8711,0,2116,added,,Bi-207-9177,
8711,0,2117,added,,Bi-207-9177,
8712,0,92,added,,Bi-207-8779,
8712,0,103,added,,Bi-207-8779,
8712,0,112,added,,Bi-207-8779,
8712,0,2012,added,,Bi-207-9177,
8712,0,2017,added,,Bi-207-9176,
8712,0,2020,added,,Bi-207-9177,
8712,0,2021,added,,Bi-207-9177,
8712,0,2023,added,,Bi-207-8779,
8712,0,2026,added,,Bi-207-9176,
8712,0,2027,added,,Bi-207-9176,
8712,0,2029,added,,Bi-207-9177,
8712,0,2030,added,,Bi-207-9177,
8712,0,2032,added,,Bi-207-8779,
8712,0,2033,added,,Bi-207-8779,
8712,0,2043,added,,Bi-207-8779,
8712,0,2044,added,,Bi-207-8779,
8713,0,36,added,,Bi-207-9176,
8713,0,47,added,,Bi-207-9176,
8713,0,2019,added,,Cd-109-9178,
8713,0,2020,added,,Cd-109-9178,
8713,0,2022,added,,Bi-207-8890,
8713,0,2023,added,,Bi-207-8890,
8713,0,2028,added,,Cd-109-9178,
8713,0,2029,added,,Cd-109-9178,
8713,0,2032,added,,Bi-207-8890,
8713,0,2033,added,,Bi-207-8890,
8713,0,2048,added,,Bi-207-9176,
8713,0,2052,added,,Bi-207-9177,
8713,0,2053,added,,Bi-207-9177,
8713,0,2056,added,,Bi-207-8779,
8713,0,2060,added,,Bi-207-9176,
8713,0,2061,added,,Bi-207-9176,
8713,0,2064,added,,Bi-207-9177,
8713,0,2065,added,,Bi-207-9177,
8713,0,2068,added,,Bi-207-8779,
8713,0,2069,added,,Bi-207-8779,
8713,0,2073,added,,Bi-207-9176,
8713,0,2074,added,,Bi-207-9176,
8713,0,2077,added,,Bi-207-9177,
8713,0,2078,added,,Bi-207-9177,
8713,0,2081,added,,Bi-207-8779,
8715,0,25,added,,Bi-207-9176,
8715,0,30,added,,Bi-207-9177,
8715,0,98,added,,Cd-109-9178,
8715,0,2028,added,,Cd-109-9178,
8715,0,2029,added,,Cd-109-9178,
8715,0,2032,added,,Bi-207-8890,
8715,0,2038,added,,Cd-109-9178,
8715,0,2039,added,,Cd-109-9178,
8715,0,2040,added,,Cd-109-9178,
8715,0,2042,added,,Bi-207-8890,
8715,0,2043,added,,Bi-207-8890,
8715,0,2050,added,,Cd-109-9178,
8715,0,2051,added,,Cd-109-9178,
8715,0,2054,added,,Bi-207-8890,
8715,0,2073,added,,Bi-207-9176,
8715,0,2074,added,,Bi-207-9176,
8715,0,2077,added,,Bi-207-9177,
8715,0,2078,added,,Bi-207-9177,
8715,0,2080,added,,Bi-207-8779,
8715,0,2081,added,,Bi-207-8779,
8715,0,2084,added,,Bi-207-9176,
8715,0,2085,added,,Bi-207-9176,
8715,0,2088,added,,Bi-207-9177,
8715,0,2089,added,,Bi-207-9177,
8715,0,2092,added,,Bi-207-8779,
8716,0,36,added,,Bi-207-9176,
8716,0,47,added,,Bi-207-9176,
8716,0,2019,added,,Cd-109-9178,
8716,0,2020,added,,Cd-109-9178,
8716,0,2022,added,,Bi-207-8890,
8716,0,2023,added,,Bi-207-8890,
8716,0,2028,added,,Cd-109-9178,
8716,0,2029,added,,Cd-109-9178,
8716,0,2032,added,,Bi-207-8890,
8716,0,2033,added,,Bi-207-8890,
8716,0,2048,added,,Bi-207-9176,
8716,0,2052,added,,Bi-207-9177,
8716,0,2053,added,,Bi-207-9177,
8716,0,2056,added,,Bi-207-8779,
8716,0,2060,added,,Bi-207-9176,
8716,0,2061,added,,Bi-207-9176,
8716,0,2064,added,,Bi-207-9177,
8716,0,2065,added,,Bi-207-9177,
8716,0,2068,added,,Bi-207-8779,
8716,0,2069,added,,Bi-207-8779,
8716,0,2073,added,,Bi-207-9176,
8716,0,2074,added,,Bi-207-9176,
8716,0,2077,added,,Bi-207-9177,
8716,0,2078,added,,Bi-207-9177,
8716,0,2081,added,,Bi-207-8779,
8717,0,91,added,,Bi-207-8779,
8717,0,101,added,,Bi-207-8779,
8717,0,102,added,,Bi-207-8779,
8717,0,111,added,,Bi-207-8779,
8717,0,2017,added,,Bi-207-9176,
8717,0,2026,added,,Bi-207-9176,
8717,0,2027,added,,Bi-207-9176,
8717,0,2037,added,,Bi-207-9176,
8718,0,105,added,,Cd-109-9178,
8718,0,113,added,,Cd-109-9178,
8718,0,2012,added,,Bi-207-9177,
8718,0,2013,added,,Bi-207-9177,
8718,0,2017,added,,Bi-207-9176,
8718,0,2018,added,,Bi-207-9176,
8718,0,2020,added,,Bi-207-9177,
8718,0,2021,added,,Bi-207-9177,
8718,0,2022,added,,Bi-207-9177,
8718,0,2026,added,,Bi-207-9176,
8718,0,2027,added,,Bi-207-9176,
8718,0,2030,added,,Bi-207-9177,
8718,0,2031,added,,Bi-207-9177,
8719,0,94,added,,Bi-207-9176,
8719,0,104,added,,Bi-207-9176,
8719,0,2009,added,,Bi-207-9176,
8719,0,2012,added,,Bi-207-9177,
8719,0,2013,added,,Bi-207-9177,
8719,0,2017,added,,Bi-207-9176,
8719,0,2018,added,,Bi-207-9176,
8719,0,2020,added,,Bi-207-9177,
8719,0,2021,added,,Bi-207-9177,
8720,0,115,added,,Bi-207-9177,
8720,0,116,added,,Bi-207-9177,
8720,0,2004,added,,Bi-207-9177,
8720,0,2011,added,,Bi-207-9177,
8720,0,2012,added,,Bi-207-9177,
8720,0,2014,added,,Bi-207-8779,
8720,0,2019,added,,Bi-207-9177,
8720,0,2020,added,,Bi-207-9177,
8720,0,2022,added,,Bi-207-8779,
8720,0,2023,added,,Bi-207-8779,
8721,0,39,added,,Cd-109-9178,
8721,0,65,added,,Bi-207-8890,
8721,0,2063,added,,Cd-109-9178,
8721,0,2066,added,,Bi-207-8890,
8721,0,2075,added,,Cd-109-9178,
8721,0,2076,added,,Cd-109-9178,
8721,0,2078,added,,Bi-207-8890,
8721,0,2079,added,,Bi-207-8890,
8721,0,2086,added,,Cd-109-9178,
8721,0,2087,added,,Cd-109-9178,
8721,0,2090,added,,Bi-207-8890,
8721,0,2095,added,,Bi-207-9176,
8721,0,2096,added,,Bi-207-9176,
8721,0,2105,added,,Bi-207-9176,
8721,0,2106,added,,Bi-207-9176,
8721,0,2108,added,,Bi-207-9177,
8721,0,2109,added,,Bi-207-9177,
8721,0,2114,added,,Bi-207-9176,
8721,0,2116,added,,Bi-207-9177,
8721,0,2117,added,,Bi-207-9177,
8824,0,2,added,,Bi-207-9177,
8824,0,2086,added,,Cd-109-9178,
8824,0,2089,added,,Bi-207-8890,
8824,0,2096,added,,Cd-109-9178,
8824,0,2097,added,,Cd-109-9178,
8824,0,2099,added,,Bi-207-8890,
8824,0,2100,added,,Bi-207-8890,
8824,0,2105,added,,Cd-109-9178,
8824,0,2106,added,,Cd-109-9178,
8824,0,2108,added,,Bi-207-9177,
8824,0,2109,added,,Bi-207-9177,
8824,0,2110,added,,Bi-207-8890,
8824,0,2117,added,,Bi-207-9177,
8824,0,2118,added,,Bi-207-9177,
8825,0,84,added,,Bi-207-9176,
8825,0,94,added,,Bi-207-9176,
8825,0,102,added,,Bi-207-8779,
8825,0,2017,added,,Bi-207-9176,
8825,0,2026,added,,Bi-207-9176,
8825,0,2027,added,,Bi-207-9176,
8825,0,2037,added,,Bi-207-9176,
8826,0,104,added,,Bi-207-9176,
8826,0,2004,added,,Bi-207-9177,
8826,0,2011,added,,Bi-207-9177,
8826,0,2012,added,,Bi-207-9177,
8826,0,2014,added,,Bi-207-8779,
8826,0,2019,added,,Bi-207-9177,
8826,0,2020,added,,Bi-207-9177,
8826,0,2022,added,,Bi-207-8779,
8826,0,2023,added,,Bi-207-8779,
8827,0,15,added,,Bi-207-8779,
8827,0,39,added,,Cd-109-9178,
8827,0,52,added,,Bi-207-8890,
8827,0,2063,added,,Cd-109-9178,
8827,0,2066,added,,Bi-207-8890,
8827,0,2067,added,,Bi-207-8890,
8827,0,2075,added,,Cd-109-9178,
8827,0,2076,added,,Cd-109-9178,
8827,0,2078,added,,Bi-207-8890,
8827,0,2079,added,,Bi-207-8890,
8827,0,2086,added,,Cd-109-9178,
8827,0,2087,added,,Cd-109-9178,
8827,0,2090,added,,Bi-207-8890,
8827,0,2095,added,,Bi-207-9176,
8827,0,2096,added,,Bi-207-9176,
8827,0,2105,added,,Bi-207-9176,
8827,0,2106,added,,Bi-207-9176,
8827,0,2108,added,,Bi-207-9177,
8827,0,2109,added,,Bi-207-9177,
8827,0,2114,added,,Bi-207-9176,
8827,0,2117,added,,Bi-207-9177,
8828,0,2050,added,,Cd-109-9178,
8828,0,2051,added,,Cd-109-9178,
8828,0,2054,added,,Bi-207-8890,
8828,0,2063,added,,Cd-109-9178,
8828,0,2064,added,,Cd-109-9178,
8828,0,2066,added,,Bi-207-8890,
8828,0,2067,added,,Bi-207-8890,
8828,0,2085,added,,Bi-207-9176,
8828,0,2089,added,,Bi-207-9177,
8828,0,2095,added,,Bi-207-9176,
8828,0,2096,added,,Bi-207-9176,
8828,0,2099,added,,Bi-207-9177,
8828,0,2100,added,,Bi-207-9177,
8828,0,2102,added,,Bi-207-8779,
8828,0,2105,added,,Bi-207-9176,
8828,0,2108,added,,Bi-207-9177,
8828,0,2109,added,,Bi-207-9177,
8828,0,2111,added,,Bi-207-8779,
8828,0,2112,added,,Bi-207-8779,
8829,0,83,added,,Bi-207-9176,
8829,0,94,added,,Bi-207-9176,
8829,0,2009,added,,Bi-207-9176,
8829,0,2012,added,,Bi-207-9177,
8829,0,2013,added,,Bi-207-9177,
8829,0,2017,added,,Bi-207-9176,
8829,0,2018,added,,Bi-207-9176,
8829,0,2020,added,,Bi-207-9177,
8829,0,2021,added,,Bi-207-9177,
8830,0,105,added,,Cd-109-9178,
8830,0,113,added,,Cd-109-9178,
8830,0,2004,added,,Cd-109-9178,
8830,0,2011,added,,Cd-109-9178,
8830,0,2012,added,,Cd-109-9178,
8830,0,2017,added,,Bi-207-9176,
8830,0,2018,added,,Bi-207-9176,
8830,0,2020,added,,Cd-109-9178,
8830,0,2021,added,,Bi-207-9177,
8830,0,2022,added,,Bi-207-9177,
8830,0,2026,added,,Bi-207-9176,
8830,0,2027,added,,Bi-207-9176,
8830,0,2030,added,,Bi-207-9177,
8830,0,2031,added,,Bi-207-9177,
8831,0,3,added,,Bi-207-9177,
8831,0,4,added,,Bi-207-9177,
8831,0,10,added,,Bi-207-9177,
8831,0,27,added,,Cd-109-9178,
8831,0,30,added,,Bi-207-8890,
8831,0,2075,added,,Cd-109-9178,
8831,0,2076,added,,Cd-109-9178,
8831,0,2078,added,,Bi-207-8890,
8831,0,2079,added,,Bi-207-8890,
8831,0,2086,added,,Cd-109-9178,
8831,0,2087,added,,Cd-109-9178,
8831,0,2089,added,,Bi-207-8890,
8831,0,2090,added,,Bi-207-8890,
8831,0,2091,added,,Bi-207-8890,
8831,0,2097,added,,Cd-109-9178,
8831,0,2100,added,,Bi-207-8890,
8831,0,2101,added,,Bi-207-8890,
8831,0,2108,added,,Bi-207-9177,
8831,0,2109,added,,Bi-207-9177,
8831,0,2116,added,,Bi-207-9177,
8831,0,2117,added,,Bi-207-9177,
8832,0,9,added,,Bi-207-9176,
8832,0,52,added,,Bi-207-8890,
8832,0,2050,added,,Cd-109-9178,
8832,0,2054,added,,Bi-207-8890,
8832,0,2062,added,,Cd-109-9178,
8832,0,2063,added,,Cd-109-9178,
8832,0,2066,added,,Bi-207-8890,
8832,0,2067,added,,Bi-207-8890,
8832,0,2075,added,,Cd-109-9178,
8832,0,2076,added,,Cd-109-9178,
8832,0,2078,added,,Bi-207-8890,
8832,0,2079,added,,Bi-207-8890,
8832,0,2095,added,,Bi-207-9176,
8832,0,2096,added,,Bi-207-9176,
8832,0,2098,added,,Bi-207-9177,
8832,0,2099,added,,Bi-207-9177,
8832,0,2102,added,,Bi-207-8779,
8832,0,2105,added,,Bi-207-9176,
8832,0,2108,added,,Bi-207-9177,
8832,0,2109,added,,Bi-207-9177,
8832,0,2111,added,,Bi-207-8779,
8832,0,2112,added,,Bi-207-8779,
8834,0,24,added,,Bi-207-8779,
8834,0,25,added,,Bi-207-9176,
8834,0,30,added,,Bi-207-9177,
8834,0,34,added,,Bi-207-8779,
8834,0,87,added,,Cd-109-9178,
8834,0,2038,added,,Cd-109-9178,
8834,0,2039,added,,Cd-109-9178,
8834,0,2042,added,,Bi-207-8890,
8834,0,2049,added,,Cd-109-9178,
8834,0,2050,added,,Cd-109-9178,
8834,0,2051,added,,Cd-109-9178,
8834,0,2053,added,,Bi-207-8890,
8834,0,2054,added,,Bi-207-8890,
8834,0,2062,added,,Cd-109-9178,
8834,0,2063,added,,Cd-109-9178,
8834,0,2066,added,,Bi-207-8890,
8834,0,2077,added,,Bi-207-9177,
8834,0,2084,added,,Bi-207-9176,
8834,0,2085,added,,Bi-207-9176,
8834,0,2087,added,,Bi-207-9177,
8834,0,2088,added,,Bi-207-9177,
8834,0,2089,added,,Bi-207-9177,
8834,0,2092,added,,Bi-207-8779,
8834,0,2094,added,,Bi-207-9176,
8834,0,2095,added,,Bi-207-9176,
8834,0,2098,added,,Bi-207-9177,
8834,0,2099,added,,Bi-207-9177,
8834,0,2102,added,,Bi-207-8779,
8834,0,2112,added,,Bi-207-8779,
8835,0,35,added,,Bi-207-9176,
8835,0,56,added,,Bi-207-8779,
8835,0,68,added,,Bi-207-8779,
8835,0,2022,added,,Bi-207-8890,
8835,0,2023,added,,Bi-207-8890,
8835,0,2028,added,,Cd-109-9178,
8835,0,2029,added,,Cd-109-9178,
8835,0,2031,added,,Bi-207-8890,
8835,0,2032,added,,Bi-207-8890,
8835,0,2033,added,,Bi-207-8890,
8835,0,2038,added,,Cd-109-9178,
8835,0,2039,added,,Cd-109-9178,
8835,0,2042,added,,Bi-207-8890,
8835,0,2043,added,,Bi-207-8890,
8835,0,2050,added,,Cd-109-9178,
8835,0,2060,added,,Bi-207-9176,
8835,0,2064,added,,Bi-207-9177,
8835,0,2065,added,,Bi-207-9177,
8835,0,2068,added,,Bi-207-8779,
8835,0,2069,added,,Bi-207-8779,
8835,0,2072,added,,Bi-207-9176,
8835,0,2073,added,,Bi-207-9176,
8835,0,2076,added,,Bi-207-9177,
8835,0,2077,added,,Bi-207-9177,
8835,0,2080,added,,Bi-207-8779,
8835,0,2081,added,,Bi-207-8779,
8835,0,2084,added,,Bi-207-9176,
8835,0,2088,added,,Bi-207-9177,
8835,0,2092,added,,Bi-207-8779,
8837,0,97,added,,Bi-207-9177,
8837,0,2012,added,,Bi-207-8890,
8837,0,2013,added,,Bi-207-8890,
8837,0,2014,added,,Bi-207-8890,
8837,0,2021,added,,Bi-207-8890,
8837,0,2022,added,,Bi-207-8890,
8837,0,2026,added,,Bi-207-9176,
8837,0,2029,added,,Bi-207-9177,
8837,0,2030,added,,Bi-207-9177,
8837,0,2033,added,,Bi-207-8779,
8837,0,2036,added,,Bi-207-9176,
8837,0,2037,added,,Bi-207-9176,
8837,0,2039,added,,Bi-207-9177,
8837,0,2040,added,,Bi-207-9177,
8837,0,2041,added,,Bi-207-9177,
8837,0,2043,added,,Bi-207-8779,
8837,0,2044,added,,Bi-207-8779,
8837,0,2048,added,,Bi-207-9176,
8837,0,2055,added,,Bi-207-8779,
8837,0,2056,added,,Bi-207-8779,
8838,0,92,added,,Bi-207-8779,
8838,0,103,added,,Bi-207-8779,
8838,0,112,added,,Bi-207-8779,
8838,0,2012,added,,Bi-207-9177,
8838,0,2017,added,,Bi-207-9176,
8838,0,2020,added,,Bi-207-9177,
8838,0,2021,added,,Bi-207-9177,
8838,0,2023,added,,Bi-207-8779,
8838,0,2026,added,,Bi-207-9176,
8838,0,2027,added,,Bi-207-9176,
8838,0,2029,added,,Bi-207-9177,
8838,0,2030,added,,Bi-207-9177,
8838,0,2032,added,,Bi-207-8779,
8838,0,2033,added,,Bi-207-8779,
8838,0,2043,added,,Bi-207-8779,
8838,0,2044,added,,Bi-207-8779,
8839,0,75,added,,Cd-109-9178,
8839,0,2051,added,,Cd-109-9178,
8839,0,2054,added,,Bi-207-8890,
8839,0,2055,added,,Bi-207-8890,
8839,0,2063,added,,Cd-109-9178,
8839,0,2064,added,,Cd-109-9178,
8839,0,2066,added,,Bi-207-8890,
8839,0,2067,added,,Bi-207-8890,
8839,0,2068,added,,Bi-207-8890,
8839,0,2075,added,,Cd-109-9178,
8839,0,2076,added,,Cd-109-9178,
8839,0,2079,added,,Bi-207-8890,
8839,0,2080,added,,Bi-207-8890,
8839,0,2095,added,,Bi-207-9176,
8839,0,2096,added,,Bi-207-9176,
8839,0,2099,added,,Bi-207-9177,
8839,0,2100,added,,Bi-207-9177,
8839,0,2105,added,,Bi-207-9176,
8839,0,2106,added,,Bi-207-9176,
8839,0,2109,added,,Bi-207-9177,
8839,0,2110,added,,Bi-207-9177,
8839,0,2114,added,,Bi-207-9176,
8840,0,24,added,,Bi-207-8779,
8840,0,33,added,,Bi-207-8779,
8840,0,34,added,,Bi-207-8779,
8840,0,44,added,,Bi-207-8779,
8840,0,45,added,,Bi-207-8779,
8840,0,2039,added,,Cd-109-9178,
8840,0,2040,added,,Cd-109-9178,
8840,0,2043,added,,Bi-207-8890,
8840,0,2050,added,,Cd-109-9178,
8840,0,2051,added,,Cd-109-9178,
8840,0,2052,added,,Cd-109-9178,
8840,0,2054,added,,Bi-207-8890,
8840,0,2055,added,,Bi-207-8890,
8840,0,2063,added,,Cd-109-9178,
8840,0,2064,added,,Cd-109-9178,
8840,0,2067,added,,Bi-207-8890,
8840,0,2085,added,,Bi-207-9176,
8840,0,2086,added,,Bi-207-9176,
8840,0,2088,added,,Bi-207-9177,
8840,0,2089,added,,Bi-207-9177,
8840,0,2090,added,,Bi-207-9177,
8840,0,2095,added,,Bi-207-9176,
8840,0,2096,added,,Bi-207-9176,
8840,0,2099,added,,Bi-207-9177,
8840,0,2100,added,,Bi-207-9177,
8841,0,26,added,,Bi-207-9176,
8841,0,36,added,,Bi-207-9176,
8841,0,2019,added,,Cd-109-9178,
8841,0,2020,added,,Cd-109-9178,
8841,0,2023,added,,Bi-207-8890,
8841,0,2028,added,,Cd-109-9178,
8841,0,2029,added,,Cd-109-9178,
8841,0,2030,added,,Cd-109-9178,
8841,0,2032,added,,Bi-207-8890,
8841,0,2033,added,,Bi-207-8890,
8841,0,2039,added,,Cd-109-9178,
8841,0,2040,added,,Cd-109-9178,
8841,0,2043,added,,Bi-207-8890,
8841,0,2061,added,,Bi-207-9176,
8841,0,2062,added,,Bi-207-9176,
8841,0,2065,added,,Bi-207-9177,
8841,0,2066,added,,Bi-207-9177,
8841,0,2068,added,,Bi-207-8779,
8841,0,2069,added,,Bi-207-8779,
8841,0,2073,added,,Bi-207-9176,
8841,0,2074,added,,Bi-207-9176,
8841,0,2077,added,,Bi-207-9177,
8841,0,2078,added,,Bi-207-9177,
8841,0,2081,added,,Bi-207-8779,
8842,0,48,added,,Bi-207-9176,
8842,0,2011,added,,Cd-109-9178,
8842,0,2014,added,,Bi-207-8890,
8842,0,2019,added,,Cd-109-9178,
8842,0,2020,added,,Cd-109-9178,
8842,0,2022,added,,Bi-207-8890,
8842,0,2023,added,,Bi-207-8890,
8842,0,2041,added,,Bi-207-9177,
8842,0,2048,added,,Bi-207-9176,
8842,0,2049,added,,Bi-207-9176,
8842,0,2052,added,,Bi-207-9177,
8842,0,2053,added,,Bi-207-9177,
8842,0,2056,added,,Bi-207-8779,
8842,0,2061,added,,Bi-207-9176,
8842,0,2062,added,,Bi-207-9176,
8842,0,2065,added,,Bi-207-9177,
8842,0,2066,added,,Bi-207-9177,
8842,0,2068,added,,Bi-207-8779,
8842,0,2069,added,,Bi-207-8779,
8843,0,72,added,,Bi-207-9176,
8843,0,98,added,,Bi-207-9177,
8843,0,103,added,,Bi-207-8779,
8843,0,2004,added,,Cd-109-9178,
8843,0,2011,added,,Cd-109-9178,
8843,0,2012,added,,Cd-109-9178,
8843,0,2026,added,,Bi-207-9176,
8843,0,2027,added,,Bi-207-9176,
8843,0,2030,added,,Bi-207-9177,
8843,0,2031,added,,Bi-207-9177,
8843,0,2036,added,,Bi-207-9176,
8843,0,2037,added,,Bi-207-9176,
8843,0,2040,added,,Bi-207-9177,
8843,0,2041,added,,Bi-207-9177,
8843,0,2042,added,,Bi-207-9177,
8843,0,2044,added,,Bi-207-8779,
8843,0,2048,added,,Bi-207-9176,
8843,0,2055,added,,Bi-207-8779,
8843,0,2056,added,,Bi-207-8779,
8844,0,60,added,,Bi-207-9176,
8844,0,72,added,,Bi-207-9176,
8844,0,99,added,,Bi-207-9177,
8844,0,114,added,,Cd-109-9178,
8844,0,2004,added,,Cd-109-9178,
8844,0,2011,added,,Cd-109-9178,
8844,0,2012,added,,Cd-109-9178,
8844,0,2014,added,,Bi-207-8890,
8844,0,2020,added,,Cd-109-9178,
8844,0,2022,added,,Bi-207-8890,
8844,0,2023,added,,Bi-207-8890,
8844,0,2036,added,,Bi-207-9176,
8844,0,2037,added,,Bi-207-9176,
8844,0,2040,added,,Bi-207-9177,
8844,0,2041,added,,Bi-207-9177,
8844,0,2044,added,,Bi-207-8779,
8844,0,2048,added,,Bi-207-9176,
8844,0,2049,added,,Bi-207-9176,
8844,0,2052,added,,Bi-207-9177,
8844,0,2053,added,,Bi-207-9177,
8844,0,2055,added,,Bi-207-8779,
8844,0,2056,added,,Bi-207-8779,
8844,0,2068,added,,Bi-207-8779,
8845,0,36,added,,Bi-207-9176,
8845,0,47,added,,Bi-207-9176,
8845,0,2019,added,,Cd-109-9178,
8845,0,2020,added,,Cd-109-9178,
8845,0,2022,added,,Bi-207-8890,
8845,0,2023,added,,Bi-207-8890,
8845,0,2028,added,,Cd-109-9178,
8845,0,2029,added,,Cd-109-9178,
8845,0,2032,added,,Bi-207-8890,
8845,0,2033,added,,Bi-207-8890,
8845,0,2048,added,,Bi-207-9176,
8845,0,2052,added,,Bi-207-9177,
8845,0,2053,added,,Bi-207-9177,
8845,0,2056,added,,Bi-207-8779,
8845,0,2060,added,,Bi-207-9176,
8845,0,2061,added,,Bi-207-9176,
8845,0,2064,added,,Bi-207-9177,
8845,0,2065,added,,Bi-207-9177,
8845,0,2066,added,,Bi-207-9177,
8845,0,2068,added,,Bi-207-8779,
8845,0,2069,added,,Bi-207-8779,
8845,0,2073,added,,Bi-207-9176,
8845,0,2074,added,,Bi-207-9176,
8845,0,2077,added,,Bi-207-9177,
8845,0,2078,added,,Bi-207-9177,
8845,0,2081,added,,Bi-207-8779,
8846,0,45,added,,Bi-207-8779,
8846,0,53,added,,Bi-207-9177,
8846,0,88,added,,Cd-109-9178,
8846,0,98,added,,Cd-109-9178,
8846,0,2028,added,,Cd-109-9178,
8846,0,2029,added,,Cd-109-9178,
8846,0,2032,added,,Bi-207-8890,
8846,0,2038,added,,Cd-109-9178,
8846,0,2039,added,,Cd-109-9178,
8846,0,2040,added,,Cd-109-9178,
8846,0,2042,added,,Bi-207-8890,
8846,0,2043,added,,Bi-207-8890,
8846,0,2050,added,,Cd-109-9178,
8846,0,2051,added,,Cd-109-9178,
8846,0,2054,added,,Bi-207-8890,
8846,0,2073,added,,Bi-207-9176,
8846,0,2074,added,,Bi-207-9176,
8846,0,2077,added,,Bi-207-9177,
8846,0,2078,added,,Bi-207-9177,
8846,0,2080,added,,Bi-207-8779,
8846,0,2081,added,,Bi-207-8779,
8846,0,2084,added,,Bi-207-9176,
8846,0,2085,added,,Bi-207-9176,
8846,0,2088,added,,Bi-207-9177,
8846,0,2089,added,,Bi-207-9177,
8846,0,2092,added,,Bi-207-8779,
8847,0,2050,added,,Cd-109-9178,
8847,0,2051,added,,Cd-109-9178,
8847,0,2054,added,,Bi-207-8890,
8847,0,2063,added,,Cd-109-9178,
8847,0,2064,added,,Cd-109-9178,
8847,0,2066,added,,Bi-207-8890,
8847,0,2067,added,,Bi-207-8890,
8847,0,2085,added,,Bi-207-9176,
8847,0,2089,added,,Bi-207-9177,
8847,0,2095,added,,Bi-207-9176,
8847,0,2096,added,,Bi-207-9176,
8847,0,2099,added,,Bi-207-9177,
8847,0,2100,added,,Bi-207-9177,
8847,0,2102,added,,Bi-207-8779,
8847,0,2105,added,,Bi-207-9176,
8847,0,2108,added,,Bi-207-9177,
8847,0,2109,added,,Bi-207-9177,
8847,0,2111,added,,Bi-207-8779,
8847,0,2112,added,,Bi-207-8779,
8848,0,38,added,,Cd-109-9178,
8848,0,66,added,,Bi-207-8890,
8848,0,2063,added,,Cd-109-9178,
8848,0,2064,added,,Cd-109-9178,
8848,0,2066,added,,Bi-207-8890,
8848,0,2067,added,,Bi-207-8890,
8848,0,2075,added,,Cd-109-9178,
8848,0,2076,added,,Cd-109-9178,
8848,0,2077,added,,Cd-109-9178,
8848,0,2079,added,,Bi-207-8890,
8848,0,2080,added,,Bi-207-8890,
8848,0,2087,added,,Cd-109-9178,
8848,0,2088,added,,Cd-109-9178,
8848,0,2091,added,,Bi-207-8890,
8848,0,2095,added,,Bi-207-9176,
8848,0,2096,added,,Bi-207-9176,
8848,0,2105,added,,Bi-207-9176,
8848,0,2106,added,,Bi-207-9176,
8848,0,2108,added,,Bi-207-9177,
8848,0,2109,added,,Bi-207-9177,
8848,0,2114,added,,Bi-207-9176,
8848,0,2117,added,,Bi-207-9177,
8848,0,2118,added,,Bi-207-9177,
8849,0,83,added,,Bi-207-9176,
8849,0,84,added,,Bi-207-9176,
8849,0,98,added,,Bi-207-9177,
8849,0,2009,added,,Cd-109-9178,
8849,0,2010,added,,Cd-109-9178,
8849,0,2011,added,,Cd-109-9178,
8849,0,2012,added,,Bi-207-8890,
8849,0,2013,added,,Bi-207-8890,
8849,0,2014,added,,Bi-207-8890,
8849,0,2018,added,,Cd-109-9178,
8849,0,2019,added,,Cd-109-9178,
8849,0,2021,added,,Bi-207-8890,
8849,0,2022,added,,Bi-207-8890,
8849,0,2036,added,,Bi-207-9176,
8849,0,2039,added,,Bi-207-9177,
8849,0,2040,added,,Bi-207-9177,
8849,0,2043,added,,Bi-207-8779,
8849,0,2044,added,,Bi-207-8779,
8849,0,2047,added,,Bi-207-9176,
8849,0,2048,added,,Bi-207-9176,
8849,0,2051,added,,Bi-207-9177,
8849,0,2052,added,,Bi-207-9177,
8849,0,2055,added,,Bi-207-8779,
8849,0,2056,added,,Bi-207-8779,
8850,0,35,added,,Bi-207-9176,
8850,0,36,added,,Bi-207-9176,
8850,0,75,added,,Bi-207-9177,
8850,0,95,added,,Cd-109-9178,
8850,0,108,added,,Bi-207-8890,
8850,0,2010,added,,Cd-109-9178,
8850,0,2017,added,,Cd-109-9178,
8850,0,2018,added,,Cd-109-9178,
8850,0,2019,added,,Cd-109-9178,
8850,0,2021,added,,Bi-207-8890,
8850,0,2022,added,,Bi-207-8890,
8850,0,2027,added,,Cd-109-9178,
8850,0,2028,added,,Cd-109-9178,
8850,0,2031,added,,Bi-207-8890,
8850,0,2032,added,,Bi-207-8890,
8850,0,2047,added,,Bi-207-9176,
8850,0,2051,added,,Bi-207-9177,
8850,0,2052,added,,Bi-207-9177,
8850,0,2059,added,,Bi-207-9176,
8850,0,2060,added,,Bi-207-9176,
8850,0,2063,added,,Bi-207-9177,
8850,0,2064,added,,Bi-207-9177,
8850,0,2067,added,,Bi-207-8779,
8850,0,2068,added,,Bi-207-8779,
8850,0,2072,added,,Bi-207-9176,
8850,0,2073,added,,Bi-207-9176,
8850,0,2076,added,,Bi-207-9177,
8850,0,2077,added,,Bi-207-9177,
8850,0,2080,added,,Bi-207-8779,
8853,0,23,added,,Bi-207-8779,
8853,0,28,added,,Bi-207-9177,
8853,0,29,added,,Bi-207-9177,
8853,0,32,added,,Bi-207-8779,
8853,0,33,added,,Bi-207-8779,
8853,0,38,added,,Bi-207-9177,
8853,0,42,added,,Bi-207-8779,
8853,0,43,added,,Bi-207-8779,
8853,0,2027,added,,Cd-109-9178,
8853,0,2028,added,,Cd-109-9178,
8853,0,2031,added,,Bi-207-8890,
8853,0,2037,added,,Cd-109-9178,
8853,0,2038,added,,Cd-109-9178,
8853,0,2039,added,,Cd-109-9178,
8853,0,2041,added,,Bi-207-8890,
8853,0,2042,added,,Bi-207-8890,
8853,0,2049,added,,Cd-109-9178,
8853,0,2050,added,,Cd-109-9178,
8853,0,2053,added,,Bi-207-8890,
8853,0,2072,added,,Bi-207-9176,
8853,0,2073,added,,Bi-207-9176,
8853,0,2076,added,,Bi-207-9177,
8853,0,2077,added,,Bi-207-9177,
8853,0,2079,added,,Bi-207-8779,
8853,0,2080,added,,Bi-207-8779,
8853,0,2084,added,,Bi-207-9176,
8853,0,2087,added,,Bi-207-9177,
8853,0,2088,added,,Bi-207-9177,
8853,0,2091,added,,Bi-207-8779,
8853,0,2092,added,,Bi-207-8779,
8853,0,2102,added,,Bi-207-8779,
8854,0,15,added,,Bi-207-8779,
8854,0,49,added,,Cd-109-9178,
8854,0,61,added,,Cd-109-9178,
8854,0,62,added,,Cd-109-9178,
8854,0,74,added,,Cd-109-9178,
8854,0,2049,added,,Cd-109-9178,
8854,0,2050,added,,Cd-109-9178,
8854,0,2052,added,,Bi-207-8890,
8854,0,2053,added,,Bi-207-8890,
8854,0,2061,added,,Cd-109-9178,
8854,0,2062,added,,Cd-109-9178,
8854,0,2063,added,,Cd-109-9178,
8854,0,2065,added,,Bi-207-8890,
8854,0,2066,added,,Bi-207-8890,
8854,0,2084,added,,Bi-207-9176,
8854,0,2094,added,,Bi-207-9176,
8854,0,2095,added,,Bi-207-9176,
8854,0,2097,added,,Bi-207-9177,
8854,0,2098,added,,Bi-207-9177,
8854,0,2099,added,,Bi-207-9177,
8854,0,2102,added,,Bi-207-8779,
8854,0,2107,added,,Bi-207-9177,
8854,0,2108,added,,Bi-207-9177,
8854,0,2111,added,,Bi-207-8779,
8854,0,2112,added,,Bi-207-8779,
8855,0,2062,added,,Cd-109-9178,
8855,0,2065,added,,Bi-207-8890,
8855,0,2066,added,,Bi-207-8890,
8855,0,2074,added,,Cd-109-9178,
8855,0,2075,added,,Cd-109-9178,
8855,0,2077,added,,Bi-207-8890,
8855,0,2078,added,,Bi-207-8890,
8855,0,2079,added,,Bi-207-8890,
8855,0,2086,added,,Cd-109-9178,
8855,0,2089,added,,Bi-207-8890,
8855,0,2090,added,,Bi-207-8890,
8855,0,2102,added,,Bi-207-8779,
8855,0,2107,added,,Bi-207-9177,
8855,0,2108,added,,Bi-207-9177,
8855,0,2111,added,,Bi-207-8779,
8855,0,2112,added,,Bi-207-8779,
8855,0,2116,added,,Bi-207-9177,
8855,0,2117,added,,Bi-207-9177,
8856,0,2075,added,,Cd-109-9178,
8856,0,2086,added,,Cd-109-9178,
8856,0,2087,added,,Cd-109-9178,
8856,0,2089,added,,Bi-207-8890,
8856,0,2090,added,,Bi-207-8890,
8856,0,2097,added,,Cd-109-9178,
8856,0,2100,added,,Bi-207-8890,
8856,0,2101,added,,Bi-207-8890,
8857,0,115,added,,Bi-207-9177,
8857,0,116,added,,Bi-207-9177,
8857,0,2004,added,,Bi-207-9177,
8857,0,2011,added,,Bi-207-9177,
8857,0,2012,added,,Bi-207-9177,
8857,0,2014,added,,Bi-207-8779,
8857,0,2019,added,,Bi-207-9177,
8857,0,2020,added,,Bi-207-9177,
8857,0,2022,added,,Bi-207-8779,
8857,0,2023,added,,Bi-207-8779,
8858,0,2,added,,Bi-207-9177,
8858,0,3,added,,Bi-207-9177,
8858,0,9,added,,Bi-207-9177,
8858,0,26,added,,Cd-109-9178,
8858,0,36,added,,Cd-109-9178,
8858,0,2074,added,,Cd-109-9178,
8858,0,2075,added,,Cd-109-9178,
8858,0,2077,added,,Bi-207-8890,
8858,0,2078,added,,Bi-207-8890,
8858,0,2085,added,,Cd-109-9178,
8858,0,2086,added,,Cd-109-9178,
8858,0,2088,added,,Bi-207-8890,
8858,0,2089,added,,Bi-207-8890,
8858,0,2090,added,,Bi-207-8890,
8858,0,2096,added,,Cd-109-9178,
8858,0,2099,added,,Bi-207-8890,
8858,0,2100,added,,Bi-207-8890,
8858,0,2107,added,,Bi-207-9177,
8858,0,2108,added,,Bi-207-9177,
8858,0,2115,added,,Bi-207-9177,
8858,0,2116,added,,Bi-207-9177,
8859,0,14,added,,Bi-207-8779,
8859,0,15,added,,Bi-207-8779,
8859,0,24,added,,Bi-207-8779,
8859,0,2049,added,,Cd-109-9178,
8859,0,2053,added,,Bi-207-8890,
8859,0,2061,added,,Cd-109-9178,
8859,0,2062,added,,Cd-109-9178,
8859,0,2064,added,,Bi-207-8890,
8859,0,2065,added,,Bi-207-8890,
8859,0,2066,added,,Bi-207-8890,
8859,0,2074,added,,Cd-109-9178,
8859,0,2077,added,,Bi-207-8890,
8859,0,2078,added,,Bi-207-8890,
8859,0,2084,added,,Bi-207-9176,
8859,0,2094,added,,Bi-207-9176,
8859,0,2095,added,,Bi-207-9176,
8859,0,2097,added,,Bi-207-9177,
8859,0,2098,added,,Bi-207-9177,
8859,0,2101,added,,Bi-207-8779,
8859,0,2102,added,,Bi-207-8779,
8859,0,2107,added,,Bi-207-9177,
8859,0,2108,added,,Bi-207-9177,
8859,0,2111,added,,Bi-207-8779,
8859,0,2112,added,,Bi-207-8779,
8860,0,22,added,,Bi-207-8779,
8860,0,23,added,,Bi-207-8779,
8860,0,2037,added,,Cd-109-9178,
8860,0,2038,added,,Cd-109-9178,
8860,0,2041,added,,Bi-207-8890,
8860,0,2042,added,,Bi-207-8890,
8860,0,2048,added,,Cd-109-9178,
8860,0,2049,added,,Cd-109-9178,
8860,0,2052,added,,Bi-207-8890,
8860,0,2053,added,,Bi-207-8890,
8860,0,2061,added,,Cd-109-9178,
8860,0,2062,added,,Cd-109-9178,
8860,0,2065,added,,Bi-207-8890,
8860,0,2084,added,,Bi-207-9176,
8860,0,2086,added,,Bi-207-9177,
8860,0,2087,added,,Bi-207-9177,
8860,0,2088,added,,Bi-207-9177,
8860,0,2090,added,,Bi-207-8779,
8860,0,2091,added,,Bi-207-8779,
8860,0,2094,added,,Bi-207-9176,
8860,0,2095,added,,Bi-207-9176,
8860,0,2097,added,,Bi-207-9177,
8860,0,2098,added,,Bi-207-9177,
8860,0,2101,added,,Bi-207-8779,
8860,0,2102,added,,Bi-207-8779,
8860,0,2111,added,,Bi-207-8779,
8861,0,25,added,,Bi-207-9176,
8861,0,38,added,,Bi-207-9177,
8861,0,66,added,,Bi-207-8779,
8861,0,84,added,,Cd-109-9178,
8861,0,2017,added,,Cd-109-9178,
8861,0,2018,added,,Cd-109-9178,
8861,0,2021,added,,Bi-207-8890,
8861,0,2026,added,,Cd-109-9178,
8861,0,2027,added,,Cd-109-9178,
8861,0,2030,added,,Bi-207-8890,
8861,0,2031,added,,Bi-207-8890,
8861,0,2037,added,,Cd-109-9178,
8861,0,2041,added,,Bi-207-8890,
8861,0,2059,added,,Bi-207-9176,
8861,0,2060,added,,Bi-207-9176,
8861,0,2063,added,,Bi-207-9177,
8861,0,2064,added,,Bi-207-9177,
8861,0,2066,added,,Bi-207-8779,
8861,0,2067,added,,Bi-207-8779,
8861,0,2072,added,,Bi-207-9176,
8861,0,2075,added,,Bi-207-9177,
8861,0,2076,added,,Bi-207-9177,
8861,0,2079,added,,Bi-207-8779,
8861,0,2080,added,,Bi-207-8779,
8861,0,2091,added,,Bi-207-8779,
8862,0,47,added,,Bi-207-9176,
8862,0,91,added,,Bi-207-8779,
8862,0,104,added,,Cd-109-9178,
8862,0,113,added,,Cd-109-9178,
8862,0,2009,added,,Cd-109-9178,
8862,0,2010,added,,Cd-109-9178,
8862,0,2012,added,,Bi-207-8890,
8862,0,2013,added,,Bi-207-8890,
8862,0,2017,added,,Cd-109-9178,
8862,0,2018,added,,Cd-109-9178,
8862,0,2020,added,,Bi-207-8890,
8862,0,2021,added,,Bi-207-8890,
8862,0,2039,added,,Bi-207-9177,
8862,0,2047,added,,Bi-207-9176,
8862,0,2048,added,,Bi-207-9176,
8862,0,2050,added,,Bi-207-9177,
8862,0,2051,added,,Bi-207-9177,
8862,0,2054,added,,Bi-207-8779,
8862,0,2055,added,,Bi-207-8779,
8862,0,2059,added,,Bi-207-9176,
8862,0,2060,added,,Bi-207-9176,
8862,0,2063,added,,Bi-207-9177,
8862,0,2064,added,,Bi-207-9177,
8862,0,2066,added,,Bi-207-8779,
8862,0,2067,added,,Bi-207-8779,
8862,0,2068,added,,Bi-207-8779,
8863,0,83,added,,Bi-207-9176,
8863,0,84,added,,Bi-207-9176,
8863,0,91,added,,Bi-207-8779,
8863,0,92,added,,Bi-207-8779,
8863,0,101,added,,Bi-207-8779,
8863,0,102,added,,Bi-207-8779,
8863,0,2004,added,,Bi-207-8890,
8863,0,2009,added,,Cd-109-9178,
8863,0,2010,added,,Cd-109-9178,
8863,0,2012,added,,Bi-207-8890,
8863,0,2013,added,,Bi-207-8890,
8863,0,2017,added,,Cd-109-9178,
8863,0,2018,added,,Cd-109-9178,
8863,0,2021,added,,Bi-207-8890,
8863,0,2028,added,,Bi-207-9177,
8863,0,2029,added,,Bi-207-9177,
8863,0,2039,added,,Bi-207-9177,
8863,0,2040,added,,Bi-207-9177,
8863,0,2042,added,,Bi-207-8779,
8863,0,2043,added,,Bi-207-8779,
8863,0,2054,added,,Bi-207-8779,
8863,0,2055,added,,Bi-207-8779,
8864,0,91,added,,Bi-207-8779,
8864,0,101,added,,Bi-207-8779,
8864,0,102,added,,Bi-207-8779,
8864,0,111,added,,Bi-207-8779,
8864,0,2017,added,,Bi-207-9176,
8864,0,2026,added,,Bi-207-9176,
8864,0,2027,added,,Bi-207-9176,
8864,0,2037,added,,Bi-207-9176,
8865,0,39,added,,Cd-109-9178,
8865,0,65,added,,Bi-207-8890,
8865,0,2063,added,,Cd-109-9178,
8865,0,2066,added,,Bi-207-8890,
8865,0,2067,added,,Bi-207-8890,
8865,0,2075,added,,Cd-109-9178,
8865,0,2076,added,,Cd-109-9178,
8865,0,2078,added,,Bi-207-8890,
8865,0,2079,added,,Bi-207-8890,
8865,0,2086,added,,Cd-109-9178,
8865,0,2087,added,,Cd-109-9178,
8865,0,2090,added,,Bi-207-8890,
8865,0,2095,added,,Bi-207-9176,
8865,0,2096,added,,Bi-207-9176,
8865,0,2105,added,,Bi-207-9176,
8865,0,2106,added,,Bi-207-9176,
8865,0,2108,added,,Bi-207-9177,
8865,0,2109,added,,Bi-207-9177,
8865,0,2114,added,,Bi-207-9176,
8865,0,2117,added,,Bi-207-9177,
9326,0,44,added,,Ce-139-9179,
9326,0,45,added,,Ce-139-9179,
9326,0,55,added,,Ce-139-9179,
9326,0,56,added,,Ce-139-9179,
9326,0,68,added,,Ce-139-9179,
9326,0,69,added,,Ce-139-9179,
9326,0,84,added,,Bi-207-8890,
9326,0,94,added,,Bi-207-8890,
9326,0,95,added,,Bi-207-8890,
9326,0,104,added,,Bi-207-8890,
9326,0,2033,added,,Bi-207-9176,
9326,0,2034,added,,Bi-207-9176,
9326,0,2044,added,,Bi-207-9176,
9326,0,2045,added,,Bi-207-9176,
9326,0,2080,added,,Ce-139-9179,
9326,0,2081,added,,Ce-139-9179,
9326,0,2091,added,,Ce-139-9179,
9326,0,2092,added,,Ce-139-9179,
9327,0,49,added,,Cd-109-9178,
9327,0,56,added,,Ce-139-9179,
9327,0,111,added,,Bi-207-9176,
9327,0,2010,added,,Bi-207-9177,
9327,0,2018,added,,Bi-207-9177,
9327,0,2019,added,,Bi-207-9177,
9327,0,2022,added,,Bi-207-9176,
9327,0,2023,added,,Bi-207-9176,
9327,0,2028,added,,Bi-207-9177,
9327,0,2031,added,,Bi-207-9176,
9327,0,2032,added,,Bi-207-9176,
9327,0,2047,added,,Sn-113-9183,
9327,0,2059,added,,Sn-113-9183,
9327,0,2060,added,,Sn-113-9183,
9327,0,2062,added,,Cd-109-9178,
9327,0,2063,added,,Cd-109-9178,
9327,0,2067,added,,Ce-139-9179,
9327,0,2072,added,,Sn-113-9183,
9327,0,2075,added,,Cd-109-9178,
9327,0,2076,added,,Cd-109-9178,
9327,0,2079,added,,Ce-139-9179,
9327,0,2080,added,,Ce-139-9179,
9327,0,2086,added,,Cd-109-9178,
9327,0,2087,added,,Cd-109-9178,
9327,0,2090,added,,Ce-139-9179,
9327,0,2091,added,,Ce-139-9179,
9367,0,3,added,,Cd-109-9178,
9367,0,24,added,,Ce-139-9179,
9367,0,62,added,,Bi-207-9177,
9367,0,2047,added,,Bi-207-8890,
9367,0,2059,added,,Bi-207-8890,
9367,0,2060,added,,Bi-207-8890,
9367,0,2062,added,,Bi-207-9177,
9367,0,2063,added,,Bi-207-9177,
9367,0,2066,added,,Bi-207-9176,
9367,0,2067,added,,Bi-207-9176,
9367,0,2072,added,,Bi-207-8890,
9367,0,2075,added,,Bi-207-9177,
9367,0,2076,added,,Bi-207-9177,
9367,0,2079,added,,Bi-207-9176,
9367,0,2080,added,,Bi-207-9176,
9367,0,2090,added,,Bi-207-9176,
9367,0,2091,added,,Bi-207-9176,
9367,0,2106,added,,Cd-109-9178,
9367,0,2107,added,,Cd-109-9178,
9367,0,2110,added,,Ce-139-9179,
9367,0,2111,added,,Ce-139-9179,
9367,0,2115,added,,Cd-109-9178,
9367,0,2116,added,,Cd-109-9178,
9367,0,2118,added,,Ce-139-9179,
9367,0,2119,added,,Ce-139-9179,
9367,1,3,added,,Cd-109-9178,
9367,1,24,added,,Ce-139-9179,
9367,1,56,added,,Bi-207-9176,
9367,1,62,added,,Bi-207-9177,
9367,1,71,added,,Bi-207-8890,
9367,1,2063,added,,Bi-207-9177,
9367,1,2064,added,,Bi-207-9177,
9367,1,2067,added,,Bi-207-9176,
9367,1,2075,added,,Bi-207-9177,
9367,1,2076,added,,Bi-207-9177,
9367,1,2079,added,,Bi-207-9176,
9367,1,2080,added,,Bi-207-9176,
9367,1,2091,added,,Bi-207-9176,
9367,1,2107,added,,Cd-109-9178,
9367,1,2108,added,,Cd-109-9178,
9367,1,2110,added,,Ce-139-9179,
9367,1,2111,added,,Ce-139-9179,
9367,1,2115,added,,Cd-109-9178,
9367,1,2116,added,,Cd-109-9178,
9367,1,2117,added,,Cd-109-9178,
9367,1,2119,added,,Ce-139-9179,
9367,2,12,added,,Cd-109-9178,
9367,2,24,added,,Ce-139-9179,
9367,2,71,added,,Bi-207-8890,
9367,2,72,added,,Bi-207-8890,
9367,2,2047,added,,Bi-207-8890,
9367,2,2059,added,,Bi-207-8890,
9367,2,2060,added,,Bi-207-8890,
9367,2,2067,added,,Bi-207-9176,
9367,2,2068,added,,Bi-207-9176,
9367,2,2072,added,,Bi-207-8890,
9367,2,2079,added,,Bi-207-9176,
9367,2,2080,added,,Bi-207-9176,
9367,2,2102,added,,Ce-139-9179,
9367,2,2107,added,,Cd-109-9178,
9367,2,2108,added,,Cd-109-9178,
9367,2,2111,added,,Ce-139-9179,
9367,2,2112,added,,Ce-139-9179,
9367,2,2116,added,,Cd-109-9178,
9367,2,2117,added,,Cd-109-9178,
9367,3,59,added,,Bi-207-8890,
9367,3,65,added,,Bi-207-9177,
9367,3,2048,added,,Bi-207-8890,
9367,3,2060,added,,Bi-207-8890,
9367,3,2061,added,,Bi-207-8890,
9367,3,2068,added,,Bi-207-9176,
9367,3,2069,added,,Bi-207-9176,
9367,3,2073,added,,Bi-207-8890,
9367,3,2080,added,,Bi-207-9176,
9367,3,2081,added,,Bi-207-9176,
9367,3,2095,added,,Sn-113-9183,
9367,3,2096,added,,Sn-113-9183,
9367,3,2102,added,,Ce-139-9179,
9367,3,2105,added,,Sn-113-9183,
9367,3,2106,added,,Sn-113-9183,
9367,3,2108,added,,Cd-109-9178,
9367,3,2109,added,,Cd-109-9178,
9367,3,2111,added,,Ce-139-9179,
9367,3,2112,added,,Ce-139-9179,
9367,3,2116,added,,Cd-109-9178,
9367,3,2117,added,,Cd-109-9178,
9367,3,2118,added,,Cd-109-9178,
9367,4,4,added,,Cd-109-9178,
9367,4,47,added,,Bi-207-8890,
9367,4,65,added,,Bi-207-9177,
9367,4,2048,added,,Bi-207-8890,
9367,4,2049,added,,Bi-207-8890,
9367,4,2060,added,,Bi-207-8890,
9367,4,2061,added,,Bi-207-8890,
9367,4,2068,added,,Bi-207-9176,
9367,4,2069,added,,Bi-207-9176,
9367,4,2081,added,,Bi-207-9176,
9367,4,2095,added,,Sn-113-9183,
9367,4,2096,added,,Sn-113-9183,
9367,4,2102,added,,Ce-139-9179,
9367,4,2105,added,,Sn-113-9183,
9367,4,2106,added,,Sn-113-9183,
9367,4,2108,added,,Cd-109-9178,
9367,4,2109,added,,Cd-109-9178,
9367,4,2111,added,,Ce-139-9179,
9367,4,2112,added,,Ce-139-9179,
9367,4,2117,added,,Cd-109-9178,
9367,4,2118,added,,Cd-109-9178,
9367,5,5,added,,Cd-109-9178,
9367,5,9,added,,Sn-113-9183,
9367,5,2049,added,,Bi-207-8890,
9367,5,2050,added,,Bi-207-8890,
9367,5,2061,added,,Bi-207-8890,
9367,5,2062,added,,Bi-207-8890,
9367,5,2068,added,,Bi-207-9176,
9367,5,2069,added,,Bi-207-9176,
9367,5,2074,added,,Bi-207-8890,
9367,5,2081,added,,Bi-207-9176,
9367,5,2096,added,,Sn-113-9183,
9367,5,2097,added,,Sn-113-9183,
9367,5,2105,added,,Sn-113-9183,
9367,5,2106,added,,Sn-113-9183,
9367,5,2109,added,,Cd-109-9178,
9367,5,2110,added,,Cd-109-9178,
9367,5,2118,added,,Cd-109-9178,
9367,5,2119,added,,Cd-109-9178,
9367,6,10,added,,Cd-109-9178,
9367,6,2050,added,,Bi-207-9177,
9367,6,2051,added,,Bi-207-9177,
9367,6,2053,added,,Bi-207-9176,
9367,6,2054,added,,Bi-207-9176,
9367,6,2062,added,,Bi-207-9177,
9367,6,2063,added,,Bi-207-9177,
9367,6,2066,added,,Bi-207-9176,
9367,6,2067,added,,Bi-207-9176,
9367,6,2079,added,,Bi-207-9176,
9367,6,2097,added,,Cd-109-9178,
9367,6,2101,added,,Ce-139-9179,
9367,6,2106,added,,Cd-109-9178,
9367,6,2107,added,,Cd-109-9178,
9367,6,2108,added,,Cd-109-9178,
9367,6,2110,added,,Ce-139-9179,
9367,6,2111,added,,Ce-139-9179,
9367,6,2115,added,,Cd-109-9178,
9367,6,2116,added,,Cd-109-9178,
9367,6,2118,added,,Ce-139-9179,
9367,6,2119,added,,Ce-139-9179,
9367,7,24,added,,Ce-139-9179,
9367,7,62,added,,Bi-207-9177,
9367,7,71,added,,Bi-207-8890,
9367,7,75,added,,Bi-207-9177,
9367,7,76,added,,Bi-207-9177,
9367,7,2047,added,,Bi-207-8890,
9367,7,2050,added,,Bi-207-9177,
9367,7,2051,added,,Bi-207-9177,
9367,7,2055,added,,Bi-207-9176,
9367,7,2059,added,,Bi-207-8890,
9367,7,2060,added,,Bi-207-8890,
9367,7,2063,added,,Bi-207-9177,
9367,7,2064,added,,Bi-207-9177,
9367,7,2067,added,,Bi-207-9176,
9367,7,2068,added,,Bi-207-9176,
9367,7,2079,added,,Bi-207-9176,
9367,7,2080,added,,Bi-207-9176,
9367,7,2098,added,,Cd-109-9178,
9367,7,2102,added,,Ce-139-9179,
9367,7,2107,added,,Cd-109-9178,
9367,7,2108,added,,Cd-109-9178,
9367,7,2111,added,,Ce-139-9179,
9367,7,2112,added,,Ce-139-9179,
9367,7,2115,added,,Cd-109-9178,
9367,7,2116,added,,Cd-109-9178,
9367,8,11,added,,Cd-109-9178,
9367,8,71,added,,Bi-207-8890,
9367,8,75,added,,Bi-207-9177,
9367,8,81,added,,Bi-207-9176,
9367,8,2047,added,,Bi-207-8890,
9367,8,2048,added,,Bi-207-8890,
9367,8,2051,added,,Bi-207-9177,
9367,8,2052,added,,Bi-207-9177,
9367,8,2055,added,,Bi-207-9176,
9367,8,2059,added,,Bi-207-8890,
9367,8,2060,added,,Bi-207-8890,
9367,8,2063,added,,Bi-207-9177,
9367,8,2064,added,,Bi-207-9177,
9367,8,2067,added,,Bi-207-9176,
9367,8,2068,added,,Bi-207-9176,
9367,8,2080,added,,Bi-207-9176,
9367,8,2084,added,,Sn-113-9183,
9367,8,2094,added,,Sn-113-9183,
9367,8,2095,added,,Sn-113-9183,
9367,8,2102,added,,Ce-139-9179,
9367,8,2107,added,,Cd-109-9178,
9367,8,2108,added,,Cd-109-9178,
9367,8,2109,added,,Cd-109-9178,
9367,8,2111,added,,Ce-139-9179,
9367,8,2112,added,,Ce-139-9179,
9367,8,2116,added,,Cd-109-9178,
9367,8,2117,added,,Cd-109-9178,
9367,9,19,added,,Cd-109-9178,
9367,9,47,added,,Bi-207-8890,
9367,9,59,added,,Bi-207-8890,
9367,9,65,added,,Bi-207-9177,
9367,9,77,added,,Bi-207-9177,
9367,9,2048,added,,Bi-207-8890,
9367,9,2049,added,,Bi-207-8890,
9367,9,2052,added,,Bi-207-9177,
9367,9,2053,added,,Bi-207-9177,
9367,9,2060,added,,Bi-207-8890,
9367,9,2061,added,,Bi-207-8890,
9367,9,2064,added,,Bi-207-9177,
9367,9,2065,added,,Bi-207-9177,
9367,9,2068,added,,Bi-207-9176,
9367,9,2069,added,,Bi-207-9176,
9367,9,2081,added,,Bi-207-9176,
9367,9,2095,added,,Sn-113-9183,
9367,9,2096,added,,Sn-113-9183,
9367,9,2099,added,,Cd-109-9178,
9367,9,2102,added,,Ce-139-9179,
9367,9,2105,added,,Sn-113-9183,
9367,9,2106,added,,Sn-113-9183,
9367,9,2108,added,,Cd-109-9178,
9367,9,2109,added,,Cd-109-9178,
9367,9,2111,added,,Ce-139-9179,
9367,9,2112,added,,Ce-139-9179,
9367,9,2117,added,,Cd-109-9178,
9367,10,11,added,,Cd-109-9178,
9367,10,65,added,,Bi-207-9177,
9367,10,72,added,,Bi-207-8890,
9367,10,2048,added,,Bi-207-8890,
9367,10,2049,added,,Bi-207-8890,
9367,10,2052,added,,Bi-207-9177,
9367,10,2053,added,,Bi-207-9177,
9367,10,2060,added,,Bi-207-8890,
9367,10,2061,added,,Bi-207-8890,
9367,10,2064,added,,Bi-207-9177,
9367,10,2065,added,,Bi-207-9177,
9367,10,2066,added,,Bi-207-9177,
9367,10,2068,added,,Bi-207-9176,
9367,10,2069,added,,Bi-207-9176,
9367,10,2081,added,,Bi-207-9176,
9367,10,2095,added,,Sn-113-9183,
9367,10,2096,added,,Sn-113-9183,
9367,10,2102,added,,Ce-139-9179,
9367,10,2105,added,,Sn-113-9183,
9367,10,2106,added,,Sn-113-9183,
9367,10,2108,added,,Cd-109-9178,
9367,10,2109,added,,Cd-109-9178,
9367,10,2110,added,,Cd-109-9178,
9367,10,2111,added,,Ce-139-9179,
9367,10,2112,added,,Ce-139-9179,
9367,10,2117,added,,Cd-109-9178,
9367,10,2118,added,,Cd-109-9178,
9368,0,9,added,,Sn-113-9183,
9368,0,12,added,,Cd-109-9178,
9368,0,26,added,,Sn-113-9183,
9368,0,34,added,,Ce-139-9179,
9368,0,44,added,,Ce-139-9179,
9368,0,45,added,,Ce-139-9179,
9368,0,2049,added,,Bi-207-8890,
9368,0,2050,added,,Bi-207-8890,
9368,0,2053,added,,Bi-207-9177,
9368,0,2054,added,,Bi-207-9177,
9368,0,2056,added,,Bi-207-9176,
9368,0,2061,added,,Bi-207-8890,
9368,0,2062,added,,Bi-207-8890,
9368,0,2065,added,,Bi-207-9177,
9368,0,2066,added,,Bi-207-9177,
9368,0,2068,added,,Bi-207-9176,
9368,0,2069,added,,Bi-207-9176,
9368,0,2081,added,,Bi-207-9176,
9368,0,2096,added,,Sn-113-9183,
9368,0,2097,added,,Sn-113-9183,
9368,0,2105,added,,Sn-113-9183,
9368,0,2106,added,,Sn-113-9183,
9368,0,2109,added,,Cd-109-9178,
9368,0,2110,added,,Cd-109-9178,
9368,0,2111,added,,Cd-109-9178,
9368,0,2118,added,,Cd-109-9178,
9368,0,2119,added,,Cd-109-9178,
9368,1,10,added,,Cd-109-9178,
9368,1,34,added,,Ce-139-9179,
9368,1,2039,added,,Bi-207-9177,
9368,1,2047,added,,Bi-207-8890,
9368,1,2050,added,,Bi-207-9177,
9368,1,2051,added,,Bi-207-9177,
9368,1,2053,added,,Bi-207-9176,
9368,1,2054,added,,Bi-207-9176,
9368,1,2059,added,,Bi-207-8890,
9368,1,2060,added,,Bi-207-8890,
9368,1,2062,added,,Bi-207-9177,
9368,1,2063,added,,Bi-207-9177,
9368,1,2066,added,,Bi-207-9176,
9368,1,2067,added,,Bi-207-9176,
9368,1,2097,added,,Cd-109-9178,
9368,1,2102,added,,Ce-139-9179,
9368,1,2106,added,,Cd-109-9178,
9368,1,2107,added,,Cd-109-9178,
9368,1,2111,added,,Ce-139-9179,
9368,1,2112,added,,Ce-139-9179,
9368,2,10,added,,Cd-109-9178,
9368,2,34,added,,Ce-139-9179,
9368,2,83,added,,Bi-207-8890,
9368,2,90,added,,Bi-207-9176,
9368,2,91,added,,Bi-207-9176,
9368,2,2036,added,,Bi-207-8890,
9368,2,2039,added,,Bi-207-9177,
9368,2,2047,added,,Bi-207-8890,
9368,2,2048,added,,Bi-207-8890,
9368,2,2050,added,,Bi-207-9177,
9368,2,2051,added,,Bi-207-9177,
9368,2,2054,added,,Bi-207-9176,
9368,2,2055,added,,Bi-207-9176,
9368,2,2059,added,,Bi-207-8890,
9368,2,2060,added,,Bi-207-8890,
9368,2,2063,added,,Bi-207-9177,
9368,2,2064,added,,Bi-207-9177,
9368,2,2067,added,,Bi-207-9176,
9368,2,2068,added,,Bi-207-9176,
9368,2,2084,added,,Sn-113-9183,
9368,2,2094,added,,Sn-113-9183,
9368,2,2095,added,,Sn-113-9183,
9368,2,2098,added,,Cd-109-9178,
9368,2,2102,added,,Ce-139-9179,
9368,2,2107,added,,Cd-109-9178,
9368,2,2108,added,,Cd-109-9178,
9368,2,2111,added,,Ce-139-9179,
9368,2,2112,added,,Ce-139-9179,
9368,2,2116,added,,Cd-109-9178,
9368,3,10,added,,Cd-109-9178,
9368,3,11,added,,Cd-109-9178,
9368,3,71,added,,Bi-207-8890,
9368,3,75,added,,Bi-207-9177,
9368,3,83,added,,Bi-207-8890,
9368,3,2036,added,,Bi-207-8890,
9368,3,2040,added,,Bi-207-9177,
9368,3,2044,added,,Bi-207-9176,
9368,3,2047,added,,Bi-207-8890,
9368,3,2048,added,,Bi-207-8890,
9368,3,2051,added,,Bi-207-9177,
9368,3,2052,added,,Bi-207-9177,
9368,3,2055,added,,Bi-207-9176,
9368,3,2056,added,,Bi-207-9176,
9368,3,2064,added,,Bi-207-9177,
9368,3,2067,added,,Bi-207-9176,
9368,3,2068,added,,Bi-207-9176,
9368,3,2084,added,,Sn-113-9183,
9368,3,2094,added,,Sn-113-9183,
9368,3,2095,added,,Sn-113-9183,
9368,3,2098,added,,Cd-109-9178,
9368,3,2099,added,,Cd-109-9178,
9368,3,2102,added,,Ce-139-9179,
9368,3,2107,added,,Cd-109-9178,
9368,3,2108,added,,Cd-109-9178,
9368,3,2111,added,,Ce-139-9179,
9368,3,2112,added,,Ce-139-9179,
9368,4,11,added,,Cd-109-9178,
9368,4,12,added,,Cd-109-9178,
9368,4,25,added,,Sn-113-9183,
9368,4,45,added,,Ce-139-9179,
9368,4,59,added,,Bi-207-8890,
9368,4,65,added,,Bi-207-9177,
9368,4,76,added,,Bi-207-9177,
9368,4,77,added,,Bi-207-9177,
9368,4,2036,added,,Bi-207-8890,
9368,4,2037,added,,Bi-207-8890,
9368,4,2047,added,,Bi-207-8890,
9368,4,2048,added,,Bi-207-8890,
9368,4,2049,added,,Bi-207-8890,
9368,4,2052,added,,Bi-207-9177,
9368,4,2053,added,,Bi-207-9177,
9368,4,2056,added,,Bi-207-9176,
9368,4,2060,added,,Bi-207-8890,
9368,4,2064,added,,Bi-207-9177,
9368,4,2065,added,,Bi-207-9177,
9368,4,2068,added,,Bi-207-9176,
9368,4,2069,added,,Bi-207-9176,
9368,4,2081,added,,Bi-207-9176,
9368,4,2094,added,,Sn-113-9183,
9368,4,2095,added,,Sn-113-9183,
9368,4,2096,added,,Sn-113-9183,
9368,4,2099,added,,Cd-109-9178,
9368,4,2102,added,,Ce-139-9179,
9368,4,2105,added,,Sn-113-9183,
9368,4,2108,added,,Cd-109-9178,
9368,4,2109,added,,Cd-109-9178,
9368,4,2111,added,,Ce-139-9179,
9368,4,2112,added,,Ce-139-9179,
9368,5,12,added,,Cd-109-9178,
9368,5,17,added,,Sn-113-9183,
9368,5,60,added,,Bi-207-8890,
9368,5,72,added,,Bi-207-8890,
9368,5,84,added,,Bi-207-8890,
9368,5,2037,added,,Bi-207-8890,
9368,5,2038,added,,Bi-207-8890,
9368,5,2041,added,,Bi-207-9177,
9368,5,2048,added,,Bi-207-8890,
9368,5,2049,added,,Bi-207-8890,
9368,5,2052,added,,Bi-207-9177,
9368,5,2053,added,,Bi-207-9177,
9368,5,2056,added,,Bi-207-9176,
9368,5,2065,added,,Bi-207-9177,
9368,5,2068,added,,Bi-207-9176,
9368,5,2069,added,,Bi-207-9176,
9368,5,2095,added,,Sn-113-9183,
9368,5,2096,added,,Sn-113-9183,
9368,5,2099,added,,Cd-109-9178,
9368,5,2100,added,,Cd-109-9178,
9368,5,2102,added,,Ce-139-9179,
9368,5,2105,added,,Sn-113-9183,
9368,5,2109,added,,Cd-109-9178,
9368,5,2110,added,,Cd-109-9178,
9368,5,2111,added,,Ce-139-9179,
9368,5,2112,added,,Ce-139-9179,
9368,6,12,added,,Cd-109-9178,
9368,6,13,added,,Cd-109-9178,
9368,6,53,added,,Bi-207-9177,
9368,6,81,added,,Bi-207-9176,
9368,6,2042,added,,Bi-207-9177,
9368,6,2053,added,,Bi-207-9177,
9368,6,2054,added,,Bi-207-9177,
9368,6,2056,added,,Bi-207-9176,
9368,6,2065,added,,Bi-207-9177,
9368,6,2066,added,,Bi-207-9177,
9368,6,2068,added,,Bi-207-9176,
9368,6,2069,added,,Bi-207-9176,
9368,6,2081,added,,Bi-207-9176,
9368,6,2096,added,,Sn-113-9183,
9368,6,2097,added,,Sn-113-9183,
9368,6,2100,added,,Cd-109-9178,
9368,6,2101,added,,Cd-109-9178,
9368,6,2105,added,,Sn-113-9183,
9368,6,2106,added,,Sn-113-9183,
9368,6,2109,added,,Cd-109-9178,
9368,6,2110,added,,Cd-109-9178,
9368,7,18,added,,Cd-109-9178,
9368,7,19,added,,Cd-109-9178,
9368,7,27,added,,Cd-109-9178,
9368,7,28,added,,Cd-109-9178,
9368,7,2096,added,,Cd-109-9178,
9368,7,2097,added,,Cd-109-9178,
9368,7,2101,added,,Ce-139-9179,
9368,7,2102,added,,Ce-139-9179,
9368,7,2106,added,,Cd-109-9178,
9368,7,2107,added,,Cd-109-9178,
9368,7,2110,added,,Ce-139-9179,
9368,7,2111,added,,Ce-139-9179,
9369,0,2038,added,,Bi-207-9177,
9369,0,2039,added,,Bi-207-9177,
9369,0,2042,added,,Bi-207-9176,
9369,0,2043,added,,Bi-207-9176,
9369,0,2050,added,,Bi-207-9177,
9369,0,2051,added,,Bi-207-9177,
9369,0,2053,added,,Bi-207-9176,
9369,0,2054,added,,Bi-207-9176,
9369,0,2097,added,,Cd-109-9178,
9369,0,2098,added,,Cd-109-9178,
9369,0,2100,added,,Ce-139-9179,
9369,0,2101,added,,Ce-139-9179,
9369,0,2106,added,,Cd-109-9178,
9369,0,2107,added,,Cd-109-9178,
9369,0,2110,added,,Ce-139-9179,
9369,0,2111,added,,Ce-139-9179,
9369,1,18,added,,Cd-109-9178,
9369,1,44,added,,Ce-139-9179,
9369,1,2036,added,,Bi-207-8890,
9369,1,2039,added,,Bi-207-9177,
9369,1,2040,added,,Bi-207-9177,
9369,1,2043,added,,Bi-207-9176,
9369,1,2044,added,,Bi-207-9176,
9369,1,2047,added,,Bi-207-8890,
9369,1,2048,added,,Bi-207-8890,
9369,1,2050,added,,Bi-207-9177,
9369,1,2051,added,,Bi-207-9177,
9369,1,2054,added,,Bi-207-9176,
9369,1,2055,added,,Bi-207-9176,
9369,1,2060,added,,Bi-207-8890,
9369,1,2084,added,,Sn-113-9183,
9369,1,2094,added,,Sn-113-9183,
9369,1,2095,added,,Sn-113-9183,
9369,1,2098,added,,Cd-109-9178,
9369,1,2101,added,,Ce-139-9179,
9369,1,2102,added,,Ce-139-9179,
9369,1,2107,added,,Cd-109-9178,
9369,1,2108,added,,Cd-109-9178,
9369,1,2110,added,,Ce-139-9179,
9369,1,2111,added,,Ce-139-9179,
9369,1,2112,added,,Ce-139-9179,
9369,2,19,added,,Cd-109-9178,
9369,2,24,added,,Ce-139-9179,
9369,2,45,added,,Ce-139-9179,
9369,2,71,added,,Bi-207-8890,
9369,2,75,added,,Bi-207-9177,
9369,2,81,added,,Bi-207-9176,
9369,2,83,added,,Bi-207-8890,
9369,2,2036,added,,Bi-207-8890,
9369,2,2037,added,,Bi-207-8890,
9369,2,2039,added,,Bi-207-9177,
9369,2,2040,added,,Bi-207-9177,
9369,2,2041,added,,Bi-207-9177,
9369,2,2043,added,,Bi-207-9176,
9369,2,2044,added,,Bi-207-9176,
9369,2,2047,added,,Bi-207-8890,
9369,2,2048,added,,Bi-207-8890,
9369,2,2051,added,,Bi-207-9177,
9369,2,2052,added,,Bi-207-9177,
9369,2,2055,added,,Bi-207-9176,
9369,2,2056,added,,Bi-207-9176,
9369,2,2084,added,,Sn-113-9183,
9369,2,2088,added,,Cd-109-9178,
9369,2,2094,added,,Sn-113-9183,
9369,2,2095,added,,Sn-113-9183,
9369,2,2098,added,,Cd-109-9178,
9369,2,2099,added,,Cd-109-9178,
9369,2,2102,added,,Ce-139-9179,
9369,2,2108,added,,Cd-109-9178,
9369,2,2111,added,,Ce-139-9179,
9369,2,2112,added,,Ce-139-9179,
9369,3,19,added,,Cd-109-9178,
9369,3,25,added,,Sn-113-9183,
9369,3,35,added,,Sn-113-9183,
9369,3,83,added,,Bi-207-8890,
9369,3,2026,added,,Bi-207-8890,
9369,3,2036,added,,Bi-207-8890,
9369,3,2037,added,,Bi-207-8890,
9369,3,2040,added,,Bi-207-9177,
9369,3,2041,added,,Bi-207-9177,
9369,3,2044,added,,Bi-207-9176,
9369,3,2045,added,,Bi-207-9176,
9369,3,2048,added,,Bi-207-8890,
9369,3,2052,added,,Bi-207-9177,
9369,3,2053,added,,Bi-207-9177,
9369,3,2055,added,,Bi-207-9176,
9369,3,2056,added,,Bi-207-9176,
9369,3,2084,added,,Sn-113-9183,
9369,3,2085,added,,Sn-113-9183,
9369,3,2095,added,,Sn-113-9183,
9369,3,2096,added,,Sn-113-9183,
9369,3,2099,added,,Cd-109-9178,
9369,3,2100,added,,Cd-109-9178,
9369,3,2108,added,,Cd-109-9178,
9369,3,2109,added,,Cd-109-9178,
9369,4,20,added,,Cd-109-9178,
9369,4,72,added,,Bi-207-8890,
9369,4,2026,added,,Bi-207-8890,
9369,4,2027,added,,Bi-207-8890,
9369,4,2036,added,,Bi-207-8890,
9369,4,2037,added,,Bi-207-8890,
9369,4,2038,added,,Bi-207-8890,
9369,4,2041,added,,Bi-207-9177,
9369,4,2042,added,,Bi-207-9177,
9369,4,2044,added,,Bi-207-9176,
9369,4,2045,added,,Bi-207-9176,
9369,4,2048,added,,Bi-207-8890,
9369,4,2049,added,,Bi-207-8890,
9369,4,2052,added,,Bi-207-9177,
9369,4,2053,added,,Bi-207-9177,
9369,4,2056,added,,Bi-207-9176,
9369,4,2085,added,,Sn-113-9183,
9369,4,2086,added,,Sn-113-9183,
9369,4,2089,added,,Cd-109-9178,
9369,4,2095,added,,Sn-113-9183,
9369,4,2096,added,,Sn-113-9183,
9369,4,2099,added,,Cd-109-9178,
9369,4,2100,added,,Cd-109-9178,
9369,4,2109,added,,Cd-109-9178,
9369,4,2110,added,,Cd-109-9178,
9369,5,17,added,,Sn-113-9183,
9369,5,22,added,,Cd-109-9178,
9369,5,69,added,,Bi-207-9176,
9369,5,84,added,,Bi-207-8890,
9369,5,2027,added,,Bi-207-8890,
9369,5,2028,added,,Bi-207-8890,
9369,5,2034,added,,Bi-207-9176,
9369,5,2037,added,,Bi-207-8890,
9369,5,2038,added,,Bi-207-8890,
9369,5,2041,added,,Bi-207-9177,
9369,5,2042,added,,Bi-207-9177,
9369,5,2043,added,,Bi-207-9177,
9369,5,2044,added,,Bi-207-9176,
9369,5,2045,added,,Bi-207-9176,
9369,5,2053,added,,Bi-207-9177,
9369,5,2054,added,,Bi-207-9177,
9369,5,2056,added,,Bi-207-9176,
9369,5,2085,added,,Sn-113-9183,
9369,5,2086,added,,Sn-113-9183,
9369,5,2089,added,,Cd-109-9178,
9369,5,2090,added,,Cd-109-9178,
9369,5,2096,added,,Sn-113-9183,
9369,5,2097,added,,Sn-113-9183,
9369,5,2100,added,,Cd-109-9178,
9369,5,2101,added,,Cd-109-9178,
9369,6,37,added,,Cd-109-9178,
9369,6,96,added,,Bi-207-9177,
9369,6,2028,added,,Bi-207-9177,
9369,6,2029,added,,Bi-207-9177,
9369,6,2031,added,,Bi-207-9176,
9369,6,2032,added,,Bi-207-9176,
9369,6,2038,added,,Bi-207-9177,
9369,6,2039,added,,Bi-207-9177,
9369,6,2042,added,,Bi-207-9176,
9369,6,2043,added,,Bi-207-9176,
9369,6,2075,added,,Cd-109-9178,
9369,6,2078,added,,Ce-139-9179,
9369,6,2079,added,,Ce-139-9179,
9369,6,2086,added,,Cd-109-9178,
9369,6,2087,added,,Cd-109-9178,
9369,6,2089,added,,Ce-139-9179,
9369,6,2090,added,,Ce-139-9179,
9369,6,2091,added,,Ce-139-9179,
9369,6,2097,added,,Cd-109-9178,
9369,6,2098,added,,Cd-109-9178,
9369,6,2100,added,,Ce-139-9179,
9369,6,2101,added,,Ce-139-9179,
9369,7,25,added,,Sn-113-9183,
9369,7,56,added,,Ce-139-9179,
9369,7,92,added,,Bi-207-9176,
9369,7,2028,added,,Bi-207-9177,
9369,7,2029,added,,Bi-207-9177,
9369,7,2032,added,,Bi-207-9176,
9369,7,2033,added,,Bi-207-9176,
9369,7,2039,added,,Bi-207-9177,
9369,7,2040,added,,Bi-207-9177,
9369,7,2042,added,,Bi-207-9176,
9369,7,2043,added,,Bi-207-9176,
9369,7,2044,added,,Bi-207-9176,
9369,7,2060,added,,Sn-113-9183,
9369,7,2072,added,,Sn-113-9183,
9369,7,2073,added,,Sn-113-9183,
9369,7,2076,added,,Cd-109-9178,
9369,7,2079,added,,Ce-139-9179,
9369,7,2080,added,,Ce-139-9179,
9369,7,2084,added,,Sn-113-9183,
9369,7,2087,added,,Cd-109-9178,
9369,7,2088,added,,Cd-109-9178,
9369,7,2090,added,,Ce-139-9179,
9369,7,2091,added,,Ce-139-9179,
9369,7,2097,added,,Cd-109-9178,
9369,7,2098,added,,Cd-109-9178,
9369,7,2101,added,,Ce-139-9179,
9369,7,2102,added,,Ce-139-9179,
9369,8,25,added,,Sn-113-9183,
9369,8,28,added,,Cd-109-9178,
9369,8,56,added,,Ce-139-9179,
9369,8,2017,added,,Bi-207-8890,
9369,8,2026,added,,Bi-207-8890,
9369,8,2027,added,,Bi-207-8890,
9369,8,2029,added,,Bi-207-9177,
9369,8,2030,added,,Bi-207-9177,
9369,8,2033,added,,Bi-207-9176,
9369,8,2034,added,,Bi-207-9176,
9369,8,2037,added,,Bi-207-8890,
9369,8,2040,added,,Bi-207-9177,
9369,8,2041,added,,Bi-207-9177,
9369,8,2043,added,,Bi-207-9176,
9369,8,2044,added,,Bi-207-9176,
9369,8,2045,added,,Bi-207-9176,
9369,8,2072,added,,Sn-113-9183,
9369,8,2073,added,,Sn-113-9183,
9369,8,2077,added,,Cd-109-9178,
9369,8,2080,added,,Ce-139-9179,
9369,8,2081,added,,Ce-139-9179,
9369,8,2084,added,,Sn-113-9183,
9369,8,2085,added,,Sn-113-9183,
9369,8,2088,added,,Cd-109-9178,
9369,8,2089,added,,Cd-109-9178,
9369,8,2091,added,,Ce-139-9179,
9369,8,2092,added,,Ce-139-9179,
9369,8,2098,added,,Cd-109-9178,
9369,8,2099,added,,Cd-109-9178,
9369,8,2102,added,,Ce-139-9179,
9369,9,29,added,,Cd-109-9178,
9369,9,47,added,,Sn-113-9183,
9369,9,76,added,,Bi-207-9177,
9369,9,83,added,,Bi-207-8890,
9369,9,94,added,,Bi-207-8890,
9369,9,103,added,,Bi-207-9176,
9369,9,2017,added,,Bi-207-8890,
9369,9,2026,added,,Bi-207-8890,
9369,9,2027,added,,Bi-207-8890,
9369,9,2030,added,,Bi-207-9177,
9369,9,2031,added,,Bi-207-9177,
9369,9,2034,added,,Bi-207-9176,
9369,9,2036,added,,Bi-207-8890,
9369,9,2037,added,,Bi-207-8890,
9369,9,2040,added,,Bi-207-9177,
9369,9,2041,added,,Bi-207-9177,
9369,9,2044,added,,Bi-207-9176,
9369,9,2045,added,,Bi-207-9176,
9369,9,2056,added,,Bi-207-9176,
9369,9,2073,added,,Sn-113-9183,
9369,9,2074,added,,Sn-113-9183,
9369,9,2077,added,,Cd-109-9178,
9369,9,2080,added,,Ce-139-9179,
9369,9,2081,added,,Ce-139-9179,
9369,9,2084,added,,Sn-113-9183,
9369,9,2085,added,,Sn-113-9183,
9369,9,2088,added,,Cd-109-9178,
9369,9,2089,added,,Cd-109-9178,
9369,9,2090,added,,Cd-109-9178,
9369,9,2091,added,,Ce-139-9179,
9369,9,2092,added,,Ce-139-9179,
9369,9,2099,added,,Cd-109-9178,
9369,9,2100,added,,Cd-109-9178,
9369,9,2102,added,,Ce-139-9179,
9369,10,26,added,,Sn-113-9183,
9369,10,27,added,,Sn-113-9183,
9369,10,36,added,,Sn-113-9183,
9369,10,37,added,,Sn-113-9183,
9369,10,80,added,,Bi-207-9176,
9369,10,81,added,,Bi-207-9176,
9369,10,84,added,,Bi-207-8890,
9369,10,92,added,,Bi-207-9176,
9369,10,2017,added,,Bi-207-8890,
9369,10,2026,added,,Bi-207-8890,
9369,10,2027,added,,Bi-207-8890,
9369,10,2030,added,,Bi-207-9177,
9369,10,2031,added,,Bi-207-9177,
9369,10,2034,added,,Bi-207-9176,
9369,10,2037,added,,Bi-207-8890,
9369,10,2038,added,,Bi-207-8890,
9369,10,2041,added,,Bi-207-9177,
9369,10,2042,added,,Bi-207-9177,
9369,10,2044,added,,Bi-207-9176,
9369,10,2045,added,,Bi-207-9176,
9369,10,2056,added,,Bi-207-9176,
9369,10,2073,added,,Sn-113-9183,
9369,10,2074,added,,Sn-113-9183,
9369,10,2078,added,,Cd-109-9178,
9369,10,2085,added,,Sn-113-9183,
9369,10,2086,added,,Sn-113-9183,
9369,10,2089,added,,Cd-109-9178,
9369,10,2090,added,,Cd-109-9178,
9369,10,2099,added,,Cd-109-9178,
9369,10,2100,added,,Cd-109-9178,
9369,11,30,added,,Cd-109-9178,
9369,11,95,added,,Bi-207-8890,
9369,11,2027,added,,Bi-207-8890,
9369,11,2028,added,,Bi-207-8890,
9369,11,2031,added,,Bi-207-9177,
9369,11,2032,added,,Bi-207-9177,
9369,11,2034,added,,Bi-207-9176,
9369,11,2037,added,,Bi-207-8890,
9369,11,2038,added,,Bi-207-8890,
9369,11,2041,added,,Bi-207-9177,
9369,11,2042,added,,Bi-207-9177,
9369,11,2044,added,,Bi-207-9176,
9369,11,2045,added,,Bi-207-9176,
9369,11,2056,added,,Bi-207-9176,
9369,11,2074,added,,Sn-113-9183,
9369,11,2075,added,,Sn-113-9183,
9369,11,2078,added,,Cd-109-9178,
9369,11,2085,added,,Sn-113-9183,
9369,11,2086,added,,Sn-113-9183,
9369,11,2089,added,,Cd-109-9178,
9369,11,2090,added,,Cd-109-9178,
9369,11,2100,added,,Cd-109-9178,
9369,11,2101,added,,Cd-109-9178,
9369,12,102,added,,Bi-207-9176,
9369,12,111,added,,Bi-207-9176,
9369,12,2010,added,,Bi-207-9177,
9369,12,2018,added,,Bi-207-9177,
9369,12,2019,added,,Bi-207-9177,
9369,12,2022,added,,Bi-207-9176,
9369,12,2023,added,,Bi-207-9176,
9369,12,2028,added,,Bi-207-9177,
9369,12,2029,added,,Bi-207-9177,
9369,12,2031,added,,Bi-207-9176,
9369,12,2032,added,,Bi-207-9176,
9369,12,2033,added,,Bi-207-9176,
9369,12,2059,added,,Sn-113-9183,
9369,12,2060,added,,Sn-113-9183,
9369,12,2063,added,,Cd-109-9178,
9369,12,2066,added,,Ce-139-9179,
9369,12,2067,added,,Ce-139-9179,
9369,12,2072,added,,Sn-113-9183,
9369,12,2075,added,,Cd-109-9178,
9369,12,2076,added,,Cd-109-9178,
9369,12,2078,added,,Ce-139-9179,
9369,12,2079,added,,Ce-139-9179,
9369,12,2080,added,,Ce-139-9179,
9369,12,2086,added,,Cd-109-9178,
9369,12,2087,added,,Cd-109-9178,
9369,12,2090,added,,Ce-139-9179,
9369,12,2091,added,,Ce-139-9179,
9369,13,35,added,,Sn-113-9183,
9369,13,38,added,,Cd-109-9178,
9369,13,56,added,,Ce-139-9179,
9369,13,86,added,,Bi-207-9177,
9369,13,2019,added,,Bi-207-9177,
9369,13,2020,added,,Bi-207-9177,
9369,13,2022,added,,Bi-207-9176,
9369,13,2023,added,,Bi-207-9176,
9369,13,2028,added,,Bi-207-9177,
9369,13,2029,added,,Bi-207-9177,
9369,13,2032,added,,Bi-207-9176,
9369,13,2033,added,,Bi-207-9176,
9369,13,2059,added,,Sn-113-9183,
9369,13,2060,added,,Sn-113-9183,
9369,13,2063,added,,Cd-109-9178,
9369,13,2064,added,,Cd-109-9178,
9369,13,2067,added,,Ce-139-9179,
9369,13,2072,added,,Sn-113-9183,
9369,13,2075,added,,Cd-109-9178,
9369,13,2076,added,,Cd-109-9178,
9369,13,2077,added,,Cd-109-9178,
9369,13,2079,added,,Ce-139-9179,
9369,13,2080,added,,Ce-139-9179,
9369,13,2087,added,,Cd-109-9178,
9369,13,2088,added,,Cd-109-9178,
9369,13,2091,added,,Ce-139-9179,
9369,14,35,added,,Sn-113-9183,
9369,14,56,added,,Ce-139-9179,
9369,14,68,added,,Ce-139-9179,
9369,14,2017,added,,Bi-207-8890,
9369,14,2026,added,,Bi-207-8890,
9369,14,2027,added,,Bi-207-8890,
9369,14,2064,added,,Cd-109-9178,
9369,14,2067,added,,Ce-139-9179,
9369,14,2068,added,,Ce-139-9179,
9369,14,2076,added,,Cd-109-9178,
9369,14,2077,added,,Cd-109-9178,
9369,14,2079,added,,Ce-139-9179,
9369,14,2080,added,,Ce-139-9179,
9369,14,2081,added,,Ce-139-9179,
9369,14,2088,added,,Cd-109-9178,
9369,14,2091,added,,Ce-139-9179,
9369,14,2092,added,,Ce-139-9179,
9369,15,30,added,,Cd-109-9178,
9369,15,83,added,,Bi-207-8890,
9369,15,2017,added,,Bi-207-8890,
9369,15,2020,added,,Bi-207-9177,
9369,15,2021,added,,Bi-207-9177,
9369,15,2022,added,,Bi-207-9177,
9369,15,2024,added,,Bi-207-9176,
9369,15,2026,added,,Bi-207-8890,
9369,15,2027,added,,Bi-207-8890,
9369,15,2030,added,,Bi-207-9177,
9369,15,2031,added,,Bi-207-9177,
9369,15,2033,added,,Bi-207-9176,
9369,15,2034,added,,Bi-207-9176,
9369,15,2044,added,,Bi-207-9176,
9369,15,2060,added,,Sn-113-9183,
9369,15,2061,added,,Sn-113-9183,
9369,15,2065,added,,Cd-109-9178,
9369,15,2068,added,,Ce-139-9179,
9369,15,2069,added,,Ce-139-9179,
9369,15,2073,added,,Sn-113-9183,
9369,15,2074,added,,Sn-113-9183,
9369,15,2077,added,,Cd-109-9178,
9369,15,2078,added,,Cd-109-9178,
9369,15,2080,added,,Ce-139-9179,
9369,15,2081,added,,Ce-139-9179,
9369,15,2089,added,,Cd-109-9178,
9369,16,94,added,,Bi-207-8890,
9369,16,104,added,,Bi-207-8890,
9369,16,2017,added,,Bi-207-8890,
9369,16,2018,added,,Bi-207-8890,
9369,16,2021,added,,Bi-207-9177,
9369,16,2022,added,,Bi-207-9177,
9369,16,2026,added,,Bi-207-8890,
9369,16,2027,added,,Bi-207-8890,
9369,16,2030,added,,Bi-207-9177,
9369,16,2031,added,,Bi-207-9177,
9369,16,2033,added,,Bi-207-9176,
9369,16,2034,added,,Bi-207-9176,
9369,16,2044,added,,Bi-207-9176,
9369,16,2045,added,,Bi-207-9176,
9369,16,2061,added,,Sn-113-9183,
9369,16,2062,added,,Sn-113-9183,
9369,16,2065,added,,Cd-109-9178,
9369,16,2066,added,,Cd-109-9178,
9369,16,2068,added,,Ce-139-9179,
9369,16,2069,added,,Ce-139-9179,
9369,16,2073,added,,Sn-113-9183,
9369,16,2074,added,,Sn-113-9183,
9369,16,2077,added,,Cd-109-9178,
9369,16,2078,added,,Cd-109-9178,
9369,16,2079,added,,Cd-109-9178,
9369,16,2080,added,,Ce-139-9179,
9369,16,2081,added,,Ce-139-9179,
9369,16,2089,added,,Cd-109-9178,
9369,16,2090,added,,Cd-109-9178,
9369,17,54,added,,Cd-109-9178,
9369,17,101,added,,Bi-207-9177,
9369,17,105,added,,Bi-207-8890,
9369,17,106,added,,Bi-207-8890,
9369,17,110,added,,Bi-207-9177,
9369,17,2017,added,,Bi-207-8890,
9369,17,2018,added,,Bi-207-8890,
9369,17,2022,added,,Bi-207-9177,
9369,17,2027,added,,Bi-207-8890,
9369,17,2028,added,,Bi-207-8890,
9369,17,2031,added,,Bi-207-9177,
9369,17,2032,added,,Bi-207-9177,
9369,17,2034,added,,Bi-207-9176,
9369,17,2042,added,,Bi-207-9177,
9369,17,2044,added,,Bi-207-9176,
9369,17,2045,added,,Bi-207-9176,
9369,17,2062,added,,Sn-113-9183,
9369,17,2074,added,,Sn-113-9183,
9369,17,2075,added,,Sn-113-9183,
9369,17,2078,added,,Cd-109-9178,
9369,17,2079,added,,Cd-109-9178,
9369,17,2086,added,,Sn-113-9183,
9369,17,2089,added,,Cd-109-9178,
9369,17,2090,added,,Cd-109-9178,
9369,18,49,added,,Cd-109-9178,
9369,18,2010,added,,Bi-207-9177,
9369,18,2011,added,,Bi-207-9177,
9369,18,2014,added,,Bi-207-9176,
9369,18,2018,added,,Bi-207-9177,
9369,18,2019,added,,Bi-207-9177,
9369,18,2022,added,,Bi-207-9176,
9369,18,2023,added,,Bi-207-9176,
9369,18,2032,added,,Bi-207-9176,
9369,18,2047,added,,Sn-113-9183,
9369,18,2059,added,,Sn-113-9183,
9369,18,2060,added,,Sn-113-9183,
9369,18,2062,added,,Cd-109-9178,
9369,18,2063,added,,Cd-109-9178,
9369,18,2064,added,,Cd-109-9178,
9369,18,2066,added,,Ce-139-9179,
9369,18,2067,added,,Ce-139-9179,
9369,18,2072,added,,Sn-113-9183,
9369,18,2075,added,,Cd-109-9178,
9369,18,2076,added,,Cd-109-9178,
9369,18,2078,added,,Ce-139-9179,
9369,18,2079,added,,Ce-139-9179,
9369,19,49,added,,Cd-109-9178,
9369,19,71,added,,Sn-113-9183,
9369,19,2010,added,,Bi-207-9177,
9369,19,2011,added,,Bi-207-9177,
9369,19,2014,added,,Bi-207-9176,
9369,19,2015,added,,Bi-207-9176,
9369,19,2019,added,,Bi-207-9177,
9369,19,2020,added,,Bi-207-9177,
9369,19,2022,added,,Bi-207-9176,
9369,19,2023,added,,Bi-207-9176,
9369,19,2024,added,,Bi-207-9176,
9369,19,2032,added,,Bi-207-9176,
9369,19,2033,added,,Bi-207-9176,
9369,19,2047,added,,Sn-113-9183,
9369,19,2051,added,,Cd-109-9178,
9369,19,2054,added,,Ce-139-9179,
9369,19,2055,added,,Ce-139-9179,
9369,19,2059,added,,Sn-113-9183,
9369,19,2060,added,,Sn-113-9183,
9369,19,2063,added,,Cd-109-9178,
9369,19,2064,added,,Cd-109-9178,
9369,19,2066,added,,Ce-139-9179,
9369,19,2067,added,,Ce-139-9179,
9369,19,2068,added,,Ce-139-9179,
9369,19,2072,added,,Sn-113-9183,
9369,19,2075,added,,Cd-109-9178,
9369,19,2076,added,,Cd-109-9178,
9369,19,2079,added,,Ce-139-9179,
9369,19,2080,added,,Ce-139-9179,
9369,20,69,added,,Ce-139-9179,
9369,20,97,added,,Bi-207-9177,
9369,20,2009,added,,Bi-207-8890,
9369,20,2011,added,,Bi-207-9177,
9369,20,2012,added,,Bi-207-9177,
9369,20,2017,added,,Bi-207-8890,
9369,20,2018,added,,Bi-207-8890,
9369,20,2019,added,,Bi-207-9177,
9369,20,2020,added,,Bi-207-9177,
9369,20,2026,added,,Bi-207-8890,
9369,20,2027,added,,Bi-207-8890,
9369,20,2047,added,,Sn-113-9183,
9369,20,2059,added,,Sn-113-9183,
9369,20,2060,added,,Sn-113-9183,
9369,20,2064,added,,Cd-109-9178,
9369,20,2065,added,,Cd-109-9178,
9369,20,2072,added,,Sn-113-9183,
9369,20,2076,added,,Cd-109-9178,
9369,20,2077,added,,Cd-109-9178,
9369,21,41,added,,Cd-109-9178,
9369,21,48,added,,Sn-113-9183,
9369,21,53,added,,Cd-109-9178,
9369,21,56,added,,Ce-139-9179,
9369,21,100,added,,Bi-207-9177,
9369,21,2009,added,,Bi-207-8890,
9369,21,2012,added,,Bi-207-9177,
9369,21,2013,added,,Bi-207-9177,
9369,21,2017,added,,Bi-207-8890,
9369,21,2018,added,,Bi-207-8890,
9369,21,2020,added,,Bi-207-9177,
9369,21,2021,added,,Bi-207-9177,
9369,21,2022,added,,Bi-207-9177,
9369,21,2024,added,,Bi-207-9176,
9369,21,2026,added,,Bi-207-8890,
9369,21,2027,added,,Bi-207-8890,
9369,21,2033,added,,Bi-207-9176,
9369,21,2034,added,,Bi-207-9176,
9369,21,2048,added,,Sn-113-9183,
9369,21,2060,added,,Sn-113-9183,
9369,21,2061,added,,Sn-113-9183,
9369,21,2064,added,,Cd-109-9178,
9369,21,2065,added,,Cd-109-9178,
9369,21,2068,added,,Ce-139-9179,
9369,21,2069,added,,Ce-139-9179,
9369,21,2073,added,,Sn-113-9183,
9369,21,2074,added,,Sn-113-9183,
9369,21,2077,added,,Cd-109-9178,
9369,21,2078,added,,Cd-109-9178,
9369,21,2081,added,,Ce-139-9179,
9369,22,41,added,,Cd-109-9178,
9369,22,73,added,,Sn-113-9183,
9369,22,94,added,,Bi-207-8890,
9369,22,2009,added,,Bi-207-8890,
9369,22,2013,added,,Bi-207-9177,
9369,22,2017,added,,Bi-207-8890,
9369,22,2018,added,,Bi-207-8890,
9369,22,2021,added,,Bi-207-9177,
9369,22,2022,added,,Bi-207-9177,
9369,22,2024,added,,Bi-207-9176,
9369,22,2027,added,,Bi-207-8890,
9369,22,2031,added,,Bi-207-9177,
9369,22,2033,added,,Bi-207-9176,
9369,22,2034,added,,Bi-207-9176,
9369,22,2049,added,,Sn-113-9183,
9369,22,2056,added,,Ce-139-9179,
9369,22,2061,added,,Sn-113-9183,
9369,22,2062,added,,Sn-113-9183,
9369,22,2065,added,,Cd-109-9178,
9369,22,2066,added,,Cd-109-9178,
9369,22,2068,added,,Ce-139-9179,
9369,22,2069,added,,Ce-139-9179,
9369,22,2073,added,,Sn-113-9183,
9369,22,2074,added,,Sn-113-9183,
9369,22,2077,added,,Cd-109-9178,
9369,22,2078,added,,Cd-109-9178,
9369,22,2081,added,,Ce-139-9179,
9369,23,42,added,,Cd-109-9178,
9369,23,95,added,,Bi-207-8890,
9369,23,2009,added,,Bi-207-8890,
9369,23,2010,added,,Bi-207-8890,
9369,23,2013,added,,Bi-207-9177,
9369,23,2014,added,,Bi-207-9177,
9369,23,2017,added,,Bi-207-8890,
9369,23,2018,added,,Bi-207-8890,
9369,23,2019,added,,Bi-207-8890,
9369,23,2021,added,,Bi-207-9177,
9369,23,2022,added,,Bi-207-9177,
9369,23,2023,added,,Bi-207-9177,
9369,23,2032,added,,Bi-207-9177,
9369,23,2049,added,,Sn-113-9183,
9369,23,2050,added,,Sn-113-9183,
9369,23,2053,added,,Cd-109-9178,
9369,23,2054,added,,Cd-109-9178,
9369,23,2061,added,,Sn-113-9183,
9369,23,2062,added,,Sn-113-9183,
9369,23,2063,added,,Sn-113-9183,
9369,23,2065,added,,Cd-109-9178,
9369,23,2066,added,,Cd-109-9178,
9369,23,2067,added,,Cd-109-9178,
9369,23,2074,added,,Sn-113-9183,
9369,23,2075,added,,Sn-113-9183,
9369,23,2078,added,,Cd-109-9178,
9369,23,2079,added,,Cd-109-9178,
9369,24,105,added,,Bi-207-9177,
9369,24,114,added,,Bi-207-9177,
9369,24,2010,added,,Bi-207-9177,
9369,24,2011,added,,Bi-207-9177,
9369,24,2014,added,,Bi-207-9176,
9369,24,2015,added,,Bi-207-9176,
9369,24,2019,added,,Bi-207-9177,
9369,24,2022,added,,Bi-207-9176,
9369,24,2023,added,,Bi-207-9176,
9369,24,2047,added,,Sn-113-9183,
9369,24,2050,added,,Cd-109-9178,
9369,24,2051,added,,Cd-109-9178,
9369,24,2054,added,,Ce-139-9179,
9369,24,2059,added,,Sn-113-9183,
9369,24,2060,added,,Sn-113-9183,
9369,24,2063,added,,Cd-109-9178,
9369,24,2064,added,,Cd-109-9178,
9369,24,2066,added,,Ce-139-9179,
9369,24,2067,added,,Ce-139-9179,
9369,24,2076,added,,Cd-109-9178,
9369,25,71,added,,Sn-113-9183,
9369,25,106,added,,Bi-207-9177,
9369,25,2004,added,,Bi-207-9177,
9369,25,2011,added,,Bi-207-9177,
9369,25,2012,added,,Bi-207-9177,
9369,25,2014,added,,Bi-207-9176,
9369,25,2015,added,,Bi-207-9176,
9369,25,2022,added,,Bi-207-9176,
9369,25,2023,added,,Bi-207-9176,
9369,25,2024,added,,Bi-207-9176,
9369,25,2047,added,,Sn-113-9183,
9369,25,2050,added,,Cd-109-9178,
9369,25,2051,added,,Cd-109-9178,
9369,25,2054,added,,Ce-139-9179,
9369,25,2055,added,,Ce-139-9179,
9369,25,2059,added,,Sn-113-9183,
9369,25,2060,added,,Sn-113-9183,
9369,25,2063,added,,Cd-109-9178,
9369,25,2064,added,,Cd-109-9178,
9369,25,2066,added,,Ce-139-9179,
9369,25,2067,added,,Ce-139-9179,
9369,25,2068,added,,Ce-139-9179,
9369,25,2076,added,,Cd-109-9178,
9369,25,2079,added,,Ce-139-9179,
9369,25,2080,added,,Ce-139-9179,
9369,26,71,added,,Sn-113-9183,
9369,26,75,added,,Cd-109-9178,
9369,26,81,added,,Ce-139-9179,
9369,26,106,added,,Bi-207-9177,
9369,26,115,added,,Bi-207-9177,
9369,26,2004,added,,Bi-207-9177,
9369,26,2009,added,,Bi-207-8890,
9369,26,2010,added,,Bi-207-8890,
9369,26,2011,added,,Bi-207-9177,
9369,26,2012,added,,Bi-207-9177,
9369,26,2015,added,,Bi-207-9176,
9369,26,2017,added,,Bi-207-8890,
9369,26,2018,added,,Bi-207-8890,
9369,26,2023,added,,Bi-207-9176,
9369,26,2024,added,,Bi-207-9176,
9369,26,2036,added,,Sn-113-9183,
9369,26,2047,added,,Sn-113-9183,
9369,26,2048,added,,Sn-113-9183,
9369,26,2052,added,,Cd-109-9178,
9369,26,2055,added,,Ce-139-9179,
9369,26,2056,added,,Ce-139-9179,
9369,26,2060,added,,Sn-113-9183,
9369,26,2064,added,,Cd-109-9178,
9369,26,2065,added,,Cd-109-9178,
9369,26,2068,added,,Ce-139-9179,
9369,26,2069,added,,Ce-139-9179,
9369,26,2077,added,,Cd-109-9178,
9369,26,2081,added,,Ce-139-9179,
9369,27,84,added,,Sn-113-9183,
9369,27,113,added,,Bi-207-8890,
9369,27,2004,added,,Bi-207-9177,
9369,27,2009,added,,Bi-207-8890,
9369,27,2011,added,,Bi-207-9177,
9369,27,2012,added,,Bi-207-9177,
9369,27,2015,added,,Bi-207-9176,
9369,27,2017,added,,Bi-207-8890,
9369,27,2018,added,,Bi-207-8890,
9369,27,2023,added,,Bi-207-9176,
9369,27,2024,added,,Bi-207-9176,
9369,27,2033,added,,Bi-207-9176,
9369,27,2047,added,,Sn-113-9183,
9369,27,2048,added,,Sn-113-9183,
9369,27,2049,added,,Sn-113-9183,
9369,27,2052,added,,Cd-109-9178,
9369,27,2053,added,,Cd-109-9178,
9369,27,2056,added,,Ce-139-9179,
9369,27,2060,added,,Sn-113-9183,
9369,27,2061,added,,Sn-113-9183,
9369,27,2064,added,,Cd-109-9178,
9369,27,2065,added,,Cd-109-9178,
9369,27,2068,added,,Ce-139-9179,
9369,27,2069,added,,Ce-139-9179,
9369,27,2077,added,,Cd-109-9178,
9369,27,2081,added,,Ce-139-9179,
9369,28,104,added,,Bi-207-8890,
9369,28,113,added,,Bi-207-8890,
9369,28,2009,added,,Bi-207-8890,
9369,28,2010,added,,Bi-207-8890,
9369,28,2012,added,,Bi-207-9177,
9369,28,2013,added,,Bi-207-9177,
9369,28,2014,added,,Bi-207-9177,
9369,28,2017,added,,Bi-207-8890,
9369,28,2018,added,,Bi-207-8890,
9369,28,2021,added,,Bi-207-9177,
9369,28,2022,added,,Bi-207-9177,
9369,28,2048,added,,Sn-113-9183,
9369,28,2049,added,,Sn-113-9183,
9369,28,2053,added,,Cd-109-9178,
9369,28,2056,added,,Ce-139-9179,
9369,28,2061,added,,Sn-113-9183,
9369,28,2062,added,,Sn-113-9183,
9369,28,2065,added,,Cd-109-9178,
9369,28,2066,added,,Cd-109-9178,
9369,28,2068,added,,Ce-139-9179,
9369,28,2069,added,,Ce-139-9179,
9369,28,2078,added,,Cd-109-9178,
9369,28,2081,added,,Ce-139-9179,
9369,29,52,added,,Cd-109-9178,
9369,29,113,added,,Bi-207-8890,
9369,29,2009,added,,Bi-207-8890,
9369,29,2010,added,,Bi-207-8890,
9369,29,2013,added,,Bi-207-9177,
9369,29,2014,added,,Bi-207-9177,
9369,29,2018,added,,Bi-207-8890,
9369,29,2019,added,,Bi-207-8890,
9369,29,2021,added,,Bi-207-9177,
9369,29,2022,added,,Bi-207-9177,
9369,29,2049,added,,Sn-113-9183,
9369,29,2050,added,,Sn-113-9183,
9369,29,2053,added,,Cd-109-9178,
9369,29,2054,added,,Cd-109-9178,
9369,29,2056,added,,Ce-139-9179,
9369,29,2061,added,,Sn-113-9183,
9369,29,2062,added,,Sn-113-9183,
9369,29,2065,added,,Cd-109-9178,
9369,29,2066,added,,Cd-109-9178,
9369,29,2067,added,,Cd-109-9178,
9369,29,2068,added,,Ce-139-9179,
9369,29,2069,added,,Ce-139-9179,
9369,29,2078,added,,Cd-109-9178,
9369,29,2079,added,,Cd-109-9178,
9369,29,2081,added,,Ce-139-9179,
9369,30,102,added,,Ce-139-9179,
9369,30,114,added,,Bi-207-9177,
9369,30,126,added,,Bi-207-9176,
9369,30,2004,added,,Bi-207-9177,
9369,30,2007,added,,Bi-207-9176,
9369,30,2010,added,,Bi-207-9177,
9369,30,2011,added,,Bi-207-9177,
9369,30,2013,added,,Bi-207-9176,
9369,30,2014,added,,Bi-207-9176,
9369,30,2015,added,,Bi-207-9176,
9369,30,2022,added,,Bi-207-9176,
9369,30,2023,added,,Bi-207-9176,
9369,30,2036,added,,Sn-113-9183,
9369,30,2039,added,,Cd-109-9178,
9369,30,2042,added,,Ce-139-9179,
9369,30,2043,added,,Ce-139-9179,
9369,30,2047,added,,Sn-113-9183,
9369,30,2048,added,,Sn-113-9183,
9369,30,2050,added,,Cd-109-9178,
9369,30,2051,added,,Cd-109-9178,
9369,30,2053,added,,Ce-139-9179,
9369,30,2054,added,,Ce-139-9179,
9369,30,2055,added,,Ce-139-9179,
9369,30,2060,added,,Sn-113-9183,
9369,30,2062,added,,Cd-109-9178,
9369,30,2063,added,,Cd-109-9178,
9369,30,2066,added,,Ce-139-9179,
9369,30,2067,added,,Ce-139-9179,
9369,31,81,added,,Ce-139-9179,
9369,31,92,added,,Ce-139-9179,
9369,31,106,added,,Bi-207-9177,
9369,31,2004,added,,Bi-207-9177,
9369,31,2011,added,,Bi-207-9177,
9369,31,2012,added,,Bi-207-9177,
9369,31,2014,added,,Bi-207-9176,
9369,31,2015,added,,Bi-207-9176,
9369,31,2023,added,,Bi-207-9176,
9369,31,2036,added,,Sn-113-9183,
9369,31,2043,added,,Ce-139-9179,
9369,31,2047,added,,Sn-113-9183,
9369,31,2048,added,,Sn-113-9183,
9369,31,2050,added,,Cd-109-9178,
9369,31,2051,added,,Cd-109-9178,
9369,31,2052,added,,Cd-109-9178,
9369,31,2054,added,,Ce-139-9179,
9369,31,2055,added,,Ce-139-9179,
9369,31,2060,added,,Sn-113-9183,
9369,31,2063,added,,Cd-109-9178,
9369,31,2064,added,,Cd-109-9178,
9369,31,2067,added,,Ce-139-9179,
9369,31,2068,added,,Ce-139-9179,
9369,32,83,added,,Sn-113-9183,
9369,32,112,added,,Bi-207-9176,
9369,32,115,added,,Bi-207-9177,
9369,32,2004,added,,Bi-207-9177,
9369,32,2007,added,,Bi-207-9176,
9369,32,2011,added,,Bi-207-9177,
9369,32,2012,added,,Bi-207-9177,
9369,32,2014,added,,Bi-207-9176,
9369,32,2015,added,,Bi-207-9176,
9369,32,2023,added,,Bi-207-9176,
9369,32,2036,added,,Sn-113-9183,
9369,32,2040,added,,Cd-109-9178,
9369,32,2043,added,,Ce-139-9179,
9369,32,2044,added,,Ce-139-9179,
9369,32,2047,added,,Sn-113-9183,
9369,32,2048,added,,Sn-113-9183,
9369,32,2051,added,,Cd-109-9178,
9369,32,2052,added,,Cd-109-9178,
9369,32,2054,added,,Ce-139-9179,
9369,32,2055,added,,Ce-139-9179,
9369,32,2056,added,,Ce-139-9179,
9369,32,2060,added,,Sn-113-9183,
9369,32,2064,added,,Cd-109-9178,
9369,32,2067,added,,Ce-139-9179,
9369,32,2068,added,,Ce-139-9179,
9369,33,2004,added,,Bi-207-9177,
9369,33,2009,added,,Bi-207-8890,
9369,33,2010,added,,Bi-207-8890,
9369,33,2011,added,,Bi-207-9177,
9369,33,2012,added,,Bi-207-9177,
9369,33,2017,added,,Bi-207-8890,
9369,33,2018,added,,Bi-207-8890,
9369,33,2036,added,,Sn-113-9183,
9369,33,2037,added,,Sn-113-9183,
9369,33,2047,added,,Sn-113-9183,
9369,33,2048,added,,Sn-113-9183,
9369,33,2052,added,,Cd-109-9178,
9369,33,2053,added,,Cd-109-9178,
9369,33,2056,added,,Ce-139-9179,
9369,33,2064,added,,Cd-109-9178,
9369,33,2065,added,,Cd-109-9178,
9369,33,2068,added,,Ce-139-9179,
9369,33,2069,added,,Ce-139-9179,
9369,34,64,added,,Cd-109-9178,
9369,34,65,added,,Cd-109-9178,
9369,34,77,added,,Cd-109-9178,
9369,34,78,added,,Cd-109-9178,
9369,34,89,added,,Cd-109-9178,
9369,34,105,added,,Bi-207-8890,
9369,34,109,added,,Bi-207-9177,
9369,34,113,added,,Bi-207-8890,
9369,34,114,added,,Bi-207-8890,
9369,34,117,added,,Bi-207-9177,
9369,34,118,added,,Bi-207-9177,
9369,34,121,added,,Bi-207-8890,
9369,34,2009,added,,Bi-207-8890,
9369,34,2010,added,,Bi-207-8890,
9369,34,2012,added,,Bi-207-9177,
9369,34,2013,added,,Bi-207-9177,
9369,34,2014,added,,Bi-207-9177,
9369,34,2017,added,,Bi-207-8890,
9369,34,2018,added,,Bi-207-8890,
9369,34,2021,added,,Bi-207-9177,
9369,34,2022,added,,Bi-207-9177,
9369,34,2037,added,,Sn-113-9183,
9369,34,2038,added,,Sn-113-9183,
9369,34,2048,added,,Sn-113-9183,
9369,34,2049,added,,Sn-113-9183,
9369,34,2050,added,,Sn-113-9183,
9369,34,2052,added,,Cd-109-9178,
9369,34,2053,added,,Cd-109-9178,
9369,34,2054,added,,Cd-109-9178,
9369,34,2056,added,,Ce-139-9179,
9369,34,2061,added,,Sn-113-9183,
9369,34,2065,added,,Cd-109-9178,
9369,34,2066,added,,Cd-109-9178,
9369,34,2068,added,,Ce-139-9179,
9369,34,2069,added,,Ce-139-9179,
9369,35,113,added,,Bi-207-8890,
9369,35,121,added,,Bi-207-8890,
9369,35,126,added,,Bi-207-9177,
9369,35,2009,added,,Bi-207-8890,
9369,35,2010,added,,Bi-207-8890,
9369,35,2013,added,,Bi-207-9177,
9369,35,2014,added,,Bi-207-9177,
9369,35,2018,added,,Bi-207-8890,
9369,35,2021,added,,Bi-207-9177,
9369,35,2022,added,,Bi-207-9177,
9369,35,2038,added,,Sn-113-9183,
9369,35,2049,added,,Sn-113-9183,
9369,35,2050,added,,Sn-113-9183,
9369,35,2053,added,,Cd-109-9178,
9369,35,2054,added,,Cd-109-9178,
9369,35,2062,added,,Sn-113-9183,
9369,35,2065,added,,Cd-109-9178,
9369,35,2066,added,,Cd-109-9178,
9369,36,114,added,,Bi-207-9177,
9369,36,2013,added,,Bi-207-9176,
9369,36,2014,added,,Bi-207-9176,
9369,36,2021,added,,Bi-207-9176,
9369,36,2022,added,,Bi-207-9176,
9369,36,2038,added,,Cd-109-9178,
9369,36,2039,added,,Cd-109-9178,
9369,36,2049,added,,Cd-109-9178,
9369,36,2050,added,,Cd-109-9178,
9369,36,2051,added,,Cd-109-9178,
9369,36,2062,added,,Cd-109-9178,
9369,36,2063,added,,Cd-109-9178,
9370,0,25,added,,Bi-207-8890,
9370,0,28,added,,Bi-207-9177,
9370,0,32,added,,Bi-207-9176,
9370,0,35,added,,Bi-207-8890,
9370,0,36,added,,Bi-207-8890,
9370,0,39,added,,Bi-207-9177,
9370,0,42,added,,Bi-207-9176,
9370,0,43,added,,Bi-207-9176,
9370,0,2084,added,,Sn-113-9183,
9370,0,2094,added,,Sn-113-9183,
9370,0,2095,added,,Sn-113-9183,
9370,0,2098,added,,Cd-109-9178,
9370,0,2099,added,,Cd-109-9178,
9370,0,2101,added,,Ce-139-9179,
9370,0,2102,added,,Ce-139-9179,
9370,0,2107,added,,Cd-109-9178,
9370,0,2108,added,,Cd-109-9178,
9370,0,2111,added,,Ce-139-9179,
9370,0,2112,added,,Ce-139-9179,
9370,0,2116,added,,Cd-109-9178,
9370,1,35,added,,Bi-207-8890,
9370,1,55,added,,Bi-207-9176,
9370,1,56,added,,Bi-207-9176,
9370,1,2084,added,,Sn-113-9183,
9370,1,2094,added,,Sn-113-9183,
9370,1,2095,added,,Sn-113-9183,
9370,1,2098,added,,Cd-109-9178,
9370,1,2099,added,,Cd-109-9178,
9370,1,2102,added,,Ce-139-9179,
9370,1,2108,added,,Cd-109-9178,
9370,1,2109,added,,Cd-109-9178,
9370,1,2111,added,,Ce-139-9179,
9370,1,2112,added,,Ce-139-9179,
9370,2,12,added,,Cd-109-9178,
9370,2,25,added,,Sn-113-9183,
9370,2,2085,added,,Sn-113-9183,
9370,2,2095,added,,Sn-113-9183,
9370,2,2096,added,,Sn-113-9183,
9370,2,2099,added,,Cd-109-9178,
9370,2,2100,added,,Cd-109-9178,
9370,2,2102,added,,Ce-139-9179,
9370,2,2105,added,,Sn-113-9183,
9370,2,2108,added,,Cd-109-9178,
9370,2,2109,added,,Cd-109-9178,
9370,2,2111,added,,Ce-139-9179,
9370,2,2112,added,,Ce-139-9179,
9370,3,18,added,,Cd-109-9178,
9370,3,20,added,,Cd-109-9178,
9370,3,2084,added,,Sn-113-9183,
9370,3,2094,added,,Sn-113-9183,
9370,3,2095,added,,Sn-113-9183,
9370,3,2098,added,,Cd-109-9178,
9370,3,2099,added,,Cd-109-9178,
9370,3,2101,added,,Ce-139-9179,
9370,3,2102,added,,Ce-139-9179,
9370,3,2107,added,,Cd-109-9178,
9370,3,2108,added,,Cd-109-9178,
9370,3,2110,added,,Ce-139-9179,
9370,3,2111,added,,Ce-139-9179,
9370,3,2112,added,,Ce-139-9179,
9370,4,19,added,,Cd-109-9178,
9370,4,23,added,,Ce-139-9179,
9370,4,24,added,,Ce-139-9179,
9370,4,33,added,,Ce-139-9179,
9370,4,34,added,,Ce-139-9179,
9370,4,35,added,,Bi-207-8890,
9370,4,43,added,,Bi-207-9176,
9370,4,44,added,,Bi-207-9176,
9370,4,47,added,,Bi-207-8890,
9370,4,55,added,,Bi-207-9176,
9370,4,56,added,,Bi-207-9176,
9370,4,2084,added,,Sn-113-9183,
9370,4,2094,added,,Sn-113-9183,
9370,4,2095,added,,Sn-113-9183,
9370,4,2098,added,,Cd-109-9178,
9370,4,2099,added,,Cd-109-9178,
9370,4,2102,added,,Ce-139-9179,
9370,4,2107,added,,Cd-109-9178,
9370,4,2108,added,,Cd-109-9178,
9370,4,2109,added,,Cd-109-9178,
9370,4,2111,added,,Ce-139-9179,
9370,4,2112,added,,Ce-139-9179,
9370,5,25,added,,Sn-113-9183,
9370,5,2084,added,,Sn-113-9183,
9370,5,2085,added,,Sn-113-9183,
9370,5,2095,added,,Sn-113-9183,
9370,5,2096,added,,Sn-113-9183,
9370,5,2099,added,,Cd-109-9178,
9370,5,2100,added,,Cd-109-9178,
9370,5,2102,added,,Ce-139-9179,
9370,5,2108,added,,Cd-109-9178,
9370,5,2109,added,,Cd-109-9178,
9370,5,2111,added,,Ce-139-9179,
9370,5,2112,added,,Ce-139-9179,
9370,5,2117,added,,Cd-109-9178,
9370,6,18,added,,Cd-109-9178,
9370,6,62,added,,Bi-207-9177,
9370,6,2059,added,,Bi-207-8890,
9370,6,2060,added,,Bi-207-8890,
9370,6,2063,added,,Bi-207-9177,
9370,6,2064,added,,Bi-207-9177,
9370,6,2067,added,,Bi-207-9176,
9370,6,2072,added,,Bi-207-8890,
9370,6,2075,added,,Bi-207-9177,
9370,6,2076,added,,Bi-207-9177,
9370,6,2079,added,,Bi-207-9176,
9370,6,2080,added,,Bi-207-9176,
9370,6,2087,added,,Bi-207-9177,
9370,6,2091,added,,Bi-207-9176,
9370,6,2107,added,,Cd-109-9178,
9370,6,2108,added,,Cd-109-9178,
9370,6,2115,added,,Cd-109-9178,
9370,6,2116,added,,Cd-109-9178,
9370,6,2117,added,,Cd-109-9178,
9370,7,19,added,,Cd-109-9178,
9370,7,21,added,,Cd-109-9178,
9370,7,25,added,,Sn-113-9183,
9370,7,45,added,,Ce-139-9179,
9370,7,59,added,,Bi-207-8890,
9370,7,65,added,,Bi-207-9177,
9370,7,69,added,,Bi-207-9176,
9370,7,2084,added,,Sn-113-9183,
9370,7,2085,added,,Sn-113-9183,
9370,7,2094,added,,Sn-113-9183,
9370,7,2095,added,,Sn-113-9183,
9370,7,2102,added,,Ce-139-9179,
9370,7,2111,added,,Ce-139-9179,
9370,7,2112,added,,Ce-139-9179,
9370,8,19,added,,Cd-109-9178,
9370,8,25,added,,Sn-113-9183,
9370,8,59,added,,Bi-207-8890,
9370,8,65,added,,Bi-207-9177,
9370,8,2061,added,,Bi-207-8890,
9370,8,2065,added,,Bi-207-9177,
9370,8,2068,added,,Bi-207-9176,
9370,8,2069,added,,Bi-207-9176,
9370,8,2073,added,,Bi-207-8890,
9370,8,2074,added,,Bi-207-8890,
9370,8,2077,added,,Bi-207-9177,
9370,8,2078,added,,Bi-207-9177,
9370,8,2080,added,,Bi-207-9176,
9370,8,2081,added,,Bi-207-9176,
9370,8,2089,added,,Bi-207-9177,
9370,8,2095,added,,Sn-113-9183,
9370,8,2096,added,,Sn-113-9183,
9370,8,2105,added,,Sn-113-9183,
9370,8,2108,added,,Cd-109-9178,
9370,8,2109,added,,Cd-109-9178,
9370,8,2117,added,,Cd-109-9178,
9370,8,2118,added,,Cd-109-9178,
9370,9,103,added,,Ce-139-9179,
9370,9,2004,added,,Bi-207-9177,
9370,9,2011,added,,Bi-207-9177,
9370,9,2012,added,,Bi-207-9177,
9370,9,2033,added,,Ce-139-9179,
9370,9,2039,added,,Cd-109-9178,
9370,9,2040,added,,Cd-109-9178,
9370,9,2041,added,,Cd-109-9178,
9370,9,2043,added,,Ce-139-9179,
9370,9,2044,added,,Ce-139-9179,
9370,9,2051,added,,Cd-109-9178,
9370,9,2052,added,,Cd-109-9178,
9370,9,2054,added,,Ce-139-9179,
9370,9,2055,added,,Ce-139-9179,
9370,10,83,added,,Sn-113-9183,
9370,10,94,added,,Sn-113-9183,
9370,10,102,added,,Ce-139-9179,
9370,10,103,added,,Ce-139-9179,
9370,10,2004,added,,Bi-207-9177,
9370,10,2011,added,,Bi-207-9177,
9370,10,2012,added,,Bi-207-9177,
9370,10,2026,added,,Sn-113-9183,
9370,10,2036,added,,Sn-113-9183,
9370,10,2037,added,,Sn-113-9183,
9370,10,2040,added,,Cd-109-9178,
9370,10,2041,added,,Cd-109-9178,
9370,10,2043,added,,Ce-139-9179,
9370,10,2044,added,,Ce-139-9179,
9370,10,2045,added,,Ce-139-9179,
9370,10,2048,added,,Sn-113-9183,
9370,10,2051,added,,Cd-109-9178,
9370,10,2052,added,,Cd-109-9178,
9370,10,2055,added,,Ce-139-9179,
9370,10,2056,added,,Ce-139-9179,
9370,11,2004,added,,Bi-207-9177,
9370,11,2011,added,,Bi-207-9177,
9370,11,2012,added,,Bi-207-9177,
9370,12,103,added,,Ce-139-9179,
9370,12,2004,added,,Bi-207-9177,
9370,12,2011,added,,Bi-207-9177,
9370,12,2012,added,,Bi-207-9177,
9370,12,2029,added,,Cd-109-9178,
9370,12,2030,added,,Cd-109-9178,
9370,12,2033,added,,Ce-139-9179,
9370,12,2039,added,,Cd-109-9178,
9370,12,2040,added,,Cd-109-9178,
9370,12,2043,added,,Ce-139-9179,
9370,12,2044,added,,Ce-139-9179,
9370,12,2055,added,,Ce-139-9179,
9370,13,80,added,,Ce-139-9179,
9370,13,81,added,,Ce-139-9179,
9370,13,104,added,,Bi-207-8890,
9370,13,108,added,,Bi-207-9177,
9370,13,109,added,,Bi-207-9177,
9370,13,112,added,,Bi-207-9176,
9370,13,2026,added,,Sn-113-9183,
9370,13,2027,added,,Sn-113-9183,
9370,13,2030,added,,Cd-109-9178,
9370,13,2031,added,,Cd-109-9178,
9370,13,2033,added,,Ce-139-9179,
9370,13,2034,added,,Ce-139-9179,
9370,13,2036,added,,Sn-113-9183,
9370,13,2037,added,,Sn-113-9183,
9370,13,2040,added,,Cd-109-9178,
9370,13,2041,added,,Cd-109-9178,
9370,13,2044,added,,Ce-139-9179,
9370,13,2045,added,,Ce-139-9179,
9370,13,2056,added,,Ce-139-9179,
9370,14,72,added,,Sn-113-9183,
9370,14,2017,added,,Sn-113-9183,
9370,14,2026,added,,Sn-113-9183,
9370,14,2027,added,,Sn-113-9183,
9370,14,2030,added,,Cd-109-9178,
9370,14,2031,added,,Cd-109-9178,
9370,14,2034,added,,Ce-139-9179,
9370,14,2037,added,,Sn-113-9183,
9370,14,2041,added,,Cd-109-9178,
9370,14,2042,added,,Cd-109-9178,
9370,14,2044,added,,Ce-139-9179,
9370,14,2045,added,,Ce-139-9179,
9370,14,2053,added,,Cd-109-9178,
9370,15,87,added,,Cd-109-9178,
9370,15,88,added,,Cd-109-9178,
9370,15,97,added,,Cd-109-9178,
9370,15,98,added,,Cd-109-9178,
9370,15,2020,added,,Cd-109-9178,
9370,15,2028,added,,Cd-109-9178,
9370,15,2029,added,,Cd-109-9178,
9370,15,2030,added,,Cd-109-9178,
9370,15,2039,added,,Cd-109-9178,
9370,15,2040,added,,Cd-109-9178,
9370,16,87,added,,Cd-109-9178,
9370,16,88,added,,Cd-109-9178,
9370,16,92,added,,Ce-139-9179,
9370,16,94,added,,Sn-113-9183,
9370,16,95,added,,Sn-113-9183,
9370,16,98,added,,Cd-109-9178,
9370,16,99,added,,Cd-109-9178,
9370,16,102,added,,Ce-139-9179,
9370,16,103,added,,Ce-139-9179,
9370,16,104,added,,Sn-113-9183,
9370,16,112,added,,Ce-139-9179,
9370,16,2009,added,,Sn-113-9183,
9370,16,2017,added,,Sn-113-9183,
9370,16,2018,added,,Sn-113-9183,
9370,16,2020,added,,Cd-109-9178,
9370,16,2021,added,,Cd-109-9178,
9370,16,2024,added,,Ce-139-9179,
9370,16,2027,added,,Sn-113-9183,
9370,16,2030,added,,Cd-109-9178,
9370,16,2031,added,,Cd-109-9178,
9370,16,2033,added,,Ce-139-9179,
9370,16,2034,added,,Ce-139-9179,
9370,16,2041,added,,Cd-109-9178,
9370,16,2044,added,,Ce-139-9179,
9370,17,2017,added,,Sn-113-9183,
9370,17,2018,added,,Sn-113-9183,
9370,17,2021,added,,Cd-109-9178,
9370,17,2024,added,,Ce-139-9179,
9370,17,2026,added,,Sn-113-9183,
9370,17,2027,added,,Sn-113-9183,
9370,17,2030,added,,Cd-109-9178,
9370,17,2031,added,,Cd-109-9178,
9370,17,2033,added,,Ce-139-9179,
9370,17,2034,added,,Ce-139-9179,
9370,17,2041,added,,Cd-109-9178,
9370,17,2044,added,,Ce-139-9179,
9370,17,2045,added,,Ce-139-9179,
9370,18,83,added,,Bi-207-8890,
9370,18,103,added,,Bi-207-9176,
9370,18,2017,added,,Bi-207-8890,
9370,18,2026,added,,Bi-207-8890,
9370,18,2027,added,,Bi-207-8890,
9370,18,2029,added,,Bi-207-9177,
9370,18,2030,added,,Bi-207-9177,
9370,18,2033,added,,Bi-207-9176,
9370,18,2034,added,,Bi-207-9176,
9370,18,2037,added,,Bi-207-8890,
9370,18,2040,added,,Bi-207-9177,
9370,18,2041,added,,Bi-207-9177,
9370,18,2044,added,,Bi-207-9176,
9370,18,2045,added,,Bi-207-9176,
9370,18,2072,added,,Sn-113-9183,
9370,18,2073,added,,Sn-113-9183,
9370,18,2077,added,,Cd-109-9178,
9370,18,2080,added,,Ce-139-9179,
9370,18,2081,added,,Ce-139-9179,
9370,18,2084,added,,Sn-113-9183,
9370,18,2085,added,,Sn-113-9183,
9370,18,2088,added,,Cd-109-9178,
9370,18,2089,added,,Cd-109-9178,
9370,18,2091,added,,Ce-139-9179,
9370,18,2092,added,,Ce-139-9179,
9370,18,2098,added,,Cd-109-9178,
9370,18,2099,added,,Cd-109-9178,
9370,18,2102,added,,Ce-139-9179,
9371,0,2,added,,Cd-109-9178,
9371,0,7,added,,Ce-139-9179,
9371,0,25,added,,Bi-207-8890,
9371,0,28,added,,Bi-207-9177,
9371,0,29,added,,Bi-207-9177,
9371,0,38,added,,Bi-207-9177,
9371,0,2078,added,,Bi-207-9176,
9371,0,2079,added,,Bi-207-9176,
9371,0,2080,added,,Bi-207-9176,
9371,0,2090,added,,Bi-207-9176,
9371,0,2091,added,,Bi-207-9176,
9371,0,2107,added,,Cd-109-9178,
9371,0,2108,added,,Cd-109-9178,
9371,0,2110,added,,Ce-139-9179,
9371,0,2111,added,,Ce-139-9179,
9371,0,2115,added,,Cd-109-9178,
9371,0,2116,added,,Cd-109-9178,
9371,0,2118,added,,Ce-139-9179,
9371,0,2119,added,,Ce-139-9179,
9371,1,2,added,,Cd-109-9178,
9371,1,7,added,,Ce-139-9179,
9371,1,25,added,,Bi-207-8890,
9371,1,28,added,,Bi-207-9177,
9371,1,29,added,,Bi-207-9177,
9371,1,2078,added,,Bi-207-9176,
9371,1,2079,added,,Bi-207-9176,
9371,1,2080,added,,Bi-207-9176,
9371,1,2090,added,,Bi-207-9176,
9371,1,2091,added,,Bi-207-9176,
9371,1,2108,added,,Cd-109-9178,
9371,1,2110,added,,Ce-139-9179,
9371,1,2111,added,,Ce-139-9179,
9371,1,2116,added,,Cd-109-9178,
9371,1,2117,added,,Cd-109-9178,
9371,1,2118,added,,Ce-139-9179,
9371,1,2119,added,,Ce-139-9179,
9371,2,4,added,,Cd-109-9178,
9371,2,5,added,,Cd-109-9178,
9371,2,41,added,,Bi-207-9177,
9371,2,53,added,,Bi-207-9177,
9371,2,65,added,,Bi-207-9177,
9371,2,2068,added,,Bi-207-9176,
9371,2,2080,added,,Bi-207-9176,
9371,2,2081,added,,Bi-207-9176,
9371,2,2092,added,,Bi-207-9176,
9371,2,2096,added,,Sn-113-9183,
9371,2,2105,added,,Sn-113-9183,
9371,2,2106,added,,Sn-113-9183,
9371,2,2109,added,,Cd-109-9178,
9371,2,2110,added,,Cd-109-9178,
9371,2,2117,added,,Cd-109-9178,
9371,2,2118,added,,Cd-109-9178,
9371,3,2,added,,Cd-109-9178,
9371,3,25,added,,Bi-207-8890,
9371,3,28,added,,Bi-207-9177,
9371,3,29,added,,Bi-207-9177,
9371,3,2084,added,,Sn-113-9183,
9371,3,2094,added,,Sn-113-9183,
9371,3,2095,added,,Sn-113-9183,
9371,3,2098,added,,Cd-109-9178,
9371,3,2101,added,,Ce-139-9179,
9371,3,2107,added,,Cd-109-9178,
9371,3,2108,added,,Cd-109-9178,
9371,3,2110,added,,Ce-139-9179,
9371,3,2111,added,,Ce-139-9179,
9371,3,2112,added,,Ce-139-9179,
9371,3,2116,added,,Cd-109-9178,
9371,3,2119,added,,Ce-139-9179,
9371,4,2,added,,Cd-109-9178,
9371,4,3,added,,Cd-109-9178,
9371,4,14,added,,Ce-139-9179,
9371,4,15,added,,Ce-139-9179,
9371,4,25,added,,Bi-207-8890,
9371,4,28,added,,Bi-207-9177,
9371,4,29,added,,Bi-207-9177,
9371,4,35,added,,Bi-207-8890,
9371,4,39,added,,Bi-207-9177,
9371,4,2079,added,,Bi-207-9176,
9371,4,2080,added,,Bi-207-9176,
9371,4,2091,added,,Bi-207-9176,
9371,4,2092,added,,Bi-207-9176,
9371,4,2095,added,,Sn-113-9183,
9371,4,2096,added,,Sn-113-9183,
9371,4,2099,added,,Cd-109-9178,
9371,4,2102,added,,Ce-139-9179,
9371,4,2105,added,,Sn-113-9183,
9371,4,2108,added,,Cd-109-9178,
9371,4,2109,added,,Cd-109-9178,
9371,4,2111,added,,Ce-139-9179,
9371,4,2112,added,,Ce-139-9179,
9371,4,2117,added,,Cd-109-9178,
9371,5,45,added,,Ce-139-9179,
9371,5,59,added,,Bi-207-8890,
9371,5,65,added,,Bi-207-9177,
9371,5,72,added,,Bi-207-8890,
9371,5,76,added,,Bi-207-9177,
9371,5,77,added,,Bi-207-9177,
9371,5,2036,added,,Bi-207-8890,
9371,5,2037,added,,Bi-207-8890,
9371,5,2040,added,,Bi-207-9177,
9371,5,2041,added,,Bi-207-9177,
9371,5,2048,added,,Bi-207-8890,
9371,5,2049,added,,Bi-207-8890,
9371,5,2051,added,,Bi-207-9177,
9371,5,2052,added,,Bi-207-9177,
9371,5,2053,added,,Bi-207-9177,
9371,5,2064,added,,Bi-207-9177,
9371,5,2065,added,,Bi-207-9177,
9371,5,2067,added,,Bi-207-9176,
9371,5,2068,added,,Bi-207-9176,
9371,5,2080,added,,Bi-207-9176,
9371,5,2081,added,,Bi-207-9176,
9371,5,2095,added,,Sn-113-9183,
9371,5,2096,added,,Sn-113-9183,
9371,5,2102,added,,Ce-139-9179,
9371,5,2105,added,,Sn-113-9183,
9371,5,2106,added,,Sn-113-9183,
9371,5,2108,added,,Cd-109-9178,
9371,5,2109,added,,Cd-109-9178,
9371,5,2110,added,,Cd-109-9178,
9371,5,2111,added,,Ce-139-9179,
9371,5,2112,added,,Ce-139-9179,
9371,5,2117,added,,Cd-109-9178,
9371,5,2118,added,,Cd-109-9178,
9377,0,18,added,,Bi-207-9177,
9377,0,28,added,,Bi-207-9177,
9377,0,2107,added,,Cd-109-9178,
9377,0,2108,added,,Cd-109-9178,
9377,0,2110,added,,Ce-139-9179,
9377,0,2111,added,,Ce-139-9179,
9377,0,2115,added,,Cd-109-9178,
9377,0,2116,added,,Cd-109-9178,
9377,0,2118,added,,Ce-139-9179,
9377,0,2119,added,,Ce-139-9179,
9377,1,2108,added,,Cd-109-9178,
9377,1,2110,added,,Ce-139-9179,
9377,1,2111,added,,Ce-139-9179,
9377,1,2116,added,,Cd-109-9178,
9377,1,2117,added,,Cd-109-9178,
9377,1,2118,added,,Ce-139-9179,
9377,1,2119,added,,Ce-139-9179,
9377,2,2096,added,,Sn-113-9183,
9377,2,2105,added,,Sn-113-9183,
9377,2,2106,added,,Sn-113-9183,
9377,2,2109,added,,Cd-109-9178,
9377,2,2110,added,,Cd-109-9178,
9377,2,2117,added,,Cd-109-9178,
9377,2,2118,added,,Cd-109-9178,
9377,3,2,added,,Cd-109-9178,
9377,3,3,added,,Cd-109-9178,
9377,3,9,added,,Cd-109-9178,
9377,3,10,added,,Cd-109-9178,
9377,3,14,added,,Ce-139-9179,
9377,3,15,added,,Ce-139-9179,
9377,3,22,added,,Ce-139-9179,
9377,3,23,added,,Ce-139-9179,
9377,3,2084,added,,Sn-113-9183,
9377,3,2094,added,,Sn-113-9183,
9377,3,2095,added,,Sn-113-9183,
9377,3,2098,added,,Cd-109-9178,
9377,3,2101,added,,Ce-139-9179,
9377,3,2107,added,,Cd-109-9178,
9377,3,2108,added,,Cd-109-9178,
9377,3,2110,added,,Ce-139-9179,
9377,3,2111,added,,Ce-139-9179,
9377,3,2112,added,,Ce-139-9179,
9377,3,2116,added,,Cd-109-9178,
9377,3,2119,added,,Ce-139-9179,
9377,4,2084,added,,Sn-113-9183,
9377,4,2094,added,,Sn-113-9183,
9377,4,2095,added,,Sn-113-9183,
9377,4,2102,added,,Ce-139-9179,
9377,4,2107,added,,Cd-109-9178,
9377,4,2108,added,,Cd-109-9178,
9377,4,2109,added,,Cd-109-9178,
9377,4,2111,added,,Ce-139-9179,
9377,4,2112,added,,Ce-139-9179,
9377,4,2116,added,,Cd-109-9178,
9377,4,2117,added,,Cd-109-9178,
9377,5,25,added,,Bi-207-8890,
9377,5,36,added,,Bi-207-8890,
9377,5,37,added,,Bi-207-8890,
9377,5,2095,added,,Sn-113-9183,
9377,5,2096,added,,Sn-113-9183,
9377,5,2102,added,,Ce-139-9179,
9377,5,2105,added,,Sn-113-9183,
9377,5,2106,added,,Sn-113-9183,
9377,5,2108,added,,Cd-109-9178,
9377,5,2109,added,,Cd-109-9178,
9377,5,2110,added,,Cd-109-9178,
9377,5,2111,added,,Ce-139-9179,
9377,5,2112,added,,Ce-139-9179,
9377,5,2117,added,,Cd-109-9178,
9377,5,2118,added,,Cd-109-9178,
9377,6,14,added,,Ce-139-9179,
9377,6,15,added,,Ce-139-9179,
9377,6,24,added,,Ce-139-9179,
9377,6,25,added,,Bi-207-8890,
9377,6,29,added,,Bi-207-9177,
9377,6,35,added,,Bi-207-8890,
9377,6,36,added,,Bi-207-8890,
9377,6,38,added,,Bi-207-9177,
9377,6,39,added,,Bi-207-9177,
9377,6,42,added,,Bi-207-9176,
9377,6,43,added,,Bi-207-9176,
9377,6,44,added,,Bi-207-9176,
9377,6,54,added,,Bi-207-9176,
9377,6,55,added,,Bi-207-9176,
9377,6,2084,added,,Sn-113-9183,
9377,6,2094,added,,Sn-113-9183,
9377,6,2095,added,,Sn-113-9183,
9377,6,2098,added,,Cd-109-9178,
9377,6,2101,added,,Ce-139-9179,
9377,6,2102,added,,Ce-139-9179,
9377,6,2107,added,,Cd-109-9178,
9377,6,2108,added,,Cd-109-9178,
9377,6,2110,added,,Ce-139-9179,
9377,6,2111,added,,Ce-139-9179,
9377,6,2112,added,,Ce-139-9179,
9377,6,2116,added,,Cd-109-9178,
9377,6,2119,added,,Ce-139-9179,
9377,7,12,added,,Cd-109-9178,
9377,7,2084,added,,Sn-113-9183,
9377,7,2094,added,,Sn-113-9183,
9377,7,2095,added,,Sn-113-9183,
9377,7,2098,added,,Cd-109-9178,
9377,7,2099,added,,Cd-109-9178,
9377,7,2102,added,,Ce-139-9179,
9377,7,2108,added,,Cd-109-9178,
9377,7,2109,added,,Cd-109-9178,
9377,7,2111,added,,Ce-139-9179,
9377,7,2112,added,,Ce-139-9179,
9377,8,12,added,,Cd-109-9178,
9377,8,25,added,,Sn-113-9183,
9377,8,2085,added,,Sn-113-9183,
9377,8,2095,added,,Sn-113-9183,
9377,8,2096,added,,Sn-113-9183,
9377,8,2099,added,,Cd-109-9178,
9377,8,2100,added,,Cd-109-9178,
9377,8,2102,added,,Ce-139-9179,
9377,8,2105,added,,Sn-113-9183,
9377,8,2108,added,,Cd-109-9178,
9377,8,2109,added,,Cd-109-9178,
9377,8,2110,added,,Cd-109-9178,
9377,8,2111,added,,Ce-139-9179,
9377,8,2112,added,,Ce-139-9179,
9377,9,18,added,,Cd-109-9178,
9377,9,23,added,,Ce-139-9179,
9377,9,24,added,,Ce-139-9179,
9377,9,34,added,,Ce-139-9179,
9377,9,47,added,,Bi-207-8890,
9377,9,59,added,,Bi-207-8890,
9377,9,60,added,,Bi-207-8890,
9377,9,62,added,,Bi-207-9177,
9377,9,2084,added,,Sn-113-9183,
9377,9,2094,added,,Sn-113-9183,
9377,9,2095,added,,Sn-113-9183,
9377,9,2098,added,,Cd-109-9178,
9377,9,2099,added,,Cd-109-9178,
9377,9,2101,added,,Ce-139-9179,
9377,9,2102,added,,Ce-139-9179,
9377,9,2107,added,,Cd-109-9178,
9377,9,2108,added,,Cd-109-9178,
9377,9,2110,added,,Ce-139-9179,
9377,9,2111,added,,Ce-139-9179,
9377,10,19,added,,Cd-109-9178,
9377,10,21,added,,Cd-109-9178,
9377,10,56,added,,Bi-207-9176,
9377,10,2084,added,,Sn-113-9183,
9377,10,2094,added,,Sn-113-9183,
9377,10,2095,added,,Sn-113-9183,
9377,10,2098,added,,Cd-109-9178,
9377,10,2099,added,,Cd-109-9178,
9377,10,2101,added,,Ce-139-9179,
9377,10,2102,added,,Ce-139-9179,
9377,10,2108,added,,Cd-109-9178,
9377,10,2109,added,,Cd-109-9178,
9377,10,2111,added,,Ce-139-9179,
9377,10,2112,added,,Ce-139-9179,
9377,11,24,added,,Ce-139-9179,
9377,11,2068,added,,Bi-207-9176,
9377,11,2069,added,,Bi-207-9176,
9377,11,2080,added,,Bi-207-9176,
9377,11,2081,added,,Bi-207-9176,
9377,11,2084,added,,Sn-113-9183,
9377,11,2085,added,,Sn-113-9183,
9377,11,2092,added,,Bi-207-9176,
9377,11,2095,added,,Sn-113-9183,
9377,11,2096,added,,Sn-113-9183,
9377,11,2099,added,,Cd-109-9178,
9377,11,2100,added,,Cd-109-9178,
9377,11,2108,added,,Cd-109-9178,
9377,11,2109,added,,Cd-109-9178,
9377,12,2004,added,,Bi-207-9177,
9377,12,2011,added,,Bi-207-9177,
9377,12,2012,added,,Bi-207-9177,
9377,13,72,added,,Sn-113-9183,
9377,13,83,added,,Sn-113-9183,
9377,13,103,added,,Ce-139-9179,
9377,13,2004,added,,Bi-207-9177,
9377,13,2011,added,,Bi-207-9177,
9377,13,2012,added,,Bi-207-9177,
9377,13,2026,added,,Sn-113-9183,
9377,13,2027,added,,Sn-113-9183,
9377,13,2033,added,,Ce-139-9179,
9377,13,2036,added,,Sn-113-9183,
9377,13,2037,added,,Sn-113-9183,
9377,13,2040,added,,Cd-109-9178,
9377,13,2041,added,,Cd-109-9178,
9377,13,2043,added,,Ce-139-9179,
9377,13,2044,added,,Ce-139-9179,
9377,13,2045,added,,Ce-139-9179,
9377,13,2051,added,,Cd-109-9178,
9377,13,2052,added,,Cd-109-9178,
9377,13,2055,added,,Ce-139-9179,
9377,13,2056,added,,Ce-139-9179,
9377,14,105,added,,Bi-207-8890,
9377,14,106,added,,Bi-207-8890,
9377,14,113,added,,Bi-207-8890,
9377,14,114,added,,Bi-207-8890,
9377,14,2017,added,,Sn-113-9183,
9377,14,2026,added,,Sn-113-9183,
9377,14,2027,added,,Sn-113-9183,
9377,14,2031,added,,Cd-109-9178,
9377,14,2034,added,,Ce-139-9179,
9377,14,2037,added,,Sn-113-9183,
9377,14,2041,added,,Cd-109-9178,
9377,14,2042,added,,Cd-109-9178,
9377,14,2044,added,,Ce-139-9179,
9377,14,2045,added,,Ce-139-9179,
9377,14,2053,added,,Cd-109-9178,
9377,14,2056,added,,Ce-139-9179,
9377,15,101,added,,Bi-207-9176,
9377,15,102,added,,Bi-207-9176,
9377,15,106,added,,Bi-207-9177,
9377,15,107,added,,Bi-207-9177,
9377,15,110,added,,Bi-207-9176,
9377,15,111,added,,Bi-207-9176,
9377,16,2009,added,,Sn-113-9183,
9377,16,2017,added,,Sn-113-9183,
9377,16,2018,added,,Sn-113-9183,
9377,16,2021,added,,Cd-109-9178,
9377,16,2024,added,,Ce-139-9179,
9377,16,2027,added,,Sn-113-9183,
9377,16,2030,added,,Cd-109-9178,
9377,16,2031,added,,Cd-109-9178,
9377,16,2033,added,,Ce-139-9179,
9377,16,2034,added,,Ce-139-9179,
9377,16,2041,added,,Cd-109-9178,
9377,16,2044,added,,Ce-139-9179,
9377,17,2017,added,,Sn-113-9183,
9377,17,2018,added,,Sn-113-9183,
9377,17,2022,added,,Cd-109-9178,
9377,17,2026,added,,Sn-113-9183,
9377,17,2027,added,,Sn-113-9183,
9377,17,2031,added,,Cd-109-9178,
9377,17,2032,added,,Cd-109-9178,
9377,17,2033,added,,Ce-139-9179,
9377,17,2034,added,,Ce-139-9179,
9377,17,2041,added,,Cd-109-9178,
9377,17,2042,added,,Cd-109-9178,
9377,17,2044,added,,Ce-139-9179,
9377,17,2045,added,,Ce-139-9179,
9377,18,2004,added,,Bi-207-9177,
9377,18,2011,added,,Bi-207-9177,
9377,18,2012,added,,Bi-207-9177,
9377,18,2014,added,,Bi-207-9176,
9377,18,2015,added,,Bi-207-9176,
9377,18,2019,added,,Bi-207-9177,
9377,18,2020,added,,Bi-207-9177,
9377,18,2023,added,,Bi-207-9176,
9377,18,2024,added,,Bi-207-9176,
9377,19,119,added,,Bi-207-9176,
9377,19,2004,added,,Bi-207-9177,
9377,19,2011,added,,Bi-207-9177,
9377,19,2012,added,,Bi-207-9177,
9377,19,2015,added,,Bi-207-9176,
9377,19,2023,added,,Bi-207-9176,
9377,19,2024,added,,Bi-207-9176,
9377,19,2033,added,,Bi-207-9176,
9377,20,104,added,,Bi-207-8890,
9377,20,110,added,,Bi-207-9177,
9377,20,2009,added,,Sn-113-9183,
9377,20,2013,added,,Cd-109-9178,
9377,20,2017,added,,Sn-113-9183,
9377,20,2018,added,,Sn-113-9183,
9377,20,2021,added,,Cd-109-9178,
9377,20,2022,added,,Cd-109-9178,
9377,20,2030,added,,Cd-109-9178,
9377,20,2031,added,,Cd-109-9178,
9377,21,102,added,,Ce-139-9179,
9377,21,111,added,,Ce-139-9179,
9377,21,112,added,,Ce-139-9179,
9377,21,2004,added,,Bi-207-9177,
9377,21,2007,added,,Bi-207-9176,
9377,21,2011,added,,Bi-207-9177,
9377,21,2012,added,,Bi-207-9177,
9377,21,2014,added,,Bi-207-9176,
9377,21,2015,added,,Bi-207-9176,
9377,21,2023,added,,Bi-207-9176,
9377,22,109,added,,Bi-207-9177,
9377,22,117,added,,Bi-207-9177,
9377,22,118,added,,Bi-207-9177,
9377,22,2012,added,,Cd-109-9178,
9377,22,2013,added,,Cd-109-9178,
9377,22,2020,added,,Cd-109-9178,
9377,22,2021,added,,Cd-109-9178,
9377,23,108,added,,Bi-207-9177,
9377,23,109,added,,Bi-207-9177,
9377,23,117,added,,Bi-207-9177,
9377,23,118,added,,Bi-207-9177,
9377,24,83,added,,Bi-207-8890,
9377,24,103,added,,Bi-207-9176,
9377,24,2017,added,,Bi-207-8890,
9377,24,2026,added,,Bi-207-8890,
9377,24,2027,added,,Bi-207-8890,
9377,24,2029,added,,Bi-207-9177,
9377,24,2030,added,,Bi-207-9177,
9377,24,2033,added,,Bi-207-9176,
9377,24,2034,added,,Bi-207-9176,
9377,24,2037,added,,Bi-207-8890,
9377,24,2040,added,,Bi-207-9177,
9377,24,2041,added,,Bi-207-9177,
9377,24,2044,added,,Bi-207-9176,
9377,24,2045,added,,Bi-207-9176,
9377,24,2072,added,,Sn-113-9183,
9377,24,2073,added,,Sn-113-9183,
9377,24,2077,added,,Cd-109-9178,
9377,24,2080,added,,Ce-139-9179,
9377,24,2081,added,,Ce-139-9179,
9377,24,2084,added,,Sn-113-9183,
9377,24,2085,added,,Sn-113-9183,
9377,24,2088,added,,Cd-109-9178,
9377,24,2089,added,,Cd-109-9178,
9377,24,2091,added,,Ce-139-9179,
9377,24,2092,added,,Ce-139-9179,
9377,24,2098,added,,Cd-109-9178,
9377,24,2099,added,,Cd-109-9178,
9377,24,2102,added,,Ce-139-9179,
9378,0,43,added,,Ce-139-9179,
9378,0,71,added,,Bi-207-8890,
9378,0,72,added,,Bi-207-8890,
9378,0,83,added,,Bi-207-8890,
9378,0,84,added,,Bi-207-8890,
9378,0,91,added,,Bi-207-9176,
9378,0,94,added,,Bi-207-8890,
9378,0,102,added,,Bi-207-9176,
9378,0,2010,added,,Bi-207-9177,
9378,0,2018,added,,Bi-207-9177,
9378,0,2019,added,,Bi-207-9177,
9378,0,2022,added,,Bi-207-9176,
9378,0,2023,added,,Bi-207-9176,
9378,0,2028,added,,Bi-207-9177,
9378,0,2031,added,,Bi-207-9176,
9378,0,2032,added,,Bi-207-9176,
9378,0,2047,added,,Sn-113-9183,
9378,0,2059,added,,Sn-113-9183,
9378,0,2060,added,,Sn-113-9183,
9378,0,2062,added,,Cd-109-9178,
9378,0,2063,added,,Cd-109-9178,
9378,0,2066,added,,Ce-139-9179,
9378,0,2067,added,,Ce-139-9179,
9378,0,2072,added,,Sn-113-9183,
9378,0,2075,added,,Cd-109-9178,
9378,0,2076,added,,Cd-109-9178,
9378,0,2078,added,,Ce-139-9179,
9378,0,2079,added,,Ce-139-9179,
9378,0,2080,added,,Ce-139-9179,
9378,0,2086,added,,Cd-109-9178,
9378,0,2087,added,,Cd-109-9178,
9378,0,2090,added,,Ce-139-9179,
9378,0,2091,added,,Ce-139-9179,
9402,0,38,added,,Bi-207-9177,
9402,0,49,added,,Bi-207-9177,
9402,0,62,added,,Bi-207-9177,
9402,0,2047,added,,Bi-207-8890,
9402,0,2059,added,,Bi-207-8890,
9402,0,2060,added,,Bi-207-8890,
9402,0,2062,added,,Bi-207-9177,
9402,0,2063,added,,Bi-207-9177,
9402,0,2066,added,,Bi-207-9176,
9402,0,2067,added,,Bi-207-9176,
9402,0,2072,added,,Bi-207-8890,
9402,0,2075,added,,Bi-207-9177,
9402,0,2076,added,,Bi-207-9177,
9402,0,2078,added,,Bi-207-9176,
9402,0,2079,added,,Bi-207-9176,
9402,0,2106,added,,Cd-109-9178,
9402,0,2107,added,,Cd-109-9178,
9402,0,2110,added,,Ce-139-9179,
9402,0,2111,added,,Ce-139-9179,
9402,0,2115,added,,Cd-109-9178,
9402,0,2116,added,,Cd-109-9178,
9402,0,2118,added,,Ce-139-9179,
9402,0,2119,added,,Ce-139-9179,
9402,1,9,added,,Cd-109-9178,
9402,1,2059,added,,Bi-207-8890,
9402,1,2060,added,,Bi-207-8890,
9402,1,2063,added,,Bi-207-9177,
9402,1,2064,added,,Bi-207-9177,
9402,1,2066,added,,Bi-207-9176,
9402,1,2067,added,,Bi-207-9176,
9402,1,2072,added,,Bi-207-8890,
9402,1,2075,added,,Bi-207-9177,
9402,1,2076,added,,Bi-207-9177,
9402,1,2079,added,,Bi-207-9176,
9402,1,2080,added,,Bi-207-9176,
9402,1,2107,added,,Cd-109-9178,
9402,1,2108,added,,Cd-109-9178,
9402,1,2110,added,,Ce-139-9179,
9402,1,2111,added,,Ce-139-9179,
9402,1,2115,added,,Cd-109-9178,
9402,1,2116,added,,Cd-109-9178,
9402,1,2118,added,,Ce-139-9179,
9402,1,2119,added,,Ce-139-9179,
9402,2,35,added,,Bi-207-8890,
9402,2,44,added,,Bi-207-9176,
9402,2,56,added,,Bi-207-9176,
9402,2,2059,added,,Bi-207-8890,
9402,2,2060,added,,Bi-207-8890,
9402,2,2063,added,,Bi-207-9177,
9402,2,2064,added,,Bi-207-9177,
9402,2,2067,added,,Bi-207-9176,
9402,2,2068,added,,Bi-207-9176,
9402,2,2072,added,,Bi-207-8890,
9402,2,2073,added,,Bi-207-8890,
9402,2,2076,added,,Bi-207-9177,
9402,2,2077,added,,Bi-207-9177,
9402,2,2080,added,,Bi-207-9176,
9402,2,2081,added,,Bi-207-9176,
9402,2,2108,added,,Cd-109-9178,
9402,2,2116,added,,Cd-109-9178,
9402,2,2117,added,,Cd-109-9178,
9402,3,3,added,,Cd-109-9178,
9402,3,10,added,,Cd-109-9178,
9402,3,35,added,,Bi-207-8890,
9402,3,36,added,,Bi-207-8890,
9402,3,2060,added,,Bi-207-8890,
9402,3,2061,added,,Bi-207-8890,
9402,3,2064,added,,Bi-207-9177,
9402,3,2065,added,,Bi-207-9177,
9402,3,2068,added,,Bi-207-9176,
9402,3,2069,added,,Bi-207-9176,
9402,3,2073,added,,Bi-207-8890,
9402,3,2074,added,,Bi-207-8890,
9402,3,2077,added,,Bi-207-9177,
9402,3,2078,added,,Bi-207-9177,
9402,3,2080,added,,Bi-207-9176,
9402,3,2081,added,,Bi-207-9176,
9402,3,2095,added,,Sn-113-9183,
9402,3,2096,added,,Sn-113-9183,
9402,3,2105,added,,Sn-113-9183,
9402,3,2106,added,,Sn-113-9183,
9402,3,2108,added,,Cd-109-9178,
9402,3,2109,added,,Cd-109-9178,
9402,3,2117,added,,Cd-109-9178,
9402,3,2118,added,,Cd-109-9178,
9402,4,36,added,,Bi-207-8890,
9402,4,2061,added,,Bi-207-8890,
9402,4,2062,added,,Bi-207-8890,
9402,4,2065,added,,Bi-207-9177,
9402,4,2066,added,,Bi-207-9177,
9402,4,2068,added,,Bi-207-9176,
9402,4,2069,added,,Bi-207-9176,
9402,4,2073,added,,Bi-207-8890,
9402,4,2074,added,,Bi-207-8890,
9402,4,2077,added,,Bi-207-9177,
9402,4,2078,added,,Bi-207-9177,
9402,4,2081,added,,Bi-207-9176,
9402,4,2096,added,,Sn-113-9183,
9402,4,2105,added,,Sn-113-9183,
9402,4,2106,added,,Sn-113-9183,
9402,4,2109,added,,Cd-109-9178,
9402,4,2110,added,,Cd-109-9178,
9402,4,2117,added,,Cd-109-9178,
9402,4,2118,added,,Cd-109-9178,
9402,5,37,added,,Bi-207-8890,
9402,5,38,added,,Bi-207-8890,
9402,5,2056,added,,Bi-207-9176,
9402,5,2068,added,,Bi-207-9176,
9402,5,2069,added,,Bi-207-9176,
9402,5,2081,added,,Bi-207-9176,
9402,5,2109,added,,Cd-109-9178,
9402,5,2110,added,,Cd-109-9178,
9402,5,2118,added,,Cd-109-9178,
9402,5,2119,added,,Cd-109-9178,
9402,6,9,added,,Cd-109-9178,
9402,6,2047,added,,Bi-207-8890,
9402,6,2050,added,,Bi-207-9177,
9402,6,2051,added,,Bi-207-9177,
9402,6,2054,added,,Bi-207-9176,
9402,6,2059,added,,Bi-207-8890,
9402,6,2060,added,,Bi-207-8890,
9402,6,2062,added,,Bi-207-9177,
9402,6,2063,added,,Bi-207-9177,
9402,6,2066,added,,Bi-207-9176,
9402,6,2067,added,,Bi-207-9176,
9402,6,2072,added,,Bi-207-8890,
9402,6,2079,added,,Bi-207-9176,
9402,6,2097,added,,Cd-109-9178,
9402,6,2101,added,,Ce-139-9179,
9402,6,2106,added,,Cd-109-9178,
9402,6,2107,added,,Cd-109-9178,
9402,6,2109,added,,Ce-139-9179,
9402,6,2110,added,,Ce-139-9179,
9402,6,2111,added,,Ce-139-9179,
9402,6,2115,added,,Cd-109-9178,
9402,6,2116,added,,Cd-109-9178,
9402,6,2118,added,,Ce-139-9179,
9402,6,2119,added,,Ce-139-9179,
9402,7,68,added,,Bi-207-9176,
9402,7,80,added,,Bi-207-9176,
9402,7,2047,added,,Bi-207-8890,
9402,7,2050,added,,Bi-207-9177,
9402,7,2051,added,,Bi-207-9177,
9402,7,2054,added,,Bi-207-9176,
9402,7,2055,added,,Bi-207-9176,
9402,7,2059,added,,Bi-207-8890,
9402,7,2060,added,,Bi-207-8890,
9402,7,2063,added,,Bi-207-9177,
9402,7,2064,added,,Bi-207-9177,
9402,7,2066,added,,Bi-207-9176,
9402,7,2067,added,,Bi-207-9176,
9402,7,2068,added,,Bi-207-9176,
9402,7,2079,added,,Bi-207-9176,
9402,7,2080,added,,Bi-207-9176,
9402,7,2098,added,,Cd-109-9178,
9402,7,2101,added,,Ce-139-9179,
9402,7,2102,added,,Ce-139-9179,
9402,7,2107,added,,Cd-109-9178,
9402,7,2108,added,,Cd-109-9178,
9402,7,2110,added,,Ce-139-9179,
9402,7,2111,added,,Ce-139-9179,
9402,7,2112,added,,Ce-139-9179,
9402,7,2115,added,,Cd-109-9178,
9402,7,2116,added,,Cd-109-9178,
9402,7,2119,added,,Ce-139-9179,
9402,8,10,added,,Cd-109-9178,
9402,8,2047,added,,Bi-207-8890,
9402,8,2048,added,,Bi-207-8890,
9402,8,2055,added,,Bi-207-9176,
9402,8,2059,added,,Bi-207-8890,
9402,8,2060,added,,Bi-207-8890,
9402,8,2067,added,,Bi-207-9176,
9402,8,2068,added,,Bi-207-9176,
9402,8,2080,added,,Bi-207-9176,
9402,8,2084,added,,Sn-113-9183,
9402,8,2094,added,,Sn-113-9183,
9402,8,2095,added,,Sn-113-9183,
9402,8,2101,added,,Ce-139-9179,
9402,8,2107,added,,Cd-109-9178,
9402,8,2108,added,,Cd-109-9178,
9402,8,2109,added,,Cd-109-9178,
9402,8,2110,added,,Ce-139-9179,
9402,8,2111,added,,Ce-139-9179,
9402,8,2116,added,,Cd-109-9178,
9402,8,2117,added,,Cd-109-9178,
9402,8,2119,added,,Ce-139-9179,
9402,9,47,added,,Bi-207-8890,
9402,9,59,added,,Bi-207-8890,
9402,9,69,added,,Bi-207-9176,
9402,9,2048,added,,Bi-207-8890,
9402,9,2049,added,,Bi-207-8890,
9402,9,2056,added,,Bi-207-9176,
9402,9,2060,added,,Bi-207-8890,
9402,9,2061,added,,Bi-207-8890,
9402,9,2068,added,,Bi-207-9176,
9402,9,2069,added,,Bi-207-9176,
9402,9,2081,added,,Bi-207-9176,
9402,9,2095,added,,Sn-113-9183,
9402,9,2096,added,,Sn-113-9183,
9402,9,2105,added,,Sn-113-9183,
9402,9,2106,added,,Sn-113-9183,
9402,9,2108,added,,Cd-109-9178,
9402,9,2109,added,,Cd-109-9178,
9402,9,2110,added,,Cd-109-9178,
9402,9,2117,added,,Cd-109-9178,
9402,9,2118,added,,Cd-109-9178,
9402,10,2048,added,,Bi-207-8890,
9402,10,2049,added,,Bi-207-8890,
9402,10,2053,added,,Bi-207-9177,
9402,10,2056,added,,Bi-207-9176,
9402,10,2061,added,,Bi-207-8890,
9402,10,2062,added,,Bi-207-8890,
9402,10,2065,added,,Bi-207-9177,
9402,10,2066,added,,Bi-207-9177,
9402,10,2068,added,,Bi-207-9176,
9402,10,2069,added,,Bi-207-9176,
9402,10,2078,added,,Bi-207-9177,
9402,10,2081,added,,Bi-207-9176,
9402,10,2096,added,,Sn-113-9183,
9402,10,2100,added,,Cd-109-9178,
9402,10,2105,added,,Sn-113-9183,
9402,10,2106,added,,Sn-113-9183,
9402,10,2109,added,,Cd-109-9178,
9402,10,2110,added,,Cd-109-9178,
9402,10,2118,added,,Cd-109-9178,
9402,11,12,added,,Cd-109-9178,
9402,11,26,added,,Sn-113-9183,
9402,11,73,added,,Bi-207-8890,
9402,11,2049,added,,Bi-207-8890,
9402,11,2050,added,,Bi-207-8890,
9402,11,2053,added,,Bi-207-9177,
9402,11,2054,added,,Bi-207-9177,
9402,11,2056,added,,Bi-207-9176,
9402,11,2061,added,,Bi-207-8890,
9402,11,2062,added,,Bi-207-8890,
9402,11,2065,added,,Bi-207-9177,
9402,11,2066,added,,Bi-207-9177,
9402,11,2068,added,,Bi-207-9176,
9402,11,2069,added,,Bi-207-9176,
9402,11,2081,added,,Bi-207-9176,
9402,11,2096,added,,Sn-113-9183,
9402,11,2097,added,,Sn-113-9183,
9402,11,2100,added,,Cd-109-9178,
9402,11,2105,added,,Sn-113-9183,
9402,11,2106,added,,Sn-113-9183,
9402,11,2109,added,,Cd-109-9178,
9402,11,2110,added,,Cd-109-9178,
9402,11,2111,added,,Cd-109-9178,
9402,11,2118,added,,Cd-109-9178,
9402,11,2119,added,,Cd-109-9178,
9402,12,80,added,,Bi-207-9176,
9402,12,86,added,,Bi-207-9177,
9402,12,91,added,,Bi-207-9176,
9402,12,2038,added,,Bi-207-9177,
9402,12,2039,added,,Bi-207-9177,
9402,12,2042,added,,Bi-207-9176,
9402,12,2043,added,,Bi-207-9176,
9402,12,2050,added,,Bi-207-9177,
9402,12,2051,added,,Bi-207-9177,
9402,12,2053,added,,Bi-207-9176,
9402,12,2054,added,,Bi-207-9176,
9402,12,2055,added,,Bi-207-9176,
9402,12,2066,added,,Bi-207-9176,
9402,12,2067,added,,Bi-207-9176,
9402,12,2087,added,,Cd-109-9178,
9402,12,2097,added,,Cd-109-9178,
9402,12,2098,added,,Cd-109-9178,
9402,12,2100,added,,Ce-139-9179,
9402,12,2101,added,,Ce-139-9179,
9402,12,2102,added,,Ce-139-9179,
9402,12,2106,added,,Cd-109-9178,
9402,12,2107,added,,Cd-109-9178,
9402,12,2110,added,,Ce-139-9179,
9402,12,2111,added,,Ce-139-9179,
9402,13,91,added,,Bi-207-9176,
9402,13,2036,added,,Bi-207-8890,
9402,13,2039,added,,Bi-207-9177,
9402,13,2040,added,,Bi-207-9177,
9402,13,2047,added,,Bi-207-8890,
9402,13,2048,added,,Bi-207-8890,
9402,13,2050,added,,Bi-207-9177,
9402,13,2051,added,,Bi-207-9177,
9402,13,2054,added,,Bi-207-9176,
9402,13,2055,added,,Bi-207-9176,
9402,13,2059,added,,Bi-207-8890,
9402,13,2060,added,,Bi-207-8890,
9402,13,2063,added,,Bi-207-9177,
9402,13,2064,added,,Bi-207-9177,
9402,13,2067,added,,Bi-207-9176,
9402,13,2084,added,,Sn-113-9183,
9402,13,2094,added,,Sn-113-9183,
9402,13,2095,added,,Sn-113-9183,
9402,13,2097,added,,Cd-109-9178,
9402,13,2098,added,,Cd-109-9178,
9402,13,2101,added,,Ce-139-9179,
9402,13,2102,added,,Ce-139-9179,
9402,13,2107,added,,Cd-109-9178,
9402,13,2108,added,,Cd-109-9178,
9402,13,2110,added,,Ce-139-9179,
9402,13,2111,added,,Ce-139-9179,
9402,13,2112,added,,Ce-139-9179,
9402,14,10,added,,Cd-109-9178,
9402,14,11,added,,Cd-109-9178,
9402,14,18,added,,Cd-109-9178,
9402,14,71,added,,Bi-207-8890,
9402,14,2036,added,,Bi-207-8890,
9402,14,2043,added,,Bi-207-9176,
9402,14,2044,added,,Bi-207-9176,
9402,14,2047,added,,Bi-207-8890,
9402,14,2048,added,,Bi-207-8890,
9402,14,2054,added,,Bi-207-9176,
9402,14,2055,added,,Bi-207-9176,
9402,14,2056,added,,Bi-207-9176,
9402,14,2067,added,,Bi-207-9176,
9402,14,2068,added,,Bi-207-9176,
9402,14,2088,added,,Cd-109-9178,
9402,14,2098,added,,Cd-109-9178,
9402,14,2099,added,,Cd-109-9178,
9402,14,2101,added,,Ce-139-9179,
9402,14,2102,added,,Ce-139-9179,
9402,14,2108,added,,Cd-109-9178,
9402,14,2111,added,,Ce-139-9179,
9402,14,2112,added,,Ce-139-9179,
9402,15,12,added,,Cd-109-9178,
9402,15,25,added,,Sn-113-9183,
9402,15,56,added,,Bi-207-9176,
9402,15,69,added,,Bi-207-9176,
9402,15,2036,added,,Bi-207-8890,
9402,15,2037,added,,Bi-207-8890,
9402,15,2041,added,,Bi-207-9177,
9402,15,2047,added,,Bi-207-8890,
9402,15,2048,added,,Bi-207-8890,
9402,15,2049,added,,Bi-207-8890,
9402,15,2052,added,,Bi-207-9177,
9402,15,2053,added,,Bi-207-9177,
9402,15,2055,added,,Bi-207-9176,
9402,15,2056,added,,Bi-207-9176,
9402,15,2060,added,,Bi-207-8890,
9402,15,2061,added,,Bi-207-8890,
9402,15,2064,added,,Bi-207-9177,
9402,15,2065,added,,Bi-207-9177,
9402,15,2068,added,,Bi-207-9176,
9402,15,2069,added,,Bi-207-9176,
9402,15,2085,added,,Sn-113-9183,
9402,15,2094,added,,Sn-113-9183,
9402,15,2095,added,,Sn-113-9183,
9402,15,2096,added,,Sn-113-9183,
9402,15,2099,added,,Cd-109-9178,
9402,15,2100,added,,Cd-109-9178,
9402,15,2105,added,,Sn-113-9183,
9402,15,2108,added,,Cd-109-9178,
9402,15,2109,added,,Cd-109-9178,
9402,16,13,added,,Cd-109-9178,
9402,16,56,added,,Bi-207-9176,
9402,16,60,added,,Bi-207-8890,
9402,16,2037,added,,Bi-207-8890,
9402,16,2038,added,,Bi-207-8890,
9402,16,2041,added,,Bi-207-9177,
9402,16,2048,added,,Bi-207-8890,
9402,16,2049,added,,Bi-207-8890,
9402,16,2050,added,,Bi-207-8890,
9402,16,2052,added,,Bi-207-9177,
9402,16,2053,added,,Bi-207-9177,
9402,16,2054,added,,Bi-207-9177,
9402,16,2056,added,,Bi-207-9176,
9402,16,2061,added,,Bi-207-8890,
9402,16,2062,added,,Bi-207-8890,
9402,16,2065,added,,Bi-207-9177,
9402,16,2066,added,,Bi-207-9177,
9402,16,2068,added,,Bi-207-9176,
9402,16,2069,added,,Bi-207-9176,
9402,16,2095,added,,Sn-113-9183,
9402,16,2096,added,,Sn-113-9183,
9402,16,2097,added,,Sn-113-9183,
9402,16,2100,added,,Cd-109-9178,
9402,16,2101,added,,Cd-109-9178,
9402,16,2105,added,,Sn-113-9183,
9402,16,2106,added,,Sn-113-9183,
9402,16,2109,added,,Cd-109-9178,
9402,16,2110,added,,Cd-109-9178,
9402,17,13,added,,Cd-109-9178,
9402,17,2038,added,,Bi-207-8890,
9402,17,2042,added,,Bi-207-9177,
9402,17,2049,added,,Bi-207-8890,
9402,17,2050,added,,Bi-207-8890,
9402,17,2053,added,,Bi-207-9177,
9402,17,2054,added,,Bi-207-9177,
9402,17,2056,added,,Bi-207-9176,
9402,17,2062,added,,Bi-207-8890,
9402,17,2066,added,,Bi-207-9177,
9402,17,2068,added,,Bi-207-9176,
9402,17,2069,added,,Bi-207-9176,
9402,17,2081,added,,Bi-207-9176,
9402,17,2096,added,,Sn-113-9183,
9402,17,2097,added,,Sn-113-9183,
9402,17,2100,added,,Cd-109-9178,
9402,17,2101,added,,Cd-109-9178,
9402,17,2105,added,,Sn-113-9183,
9402,17,2106,added,,Sn-113-9183,
9402,17,2109,added,,Cd-109-9178,
9402,17,2110,added,,Cd-109-9178,
9402,18,80,added,,Bi-207-9176,
9402,18,2028,added,,Bi-207-9177,
9402,18,2038,added,,Bi-207-9177,
9402,18,2039,added,,Bi-207-9177,
9402,18,2042,added,,Bi-207-9176,
9402,18,2043,added,,Bi-207-9176,
9402,18,2050,added,,Bi-207-9177,
9402,18,2051,added,,Bi-207-9177,
9402,18,2054,added,,Bi-207-9176,
9402,18,2055,added,,Bi-207-9176,
9402,18,2087,added,,Cd-109-9178,
9402,18,2090,added,,Ce-139-9179,
9402,18,2091,added,,Ce-139-9179,
9402,18,2097,added,,Cd-109-9178,
9402,18,2098,added,,Cd-109-9178,
9402,18,2100,added,,Ce-139-9179,
9402,18,2101,added,,Ce-139-9179,
9402,18,2102,added,,Ce-139-9179,
9402,18,2107,added,,Cd-109-9178,
9402,18,2110,added,,Ce-139-9179,
9402,18,2111,added,,Ce-139-9179,
9402,19,18,added,,Cd-109-9178,
9402,19,27,added,,Cd-109-9178,
9402,19,2029,added,,Bi-207-9177,
9402,19,2036,added,,Bi-207-8890,
9402,19,2039,added,,Bi-207-9177,
9402,19,2040,added,,Bi-207-9177,
9402,19,2043,added,,Bi-207-9176,
9402,19,2044,added,,Bi-207-9176,
9402,19,2047,added,,Bi-207-8890,
9402,19,2048,added,,Bi-207-8890,
9402,19,2050,added,,Bi-207-9177,
9402,19,2051,added,,Bi-207-9177,
9402,19,2054,added,,Bi-207-9176,
9402,19,2055,added,,Bi-207-9176,
9402,19,2060,added,,Bi-207-8890,
9402,19,2084,added,,Sn-113-9183,
9402,19,2087,added,,Cd-109-9178,
9402,19,2091,added,,Ce-139-9179,
9402,19,2092,added,,Ce-139-9179,
9402,19,2094,added,,Sn-113-9183,
9402,19,2095,added,,Sn-113-9183,
9402,19,2097,added,,Cd-109-9178,
9402,19,2098,added,,Cd-109-9178,
9402,19,2101,added,,Ce-139-9179,
9402,19,2102,added,,Ce-139-9179,
9402,19,2107,added,,Cd-109-9178,
9402,20,19,added,,Cd-109-9178,
9402,20,28,added,,Cd-109-9178,
9402,20,59,added,,Bi-207-8890,
9402,20,71,added,,Bi-207-8890,
9402,20,81,added,,Bi-207-9176,
9402,20,83,added,,Bi-207-8890,
9402,20,2036,added,,Bi-207-8890,
9402,20,2037,added,,Bi-207-8890,
9402,20,2039,added,,Bi-207-9177,
9402,20,2040,added,,Bi-207-9177,
9402,20,2041,added,,Bi-207-9177,
9402,20,2043,added,,Bi-207-9176,
9402,20,2044,added,,Bi-207-9176,
9402,20,2047,added,,Bi-207-8890,
9402,20,2048,added,,Bi-207-8890,
9402,20,2051,added,,Bi-207-9177,
9402,20,2052,added,,Bi-207-9177,
9402,20,2055,added,,Bi-207-9176,
9402,20,2056,added,,Bi-207-9176,
9402,20,2084,added,,Sn-113-9183,
9402,20,2085,added,,Sn-113-9183,
9402,20,2088,added,,Cd-109-9178,
9402,20,2089,added,,Cd-109-9178,
9402,20,2091,added,,Ce-139-9179,
9402,20,2092,added,,Ce-139-9179,
9402,20,2094,added,,Sn-113-9183,
9402,20,2095,added,,Sn-113-9183,
9402,20,2098,added,,Cd-109-9178,
9402,20,2099,added,,Cd-109-9178,
9402,20,2101,added,,Ce-139-9179,
9402,20,2102,added,,Ce-139-9179,
9402,20,2111,added,,Ce-139-9179,
9402,20,2112,added,,Ce-139-9179,
9402,21,21,added,,Cd-109-9178,
9402,21,31,added,,Cd-109-9178,
9402,21,69,added,,Bi-207-9176,
9402,21,2026,added,,Bi-207-8890,
9402,21,2027,added,,Bi-207-8890,
9402,21,2036,added,,Bi-207-8890,
9402,21,2037,added,,Bi-207-8890,
9402,21,2040,added,,Bi-207-9177,
9402,21,2041,added,,Bi-207-9177,
9402,21,2044,added,,Bi-207-9176,
9402,21,2045,added,,Bi-207-9176,
9402,21,2048,added,,Bi-207-8890,
9402,21,2049,added,,Bi-207-8890,
9402,21,2052,added,,Bi-207-9177,
9402,21,2053,added,,Bi-207-9177,
9402,21,2056,added,,Bi-207-9176,
9402,21,2084,added,,Sn-113-9183,
9402,21,2085,added,,Sn-113-9183,
9402,21,2089,added,,Cd-109-9178,
9402,21,2095,added,,Sn-113-9183,
9402,21,2096,added,,Sn-113-9183,
9402,21,2099,added,,Cd-109-9178,
9402,21,2100,added,,Cd-109-9178,
9402,21,2109,added,,Cd-109-9178,
9402,22,2027,added,,Bi-207-8890,
9402,22,2037,added,,Bi-207-8890,
9402,22,2038,added,,Bi-207-8890,
9402,22,2041,added,,Bi-207-9177,
9402,22,2042,added,,Bi-207-9177,
9402,22,2044,added,,Bi-207-9176,
9402,22,2045,added,,Bi-207-9176,
9402,22,2048,added,,Bi-207-8890,
9402,22,2049,added,,Bi-207-8890,
9402,22,2052,added,,Bi-207-9177,
9402,22,2053,added,,Bi-207-9177,
9402,22,2056,added,,Bi-207-9176,
9402,22,2085,added,,Sn-113-9183,
9402,22,2086,added,,Sn-113-9183,
9402,22,2089,added,,Cd-109-9178,
9402,22,2090,added,,Cd-109-9178,
9402,22,2095,added,,Sn-113-9183,
9402,22,2096,added,,Sn-113-9183,
9402,22,2099,added,,Cd-109-9178,
9402,22,2100,added,,Cd-109-9178,
9402,22,2109,added,,Cd-109-9178,
9402,23,21,added,,Cd-109-9178,
9402,23,66,added,,Bi-207-9177,
9402,23,73,added,,Bi-207-8890,
9402,23,2027,added,,Bi-207-8890,
9402,23,2028,added,,Bi-207-8890,
9402,23,2034,added,,Bi-207-9176,
9402,23,2037,added,,Bi-207-8890,
9402,23,2038,added,,Bi-207-8890,
9402,23,2044,added,,Bi-207-9176,
9402,23,2045,added,,Bi-207-9176,
9402,23,2056,added,,Bi-207-9176,
9402,23,2089,added,,Cd-109-9178,
9402,23,2090,added,,Cd-109-9178,
9402,23,2100,added,,Cd-109-9178,
9402,23,2101,added,,Cd-109-9178,
9402,24,27,added,,Cd-109-9178,
9402,24,96,added,,Bi-207-9177,
9402,24,2028,added,,Bi-207-9177,
9402,24,2029,added,,Bi-207-9177,
9402,24,2032,added,,Bi-207-9176,
9402,24,2038,added,,Bi-207-9177,
9402,24,2039,added,,Bi-207-9177,
9402,24,2042,added,,Bi-207-9176,
9402,24,2043,added,,Bi-207-9176,
9402,24,2054,added,,Bi-207-9176,
9402,24,2075,added,,Cd-109-9178,
9402,24,2079,added,,Ce-139-9179,
9402,24,2086,added,,Cd-109-9178,
9402,24,2087,added,,Cd-109-9178,
9402,24,2090,added,,Ce-139-9179,
9402,24,2091,added,,Ce-139-9179,
9402,24,2097,added,,Cd-109-9178,
9402,24,2098,added,,Cd-109-9178,
9402,24,2101,added,,Ce-139-9179,
9402,25,25,added,,Sn-113-9183,
9402,25,86,added,,Bi-207-9177,
9402,25,92,added,,Bi-207-9176,
9402,25,2028,added,,Bi-207-9177,
9402,25,2029,added,,Bi-207-9177,
9402,25,2032,added,,Bi-207-9176,
9402,25,2033,added,,Bi-207-9176,
9402,25,2039,added,,Bi-207-9177,
9402,25,2040,added,,Bi-207-9177,
9402,25,2042,added,,Bi-207-9176,
9402,25,2043,added,,Bi-207-9176,
9402,25,2044,added,,Bi-207-9176,
9402,25,2054,added,,Bi-207-9176,
9402,25,2055,added,,Bi-207-9176,
9402,25,2060,added,,Sn-113-9183,
9402,25,2072,added,,Sn-113-9183,
9402,25,2073,added,,Sn-113-9183,
9402,25,2076,added,,Cd-109-9178,
9402,25,2079,added,,Ce-139-9179,
9402,25,2080,added,,Ce-139-9179,
9402,25,2084,added,,Sn-113-9183,
9402,25,2087,added,,Cd-109-9178,
9402,25,2088,added,,Cd-109-9178,
9402,25,2090,added,,Ce-139-9179,
9402,25,2091,added,,Ce-139-9179,
9402,25,2092,added,,Ce-139-9179,
9402,25,2098,added,,Cd-109-9178,
9402,25,2101,added,,Ce-139-9179,
9402,25,2102,added,,Ce-139-9179,
9402,26,25,added,,Sn-113-9183,
9402,26,28,added,,Cd-109-9178,
9402,26,97,added,,Bi-207-9177,
9402,26,2017,added,,Bi-207-8890,
9402,26,2026,added,,Bi-207-8890,
9402,26,2027,added,,Bi-207-8890,
9402,26,2029,added,,Bi-207-9177,
9402,26,2030,added,,Bi-207-9177,
9402,26,2033,added,,Bi-207-9176,
9402,26,2034,added,,Bi-207-9176,
9402,26,2037,added,,Bi-207-8890,
9402,26,2040,added,,Bi-207-9177,
9402,26,2041,added,,Bi-207-9177,
9402,26,2043,added,,Bi-207-9176,
9402,26,2044,added,,Bi-207-9176,
9402,26,2045,added,,Bi-207-9176,
9402,26,2055,added,,Bi-207-9176,
9402,26,2056,added,,Bi-207-9176,
9402,26,2072,added,,Sn-113-9183,
9402,26,2073,added,,Sn-113-9183,
9402,26,2077,added,,Cd-109-9178,
9402,26,2080,added,,Ce-139-9179,
9402,26,2081,added,,Ce-139-9179,
9402,26,2084,added,,Sn-113-9183,
9402,26,2085,added,,Sn-113-9183,
9402,26,2088,added,,Cd-109-9178,
9402,26,2089,added,,Cd-109-9178,
9402,26,2091,added,,Ce-139-9179,
9402,26,2092,added,,Ce-139-9179,
9402,26,2099,added,,Cd-109-9178,
9402,26,2102,added,,Ce-139-9179,
9402,27,81,added,,Bi-207-9176,
9402,27,94,added,,Bi-207-8890,
9402,27,98,added,,Bi-207-9177,
9402,27,2017,added,,Bi-207-8890,
9402,27,2026,added,,Bi-207-8890,
9402,27,2027,added,,Bi-207-8890,
9402,27,2030,added,,Bi-207-9177,
9402,27,2031,added,,Bi-207-9177,
9402,27,2034,added,,Bi-207-9176,
9402,27,2036,added,,Bi-207-8890,
9402,27,2037,added,,Bi-207-8890,
9402,27,2040,added,,Bi-207-9177,
9402,27,2041,added,,Bi-207-9177,
9402,27,2044,added,,Bi-207-9176,
9402,27,2045,added,,Bi-207-9176,
9402,27,2056,added,,Bi-207-9176,
9402,27,2073,added,,Sn-113-9183,
9402,27,2074,added,,Sn-113-9183,
9402,27,2077,added,,Cd-109-9178,
9402,27,2078,added,,Cd-109-9178,
9402,27,2080,added,,Ce-139-9179,
9402,27,2081,added,,Ce-139-9179,
9402,27,2084,added,,Sn-113-9183,
9402,27,2085,added,,Sn-113-9183,
9402,27,2088,added,,Cd-109-9178,
9402,27,2089,added,,Cd-109-9178,
9402,27,2090,added,,Cd-109-9178,
9402,27,2091,added,,Ce-139-9179,
9402,27,2092,added,,Ce-139-9179,
9402,27,2099,added,,Cd-109-9178,
9402,27,2100,added,,Cd-109-9178,
9402,27,2102,added,,Ce-139-9179,
9402,28,84,added,,Bi-207-8890,
9402,28,2026,added,,Bi-207-8890,
9402,28,2027,added,,Bi-207-8890,
9402,28,2030,added,,Bi-207-9177,
9402,28,2031,added,,Bi-207-9177,
9402,28,2034,added,,Bi-207-9176,
9402,28,2037,added,,Bi-207-8890,
9402,28,2038,added,,Bi-207-8890,
9402,28,2041,added,,Bi-207-9177,
9402,28,2042,added,,Bi-207-9177,
9402,28,2044,added,,Bi-207-9176,
9402,28,2045,added,,Bi-207-9176,
9402,28,2056,added,,Bi-207-9176,
9402,28,2073,added,,Sn-113-9183,
9402,28,2074,added,,Sn-113-9183,
9402,28,2078,added,,Cd-109-9178,
9402,28,2085,added,,Sn-113-9183,
9402,28,2086,added,,Sn-113-9183,
9402,28,2089,added,,Cd-109-9178,
9402,28,2090,added,,Cd-109-9178,
9402,28,2100,added,,Cd-109-9178,
9402,29,30,added,,Cd-109-9178,
9402,29,95,added,,Bi-207-8890,
9402,29,2018,added,,Bi-207-8890,
9402,29,2027,added,,Bi-207-8890,
9402,29,2028,added,,Bi-207-8890,
9402,29,2031,added,,Bi-207-9177,
9402,29,2032,added,,Bi-207-9177,
9402,29,2034,added,,Bi-207-9176,
9402,29,2037,added,,Bi-207-8890,
9402,29,2038,added,,Bi-207-8890,
9402,29,2041,added,,Bi-207-9177,
9402,29,2042,added,,Bi-207-9177,
9402,29,2044,added,,Bi-207-9176,
9402,29,2045,added,,Bi-207-9176,
9402,29,2056,added,,Bi-207-9176,
9402,29,2074,added,,Sn-113-9183,
9402,29,2075,added,,Sn-113-9183,
9402,29,2078,added,,Cd-109-9178,
9402,29,2079,added,,Cd-109-9178,
9402,29,2085,added,,Sn-113-9183,
9402,29,2086,added,,Sn-113-9183,
9402,29,2089,added,,Cd-109-9178,
9402,29,2090,added,,Cd-109-9178,
9402,29,2091,added,,Cd-109-9178,
9402,29,2100,added,,Cd-109-9178,
9402,29,2101,added,,Cd-109-9178,
9402,30,91,added,,Bi-207-9176,
9402,30,102,added,,Bi-207-9176,
9402,30,2018,added,,Bi-207-9177,
9402,30,2019,added,,Bi-207-9177,
9402,30,2022,added,,Bi-207-9176,
9402,30,2023,added,,Bi-207-9176,
9402,30,2028,added,,Bi-207-9177,
9402,30,2029,added,,Bi-207-9177,
9402,30,2031,added,,Bi-207-9176,
9402,30,2032,added,,Bi-207-9176,
9402,30,2033,added,,Bi-207-9176,
9402,30,2042,added,,Bi-207-9176,
9402,30,2043,added,,Bi-207-9176,
9402,30,2059,added,,Sn-113-9183,
9402,30,2060,added,,Sn-113-9183,
9402,30,2063,added,,Cd-109-9178,
9402,30,2066,added,,Ce-139-9179,
9402,30,2067,added,,Ce-139-9179,
9402,30,2072,added,,Sn-113-9183,
9402,30,2075,added,,Cd-109-9178,
9402,30,2076,added,,Cd-109-9178,
9402,30,2078,added,,Ce-139-9179,
9402,30,2079,added,,Ce-139-9179,
9402,30,2080,added,,Ce-139-9179,
9402,30,2087,added,,Cd-109-9178,
9402,30,2090,added,,Ce-139-9179,
9402,30,2091,added,,Ce-139-9179,
9402,31,38,added,,Cd-109-9178,
9402,31,106,added,,Bi-207-9177,
9402,31,2019,added,,Bi-207-9177,
9402,31,2020,added,,Bi-207-9177,
9402,31,2028,added,,Bi-207-9177,
9402,31,2029,added,,Bi-207-9177,
9402,31,2039,added,,Bi-207-9177,
9402,31,2059,added,,Sn-113-9183,
9402,31,2060,added,,Sn-113-9183,
9402,31,2072,added,,Sn-113-9183,
9402,31,2073,added,,Sn-113-9183,
9402,32,35,added,,Sn-113-9183,
9402,32,80,added,,Bi-207-9176,
9402,32,2017,added,,Bi-207-8890,
9402,32,2020,added,,Bi-207-9177,
9402,32,2026,added,,Bi-207-8890,
9402,32,2027,added,,Bi-207-8890,
9402,32,2029,added,,Bi-207-9177,
9402,32,2030,added,,Bi-207-9177,
9402,32,2033,added,,Bi-207-9176,
9402,32,2034,added,,Bi-207-9176,
9402,32,2040,added,,Bi-207-9177,
9402,32,2044,added,,Bi-207-9176,
9402,32,2045,added,,Bi-207-9176,
9402,32,2060,added,,Sn-113-9183,
9402,32,2064,added,,Cd-109-9178,
9402,32,2068,added,,Ce-139-9179,
9402,32,2072,added,,Sn-113-9183,
9402,32,2073,added,,Sn-113-9183,
9402,32,2076,added,,Cd-109-9178,
9402,32,2077,added,,Cd-109-9178,
9402,32,2080,added,,Ce-139-9179,
9402,32,2081,added,,Ce-139-9179,
9402,32,2084,added,,Sn-113-9183,
9402,32,2088,added,,Cd-109-9178,
9402,32,2092,added,,Ce-139-9179,
9402,33,30,added,,Cd-109-9178,
9402,33,2017,added,,Bi-207-8890,
9402,33,2018,added,,Bi-207-8890,
9402,33,2020,added,,Bi-207-9177,
9402,33,2021,added,,Bi-207-9177,
9402,33,2026,added,,Bi-207-8890,
9402,33,2027,added,,Bi-207-8890,
9402,33,2030,added,,Bi-207-9177,
9402,33,2031,added,,Bi-207-9177,
9402,33,2033,added,,Bi-207-9176,
9402,33,2034,added,,Bi-207-9176,
9402,33,2044,added,,Bi-207-9176,
9402,33,2045,added,,Bi-207-9176,
9402,33,2065,added,,Cd-109-9178,
9402,33,2068,added,,Ce-139-9179,
9402,33,2069,added,,Ce-139-9179,
9402,33,2077,added,,Cd-109-9178,
9402,33,2078,added,,Cd-109-9178,
9402,33,2080,added,,Ce-139-9179,
9402,33,2081,added,,Ce-139-9179,
9402,33,2089,added,,Cd-109-9178,
9402,33,2092,added,,Ce-139-9179,
9402,34,88,added,,Bi-207-9177,
9402,34,104,added,,Bi-207-8890,
9402,34,2017,added,,Bi-207-8890,
9402,34,2018,added,,Bi-207-8890,
9402,34,2021,added,,Bi-207-9177,
9402,34,2022,added,,Bi-207-9177,
9402,34,2026,added,,Bi-207-8890,
9402,34,2027,added,,Bi-207-8890,
9402,34,2030,added,,Bi-207-9177,
9402,34,2031,added,,Bi-207-9177,
9402,34,2034,added,,Bi-207-9176,
9402,34,2044,added,,Bi-207-9176,
9402,34,2045,added,,Bi-207-9176,
9402,34,2065,added,,Cd-109-9178,
9402,34,2066,added,,Cd-109-9178,
9402,34,2068,added,,Ce-139-9179,
9402,34,2069,added,,Ce-139-9179,
9402,34,2077,added,,Cd-109-9178,
9402,34,2078,added,,Cd-109-9178,
9402,34,2079,added,,Cd-109-9178,
9402,34,2080,added,,Ce-139-9179,
9402,34,2081,added,,Ce-139-9179,
9402,34,2089,added,,Cd-109-9178,
9402,34,2090,added,,Cd-109-9178,
9402,34,2092,added,,Ce-139-9179,
9402,35,48,added,,Sn-113-9183,
9402,35,2022,added,,Bi-207-9177,
9402,35,2031,added,,Bi-207-9177,
9402,35,2032,added,,Bi-207-9177,
9402,35,2042,added,,Bi-207-9177,
9402,35,2062,added,,Sn-113-9183,
9402,35,2074,added,,Sn-113-9183,
9402,35,2075,added,,Sn-113-9183,
9402,35,2077,added,,Cd-109-9178,
9402,35,2078,added,,Cd-109-9178,
9402,35,2079,added,,Cd-109-9178,
9402,35,2086,added,,Sn-113-9183,
9402,35,2089,added,,Cd-109-9178,
9402,35,2090,added,,Cd-109-9178,
9402,36,49,added,,Cd-109-9178,
9402,36,90,added,,Bi-207-9176,
9402,36,91,added,,Bi-207-9176,
9402,36,96,added,,Bi-207-9177,
9402,36,102,added,,Bi-207-9176,
9402,36,2010,added,,Bi-207-9177,
9402,36,2011,added,,Bi-207-9177,
9402,36,2018,added,,Bi-207-9177,
9402,36,2019,added,,Bi-207-9177,
9402,36,2022,added,,Bi-207-9176,
9402,36,2023,added,,Bi-207-9176,
9402,36,2031,added,,Bi-207-9176,
9402,36,2032,added,,Bi-207-9176,
9402,36,2047,added,,Sn-113-9183,
9402,36,2059,added,,Sn-113-9183,
9402,36,2060,added,,Sn-113-9183,
9402,36,2062,added,,Cd-109-9178,
9402,36,2063,added,,Cd-109-9178,
9402,36,2064,added,,Cd-109-9178,
9402,36,2066,added,,Ce-139-9179,
9402,36,2067,added,,Ce-139-9179,
9402,36,2072,added,,Sn-113-9183,
9402,36,2075,added,,Cd-109-9178,
9402,36,2076,added,,Cd-109-9178,
9402,36,2079,added,,Ce-139-9179,
9402,36,2080,added,,Ce-139-9179,
9402,37,49,added,,Cd-109-9178,
9402,37,2010,added,,Bi-207-9177,
9402,37,2011,added,,Bi-207-9177,
9402,37,2014,added,,Bi-207-9176,
9402,37,2015,added,,Bi-207-9176,
9402,37,2019,added,,Bi-207-9177,
9402,37,2020,added,,Bi-207-9177,
9402,37,2022,added,,Bi-207-9176,
9402,37,2023,added,,Bi-207-9176,
9402,37,2024,added,,Bi-207-9176,
9402,37,2032,added,,Bi-207-9176,
9402,37,2033,added,,Bi-207-9176,
9402,37,2047,added,,Sn-113-9183,
9402,37,2051,added,,Cd-109-9178,
9402,37,2055,added,,Ce-139-9179,
9402,37,2059,added,,Sn-113-9183,
9402,37,2060,added,,Sn-113-9183,
9402,37,2063,added,,Cd-109-9178,
9402,37,2064,added,,Cd-109-9178,
9402,37,2067,added,,Ce-139-9179,
9402,37,2068,added,,Ce-139-9179,
9402,37,2072,added,,Sn-113-9183,
9402,37,2076,added,,Cd-109-9178,
9402,37,2079,added,,Ce-139-9179,
9402,37,2080,added,,Ce-139-9179,
9402,38,50,added,,Cd-109-9178,
9402,38,69,added,,Ce-139-9179,
9402,38,92,added,,Bi-207-9176,
9402,38,97,added,,Bi-207-9177,
9402,38,2011,added,,Bi-207-9177,
9402,38,2012,added,,Bi-207-9177,
9402,38,2017,added,,Bi-207-8890,
9402,38,2018,added,,Bi-207-8890,
9402,38,2019,added,,Bi-207-9177,
9402,38,2020,added,,Bi-207-9177,
9402,38,2024,added,,Bi-207-9176,
9402,38,2026,added,,Bi-207-8890,
9402,38,2027,added,,Bi-207-8890,
9402,38,2033,added,,Bi-207-9176,
9402,38,2034,added,,Bi-207-9176,
9402,38,2047,added,,Sn-113-9183,
9402,38,2059,added,,Sn-113-9183,
9402,38,2060,added,,Sn-113-9183,
9402,38,2064,added,,Cd-109-9178,
9402,38,2065,added,,Cd-109-9178,
9402,38,2068,added,,Ce-139-9179,
9402,38,2069,added,,Ce-139-9179,
9402,38,2072,added,,Sn-113-9183,
9402,38,2076,added,,Cd-109-9178,
9402,38,2077,added,,Cd-109-9178,
9402,38,2080,added,,Ce-139-9179,
9402,38,2081,added,,Ce-139-9179,
9402,39,41,added,,Cd-109-9178,
9402,39,53,added,,Cd-109-9178,
9402,39,94,added,,Bi-207-8890,
9402,39,2009,added,,Bi-207-8890,
9402,39,2012,added,,Bi-207-9177,
9402,39,2017,added,,Bi-207-8890,
9402,39,2018,added,,Bi-207-8890,
9402,39,2020,added,,Bi-207-9177,
9402,39,2021,added,,Bi-207-9177,
9402,39,2024,added,,Bi-207-9176,
9402,39,2026,added,,Bi-207-8890,
9402,39,2027,added,,Bi-207-8890,
9402,39,2030,added,,Bi-207-9177,
9402,39,2033,added,,Bi-207-9176,
9402,39,2034,added,,Bi-207-9176,
9402,39,2048,added,,Sn-113-9183,
9402,39,2060,added,,Sn-113-9183,
9402,39,2061,added,,Sn-113-9183,
9402,39,2064,added,,Cd-109-9178,
9402,39,2065,added,,Cd-109-9178,
9402,39,2066,added,,Cd-109-9178,
9402,39,2068,added,,Ce-139-9179,
9402,39,2069,added,,Ce-139-9179,
9402,39,2073,added,,Sn-113-9183,
9402,39,2074,added,,Sn-113-9183,
9402,39,2077,added,,Cd-109-9178,
9402,39,2078,added,,Cd-109-9178,
9402,39,2081,added,,Ce-139-9179,
9402,40,2009,added,,Bi-207-8890,
9402,40,2013,added,,Bi-207-9177,
9402,40,2017,added,,Bi-207-8890,
9402,40,2018,added,,Bi-207-8890,
9402,40,2021,added,,Bi-207-9177,
9402,40,2022,added,,Bi-207-9177,
9402,40,2027,added,,Bi-207-8890,
9402,40,2030,added,,Bi-207-9177,
9402,40,2031,added,,Bi-207-9177,
9402,40,2049,added,,Sn-113-9183,
9402,40,2061,added,,Sn-113-9183,
9402,40,2062,added,,Sn-113-9183,
9402,40,2065,added,,Cd-109-9178,
9402,40,2066,added,,Cd-109-9178,
9402,40,2073,added,,Sn-113-9183,
9402,40,2074,added,,Sn-113-9183,
9402,40,2077,added,,Cd-109-9178,
9402,40,2078,added,,Cd-109-9178,
9402,41,42,added,,Cd-109-9178,
9402,41,89,added,,Bi-207-9177,
9402,41,95,added,,Bi-207-8890,
9402,41,2009,added,,Bi-207-8890,
9402,41,2010,added,,Bi-207-8890,
9402,41,2013,added,,Bi-207-9177,
9402,41,2014,added,,Bi-207-9177,
9402,41,2017,added,,Bi-207-8890,
9402,41,2018,added,,Bi-207-8890,
9402,41,2019,added,,Bi-207-8890,
9402,41,2021,added,,Bi-207-9177,
9402,41,2022,added,,Bi-207-9177,
9402,41,2023,added,,Bi-207-9177,
9402,41,2028,added,,Bi-207-8890,
9402,41,2031,added,,Bi-207-9177,
9402,41,2032,added,,Bi-207-9177,
9402,41,2049,added,,Sn-113-9183,
9402,41,2050,added,,Sn-113-9183,
9402,41,2061,added,,Sn-113-9183,
9402,41,2062,added,,Sn-113-9183,
9402,41,2063,added,,Sn-113-9183,
9402,41,2066,added,,Cd-109-9178,
9402,41,2067,added,,Cd-109-9178,
9402,41,2074,added,,Sn-113-9183,
9402,41,2075,added,,Sn-113-9183,
9402,41,2078,added,,Cd-109-9178,
9402,41,2079,added,,Cd-109-9178,
9402,42,114,added,,Bi-207-9177,
9402,42,2010,added,,Bi-207-9177,
9402,42,2011,added,,Bi-207-9177,
9402,42,2013,added,,Bi-207-9176,
9402,42,2014,added,,Bi-207-9176,
9402,42,2018,added,,Bi-207-9177,
9402,42,2019,added,,Bi-207-9177,
9402,42,2022,added,,Bi-207-9176,
9402,42,2023,added,,Bi-207-9176,
9402,42,2050,added,,Cd-109-9178,
9402,42,2051,added,,Cd-109-9178,
9402,42,2054,added,,Ce-139-9179,
9402,42,2062,added,,Cd-109-9178,
9402,42,2063,added,,Cd-109-9178,
9402,42,2066,added,,Ce-139-9179,
9402,42,2067,added,,Ce-139-9179,
9402,42,2075,added,,Cd-109-9178,
9402,42,2076,added,,Cd-109-9178,
9402,43,97,added,,Bi-207-9177,
9402,43,106,added,,Bi-207-9177,
9402,43,2004,added,,Bi-207-9177,
9402,43,2010,added,,Bi-207-9177,
9402,43,2011,added,,Bi-207-9177,
9402,43,2012,added,,Bi-207-9177,
9402,43,2014,added,,Bi-207-9176,
9402,43,2015,added,,Bi-207-9176,
9402,43,2022,added,,Bi-207-9176,
9402,43,2023,added,,Bi-207-9176,
9402,43,2024,added,,Bi-207-9176,
9402,43,2047,added,,Sn-113-9183,
9402,43,2048,added,,Sn-113-9183,
9402,43,2051,added,,Cd-109-9178,
9402,43,2054,added,,Ce-139-9179,
9402,43,2055,added,,Ce-139-9179,
9402,43,2059,added,,Sn-113-9183,
9402,43,2060,added,,Sn-113-9183,
9402,43,2063,added,,Cd-109-9178,
9402,43,2064,added,,Cd-109-9178,
9402,43,2067,added,,Ce-139-9179,
9402,43,2068,added,,Ce-139-9179,
9402,43,2076,added,,Cd-109-9178,
9402,43,2079,added,,Ce-139-9179,
9402,43,2080,added,,Ce-139-9179,
9402,44,71,added,,Sn-113-9183,
9402,44,75,added,,Cd-109-9178,
9402,44,115,added,,Bi-207-9177,
9402,44,2004,added,,Bi-207-9177,
9402,44,2011,added,,Bi-207-9177,
9402,44,2012,added,,Bi-207-9177,
9402,44,2015,added,,Bi-207-9176,
9402,44,2023,added,,Bi-207-9176,
9402,44,2024,added,,Bi-207-9176,
9402,44,2036,added,,Sn-113-9183,
9402,44,2047,added,,Sn-113-9183,
9402,44,2048,added,,Sn-113-9183,
9402,44,2052,added,,Cd-109-9178,
9402,44,2055,added,,Ce-139-9179,
9402,44,2056,added,,Ce-139-9179,
9402,44,2060,added,,Sn-113-9183,
9402,44,2061,added,,Sn-113-9183,
9402,44,2064,added,,Cd-109-9178,
9402,44,2065,added,,Cd-109-9178,
9402,44,2068,added,,Ce-139-9179,
9402,44,2069,added,,Ce-139-9179,
9402,44,2077,added,,Cd-109-9178,
9402,44,2080,added,,Ce-139-9179,
9402,44,2081,added,,Ce-139-9179,
9402,45,76,added,,Cd-109-9178,
9402,45,2004,added,,Bi-207-9177,
9402,45,2009,added,,Bi-207-8890,
9402,45,2011,added,,Bi-207-9177,
9402,45,2012,added,,Bi-207-9177,
9402,45,2015,added,,Bi-207-9176,
9402,45,2017,added,,Bi-207-8890,
9402,45,2018,added,,Bi-207-8890,
9402,45,2023,added,,Bi-207-9176,
9402,45,2024,added,,Bi-207-9176,
9402,45,2033,added,,Bi-207-9176,
9402,45,2047,added,,Sn-113-9183,
9402,45,2048,added,,Sn-113-9183,
9402,45,2049,added,,Sn-113-9183,
9402,45,2052,added,,Cd-109-9178,
9402,45,2053,added,,Cd-109-9178,
9402,45,2056,added,,Ce-139-9179,
9402,45,2060,added,,Sn-113-9183,
9402,45,2061,added,,Sn-113-9183,
9402,45,2064,added,,Cd-109-9178,
9402,45,2065,added,,Cd-109-9178,
9402,45,2066,added,,Cd-109-9178,
9402,45,2068,added,,Ce-139-9179,
9402,45,2069,added,,Ce-139-9179,
9402,45,2077,added,,Cd-109-9178,
9402,45,2081,added,,Ce-139-9179,
9402,46,113,added,,Bi-207-8890,
9402,46,2009,added,,Bi-207-8890,
9402,46,2010,added,,Bi-207-8890,
9402,46,2012,added,,Bi-207-9177,
9402,46,2013,added,,Bi-207-9177,
9402,46,2017,added,,Bi-207-8890,
9402,46,2018,added,,Bi-207-8890,
9402,46,2021,added,,Bi-207-9177,
9402,46,2022,added,,Bi-207-9177,
9402,46,2048,added,,Sn-113-9183,
9402,46,2049,added,,Sn-113-9183,
9402,46,2050,added,,Sn-113-9183,
9402,46,2053,added,,Cd-109-9178,
9402,46,2061,added,,Sn-113-9183,
9402,46,2062,added,,Sn-113-9183,
9402,46,2065,added,,Cd-109-9178,
9402,46,2066,added,,Cd-109-9178,
9402,46,2078,added,,Cd-109-9178,
9402,47,52,added,,Cd-109-9178,
9402,47,113,added,,Bi-207-8890,
9402,47,2009,added,,Bi-207-8890,
9402,47,2010,added,,Bi-207-8890,
9402,47,2013,added,,Bi-207-9177,
9402,47,2014,added,,Bi-207-9177,
9402,47,2018,added,,Bi-207-8890,
9402,47,2019,added,,Bi-207-8890,
9402,47,2021,added,,Bi-207-9177,
9402,47,2022,added,,Bi-207-9177,
9402,47,2049,added,,Sn-113-9183,
9402,47,2050,added,,Sn-113-9183,
9402,47,2053,added,,Cd-109-9178,
9402,47,2054,added,,Cd-109-9178,
9402,47,2061,added,,Sn-113-9183,
9402,47,2062,added,,Sn-113-9183,
9402,47,2065,added,,Cd-109-9178,
9402,47,2066,added,,Cd-109-9178,
9402,47,2067,added,,Cd-109-9178,
9402,47,2078,added,,Cd-109-9178,
9402,47,2079,added,,Cd-109-9178,
9402,48,114,added,,Bi-207-9177,
9402,48,126,added,,Bi-207-9176,
9402,48,2004,added,,Bi-207-9177,
9402,48,2007,added,,Bi-207-9176,
9402,48,2010,added,,Bi-207-9177,
9402,48,2011,added,,Bi-207-9177,
9402,48,2014,added,,Bi-207-9176,
9402,48,2015,added,,Bi-207-9176,
9402,48,2039,added,,Cd-109-9178,
9402,48,2042,added,,Ce-139-9179,
9402,48,2043,added,,Ce-139-9179,
9402,48,2050,added,,Cd-109-9178,
9402,48,2051,added,,Cd-109-9178,
9402,48,2054,added,,Ce-139-9179,
9402,48,2055,added,,Ce-139-9179,
9402,48,2063,added,,Cd-109-9178,
9402,48,2067,added,,Ce-139-9179,
9402,49,86,added,,Cd-109-9178,
9402,49,92,added,,Ce-139-9179,
9402,49,106,added,,Bi-207-9177,
9402,49,126,added,,Bi-207-9176,
9402,49,2004,added,,Bi-207-9177,
9402,49,2007,added,,Bi-207-9176,
9402,49,2011,added,,Bi-207-9177,
9402,49,2012,added,,Bi-207-9177,
9402,49,2014,added,,Bi-207-9176,
9402,49,2015,added,,Bi-207-9176,
9402,49,2036,added,,Sn-113-9183,
9402,49,2039,added,,Cd-109-9178,
9402,49,2040,added,,Cd-109-9178,
9402,49,2043,added,,Ce-139-9179,
9402,49,2047,added,,Sn-113-9183,
9402,49,2048,added,,Sn-113-9183,
9402,49,2050,added,,Cd-109-9178,
9402,49,2051,added,,Cd-109-9178,
9402,49,2052,added,,Cd-109-9178,
9402,49,2054,added,,Ce-139-9179,
9402,49,2055,added,,Ce-139-9179,
9402,49,2060,added,,Sn-113-9183,
9402,49,2063,added,,Cd-109-9178,
9402,49,2064,added,,Cd-109-9178,
9402,49,2067,added,,Ce-139-9179,
9402,50,75,added,,Cd-109-9178,
9402,50,83,added,,Sn-113-9183,
9402,50,115,added,,Bi-207-9177,
9402,50,2004,added,,Bi-207-9177,
9402,50,2007,added,,Bi-207-9176,
9402,50,2011,added,,Bi-207-9177,
9402,50,2012,added,,Bi-207-9177,
9402,50,2014,added,,Bi-207-9176,
9402,50,2015,added,,Bi-207-9176,
9402,50,2036,added,,Sn-113-9183,
9402,50,2037,added,,Sn-113-9183,
9402,50,2040,added,,Cd-109-9178,
9402,50,2043,added,,Ce-139-9179,
9402,50,2044,added,,Ce-139-9179,
9402,50,2047,added,,Sn-113-9183,
9402,50,2048,added,,Sn-113-9183,
9402,50,2051,added,,Cd-109-9178,
9402,50,2052,added,,Cd-109-9178,
9402,50,2055,added,,Ce-139-9179,
9402,50,2056,added,,Ce-139-9179,
9402,50,2064,added,,Cd-109-9178,
9402,50,2067,added,,Ce-139-9179,
9402,50,2068,added,,Ce-139-9179,
9402,51,2009,added,,Bi-207-8890,
9402,51,2010,added,,Bi-207-8890,
9402,51,2017,added,,Bi-207-8890,
9402,51,2018,added,,Bi-207-8890,
9402,51,2056,added,,Ce-139-9179,
9402,51,2068,added,,Ce-139-9179,
9402,51,2069,added,,Ce-139-9179,
9402,52,2009,added,,Bi-207-8890,
9402,52,2010,added,,Bi-207-8890,
9402,52,2012,added,,Bi-207-9177,
9402,52,2013,added,,Bi-207-9177,
9402,52,2018,added,,Bi-207-8890,
9402,52,2021,added,,Bi-207-9177,
9402,52,2022,added,,Bi-207-9177,
9402,52,2037,added,,Sn-113-9183,
9402,52,2038,added,,Sn-113-9183,
9402,52,2048,added,,Sn-113-9183,
9402,52,2049,added,,Sn-113-9183,
9402,52,2050,added,,Sn-113-9183,
9402,52,2053,added,,Cd-109-9178,
9402,52,2054,added,,Cd-109-9178,
9402,52,2056,added,,Ce-139-9179,
9402,52,2061,added,,Sn-113-9183,
9402,52,2065,added,,Cd-109-9178,
9402,52,2066,added,,Cd-109-9178,
9402,52,2068,added,,Ce-139-9179,
9402,52,2069,added,,Ce-139-9179,
9402,53,113,added,,Bi-207-8890,
9402,53,121,added,,Bi-207-8890,
9402,53,2009,added,,Bi-207-8890,
9402,53,2010,added,,Bi-207-8890,
9402,53,2013,added,,Bi-207-9177,
9402,53,2014,added,,Bi-207-9177,
9402,53,2018,added,,Bi-207-8890,
9402,53,2021,added,,Bi-207-9177,
9402,53,2022,added,,Bi-207-9177,
9402,53,2037,added,,Sn-113-9183,
9402,53,2038,added,,Sn-113-9183,
9402,53,2049,added,,Sn-113-9183,
9402,53,2050,added,,Sn-113-9183,
9402,53,2053,added,,Cd-109-9178,
9402,53,2054,added,,Cd-109-9178,
9402,53,2062,added,,Sn-113-9183,
9402,53,2065,added,,Cd-109-9178,
9402,53,2066,added,,Cd-109-9178,
9402,54,7,added,,Ce-139-9179,
9402,54,2107,added,,Cd-109-9178,
9402,54,2108,added,,Cd-109-9178,
9402,54,2110,added,,Ce-139-9179,
9402,54,2111,added,,Ce-139-9179,
9402,54,2115,added,,Cd-109-9178,
9402,54,2116,added,,Cd-109-9178,
9402,54,2118,added,,Ce-139-9179,
9402,54,2119,added,,Ce-139-9179,
9402,55,3,added,,Cd-109-9178,
9402,55,4,added,,Cd-109-9178,
9402,55,10,added,,Cd-109-9178,
9402,55,11,added,,Cd-109-9178,
9402,56,2,added,,Sn-113-9183,
9402,56,2095,added,,Sn-113-9183,
9402,56,2096,added,,Sn-113-9183,
9402,56,2105,added,,Sn-113-9183,
9402,56,2106,added,,Sn-113-9183,
9402,56,2109,added,,Cd-109-9178,
9402,56,2110,added,,Cd-109-9178,
9402,56,2117,added,,Cd-109-9178,
9402,56,2118,added,,Cd-109-9178,
9402,57,18,added,,Cd-109-9178,
9402,57,2084,added,,Sn-113-9183,
9402,57,2094,added,,Sn-113-9183,
9402,57,2095,added,,Sn-113-9183,
9402,57,2098,added,,Cd-109-9178,
9402,57,2101,added,,Ce-139-9179,
9402,57,2102,added,,Ce-139-9179,
9402,57,2107,added,,Cd-109-9178,
9402,57,2108,added,,Cd-109-9178,
9402,57,2110,added,,Ce-139-9179,
9402,57,2111,added,,Ce-139-9179,
9402,57,2112,added,,Ce-139-9179,
9402,57,2116,added,,Cd-109-9178,
9402,57,2119,added,,Ce-139-9179,
9402,59,20,added,,Cd-109-9178,
9402,59,2095,added,,Sn-113-9183,
9402,59,2096,added,,Sn-113-9183,
9402,59,2105,added,,Sn-113-9183,
9402,59,2106,added,,Sn-113-9183,
9402,59,2109,added,,Cd-109-9178,
9402,59,2110,added,,Cd-109-9178,
9402,59,2117,added,,Cd-109-9178,
9402,59,2118,added,,Cd-109-9178,
9402,60,18,added,,Cd-109-9178,
9402,60,19,added,,Cd-109-9178,
9402,60,23,added,,Ce-139-9179,
9402,60,24,added,,Ce-139-9179,
9402,60,26,added,,Sn-113-9183,
9402,60,32,added,,Ce-139-9179,
9402,60,33,added,,Ce-139-9179,
9402,60,43,added,,Ce-139-9179,
9402,60,2084,added,,Sn-113-9183,
9402,60,2094,added,,Sn-113-9183,
9402,60,2095,added,,Sn-113-9183,
9402,60,2098,added,,Cd-109-9178,
9402,60,2099,added,,Cd-109-9178,
9402,60,2101,added,,Ce-139-9179,
9402,60,2102,added,,Ce-139-9179,
9402,60,2107,added,,Cd-109-9178,
9402,60,2108,added,,Cd-109-9178,
9402,60,2110,added,,Ce-139-9179,
9402,60,2111,added,,Ce-139-9179,
9402,61,2084,added,,Sn-113-9183,
9402,61,2085,added,,Sn-113-9183,
9402,61,2094,added,,Sn-113-9183,
9402,61,2095,added,,Sn-113-9183,
9402,61,2099,added,,Cd-109-9178,
9402,61,2100,added,,Cd-109-9178,
9402,61,2102,added,,Ce-139-9179,
9402,61,2105,added,,Sn-113-9183,
9402,61,2108,added,,Cd-109-9178,
9402,61,2109,added,,Cd-109-9178,
9402,61,2111,added,,Ce-139-9179,
9402,61,2112,added,,Ce-139-9179,
9402,62,2095,added,,Sn-113-9183,
9402,62,2096,added,,Sn-113-9183,
9402,62,2099,added,,Cd-109-9178,
9402,62,2100,added,,Cd-109-9178,
9402,62,2105,added,,Sn-113-9183,
9402,62,2106,added,,Sn-113-9183,
9402,62,2109,added,,Cd-109-9178,
9402,62,2110,added,,Cd-109-9178,
9402,63,2072,added,,Bi-207-8890,
9402,63,2073,added,,Bi-207-8890,
9402,63,2075,added,,Bi-207-9177,
9402,63,2076,added,,Bi-207-9177,
9402,63,2079,added,,Bi-207-9176,
9402,63,2080,added,,Bi-207-9176,
9402,63,2084,added,,Bi-207-8890,
9402,63,2087,added,,Bi-207-9177,
9402,63,2088,added,,Bi-207-9177,
9402,63,2090,added,,Bi-207-9176,
9402,63,2091,added,,Bi-207-9176,
9402,63,2092,added,,Bi-207-9176,
9402,63,2102,added,,Bi-207-9176,
9402,64,26,added,,Sn-113-9183,
9402,64,34,added,,Ce-139-9179,
9402,64,2072,added,,Bi-207-8890,
9402,64,2073,added,,Bi-207-8890,
9402,64,2077,added,,Bi-207-9177,
9402,64,2080,added,,Bi-207-9176,
9402,64,2081,added,,Bi-207-9176,
9402,64,2084,added,,Bi-207-8890,
9402,64,2085,added,,Bi-207-8890,
9402,64,2088,added,,Bi-207-9177,
9402,64,2089,added,,Bi-207-9177,
9402,64,2091,added,,Bi-207-9176,
9402,64,2092,added,,Bi-207-9176,
9402,65,2068,added,,Bi-207-9176,
9402,65,2080,added,,Bi-207-9176,
9402,65,2081,added,,Bi-207-9176,
9402,65,2092,added,,Bi-207-9176,
9402,66,2004,added,,Bi-207-9177,
9402,66,2011,added,,Bi-207-9177,
9402,66,2012,added,,Bi-207-9177,
9402,67,94,added,,Sn-113-9183,
9402,67,2004,added,,Bi-207-9177,
9402,67,2011,added,,Bi-207-9177,
9402,67,2012,added,,Bi-207-9177,
9402,67,2030,added,,Cd-109-9178,
9402,67,2040,added,,Cd-109-9178,
9402,67,2041,added,,Cd-109-9178,
9402,67,2051,added,,Cd-109-9178,
9402,67,2052,added,,Cd-109-9178,
9402,68,2030,added,,Cd-109-9178,
9402,68,2031,added,,Cd-109-9178,
9402,68,2040,added,,Cd-109-9178,
9402,68,2041,added,,Cd-109-9178,
9402,68,2042,added,,Cd-109-9178,
9402,68,2052,added,,Cd-109-9178,
9402,68,2053,added,,Cd-109-9178,
9402,69,2019,added,,Cd-109-9178,
9402,69,2020,added,,Cd-109-9178,
9402,69,2028,added,,Cd-109-9178,
9402,69,2029,added,,Cd-109-9178,
9402,69,2030,added,,Cd-109-9178,
9402,69,2039,added,,Cd-109-9178,
9402,70,87,added,,Cd-109-9178,
9402,70,94,added,,Sn-113-9183,
9402,70,104,added,,Sn-113-9183,
9402,70,2009,added,,Sn-113-9183,
9402,70,2017,added,,Sn-113-9183,
9402,70,2018,added,,Sn-113-9183,
9402,70,2021,added,,Cd-109-9178,
9402,70,2024,added,,Ce-139-9179,
9402,70,2026,added,,Sn-113-9183,
9402,70,2027,added,,Sn-113-9183,
9402,70,2030,added,,Cd-109-9178,
9402,70,2031,added,,Cd-109-9178,
9402,70,2033,added,,Ce-139-9179,
9402,70,2034,added,,Ce-139-9179,
9402,70,2041,added,,Cd-109-9178,
9402,70,2044,added,,Ce-139-9179,
9402,70,2045,added,,Ce-139-9179,
9402,71,113,added,,Bi-207-8890,
9402,71,114,added,,Bi-207-8890,
9402,71,2017,added,,Sn-113-9183,
9402,71,2018,added,,Sn-113-9183,
9402,71,2021,added,,Cd-109-9178,
9402,71,2022,added,,Cd-109-9178,
9402,71,2026,added,,Sn-113-9183,
9402,71,2027,added,,Sn-113-9183,
9402,71,2030,added,,Cd-109-9178,
9402,71,2031,added,,Cd-109-9178,
9402,71,2032,added,,Cd-109-9178,
9402,71,2033,added,,Ce-139-9179,
9402,71,2034,added,,Ce-139-9179,
9402,71,2041,added,,Cd-109-9178,
9402,71,2042,added,,Cd-109-9178,
9402,71,2044,added,,Ce-139-9179,
9402,71,2045,added,,Ce-139-9179,
9402,72,106,added,,Bi-207-9177,
9402,72,2010,added,,Cd-109-9178,
9402,72,2011,added,,Cd-109-9178,
9402,72,2014,added,,Ce-139-9179,
9402,72,2015,added,,Ce-139-9179,
9402,72,2019,added,,Cd-109-9178,
9402,72,2020,added,,Cd-109-9178,
9402,72,2023,added,,Ce-139-9179,
9402,72,2024,added,,Ce-139-9179,
9402,72,2033,added,,Ce-139-9179,
9402,73,116,added,,Bi-207-9177,
9402,73,117,added,,Bi-207-9177,
9402,73,2011,added,,Cd-109-9178,
9402,73,2012,added,,Cd-109-9178,
9402,73,2020,added,,Cd-109-9178,
9402,73,2021,added,,Cd-109-9178,
9402,74,2009,added,,Sn-113-9183,
9402,74,2013,added,,Cd-109-9178,
9402,74,2017,added,,Sn-113-9183,
9402,74,2018,added,,Sn-113-9183,
9402,74,2020,added,,Cd-109-9178,
9402,74,2021,added,,Cd-109-9178,
9402,74,2022,added,,Cd-109-9178,
9402,74,2030,added,,Cd-109-9178,
9402,74,2031,added,,Cd-109-9178,
9402,75,106,added,,Bi-207-9177,
9402,75,107,added,,Bi-207-9177,
9402,75,114,added,,Bi-207-9177,
9402,75,115,added,,Bi-207-9177,
9402,75,116,added,,Bi-207-9177,
9402,75,2007,added,,Bi-207-9176,
9402,75,2014,added,,Bi-207-9176,
9402,75,2015,added,,Bi-207-9176,
9402,76,2012,added,,Cd-109-9178,
9402,76,2013,added,,Cd-109-9178,
9402,76,2020,added,,Cd-109-9178,
9402,76,2021,added,,Cd-109-9178,
9402,78,3,added,,Cd-109-9178,
9402,78,10,added,,Cd-109-9178,
9402,78,25,added,,Sn-113-9183,
9402,78,35,added,,Sn-113-9183,
9402,78,43,added,,Ce-139-9179,
9402,78,50,added,,Bi-207-9177,
9402,78,54,added,,Bi-207-9176,
9402,78,2047,added,,Bi-207-8890,
9402,78,2051,added,,Bi-207-9177,
9402,78,2052,added,,Bi-207-9177,
9402,78,2059,added,,Bi-207-8890,
9402,78,2060,added,,Bi-207-8890,
9402,78,2063,added,,Bi-207-9177,
9402,78,2064,added,,Bi-207-9177,
9402,78,2067,added,,Bi-207-9176,
9402,78,2068,added,,Bi-207-9176,
9402,78,2072,added,,Bi-207-8890,
9402,78,2079,added,,Bi-207-9176,
9402,78,2080,added,,Bi-207-9176,
9402,78,2081,added,,Bi-207-9176,
9402,78,2084,added,,Sn-113-9183,
9402,78,2085,added,,Sn-113-9183,
9402,78,2094,added,,Sn-113-9183,
9402,78,2095,added,,Sn-113-9183,
9402,78,2101,added,,Ce-139-9179,
9402,78,2102,added,,Ce-139-9179,
9402,78,2108,added,,Cd-109-9178,
9402,78,2109,added,,Cd-109-9178,
9402,78,2110,added,,Ce-139-9179,
9402,78,2111,added,,Ce-139-9179,
9402,78,2112,added,,Ce-139-9179,
9402,78,2116,added,,Cd-109-9178,
9402,78,2117,added,,Cd-109-9178,
9402,79,19,added,,Cd-109-9178,
9402,79,35,added,,Sn-113-9183,
9402,79,45,added,,Ce-139-9179,
9402,79,59,added,,Bi-207-8890,
9402,79,71,added,,Bi-207-8890,
9402,79,83,added,,Bi-207-8890,
9402,79,87,added,,Bi-207-9177,
9402,79,2036,added,,Bi-207-8890,
9402,79,2037,added,,Bi-207-8890,
9402,79,2040,added,,Bi-207-9177,
9402,79,2041,added,,Bi-207-9177,
9402,79,2043,added,,Bi-207-9176,
9402,79,2044,added,,Bi-207-9176,
9402,79,2047,added,,Bi-207-8890,
9402,79,2048,added,,Bi-207-8890,
9402,79,2051,added,,Bi-207-9177,
9402,79,2052,added,,Bi-207-9177,
9402,79,2055,added,,Bi-207-9176,
9402,79,2056,added,,Bi-207-9176,
9402,79,2084,added,,Sn-113-9183,
9402,79,2085,added,,Sn-113-9183,
9402,79,2094,added,,Sn-113-9183,
9402,79,2095,added,,Sn-113-9183,
9402,79,2098,added,,Cd-109-9178,
9402,79,2099,added,,Cd-109-9178,
9402,79,2100,added,,Cd-109-9178,
9402,79,2101,added,,Ce-139-9179,
9402,79,2102,added,,Ce-139-9179,
9402,79,2108,added,,Cd-109-9178,
9402,79,2109,added,,Cd-109-9178,
9402,79,2111,added,,Ce-139-9179,
9402,79,2112,added,,Ce-139-9179,
9402,80,39,added,,Cd-109-9178,
9402,80,69,added,,Ce-139-9179,
9402,80,91,added,,Bi-207-9176,
9402,80,92,added,,Bi-207-9176,
9402,80,97,added,,Bi-207-9177,
9402,80,107,added,,Bi-207-9177,
9402,80,2017,added,,Bi-207-8890,
9402,80,2020,added,,Bi-207-9177,
9402,80,2021,added,,Bi-207-9177,
9402,80,2024,added,,Bi-207-9176,
9402,80,2026,added,,Bi-207-8890,
9402,80,2027,added,,Bi-207-8890,
9402,80,2030,added,,Bi-207-9177,
9402,80,2031,added,,Bi-207-9177,
9402,80,2033,added,,Bi-207-9176,
9402,80,2034,added,,Bi-207-9176,
9402,80,2044,added,,Bi-207-9176,
9402,80,2060,added,,Sn-113-9183,
9402,80,2061,added,,Sn-113-9183,
9402,80,2065,added,,Cd-109-9178,
9402,80,2068,added,,Ce-139-9179,
9402,80,2073,added,,Sn-113-9183,
9402,80,2074,added,,Sn-113-9183,
9402,80,2077,added,,Cd-109-9178,
9402,80,2078,added,,Cd-109-9178,
9402,80,2080,added,,Ce-139-9179,
9402,80,2081,added,,Ce-139-9179,
9402,80,2089,added,,Cd-109-9178,
9402,80,2092,added,,Ce-139-9179,
9402,81,23,added,,Ce-139-9179,
9402,81,24,added,,Ce-139-9179,
9402,81,2084,added,,Sn-113-9183,
9402,81,2085,added,,Sn-113-9183,
9402,81,2094,added,,Sn-113-9183,
9402,81,2095,added,,Sn-113-9183,
9402,81,2099,added,,Cd-109-9178,
9402,81,2100,added,,Cd-109-9178,
9402,81,2102,added,,Ce-139-9179,
9402,81,2108,added,,Cd-109-9178,
9402,81,2109,added,,Cd-109-9178,
9402,81,2111,added,,Ce-139-9179,
9402,81,2112,added,,Ce-139-9179,
9407,0,26,added,,Sn-113-9183,
9407,0,69,added,,Bi-207-9176,
9407,0,95,added,,Bi-207-8890,
9407,0,2027,added,,Bi-207-8890,
9407,0,2028,added,,Bi-207-8890,
9407,0,2031,added,,Bi-207-9177,
9407,0,2032,added,,Bi-207-9177,
9407,0,2034,added,,Bi-207-9176,
9407,0,2037,added,,Bi-207-8890,
9407,0,2038,added,,Bi-207-8890,
9407,0,2041,added,,Bi-207-9177,
9407,0,2042,added,,Bi-207-9177,
9407,0,2044,added,,Bi-207-9176,
9407,0,2045,added,,Bi-207-9176,
9407,0,2056,added,,Bi-207-9176,
9407,0,2074,added,,Sn-113-9183,
9407,0,2075,added,,Sn-113-9183,
9407,0,2078,added,,Cd-109-9178,
9407,0,2085,added,,Sn-113-9183,
9407,0,2086,added,,Sn-113-9183,
9407,0,2089,added,,Cd-109-9178,
9407,0,2090,added,,Cd-109-9178,
9407,0,2100,added,,Cd-109-9178,
9407,0,2101,added,,Cd-109-9178,
9407,1,10,added,,Cd-109-9178,
9407,1,11,added,,Cd-109-9178,
9407,1,18,added,,Cd-109-9178,
9407,1,71,added,,Bi-207-8890,
9407,1,75,added,,Bi-207-9177,
9407,1,2036,added,,Bi-207-8890,
9407,1,2039,added,,Bi-207-9177,
9407,1,2040,added,,Bi-207-9177,
9407,1,2043,added,,Bi-207-9176,
9407,1,2044,added,,Bi-207-9176,
9407,1,2047,added,,Bi-207-8890,
9407,1,2048,added,,Bi-207-8890,
9407,1,2051,added,,Bi-207-9177,
9407,1,2052,added,,Bi-207-9177,
9407,1,2054,added,,Bi-207-9176,
9407,1,2055,added,,Bi-207-9176,
9407,1,2056,added,,Bi-207-9176,
9407,1,2060,added,,Bi-207-8890,
9407,1,2067,added,,Bi-207-9176,
9407,1,2068,added,,Bi-207-9176,
9407,1,2084,added,,Sn-113-9183,
9407,1,2088,added,,Cd-109-9178,
9407,1,2094,added,,Sn-113-9183,
9407,1,2095,added,,Sn-113-9183,
9407,1,2098,added,,Cd-109-9178,
9407,1,2099,added,,Cd-109-9178,
9407,1,2101,added,,Ce-139-9179,
9407,1,2102,added,,Ce-139-9179,
9407,1,2107,added,,Cd-109-9178,
9407,1,2108,added,,Cd-109-9178,
9407,1,2111,added,,Ce-139-9179,
9407,1,2112,added,,Ce-139-9179,
9407,2,25,added,,Sn-113-9183,
9407,2,32,added,,Ce-139-9179,
9407,2,33,added,,Ce-139-9179,
9407,2,35,added,,Sn-113-9183,
9407,2,36,added,,Sn-113-9183,
9407,2,47,added,,Sn-113-9183,
9407,2,59,added,,Bi-207-8890,
9407,2,71,added,,Bi-207-8890,
9407,2,72,added,,Bi-207-8890,
9407,2,74,added,,Bi-207-9177,
9407,2,83,added,,Bi-207-8890,
9407,2,2028,added,,Bi-207-9177,
9407,2,2029,added,,Bi-207-9177,
9407,2,2032,added,,Bi-207-9176,
9407,2,2038,added,,Bi-207-9177,
9407,2,2039,added,,Bi-207-9177,
9407,2,2040,added,,Bi-207-9177,
9407,2,2042,added,,Bi-207-9176,
9407,2,2043,added,,Bi-207-9176,
9407,2,2054,added,,Bi-207-9176,
9407,2,2059,added,,Sn-113-9183,
9407,2,2060,added,,Sn-113-9183,
9407,2,2072,added,,Sn-113-9183,
9407,2,2073,added,,Sn-113-9183,
9407,2,2076,added,,Cd-109-9178,
9407,2,2079,added,,Ce-139-9179,
9407,2,2084,added,,Sn-113-9183,
9407,2,2087,added,,Cd-109-9178,
9407,2,2088,added,,Cd-109-9178,
9407,2,2090,added,,Ce-139-9179,
9407,2,2091,added,,Ce-139-9179,
9407,2,2097,added,,Cd-109-9178,
9407,2,2098,added,,Cd-109-9178,
9407,2,2101,added,,Ce-139-9179,
9407,3,17,added,,Sn-113-9183,
9407,3,24,added,,Ce-139-9179,
9407,3,47,added,,Bi-207-8890,
9407,3,53,added,,Bi-207-9177,
9407,3,2061,added,,Bi-207-8890,
9407,3,2065,added,,Bi-207-9177,
9407,3,2068,added,,Bi-207-9176,
9407,3,2069,added,,Bi-207-9176,
9407,3,2073,added,,Bi-207-8890,
9407,3,2074,added,,Bi-207-8890,
9407,3,2077,added,,Bi-207-9177,
9407,3,2078,added,,Bi-207-9177,
9407,3,2080,added,,Bi-207-9176,
9407,3,2081,added,,Bi-207-9176,
9407,3,2085,added,,Bi-207-8890,
9407,3,2089,added,,Bi-207-9177,
9407,3,2092,added,,Bi-207-9176,
9407,3,2095,added,,Sn-113-9183,
9407,3,2096,added,,Sn-113-9183,
9407,3,2105,added,,Sn-113-9183,
9407,3,2106,added,,Sn-113-9183,
9407,3,2108,added,,Cd-109-9178,
9407,3,2109,added,,Cd-109-9178,
9407,3,2117,added,,Cd-109-9178,
9407,3,2118,added,,Cd-109-9178,
9407,4,55,added,,Bi-207-9176,
9407,4,62,added,,Bi-207-9177,
9407,4,67,added,,Bi-207-9176,
9407,4,2047,added,,Bi-207-8890,
9407,4,2059,added,,Bi-207-8890,
9407,4,2060,added,,Bi-207-8890,
9407,4,2062,added,,Bi-207-9177,
9407,4,2063,added,,Bi-207-9177,
9407,4,2066,added,,Bi-207-9176,
9407,4,2067,added,,Bi-207-9176,
9407,4,2072,added,,Bi-207-8890,
9407,4,2075,added,,Bi-207-9177,
9407,4,2076,added,,Bi-207-9177,
9407,4,2078,added,,Bi-207-9176,
9407,4,2079,added,,Bi-207-9176,
9407,4,2090,added,,Bi-207-9176,
9407,4,2106,added,,Cd-109-9178,
9407,4,2107,added,,Cd-109-9178,
9407,4,2110,added,,Ce-139-9179,
9407,4,2111,added,,Ce-139-9179,
9407,4,2115,added,,Cd-109-9178,
9407,4,2116,added,,Cd-109-9178,
9407,4,2118,added,,Ce-139-9179,
9407,4,2119,added,,Ce-139-9179,
9407,5,4,added,,Cd-109-9178,
9407,5,25,added,,Sn-113-9183,
9407,5,33,added,,Ce-139-9179,
9407,5,34,added,,Ce-139-9179,
9407,5,35,added,,Sn-113-9183,
9407,5,36,added,,Sn-113-9183,
9407,5,43,added,,Ce-139-9179,
9407,5,44,added,,Ce-139-9179,
9407,5,45,added,,Ce-139-9179,
9407,5,59,added,,Bi-207-8890,
9407,5,65,added,,Bi-207-9177,
9407,5,69,added,,Bi-207-9176,
9407,5,2048,added,,Bi-207-8890,
9407,5,2060,added,,Bi-207-8890,
9407,5,2061,added,,Bi-207-8890,
9407,5,2064,added,,Bi-207-9177,
9407,5,2065,added,,Bi-207-9177,
9407,5,2068,added,,Bi-207-9176,
9407,5,2069,added,,Bi-207-9176,
9407,5,2073,added,,Bi-207-8890,
9407,5,2074,added,,Bi-207-8890,
9407,5,2077,added,,Bi-207-9177,
9407,5,2078,added,,Bi-207-9177,
9407,5,2080,added,,Bi-207-9176,
9407,5,2081,added,,Bi-207-9176,
9407,5,2095,added,,Sn-113-9183,
9407,5,2096,added,,Sn-113-9183,
9407,5,2105,added,,Sn-113-9183,
9407,5,2106,added,,Sn-113-9183,
9407,5,2108,added,,Cd-109-9178,
9407,5,2109,added,,Cd-109-9178,
9407,5,2117,added,,Cd-109-9178,
9407,5,2118,added,,Cd-109-9178,
9407,6,12,added,,Cd-109-9178,
9407,6,2049,added,,Bi-207-8890,
9407,6,2050,added,,Bi-207-8890,
9407,6,2053,added,,Bi-207-9177,
9407,6,2054,added,,Bi-207-9177,
9407,6,2056,added,,Bi-207-9176,
9407,6,2061,added,,Bi-207-8890,
9407,6,2062,added,,Bi-207-8890,
9407,6,2065,added,,Bi-207-9177,
9407,6,2066,added,,Bi-207-9177,
9407,6,2068,added,,Bi-207-9176,
9407,6,2069,added,,Bi-207-9176,
9407,6,2081,added,,Bi-207-9176,
9407,6,2096,added,,Sn-113-9183,
9407,6,2097,added,,Sn-113-9183,
9407,6,2100,added,,Cd-109-9178,
9407,6,2101,added,,Cd-109-9178,
9407,6,2105,added,,Sn-113-9183,
9407,6,2106,added,,Sn-113-9183,
9407,6,2109,added,,Cd-109-9178,
9407,6,2110,added,,Cd-109-9178,
9407,7,29,added,,Cd-109-9178,
9407,7,47,added,,Sn-113-9183,
9407,7,81,added,,Bi-207-9176,
9407,7,94,added,,Bi-207-8890,
9407,7,98,added,,Bi-207-9177,
9407,7,2017,added,,Bi-207-8890,
9407,7,2026,added,,Bi-207-8890,
9407,7,2027,added,,Bi-207-8890,
9407,7,2030,added,,Bi-207-9177,
9407,7,2031,added,,Bi-207-9177,
9407,7,2034,added,,Bi-207-9176,
9407,7,2037,added,,Bi-207-8890,
9407,7,2040,added,,Bi-207-9177,
9407,7,2041,added,,Bi-207-9177,
9407,7,2044,added,,Bi-207-9176,
9407,7,2045,added,,Bi-207-9176,
9407,7,2056,added,,Bi-207-9176,
9407,7,2073,added,,Sn-113-9183,
9407,7,2074,added,,Sn-113-9183,
9407,7,2077,added,,Cd-109-9178,
9407,7,2078,added,,Cd-109-9178,
9407,7,2080,added,,Ce-139-9179,
9407,7,2081,added,,Ce-139-9179,
9407,7,2084,added,,Sn-113-9183,
9407,7,2085,added,,Sn-113-9183,
9407,7,2088,added,,Cd-109-9178,
9407,7,2089,added,,Cd-109-9178,
9407,7,2090,added,,Cd-109-9178,
9407,7,2092,added,,Ce-139-9179,
9407,7,2099,added,,Cd-109-9178,
9407,7,2100,added,,Cd-109-9178,
9407,8,28,added,,Cd-109-9178,
9407,8,38,added,,Cd-109-9178,
9407,8,56,added,,Ce-139-9179,
9407,8,86,added,,Bi-207-9177,
9407,8,2017,added,,Bi-207-8890,
9407,8,2026,added,,Bi-207-8890,
9407,8,2027,added,,Bi-207-8890,
9407,8,2028,added,,Bi-207-9177,
9407,8,2029,added,,Bi-207-9177,
9407,8,2030,added,,Bi-207-9177,
9407,8,2032,added,,Bi-207-9176,
9407,8,2033,added,,Bi-207-9176,
9407,8,2037,added,,Bi-207-8890,
9407,8,2039,added,,Bi-207-9177,
9407,8,2040,added,,Bi-207-9177,
9407,8,2042,added,,Bi-207-9176,
9407,8,2043,added,,Bi-207-9176,
9407,8,2044,added,,Bi-207-9176,
9407,8,2054,added,,Bi-207-9176,
9407,8,2055,added,,Bi-207-9176,
9407,8,2060,added,,Sn-113-9183,
9407,8,2072,added,,Sn-113-9183,
9407,8,2073,added,,Sn-113-9183,
9407,8,2076,added,,Cd-109-9178,
9407,8,2077,added,,Cd-109-9178,
9407,8,2079,added,,Ce-139-9179,
9407,8,2080,added,,Ce-139-9179,
9407,8,2084,added,,Sn-113-9183,
9407,8,2087,added,,Cd-109-9178,
9407,8,2088,added,,Cd-109-9178,
9407,8,2090,added,,Ce-139-9179,
9407,8,2091,added,,Ce-139-9179,
9407,8,2092,added,,Ce-139-9179,
9407,8,2098,added,,Cd-109-9178,
9407,8,2101,added,,Ce-139-9179,
9407,8,2102,added,,Ce-139-9179,
9407,9,47,added,,Sn-113-9183,
9407,9,49,added,,Cd-109-9178,
9407,9,55,added,,Ce-139-9179,
9407,9,68,added,,Ce-139-9179,
9407,9,71,added,,Sn-113-9183,
9407,9,80,added,,Ce-139-9179,
9407,9,102,added,,Bi-207-9176,
9407,9,2010,added,,Bi-207-9177,
9407,9,2011,added,,Bi-207-9177,
9407,9,2014,added,,Bi-207-9176,
9407,9,2015,added,,Bi-207-9176,
9407,9,2019,added,,Bi-207-9177,
9407,9,2020,added,,Bi-207-9177,
9407,9,2022,added,,Bi-207-9176,
9407,9,2023,added,,Bi-207-9176,
9407,9,2032,added,,Bi-207-9176,
9407,9,2047,added,,Sn-113-9183,
9407,9,2050,added,,Cd-109-9178,
9407,9,2051,added,,Cd-109-9178,
9407,9,2054,added,,Ce-139-9179,
9407,9,2055,added,,Ce-139-9179,
9407,9,2059,added,,Sn-113-9183,
9407,9,2060,added,,Sn-113-9183,
9407,9,2063,added,,Cd-109-9178,
9407,9,2064,added,,Cd-109-9178,
9407,9,2066,added,,Ce-139-9179,
9407,9,2067,added,,Ce-139-9179,
9407,9,2068,added,,Ce-139-9179,
9407,9,2072,added,,Sn-113-9183,
9407,9,2075,added,,Cd-109-9178,
9407,9,2076,added,,Cd-109-9178,
9407,9,2079,added,,Ce-139-9179,
9407,9,2080,added,,Ce-139-9179,
9407,10,2009,added,,Bi-207-8890,
9407,10,2010,added,,Bi-207-8890,
9407,10,2012,added,,Bi-207-9177,
9407,10,2013,added,,Bi-207-9177,
9407,10,2017,added,,Bi-207-8890,
9407,10,2018,added,,Bi-207-8890,
9407,10,2021,added,,Bi-207-9177,
9407,10,2022,added,,Bi-207-9177,
9407,10,2048,added,,Sn-113-9183,
9407,10,2049,added,,Sn-113-9183,
9407,10,2053,added,,Cd-109-9178,
9407,10,2056,added,,Ce-139-9179,
9407,10,2061,added,,Sn-113-9183,
9407,10,2062,added,,Sn-113-9183,
9407,10,2065,added,,Cd-109-9178,
9407,10,2066,added,,Cd-109-9178,
9407,10,2068,added,,Ce-139-9179,
9407,10,2069,added,,Ce-139-9179,
9407,10,2077,added,,Cd-109-9178,
9407,10,2078,added,,Cd-109-9178,
9407,10,2081,added,,Ce-139-9179,
9407,11,44,added,,Ce-139-9179,
9407,11,80,added,,Bi-207-9176,
9407,11,86,added,,Bi-207-9177,
9407,11,91,added,,Bi-207-9176,
9407,11,2036,added,,Bi-207-8890,
9407,11,2039,added,,Bi-207-9177,
9407,11,2047,added,,Bi-207-8890,
9407,11,2048,added,,Bi-207-8890,
9407,11,2050,added,,Bi-207-9177,
9407,11,2051,added,,Bi-207-9177,
9407,11,2054,added,,Bi-207-9176,
9407,11,2055,added,,Bi-207-9176,
9407,11,2059,added,,Bi-207-8890,
9407,11,2060,added,,Bi-207-8890,
9407,11,2063,added,,Bi-207-9177,
9407,11,2066,added,,Bi-207-9176,
9407,11,2067,added,,Bi-207-9176,
9407,11,2084,added,,Sn-113-9183,
9407,11,2094,added,,Sn-113-9183,
9407,11,2095,added,,Sn-113-9183,
9407,11,2097,added,,Cd-109-9178,
9407,11,2098,added,,Cd-109-9178,
9407,11,2100,added,,Ce-139-9179,
9407,11,2101,added,,Ce-139-9179,
9407,11,2102,added,,Ce-139-9179,
9407,11,2107,added,,Cd-109-9178,
9407,11,2108,added,,Cd-109-9178,
9407,11,2110,added,,Ce-139-9179,
9407,11,2111,added,,Ce-139-9179,
9407,12,94,added,,Sn-113-9183,
9407,12,115,added,,Bi-207-9177,
9407,12,127,added,,Bi-207-9176,
9407,12,2004,added,,Bi-207-9177,
9407,12,2007,added,,Bi-207-9176,
9407,12,2011,added,,Bi-207-9177,
9407,12,2012,added,,Bi-207-9177,
9407,12,2014,added,,Bi-207-9176,
9407,12,2015,added,,Bi-207-9176,
9407,12,2036,added,,Sn-113-9183,
9407,12,2039,added,,Cd-109-9178,
9407,12,2040,added,,Cd-109-9178,
9407,12,2043,added,,Ce-139-9179,
9407,12,2044,added,,Ce-139-9179,
9407,12,2047,added,,Sn-113-9183,
9407,12,2048,added,,Sn-113-9183,
9407,12,2051,added,,Cd-109-9178,
9407,12,2052,added,,Cd-109-9178,
9407,12,2054,added,,Ce-139-9179,
9407,12,2055,added,,Ce-139-9179,
9407,12,2056,added,,Ce-139-9179,
9407,12,2067,added,,Ce-139-9179,
9407,13,50,added,,Cd-109-9178,
9407,13,69,added,,Ce-139-9179,
9407,13,92,added,,Bi-207-9176,
9407,13,97,added,,Bi-207-9177,
9407,13,104,added,,Bi-207-8890,
9407,13,2009,added,,Bi-207-8890,
9407,13,2011,added,,Bi-207-9177,
9407,13,2012,added,,Bi-207-9177,
9407,13,2017,added,,Bi-207-8890,
9407,13,2018,added,,Bi-207-8890,
9407,13,2019,added,,Bi-207-9177,
9407,13,2020,added,,Bi-207-9177,
9407,13,2024,added,,Bi-207-9176,
9407,13,2026,added,,Bi-207-8890,
9407,13,2027,added,,Bi-207-8890,
9407,13,2033,added,,Bi-207-9176,
9407,13,2034,added,,Bi-207-9176,
9407,13,2047,added,,Sn-113-9183,
9407,13,2059,added,,Sn-113-9183,
9407,13,2060,added,,Sn-113-9183,
9407,13,2064,added,,Cd-109-9178,
9407,13,2065,added,,Cd-109-9178,
9407,13,2068,added,,Ce-139-9179,
9407,13,2069,added,,Ce-139-9179,
9407,13,2072,added,,Sn-113-9183,
9407,13,2076,added,,Cd-109-9178,
9407,13,2077,added,,Cd-109-9178,
9407,13,2080,added,,Ce-139-9179,
9407,13,2081,added,,Ce-139-9179,
9407,14,96,added,,Sn-113-9183,
9407,14,113,added,,Bi-207-8890,
9407,14,121,added,,Bi-207-8890,
9407,14,126,added,,Bi-207-9177,
9407,14,2009,added,,Bi-207-8890,
9407,14,2010,added,,Bi-207-8890,
9407,14,2013,added,,Bi-207-9177,
9407,14,2014,added,,Bi-207-9177,
9407,14,2018,added,,Bi-207-8890,
9407,14,2021,added,,Bi-207-9177,
9407,14,2022,added,,Bi-207-9177,
9407,14,2037,added,,Sn-113-9183,
9407,14,2038,added,,Sn-113-9183,
9407,14,2049,added,,Sn-113-9183,
9407,14,2050,added,,Sn-113-9183,
9407,14,2053,added,,Cd-109-9178,
9407,14,2054,added,,Cd-109-9178,
9407,14,2065,added,,Cd-109-9178,
9407,14,2066,added,,Cd-109-9178,
9407,15,72,added,,Bi-207-8890,
9407,15,84,added,,Bi-207-8890,
9407,15,2037,added,,Bi-207-8890,
9407,15,2041,added,,Bi-207-9177,
9407,15,2048,added,,Bi-207-8890,
9407,15,2049,added,,Bi-207-8890,
9407,15,2052,added,,Bi-207-9177,
9407,15,2053,added,,Bi-207-9177,
9407,15,2056,added,,Bi-207-9176,
9407,15,2061,added,,Bi-207-8890,
9407,15,2064,added,,Bi-207-9177,
9407,15,2065,added,,Bi-207-9177,
9407,15,2068,added,,Bi-207-9176,
9407,15,2069,added,,Bi-207-9176,
9407,15,2095,added,,Sn-113-9183,
9407,15,2096,added,,Sn-113-9183,
9407,15,2099,added,,Cd-109-9178,
9407,15,2100,added,,Cd-109-9178,
9407,15,2105,added,,Sn-113-9183,
9407,15,2108,added,,Cd-109-9178,
9407,15,2109,added,,Cd-109-9178,
9407,15,2117,added,,Cd-109-9178,
9407,16,35,added,,Bi-207-8890,
9407,16,45,added,,Bi-207-9176,
9407,16,2084,added,,Sn-113-9183,
9407,16,2085,added,,Sn-113-9183,
9407,16,2094,added,,Sn-113-9183,
9407,16,2095,added,,Sn-113-9183,
9407,16,2099,added,,Cd-109-9178,
9407,16,2100,added,,Cd-109-9178,
9407,16,2102,added,,Ce-139-9179,
9407,16,2108,added,,Cd-109-9178,
9407,16,2109,added,,Cd-109-9178,
9407,16,2111,added,,Ce-139-9179,
9407,16,2112,added,,Ce-139-9179,
9407,17,80,added,,Ce-139-9179,
9407,17,114,added,,Bi-207-9177,
9407,17,126,added,,Bi-207-9176,
9407,17,2004,added,,Bi-207-9177,
9407,17,2007,added,,Bi-207-9176,
9407,17,2010,added,,Bi-207-9177,
9407,17,2011,added,,Bi-207-9177,
9407,17,2014,added,,Bi-207-9176,
9407,17,2015,added,,Bi-207-9176,
9407,17,2019,added,,Bi-207-9177,
9407,17,2036,added,,Sn-113-9183,
9407,17,2038,added,,Cd-109-9178,
9407,17,2039,added,,Cd-109-9178,
9407,17,2042,added,,Ce-139-9179,
9407,17,2043,added,,Ce-139-9179,
9407,17,2047,added,,Sn-113-9183,
9407,17,2048,added,,Sn-113-9183,
9407,17,2050,added,,Cd-109-9178,
9407,17,2051,added,,Cd-109-9178,
9407,17,2053,added,,Ce-139-9179,
9407,17,2054,added,,Ce-139-9179,
9407,17,2055,added,,Ce-139-9179,
9407,17,2059,added,,Sn-113-9183,
9407,17,2060,added,,Sn-113-9183,
9407,17,2063,added,,Cd-109-9178,
9407,17,2066,added,,Ce-139-9179,
9407,17,2067,added,,Ce-139-9179,
9407,18,11,added,,Cd-109-9178,
9407,18,12,added,,Cd-109-9178,
9407,18,25,added,,Sn-113-9183,
9407,18,45,added,,Ce-139-9179,
9407,18,59,added,,Bi-207-8890,
9407,18,69,added,,Bi-207-9176,
9407,18,2036,added,,Bi-207-8890,
9407,18,2037,added,,Bi-207-8890,
9407,18,2040,added,,Bi-207-9177,
9407,18,2041,added,,Bi-207-9177,
9407,18,2044,added,,Bi-207-9176,
9407,18,2047,added,,Bi-207-8890,
9407,18,2048,added,,Bi-207-8890,
9407,18,2051,added,,Bi-207-9177,
9407,18,2052,added,,Bi-207-9177,
9407,18,2055,added,,Bi-207-9176,
9407,18,2056,added,,Bi-207-9176,
9407,18,2068,added,,Bi-207-9176,
9407,18,2084,added,,Sn-113-9183,
9407,18,2085,added,,Sn-113-9183,
9407,18,2094,added,,Sn-113-9183,
9407,18,2095,added,,Sn-113-9183,
9407,18,2099,added,,Cd-109-9178,
9407,18,2100,added,,Cd-109-9178,
9407,18,2101,added,,Ce-139-9179,
9407,18,2102,added,,Ce-139-9179,
9407,18,2108,added,,Cd-109-9178,
9407,18,2109,added,,Cd-109-9178,
9407,18,2111,added,,Ce-139-9179,
9407,18,2112,added,,Ce-139-9179,
9409,0,26,added,,Sn-113-9183,
9409,0,2056,added,,Bi-207-9176,
9409,0,2061,added,,Bi-207-8890,
9409,0,2062,added,,Bi-207-8890,
9409,0,2065,added,,Bi-207-9177,
9409,0,2066,added,,Bi-207-9177,
9409,0,2068,added,,Bi-207-9176,
9409,0,2069,added,,Bi-207-9176,
9409,0,2074,added,,Bi-207-8890,
9409,0,2077,added,,Bi-207-9177,
9409,0,2078,added,,Bi-207-9177,
9409,0,2079,added,,Bi-207-9177,
9409,0,2081,added,,Bi-207-9176,
9409,0,2096,added,,Sn-113-9183,
9409,0,2097,added,,Sn-113-9183,
9409,0,2105,added,,Sn-113-9183,
9409,0,2106,added,,Sn-113-9183,
9409,0,2109,added,,Cd-109-9178,
9409,0,2110,added,,Cd-109-9178,
9409,0,2117,added,,Cd-109-9178,
9409,0,2118,added,,Cd-109-9178,
9409,0,2119,added,,Cd-109-9178,
9409,1,107,added,,Bi-207-9177,
9409,1,2004,added,,Bi-207-9177,
9409,1,2011,added,,Bi-207-9177,
9409,1,2012,added,,Bi-207-9177,
9409,1,2036,added,,Sn-113-9183,
9409,1,2037,added,,Sn-113-9183,
9409,1,2048,added,,Sn-113-9183,
9409,1,2049,added,,Sn-113-9183,
9409,1,2052,added,,Cd-109-9178,
9409,1,2053,added,,Cd-109-9178,
9409,1,2055,added,,Ce-139-9179,
9409,1,2056,added,,Ce-139-9179,
9409,1,2064,added,,Cd-109-9178,
9409,1,2065,added,,Cd-109-9178,
9409,1,2068,added,,Ce-139-9179,
9409,1,2069,added,,Ce-139-9179,
9409,2,55,added,,Ce-139-9179,
9409,2,90,added,,Bi-207-9176,
9409,2,2010,added,,Bi-207-9177,
9409,2,2011,added,,Bi-207-9177,
9409,2,2018,added,,Bi-207-9177,
9409,2,2019,added,,Bi-207-9177,
9409,2,2022,added,,Bi-207-9176,
9409,2,2023,added,,Bi-207-9176,
9409,2,2031,added,,Bi-207-9176,
9409,2,2032,added,,Bi-207-9176,
9409,2,2047,added,,Sn-113-9183,
9409,2,2059,added,,Sn-113-9183,
9409,2,2060,added,,Sn-113-9183,
9409,2,2062,added,,Cd-109-9178,
9409,2,2063,added,,Cd-109-9178,
9409,2,2064,added,,Cd-109-9178,
9409,2,2066,added,,Ce-139-9179,
9409,2,2067,added,,Ce-139-9179,
9409,2,2072,added,,Sn-113-9183,
9409,2,2075,added,,Cd-109-9178,
9409,2,2076,added,,Cd-109-9178,
9409,2,2078,added,,Ce-139-9179,
9409,2,2079,added,,Ce-139-9179,
9409,3,18,added,,Cd-109-9178,
9409,3,62,added,,Bi-207-9177,
9409,3,68,added,,Bi-207-9176,
9409,3,2059,added,,Bi-207-8890,
9409,3,2060,added,,Bi-207-8890,
9409,3,2063,added,,Bi-207-9177,
9409,3,2064,added,,Bi-207-9177,
9409,3,2072,added,,Bi-207-8890,
9409,3,2073,added,,Bi-207-8890,
9409,3,2075,added,,Bi-207-9177,
9409,3,2076,added,,Bi-207-9177,
9409,3,2079,added,,Bi-207-9176,
9409,3,2080,added,,Bi-207-9176,
9409,3,2087,added,,Bi-207-9177,
9409,3,2091,added,,Bi-207-9176,
9409,3,2107,added,,Cd-109-9178,
9409,3,2108,added,,Cd-109-9178,
9409,3,2115,added,,Cd-109-9178,
9409,3,2116,added,,Cd-109-9178,
9409,3,2117,added,,Cd-109-9178,
9409,4,25,added,,Sn-113-9183,
9409,4,2080,added,,Bi-207-9176,
9409,4,2081,added,,Bi-207-9176,
9409,4,2084,added,,Sn-113-9183,
9409,4,2085,added,,Sn-113-9183,
9409,4,2091,added,,Bi-207-9176,
9409,4,2092,added,,Bi-207-9176,
9409,4,2095,added,,Sn-113-9183,
9409,4,2096,added,,Sn-113-9183,
9409,4,2099,added,,Cd-109-9178,
9409,4,2100,added,,Cd-109-9178,
9409,4,2101,added,,Ce-139-9179,
9409,4,2102,added,,Ce-139-9179,
9409,4,2108,added,,Cd-109-9178,
9409,4,2109,added,,Cd-109-9178,
9409,4,2111,added,,Ce-139-9179,
9409,4,2112,added,,Ce-139-9179,
9409,5,86,added,,Cd-109-9178,
9409,5,2004,added,,Bi-207-9177,
9409,5,2011,added,,Bi-207-9177,
9409,5,2012,added,,Bi-207-9177,
9409,5,2014,added,,Bi-207-9176,
9409,5,2015,added,,Bi-207-9176,
9409,5,2022,added,,Bi-207-9176,
9409,5,2023,added,,Bi-207-9176,
9409,5,2036,added,,Sn-113-9183,
9409,5,2043,added,,Ce-139-9179,
9409,5,2047,added,,Sn-113-9183,
9409,5,2048,added,,Sn-113-9183,
9409,5,2050,added,,Cd-109-9178,
9409,5,2051,added,,Cd-109-9178,
9409,5,2052,added,,Cd-109-9178,
9409,5,2054,added,,Ce-139-9179,
9409,5,2055,added,,Ce-139-9179,
9409,5,2059,added,,Sn-113-9183,
9409,5,2060,added,,Sn-113-9183,
9409,5,2063,added,,Cd-109-9178,
9409,5,2064,added,,Cd-109-9178,
9409,5,2067,added,,Ce-139-9179,
9415,0,19,added,,Cd-109-9178,
9415,0,25,added,,Sn-113-9183,
9415,0,28,added,,Cd-109-9178,
9415,0,34,added,,Ce-139-9179,
9415,0,35,added,,Sn-113-9183,
9415,0,83,added,,Bi-207-8890,
9415,0,2026,added,,Bi-207-8890,
9415,0,2027,added,,Bi-207-8890,
9415,0,2030,added,,Bi-207-9177,
9415,0,2034,added,,Bi-207-9176,
9415,0,2036,added,,Bi-207-8890,
9415,0,2037,added,,Bi-207-8890,
9415,0,2040,added,,Bi-207-9177,
9415,0,2041,added,,Bi-207-9177,
9415,0,2044,added,,Bi-207-9176,
9415,0,2045,added,,Bi-207-9176,
9415,0,2051,added,,Bi-207-9177,
9415,0,2052,added,,Bi-207-9177,
9415,0,2055,added,,Bi-207-9176,
9415,0,2056,added,,Bi-207-9176,
9415,0,2080,added,,Ce-139-9179,
9415,0,2081,added,,Ce-139-9179,
9415,0,2084,added,,Sn-113-9183,
9415,0,2085,added,,Sn-113-9183,
9415,0,2088,added,,Cd-109-9178,
9415,0,2089,added,,Cd-109-9178,
9415,0,2091,added,,Ce-139-9179,
9415,0,2092,added,,Ce-139-9179,
9415,0,2094,added,,Sn-113-9183,
9415,0,2095,added,,Sn-113-9183,
9415,0,2098,added,,Cd-109-9178,
9415,0,2099,added,,Cd-109-9178,
9415,0,2100,added,,Cd-109-9178,
9415,0,2102,added,,Ce-139-9179,
9415,0,2108,added,,Cd-109-9178,
9415,0,2109,added,,Cd-109-9178,
9415,1,66,added,,Cd-109-9178,
9415,1,2009,added,,Bi-207-8890,
9415,1,2010,added,,Bi-207-8890,
9415,1,2013,added,,Bi-207-9177,
9415,1,2014,added,,Bi-207-9177,
9415,1,2017,added,,Bi-207-8890,
9415,1,2018,added,,Bi-207-8890,
9415,1,2019,added,,Bi-207-8890,
9415,1,2021,added,,Bi-207-9177,
9415,1,2022,added,,Bi-207-9177,
9415,1,2049,added,,Sn-113-9183,
9415,1,2050,added,,Sn-113-9183,
9415,1,2056,added,,Ce-139-9179,
9415,1,2061,added,,Sn-113-9183,
9415,1,2062,added,,Sn-113-9183,
9415,1,2065,added,,Cd-109-9178,
9415,1,2066,added,,Cd-109-9178,
9415,1,2067,added,,Cd-109-9178,
9415,1,2068,added,,Ce-139-9179,
9415,1,2069,added,,Ce-139-9179,
9415,1,2078,added,,Cd-109-9178,
9415,1,2079,added,,Cd-109-9178,
9415,1,2081,added,,Ce-139-9179,
9415,2,17,added,,Sn-113-9183,
9415,2,20,added,,Cd-109-9178,
9415,2,84,added,,Bi-207-8890,
9415,2,2037,added,,Bi-207-8890,
9415,2,2038,added,,Bi-207-8890,
9415,2,2041,added,,Bi-207-9177,
9415,2,2042,added,,Bi-207-9177,
9415,2,2044,added,,Bi-207-9176,
9415,2,2045,added,,Bi-207-9176,
9415,2,2048,added,,Bi-207-8890,
9415,2,2049,added,,Bi-207-8890,
9415,2,2052,added,,Bi-207-9177,
9415,2,2053,added,,Bi-207-9177,
9415,2,2056,added,,Bi-207-9176,
9415,2,2069,added,,Bi-207-9176,
9415,2,2085,added,,Sn-113-9183,
9415,2,2086,added,,Sn-113-9183,
9415,2,2095,added,,Sn-113-9183,
9415,2,2096,added,,Sn-113-9183,
9415,2,2099,added,,Cd-109-9178,
9415,2,2100,added,,Cd-109-9178,
9415,2,2101,added,,Cd-109-9178,
9415,2,2105,added,,Sn-113-9183,
9415,2,2109,added,,Cd-109-9178,
9415,2,2110,added,,Cd-109-9178,
9415,3,104,added,,Sn-113-9183,
9415,3,107,added,,Cd-109-9178,
9415,3,126,added,,Bi-207-9176,
9415,3,2020,added,,Cd-109-9178,
9415,3,2029,added,,Cd-109-9178,
9415,3,2030,added,,Cd-109-9178,
9415,3,2032,added,,Ce-139-9179,
9415,3,2033,added,,Ce-139-9179,
9415,3,2039,added,,Cd-109-9178,
9415,3,2040,added,,Cd-109-9178,
9415,3,2042,added,,Ce-139-9179,
9415,3,2043,added,,Ce-139-9179,
9415,3,2044,added,,Ce-139-9179,
9415,4,102,added,,Bi-207-9176,
9415,4,2028,added,,Bi-207-9177,
9415,4,2029,added,,Bi-207-9177,
9415,4,2032,added,,Bi-207-9176,
9415,4,2033,added,,Bi-207-9176,
9415,4,2039,added,,Bi-207-9177,
9415,4,2042,added,,Bi-207-9176,
9415,4,2043,added,,Bi-207-9176,
9415,4,2054,added,,Bi-207-9176,
9415,4,2059,added,,Sn-113-9183,
9415,4,2060,added,,Sn-113-9183,
9415,4,2072,added,,Sn-113-9183,
9415,4,2073,added,,Sn-113-9183,
9415,4,2076,added,,Cd-109-9178,
9415,4,2079,added,,Ce-139-9179,
9415,4,2080,added,,Ce-139-9179,
9415,4,2087,added,,Cd-109-9178,
9415,4,2088,added,,Cd-109-9178,
9415,4,2090,added,,Ce-139-9179,
9415,4,2091,added,,Ce-139-9179,
9415,4,2097,added,,Cd-109-9178,
9415,4,2098,added,,Cd-109-9178,
9415,4,2101,added,,Ce-139-9179,
9415,5,121,added,,Bi-207-8890,
9415,5,2009,added,,Bi-207-8890,
9415,5,2010,added,,Bi-207-8890,
9415,5,2012,added,,Bi-207-9177,
9415,5,2013,added,,Bi-207-9177,
9415,5,2014,added,,Bi-207-9177,
9415,5,2018,added,,Bi-207-8890,
9415,5,2021,added,,Bi-207-9177,
9415,5,2022,added,,Bi-207-9177,
9415,5,2037,added,,Sn-113-9183,
9415,5,2038,added,,Sn-113-9183,
9415,5,2048,added,,Sn-113-9183,
9415,5,2049,added,,Sn-113-9183,
9415,5,2050,added,,Sn-113-9183,
9415,5,2053,added,,Cd-109-9178,
9415,5,2054,added,,Cd-109-9178,
9415,5,2061,added,,Sn-113-9183,
9415,5,2065,added,,Cd-109-9178,
9415,5,2066,added,,Cd-109-9178,
9415,6,25,added,,Sn-113-9183,
9415,6,80,added,,Bi-207-9176,
9415,6,91,added,,Bi-207-9176,
9415,6,2038,added,,Bi-207-9177,
9415,6,2039,added,,Bi-207-9177,
9415,6,2042,added,,Bi-207-9176,
9415,6,2043,added,,Bi-207-9176,
9415,6,2050,added,,Bi-207-9177,
9415,6,2051,added,,Bi-207-9177,
9415,6,2053,added,,Bi-207-9176,
9415,6,2054,added,,Bi-207-9176,
9415,6,2055,added,,Bi-207-9176,
9415,6,2087,added,,Cd-109-9178,
9415,6,2097,added,,Cd-109-9178,
9415,6,2098,added,,Cd-109-9178,
9415,6,2100,added,,Ce-139-9179,
9415,6,2101,added,,Ce-139-9179,
9415,6,2102,added,,Ce-139-9179,
9415,6,2106,added,,Cd-109-9178,
9415,6,2107,added,,Cd-109-9178,
9415,6,2110,added,,Ce-139-9179,
9415,6,2111,added,,Ce-139-9179,
9415,7,18,added,,Cd-109-9178,
9415,7,2067,added,,Bi-207-9176,
9415,7,2068,added,,Bi-207-9176,
9415,7,2079,added,,Bi-207-9176,
9415,7,2080,added,,Bi-207-9176,
9415,7,2084,added,,Sn-113-9183,
9415,7,2091,added,,Bi-207-9176,
9415,7,2094,added,,Sn-113-9183,
9415,7,2095,added,,Sn-113-9183,
9415,7,2107,added,,Cd-109-9178,
9415,7,2108,added,,Cd-109-9178,
9415,7,2115,added,,Cd-109-9178,
9415,7,2116,added,,Cd-109-9178,
9415,7,2117,added,,Cd-109-9178,
9415,8,2,added,,Cd-109-9178,
9415,8,44,added,,Bi-207-9176,
9415,8,2059,added,,Bi-207-8890,
9415,8,2060,added,,Bi-207-8890,
9415,8,2072,added,,Bi-207-8890,
9415,8,2073,added,,Bi-207-8890,
9415,8,2075,added,,Bi-207-9177,
9415,8,2076,added,,Bi-207-9177,
9415,8,2087,added,,Bi-207-9177,
9415,8,2088,added,,Bi-207-9177,
9415,8,2090,added,,Bi-207-9176,
9415,8,2091,added,,Bi-207-9176,
9415,8,2092,added,,Bi-207-9176,
9415,8,2101,added,,Bi-207-9176,
9415,8,2102,added,,Bi-207-9176,
9415,8,2107,added,,Cd-109-9178,
9415,8,2108,added,,Cd-109-9178,
9415,8,2115,added,,Cd-109-9178,
9415,8,2116,added,,Cd-109-9178,
9415,8,2119,added,,Ce-139-9179,
9415,8,2127,added,,Ce-139-9179,
9415,9,3,added,,Cd-109-9178,
9415,9,9,added,,Cd-109-9178,
9415,9,24,added,,Ce-139-9179,
9415,9,62,added,,Bi-207-9177,
9415,9,68,added,,Bi-207-9176,
9415,9,2059,added,,Bi-207-8890,
9415,9,2060,added,,Bi-207-8890,
9415,9,2063,added,,Bi-207-9177,
9415,9,2064,added,,Bi-207-9177,
9415,9,2066,added,,Bi-207-9176,
9415,9,2067,added,,Bi-207-9176,
9415,9,2072,added,,Bi-207-8890,
9415,9,2075,added,,Bi-207-9177,
9415,9,2076,added,,Bi-207-9177,
9415,9,2079,added,,Bi-207-9176,
9415,9,2080,added,,Bi-207-9176,
9415,9,2107,added,,Cd-109-9178,
9415,9,2108,added,,Cd-109-9178,
9415,9,2110,added,,Ce-139-9179,
9415,9,2111,added,,Ce-139-9179,
9415,9,2115,added,,Cd-109-9178,
9415,9,2116,added,,Cd-109-9178,
9415,9,2119,added,,Ce-139-9179,
9415,10,30,added,,Cd-109-9178,
9415,10,2017,added,,Bi-207-8890,
9415,10,2020,added,,Bi-207-9177,
9415,10,2021,added,,Bi-207-9177,
9415,10,2026,added,,Bi-207-8890,
9415,10,2027,added,,Bi-207-8890,
9415,10,2030,added,,Bi-207-9177,
9415,10,2031,added,,Bi-207-9177,
9415,10,2033,added,,Bi-207-9176,
9415,10,2034,added,,Bi-207-9176,
9415,10,2037,added,,Bi-207-8890,
9415,10,2041,added,,Bi-207-9177,
9415,10,2044,added,,Bi-207-9176,
9415,10,2045,added,,Bi-207-9176,
9415,10,2061,added,,Sn-113-9183,
9415,10,2068,added,,Ce-139-9179,
9415,10,2069,added,,Ce-139-9179,
9415,10,2073,added,,Sn-113-9183,
9415,10,2074,added,,Sn-113-9183,
9415,10,2077,added,,Cd-109-9178,
9415,10,2078,added,,Cd-109-9178,
9415,10,2080,added,,Ce-139-9179,
9415,10,2081,added,,Ce-139-9179,
9415,10,2084,added,,Sn-113-9183,
9415,10,2085,added,,Sn-113-9183,
9415,10,2088,added,,Cd-109-9178,
9415,10,2089,added,,Cd-109-9178,
9415,10,2092,added,,Ce-139-9179,
9415,11,31,added,,Cd-109-9178,
9415,11,42,added,,Cd-109-9178,
9415,11,90,added,,Bi-207-9177,
9415,11,2017,added,,Bi-207-8890,
9415,11,2018,added,,Bi-207-8890,
9415,11,2026,added,,Bi-207-8890,
9415,11,2027,added,,Bi-207-8890,
9415,11,2028,added,,Bi-207-8890,
9415,11,2030,added,,Bi-207-9177,
9415,11,2031,added,,Bi-207-9177,
9415,11,2032,added,,Bi-207-9177,
9415,11,2034,added,,Bi-207-9176,
9415,11,2037,added,,Bi-207-8890,
9415,11,2038,added,,Bi-207-8890,
9415,11,2041,added,,Bi-207-9177,
9415,11,2042,added,,Bi-207-9177,
9415,11,2044,added,,Bi-207-9176,
9415,11,2045,added,,Bi-207-9176,
9415,11,2061,added,,Sn-113-9183,
9415,11,2062,added,,Sn-113-9183,
9415,11,2073,added,,Sn-113-9183,
9415,11,2074,added,,Sn-113-9183,
9415,11,2075,added,,Sn-113-9183,
9415,11,2077,added,,Cd-109-9178,
9415,11,2078,added,,Cd-109-9178,
9415,11,2079,added,,Cd-109-9178,
9415,11,2085,added,,Sn-113-9183,
9415,11,2086,added,,Sn-113-9183,
9415,11,2089,added,,Cd-109-9178,
9415,11,2090,added,,Cd-109-9178,
9415,12,86,added,,Cd-109-9178,
9415,12,107,added,,Cd-109-9178,
9415,12,126,added,,Bi-207-9176,
9415,12,2020,added,,Cd-109-9178,
9415,12,2028,added,,Cd-109-9178,
9415,12,2029,added,,Cd-109-9178,
9415,12,2030,added,,Cd-109-9178,
9415,12,2032,added,,Ce-139-9179,
9415,12,2033,added,,Ce-139-9179,
9415,12,2039,added,,Cd-109-9178,
9415,12,2040,added,,Cd-109-9178,
9415,12,2042,added,,Ce-139-9179,
9415,12,2043,added,,Ce-139-9179,
9416,0,2,added,,Cd-109-9178,
9416,0,14,added,,Ce-139-9179,
9416,0,28,added,,Bi-207-9177,
9416,0,2040,added,,Bi-207-9177,
9416,0,2041,added,,Bi-207-9177,
9416,0,2051,added,,Bi-207-9177,
9416,0,2052,added,,Bi-207-9177,
9416,0,2053,added,,Bi-207-9177,
9416,0,2065,added,,Bi-207-9177,
9416,0,2084,added,,Sn-113-9183,
9416,0,2085,added,,Sn-113-9183,
9416,0,2094,added,,Sn-113-9183,
9416,0,2095,added,,Sn-113-9183,
9416,0,2099,added,,Cd-109-9178,
9416,0,2100,added,,Cd-109-9178,
9416,0,2102,added,,Ce-139-9179,
9416,0,2108,added,,Cd-109-9178,
9416,0,2109,added,,Cd-109-9178,
9416,0,2111,added,,Ce-139-9179,
9416,0,2112,added,,Ce-139-9179,
9416,1,26,added,,Sn-113-9183,
9416,1,69,added,,Bi-207-9176,
9416,1,2049,added,,Bi-207-8890,
9416,1,2050,added,,Bi-207-8890,
9416,1,2053,added,,Bi-207-9177,
9416,1,2054,added,,Bi-207-9177,
9416,1,2056,added,,Bi-207-9176,
9416,1,2061,added,,Bi-207-8890,
9416,1,2062,added,,Bi-207-8890,
9416,1,2065,added,,Bi-207-9177,
9416,1,2066,added,,Bi-207-9177,
9416,1,2068,added,,Bi-207-9176,
9416,1,2069,added,,Bi-207-9176,
9416,1,2081,added,,Bi-207-9176,
9416,1,2096,added,,Sn-113-9183,
9416,1,2097,added,,Sn-113-9183,
9416,1,2100,added,,Cd-109-9178,
9416,1,2105,added,,Sn-113-9183,
9416,1,2106,added,,Sn-113-9183,
9416,1,2109,added,,Cd-109-9178,
9416,1,2110,added,,Cd-109-9178,
9416,1,2111,added,,Cd-109-9178,
9416,1,2118,added,,Cd-109-9178,
9416,1,2119,added,,Cd-109-9178,
9416,2,26,added,,Sn-113-9183,
9416,2,2027,added,,Bi-207-8890,
9416,2,2028,added,,Bi-207-8890,
9416,2,2031,added,,Bi-207-9177,
9416,2,2032,added,,Bi-207-9177,
9416,2,2034,added,,Bi-207-9176,
9416,2,2037,added,,Bi-207-8890,
9416,2,2038,added,,Bi-207-8890,
9416,2,2041,added,,Bi-207-9177,
9416,2,2042,added,,Bi-207-9177,
9416,2,2044,added,,Bi-207-9176,
9416,2,2045,added,,Bi-207-9176,
9416,2,2056,added,,Bi-207-9176,
9416,2,2074,added,,Sn-113-9183,
9416,2,2075,added,,Sn-113-9183,
9416,2,2078,added,,Cd-109-9178,
9416,2,2079,added,,Cd-109-9178,
9416,2,2085,added,,Sn-113-9183,
9416,2,2086,added,,Sn-113-9183,
9416,2,2089,added,,Cd-109-9178,
9416,2,2090,added,,Cd-109-9178,
9416,2,2091,added,,Cd-109-9178,
9416,2,2100,added,,Cd-109-9178,
9416,2,2101,added,,Cd-109-9178,
9416,3,66,added,,Cd-109-9178,
9416,3,104,added,,Bi-207-8890,
9416,3,108,added,,Bi-207-9177,
9416,3,2009,added,,Bi-207-8890,
9416,3,2010,added,,Bi-207-8890,
9416,3,2018,added,,Bi-207-8890,
9416,3,2019,added,,Bi-207-8890,
9416,3,2024,added,,Bi-207-9176,
9416,3,2033,added,,Bi-207-9176,
9416,3,2034,added,,Bi-207-9176,
9416,3,2044,added,,Bi-207-9176,
9464,6,2106,added,,Bi-207-8890,
9464,6,2107,added,,Bi-207-8890,
9464,6,2109,added,,Cd-109-9178,
9464,6,2110,added,,Cd-109-9178,
9464,6,2115,added,,Bi-207-8890,
9464,6,2116,added,,Bi-207-8890,
9464,6,2117,added,,Cd-109-9178,
9464,6,2118,added,,Cd-109-9178,
9464,7,2110,added,,Cd-109-9178,
9464,7,2118,added,,Cd-109-9178,
9464,7,2119,added,,Cd-109-9178,
9464,8,2107,added,,Bi-207-8890,
9464,8,2108,added,,Bi-207-8890,
9464,8,2110,added,,Cd-109-9178,
9464,8,2111,added,,Cd-109-9178,
9464,8,2115,added,,Bi-207-8890,
9464,8,2116,added,,Bi-207-8890,
9464,8,2118,added,,Cd-109-9178,
9464,8,2119,added,,Cd-109-9178,
9464,9,2,added,,Bi-207-8890,
9464,9,9,added,,Bi-207-8890,
9464,9,10,added,,Bi-207-8890,
9464,9,2097,added,,Bi-207-8890,
9464,9,2106,added,,Bi-207-8890,
9464,9,2107,added,,Bi-207-8890,
9464,9,2115,added,,Bi-207-8890,
9464,10,4,added,,Bi-207-8890,
9464,10,5,added,,Bi-207-8890,
9464,10,27,added,,Bi-207-9176,
9464,10,28,added,,Bi-207-9176,
9464,10,2106,added,,Bi-207-8890,
9464,10,2107,added,,Bi-207-8890,
9464,10,2110,added,,Cd-109-9178,
9464,10,2111,added,,Cd-109-9178,
9464,10,2115,added,,Bi-207-8890,
9464,10,2118,added,,Cd-109-9178,
9464,10,2119,added,,Cd-109-9178,
9464,11,2107,added,,Bi-207-8890,
9464,11,2108,added,,Bi-207-8890,
9464,11,2110,added,,Cd-109-9178,
9464,11,2111,added,,Cd-109-9178,
9464,11,2115,added,,Bi-207-8890,
9464,11,2116,added,,Bi-207-8890,
9464,11,2118,added,,Cd-109-9178,
9464,11,2119,added,,Cd-109-9178,
9464,12,17,added,,Bi-207-9176,
9464,12,26,added,,Bi-207-9176,
9464,12,27,added,,Bi-207-9176,
9464,12,37,added,,Bi-207-9176,
9464,12,2086,added,,Bi-207-9176,
9464,12,2095,added,,Bi-207-9176,
9464,12,2096,added,,Bi-207-9176,
9464,12,2097,added,,Bi-207-9176,
9464,12,2099,added,,Bi-207-8779,
9464,12,2100,added,,Bi-207-8779,
9464,12,2105,added,,Bi-207-9176,
9464,12,2106,added,,Bi-207-9176,
9464,12,2108,added,,Bi-207-8779,
9464,12,2109,added,,Bi-207-8779,
9464,13,17,added,,Bi-207-9176,
9464,13,18,added,,Bi-207-9176,
9464,13,27,added,,Bi-207-9176,
9464,13,28,added,,Bi-207-9176,
9464,13,32,added,,Bi-207-8779,
9464,13,38,added,,Bi-207-9176,
9464,13,2086,added,,Bi-207-9176,
9464,13,2087,added,,Bi-207-9176,
9464,13,2096,added,,Bi-207-9176,
9464,13,2097,added,,Bi-207-9176,
9464,13,2098,added,,Bi-207-9176,
9464,13,2100,added,,Bi-207-8779,
9464,13,2101,added,,Bi-207-8779,
9464,13,2106,added,,Bi-207-9176,
9464,13,2107,added,,Bi-207-9176,
9464,13,2109,added,,Bi-207-8779,
9464,13,2110,added,,Bi-207-8779,
9464,14,2086,added,,Bi-207-9176,
9464,14,2087,added,,Bi-207-9176,
9464,14,2097,added,,Bi-207-9176,
9464,14,2098,added,,Bi-207-9176,
9464,15,21,added,,Bi-207-8779,
9464,15,30,added,,Bi-207-8779,
9464,15,31,added,,Bi-207-8779,
9464,15,36,added,,Bi-207-9176,
9464,15,41,added,,Bi-207-8779,
9464,15,2074,added,,Bi-207-9176,
9464,15,2085,added,,Bi-207-9176,
9464,15,2086,added,,Bi-207-9176,
9464,15,2089,added,,Bi-207-8779,
9464,15,2090,added,,Bi-207-8779,
9464,15,2096,added,,Bi-207-9176,
9464,15,2097,added,,Bi-207-9176,
9464,15,2099,added,,Bi-207-8779,
9464,15,2100,added,,Bi-207-8779,
9464,16,37,added,,Bi-207-9176,
9464,16,2075,added,,Bi-207-9176,
9464,16,2086,added,,Bi-207-9176,
9464,16,2087,added,,Bi-207-9176,
9464,16,2089,added,,Bi-207-8779,
9464,16,2090,added,,Bi-207-8779,
9464,16,2091,added,,Bi-207-8779,
9464,16,2097,added,,Bi-207-9176,
9464,16,2098,added,,Bi-207-9176,
9464,16,2100,added,,Bi-207-8779,
9464,16,2101,added,,Bi-207-8779,
9464,17,28,added,,Bi-207-9176,
9464,17,38,added,,Bi-207-9176,
9464,17,39,added,,Bi-207-9176,
9464,17,50,added,,Bi-207-9176,
9464,17,2076,added,,Bi-207-9176,
9464,17,2086,added,,Bi-207-9176,
9464,17,2087,added,,Bi-207-9176,
9464,17,2088,added,,Bi-207-9176,
9464,17,2090,added,,Bi-207-8779,
9464,17,2091,added,,Bi-207-8779,
9464,17,2097,added,,Bi-207-9176,
9464,17,2098,added,,Bi-207-9176,
9464,17,2100,added,,Bi-207-8779,
9464,17,2101,added,,Bi-207-8779,
9464,18,37,added,,Bi-207-9176,
9464,18,48,added,,Bi-207-9176,
9464,18,49,added,,Bi-207-9176,
9464,18,61,added,,Bi-207-9176,
9464,18,2073,added,,Bi-207-9176,
9464,18,2074,added,,Bi-207-9176,
9464,18,2075,added,,Bi-207-9176,
9464,18,2085,added,,Bi-207-9176,
9464,18,2086,added,,Bi-207-9176,
9464,18,2110,added,,Cd-109-9178,
9464,18,2111,added,,Cd-109-9178,
9464,18,2118,added,,Cd-109-9178,
9464,18,2119,added,,Cd-109-9178,
9464,19,31,added,,Bi-207-8779,
9464,19,41,added,,Bi-207-8779,
9464,19,42,added,,Bi-207-8779,
9464,19,53,added,,Bi-207-8779,
9464,19,2074,added,,Bi-207-9176,
9464,19,2075,added,,Bi-207-9176,
9464,19,2076,added,,Bi-207-9176,
9464,19,2078,added,,Bi-207-8779,
9464,19,2079,added,,Bi-207-8779,
9464,19,2086,added,,Bi-207-9176,
9464,19,2087,added,,Bi-207-9176,
9464,19,2089,added,,Bi-207-8779,
9464,19,2090,added,,Bi-207-8779,
9464,19,2107,added,,Bi-207-8890,
9464,19,2108,added,,Bi-207-8890,
9464,19,2116,added,,Bi-207-8890,
9464,19,2117,added,,Bi-207-8890,
9464,20,38,added,,Bi-207-9176,
9464,20,49,added,,Bi-207-9176,
9464,20,2063,added,,Bi-207-9176,
9464,20,2075,added,,Bi-207-9176,
9464,20,2076,added,,Bi-207-9176,
9464,20,2078,added,,Bi-207-8779,
9464,20,2079,added,,Bi-207-8779,
9464,20,2080,added,,Bi-207-8779,
9464,20,2087,added,,Bi-207-9176,
9464,20,2088,added,,Bi-207-9176,
9464,20,2090,added,,Bi-207-8779,
9464,20,2091,added,,Bi-207-8779,
9464,20,2095,added,,Bi-207-9177,
9464,20,2096,added,,Bi-207-9177,
9464,20,2102,added,,Cd-109-9178,
9464,20,2105,added,,Bi-207-9177,
9464,20,2106,added,,Bi-207-9177,
9464,20,2108,added,,Bi-207-8890,
9464,20,2109,added,,Bi-207-8890,
9464,20,2111,added,,Cd-109-9178,
9464,20,2112,added,,Cd-109-9178,
9464,20,2116,added,,Bi-207-8890,
9464,20,2117,added,,Bi-207-8890,
9464,20,2118,added,,Bi-207-8890,
9464,21,60,added,,Bi-207-9176,
9464,21,2061,added,,Bi-207-9176,
9464,21,2062,added,,Bi-207-9176,
9464,21,2065,added,,Bi-207-8779,
9464,21,2066,added,,Bi-207-8779,
9464,21,2074,added,,Bi-207-9176,
9464,21,2075,added,,Bi-207-9176,
9464,21,2077,added,,Bi-207-8779,
9464,21,2078,added,,Bi-207-8779,
9464,21,2098,added,,Bi-207-8890,
9464,21,2101,added,,Cd-109-9178,
9464,21,2102,added,,Cd-109-9178,
9464,21,2106,added,,Bi-207-8890,
9464,21,2107,added,,Bi-207-8890,
9464,21,2108,added,,Bi-207-8890,
9464,21,2110,added,,Cd-109-9178,
9464,21,2111,added,,Cd-109-9178,
9464,21,2112,added,,Cd-109-9178,
9464,21,2115,added,,Bi-207-8890,
9464,21,2116,added,,Bi-207-8890,
9464,21,2119,added,,Cd-109-9178,
9464,22,61,added,,Bi-207-9176,
9464,22,2062,added,,Bi-207-9176,
9464,22,2063,added,,Bi-207-9176,
9464,22,2066,added,,Bi-207-8779,
9464,22,2067,added,,Bi-207-8779,
9464,22,2075,added,,Bi-207-9176,
9464,22,2076,added,,Bi-207-9176,
9464,22,2078,added,,Bi-207-8779,
9464,22,2079,added,,Bi-207-8779,
9464,22,2095,added,,Bi-207-9177,
9464,22,2096,added,,Bi-207-9177,
9464,22,2099,added,,Bi-207-8890,
9464,22,2105,added,,Bi-207-9177,
9464,22,2107,added,,Bi-207-8890,
9464,22,2108,added,,Bi-207-8890,
9464,22,2109,added,,Bi-207-8890,
9464,22,2116,added,,Bi-207-8890,
9464,22,2117,added,,Bi-207-8890,
9464,23,32,added,,Bi-207-8779,
9464,23,2063,added,,Bi-207-9176,
9464,23,2064,added,,Bi-207-9176,
9464,23,2066,added,,Bi-207-8779,
9464,23,2067,added,,Bi-207-8779,
9464,23,2075,added,,Bi-207-9176,
9464,23,2076,added,,Bi-207-9176,
9464,23,2078,added,,Bi-207-8779,
9464,23,2079,added,,Bi-207-8779,
9464,23,2080,added,,Bi-207-8779,
9464,23,2090,added,,Bi-207-8779,
9464,23,2091,added,,Bi-207-8779,
9464,23,2095,added,,Bi-207-9177,
9464,23,2096,added,,Bi-207-9177,
9464,23,2099,added,,Bi-207-8890,
9464,23,2105,added,,Bi-207-9177,
9464,23,2106,added,,Bi-207-9177,
9464,23,2108,added,,Bi-207-8890,
9464,23,2109,added,,Bi-207-8890,
9464,23,2117,added,,Bi-207-8890,
9464,23,2118,added,,Bi-207-8890,
9464,24,14,added,,Cd-109-9178,
9464,24,35,added,,Bi-207-9177,
9464,24,48,added,,Bi-207-9176,
9464,24,60,added,,Bi-207-9176,
9464,24,2049,added,,Bi-207-9176,
9464,24,2050,added,,Bi-207-9176,
9464,24,2052,added,,Bi-207-8779,
9464,24,2053,added,,Bi-207-8779,
9464,24,2061,added,,Bi-207-9176,
9464,24,2062,added,,Bi-207-9176,
9464,24,2065,added,,Bi-207-8779,
9464,24,2066,added,,Bi-207-8779,
9464,24,2078,added,,Bi-207-8779,
9464,24,2084,added,,Bi-207-9177,
9464,24,2087,added,,Bi-207-8890,
9464,24,2090,added,,Cd-109-9178,
9464,24,2091,added,,Cd-109-9178,
9464,24,2094,added,,Bi-207-9177,
9464,24,2095,added,,Bi-207-9177,
9464,24,2097,added,,Bi-207-8890,
9464,24,2098,added,,Bi-207-8890,
9464,24,2101,added,,Cd-109-9178,
9464,24,2102,added,,Cd-109-9178,
9464,24,2107,added,,Bi-207-8890,
9464,24,2108,added,,Bi-207-8890,
9464,24,2110,added,,Cd-109-9178,
9464,24,2111,added,,Cd-109-9178,
9464,25,25,added,,Bi-207-9177,
9464,25,36,added,,Bi-207-9177,
9464,25,2050,added,,Bi-207-9176,
9464,25,2051,added,,Bi-207-9176,
9464,25,2053,added,,Bi-207-8779,
9464,25,2054,added,,Bi-207-8779,
9464,25,2062,added,,Bi-207-9176,
9464,25,2063,added,,Bi-207-9176,
9464,25,2065,added,,Bi-207-8779,
9464,25,2066,added,,Bi-207-8779,
9464,25,2067,added,,Bi-207-8779,
9464,25,2078,added,,Bi-207-8779,
9464,25,2079,added,,Bi-207-8779,
9464,25,2084,added,,Bi-207-9177,
9464,25,2085,added,,Bi-207-9177,
9464,25,2088,added,,Bi-207-8890,
9464,25,2091,added,,Cd-109-9178,
9464,25,2092,added,,Cd-109-9178,
9464,25,2094,added,,Bi-207-9177,
9464,25,2095,added,,Bi-207-9177,
9464,25,2096,added,,Bi-207-9177,
9464,25,2098,added,,Bi-207-8890,
9464,25,2099,added,,Bi-207-8890,
9464,25,2101,added,,Cd-109-9178,
9464,25,2102,added,,Cd-109-9178,
9464,25,2105,added,,Bi-207-9177,
9464,25,2108,added,,Bi-207-8890,
9464,25,2109,added,,Bi-207-8890,
9464,25,2111,added,,Cd-109-9178,
9464,25,2112,added,,Cd-109-9178,
9464,26,25,added,,Bi-207-9177,
9464,26,36,added,,Bi-207-9177,
9464,26,2050,added,,Bi-207-9176,
9464,26,2051,added,,Bi-207-9176,
9464,26,2054,added,,Bi-207-8779,
9464,26,2063,added,,Bi-207-9176,
9464,26,2064,added,,Bi-207-9176,
9464,26,2066,added,,Bi-207-8779,
9464,26,2067,added,,Bi-207-8779,
9464,26,2079,added,,Bi-207-8779,
9464,26,2085,added,,Bi-207-9177,
9464,26,2089,added,,Bi-207-8890,
9464,26,2095,added,,Bi-207-9177,
9464,26,2096,added,,Bi-207-9177,
9464,26,2098,added,,Bi-207-8890,
9464,26,2099,added,,Bi-207-8890,
9464,26,2100,added,,Bi-207-8890,
9464,26,2105,added,,Bi-207-9177,
9464,26,2108,added,,Bi-207-8890,
9464,26,2109,added,,Bi-207-8890,
9464,27,31,added,,Cd-109-9178,
9464,27,2041,added,,Bi-207-8779,
9464,27,2042,added,,Bi-207-8779,
9464,27,2052,added,,Bi-207-8779,
9464,27,2053,added,,Bi-207-8779,
9464,27,2054,added,,Bi-207-8779,
9464,27,2065,added,,Bi-207-8779,
9464,27,2066,added,,Bi-207-8779,
9464,27,2080,added,,Cd-109-9178,
9464,27,2084,added,,Bi-207-9177,
9464,27,2085,added,,Bi-207-9177,
9464,27,2087,added,,Bi-207-8890,
9464,27,2088,added,,Bi-207-8890,
9464,27,2091,added,,Cd-109-9178,
9464,27,2092,added,,Cd-109-9178,
9464,27,2094,added,,Bi-207-9177,
9464,27,2095,added,,Bi-207-9177,
9464,27,2097,added,,Bi-207-8890,
9464,27,2098,added,,Bi-207-8890,
9464,27,2101,added,,Cd-109-9178,
9464,27,2102,added,,Cd-109-9178,
9464,28,25,added,,Bi-207-9177,
9464,28,35,added,,Bi-207-9177,
9464,28,2038,added,,Bi-207-9176,
9464,28,2039,added,,Bi-207-9176,
9464,28,2042,added,,Bi-207-8779,
9464,28,2049,added,,Bi-207-9176,
9464,28,2050,added,,Bi-207-9176,
9464,28,2051,added,,Bi-207-9176,
9464,28,2053,added,,Bi-207-8779,
9464,28,2054,added,,Bi-207-8779,
9464,28,2063,added,,Bi-207-9176,
9464,28,2066,added,,Bi-207-8779,
9464,28,2073,added,,Bi-207-9177,
9464,28,2084,added,,Bi-207-9177,
9464,28,2085,added,,Bi-207-9177,
9464,28,2087,added,,Bi-207-8890,
9464,28,2088,added,,Bi-207-8890,
9464,28,2089,added,,Bi-207-8890,
9464,28,2094,added,,Bi-207-9177,
9464,28,2095,added,,Bi-207-9177,
9464,28,2098,added,,Bi-207-8890,
9464,28,2099,added,,Bi-207-8890,
9464,29,2039,added,,Bi-207-9176,
9464,29,2040,added,,Bi-207-9176,
9464,29,2042,added,,Bi-207-8779,
9464,29,2043,added,,Bi-207-8779,
9464,29,2050,added,,Bi-207-9176,
9464,29,2051,added,,Bi-207-9176,
9464,29,2054,added,,Bi-207-8779,
9464,29,2055,added,,Bi-207-8779,
9464,29,2063,added,,Bi-207-9176,
9464,29,2067,added,,Bi-207-8779,
9464,29,2080,added,,Cd-109-9178,
9464,29,2084,added,,Bi-207-9177,
9464,29,2085,added,,Bi-207-9177,
9464,29,2086,added,,Bi-207-9177,
9464,29,2088,added,,Bi-207-8890,
9464,29,2089,added,,Bi-207-8890,
9464,29,2091,added,,Cd-109-9178,
9464,29,2092,added,,Cd-109-9178,
9464,29,2095,added,,Bi-207-9177,
9464,29,2096,added,,Bi-207-9177,
9464,29,2099,added,,Bi-207-8890,
9464,29,2100,added,,Bi-207-8890,
9464,29,2102,added,,Cd-109-9178,
9464,30,35,added,,Bi-207-9177,
9464,30,95,added,,Bi-207-9176,
9464,30,2027,added,,Bi-207-9176,
9464,30,2028,added,,Bi-207-9176,
9464,30,2031,added,,Bi-207-8779,
9464,30,2037,added,,Bi-207-9176,
9464,30,2038,added,,Bi-207-9176,
9464,30,2039,added,,Bi-207-9176,
9464,30,2041,added,,Bi-207-8779,
9464,30,2042,added,,Bi-207-8779,
9464,30,2052,added,,Bi-207-8779,
9464,30,2053,added,,Bi-207-8779,
9464,30,2060,added,,Bi-207-9177,
9464,30,2072,added,,Bi-207-9177,
9464,30,2073,added,,Bi-207-9177,
9464,30,2075,added,,Bi-207-8890,
9464,30,2076,added,,Bi-207-8890,
9464,30,2079,added,,Cd-109-9178,
9464,30,2080,added,,Cd-109-9178,
9464,30,2084,added,,Bi-207-9177,
9464,30,2087,added,,Bi-207-8890,
9464,30,2088,added,,Bi-207-8890,
9464,30,2090,added,,Cd-109-9178,
9464,30,2091,added,,Cd-109-9178,
9464,30,2092,added,,Cd-109-9178,
9464,30,2101,added,,Cd-109-9178,
9464,30,2102,added,,Cd-109-9178,
9464,31,32,added,,Cd-109-9178,
9464,31,35,added,,Bi-207-9177,
9464,31,96,added,,Bi-207-9176,
9464,31,2028,added,,Bi-207-9176,
9464,31,2029,added,,Bi-207-9176,
9464,31,2032,added,,Bi-207-8779,
9464,31,2038,added,,Bi-207-9176,
9464,31,2039,added,,Bi-207-9176,
9464,31,2042,added,,Bi-207-8779,
9464,31,2043,added,,Bi-207-8779,
9464,31,2050,added,,Bi-207-9176,
9464,31,2053,added,,Bi-207-8779,
9464,31,2054,added,,Bi-207-8779,
9464,31,2072,added,,Bi-207-9177,
9464,31,2073,added,,Bi-207-9177,
9464,31,2074,added,,Bi-207-9177,
9464,31,2076,added,,Bi-207-8890,
9464,31,2077,added,,Bi-207-8890,
9464,31,2080,added,,Cd-109-9178,
9464,31,2081,added,,Cd-109-9178,
9464,31,2084,added,,Bi-207-9177,
9464,31,2085,added,,Bi-207-9177,
9464,31,2087,added,,Bi-207-8890,
9464,31,2088,added,,Bi-207-8890,
9464,31,2089,added,,Bi-207-8890,
9464,31,2091,added,,Cd-109-9178,
9464,31,2092,added,,Cd-109-9178,
9464,32,47,added,,Bi-207-9177,
9464,32,96,added,,Bi-207-9176,
9464,32,2029,added,,Bi-207-9176,
9464,32,2032,added,,Bi-207-8779,
9464,32,2039,added,,Bi-207-9176,
9464,32,2040,added,,Bi-207-9176,
9464,32,2042,added,,Bi-207-8779,
9464,32,2043,added,,Bi-207-8779,
9464,32,2044,added,,Bi-207-8779,
9464,32,2051,added,,Bi-207-9176,
9464,32,2054,added,,Bi-207-8779,
9464,32,2055,added,,Bi-207-8779,
9464,32,2068,added,,Cd-109-9178,
9464,32,2069,added,,Cd-109-9178,
9464,32,2073,added,,Bi-207-9177,
9464,32,2074,added,,Bi-207-9177,
9464,32,2077,added,,Bi-207-8890,
9464,32,2078,added,,Bi-207-8890,
9464,32,2080,added,,Cd-109-9178,
9464,32,2081,added,,Cd-109-9178,
9464,32,2085,added,,Bi-207-9177,
9464,32,2086,added,,Bi-207-9177,
9464,32,2088,added,,Bi-207-8890,
9464,32,2089,added,,Bi-207-8890,
9464,32,2090,added,,Bi-207-8890,
9464,32,2092,added,,Cd-109-9178,
9464,33,42,added,,Cd-109-9178,
9464,33,53,added,,Cd-109-9178,
9464,33,2018,added,,Bi-207-9176,
9464,33,2021,added,,Bi-207-8779,
9464,33,2027,added,,Bi-207-9176,
9464,33,2028,added,,Bi-207-9176,
9464,33,2030,added,,Bi-207-8779,
9464,33,2031,added,,Bi-207-8779,
9464,33,2038,added,,Bi-207-9176,
9464,33,2041,added,,Bi-207-8779,
9464,33,2042,added,,Bi-207-8779,
9464,33,2059,added,,Bi-207-9177,
9464,33,2060,added,,Bi-207-9177,
9464,33,2063,added,,Bi-207-8890,
9464,33,2064,added,,Bi-207-8890,
9464,33,2066,added,,Cd-109-9178,
9464,33,2067,added,,Cd-109-9178,
9464,33,2068,added,,Cd-109-9178,
9464,33,2072,added,,Bi-207-9177,
9464,33,2073,added,,Bi-207-9177,
9464,33,2075,added,,Bi-207-8890,
9464,33,2076,added,,Bi-207-8890,
9464,33,2079,added,,Cd-109-9178,
9464,33,2080,added,,Cd-109-9178,
9464,34,59,added,,Bi-207-9177,
9464,34,2018,added,,Bi-207-9176,
9464,34,2019,added,,Bi-207-9176,
9464,34,2027,added,,Bi-207-9176,
9464,34,2028,added,,Bi-207-9176,
9464,34,2029,added,,Bi-207-9176,
9464,34,2031,added,,Bi-207-8779,
9464,34,2032,added,,Bi-207-8779,
9464,34,2039,added,,Bi-207-9176,
9464,34,2042,added,,Bi-207-8779,
9464,34,2043,added,,Bi-207-8779,
9464,34,2060,added,,Bi-207-9177,
9464,34,2061,added,,Bi-207-9177,
9464,34,2064,added,,Bi-207-8890,
9464,34,2065,added,,Bi-207-8890,
9464,34,2067,added,,Cd-109-9178,
9464,34,2068,added,,Cd-109-9178,
9464,34,2072,added,,Bi-207-9177,
9464,34,2073,added,,Bi-207-9177,
9464,34,2074,added,,Bi-207-9177,
9464,34,2076,added,,Bi-207-8890,
9464,34,2077,added,,Bi-207-8890,
9464,34,2080,added,,Cd-109-9178,
9464,34,2081,added,,Cd-109-9178,
9464,34,2088,added,,Bi-207-8890,
9464,34,2092,added,,Cd-109-9178,
9464,35,96,added,,Bi-207-9176,
9464,35,106,added,,Bi-207-9176,
9464,35,2019,added,,Bi-207-9176,
9464,35,2020,added,,Bi-207-9176,
9464,35,2028,added,,Bi-207-9176,
9464,35,2029,added,,Bi-207-9176,
9464,35,2032,added,,Bi-207-8779,
9464,35,2033,added,,Bi-207-8779,
9464,35,2039,added,,Bi-207-9176,
9464,35,2042,added,,Bi-207-8779,
9464,35,2043,added,,Bi-207-8779,
9464,35,2060,added,,Bi-207-9177,
9464,35,2061,added,,Bi-207-9177,
9464,35,2062,added,,Bi-207-9177,
9464,35,2064,added,,Bi-207-8890,
9464,35,2065,added,,Bi-207-8890,
9464,35,2068,added,,Cd-109-9178,
9464,35,2069,added,,Cd-109-9178,
9464,35,2073,added,,Bi-207-9177,
9464,35,2074,added,,Bi-207-9177,
9464,35,2077,added,,Bi-207-8890,
9464,35,2078,added,,Bi-207-8890,
9464,35,2080,added,,Cd-109-9178,
9464,35,2081,added,,Cd-109-9178,
9464,35,2092,added,,Cd-109-9178,
9464,36,53,added,,Cd-109-9178,
9464,36,71,added,,Bi-207-9177,
9464,36,75,added,,Bi-207-8890,
9464,36,2009,added,,Bi-207-9176,
9464,36,2010,added,,Bi-207-9176,
9464,36,2013,added,,Bi-207-8779,
9464,36,2017,added,,Bi-207-9176,
9464,36,2018,added,,Bi-207-9176,
9464,36,2019,added,,Bi-207-9176,
9464,36,2020,added,,Bi-207-8779,
9464,36,2021,added,,Bi-207-8779,
9464,36,2022,added,,Bi-207-8779,
9464,36,2027,added,,Bi-207-9176,
9464,36,2028,added,,Bi-207-9176,
9464,36,2030,added,,Bi-207-8779,
9464,36,2031,added,,Bi-207-8779,
9464,36,2047,added,,Bi-207-9177,
9464,36,2048,added,,Bi-207-9177,
9464,36,2050,added,,Bi-207-8890,
9464,36,2051,added,,Bi-207-8890,
9464,36,2054,added,,Cd-109-9178,
9464,36,2055,added,,Cd-109-9178,
9464,36,2059,added,,Bi-207-9177,
9464,36,2060,added,,Bi-207-9177,
9464,36,2063,added,,Bi-207-8890,
9464,36,2064,added,,Bi-207-8890,
9464,36,2066,added,,Cd-109-9178,
9464,36,2067,added,,Cd-109-9178,
9464,36,2068,added,,Cd-109-9178,
9464,36,2076,added,,Bi-207-8890,
9464,36,2079,added,,Cd-109-9178,
9464,36,2080,added,,Cd-109-9178,
9464,37,47,added,,Bi-207-9177,
9464,37,59,added,,Bi-207-9177,
9464,37,72,added,,Bi-207-9177,
9464,37,77,added,,Bi-207-8890,
9464,37,89,added,,Bi-207-8779,
9464,37,90,added,,Bi-207-8779,
9464,37,99,added,,Bi-207-8779,
9464,37,100,added,,Bi-207-8779,
9464,37,101,added,,Bi-207-8779,
9464,37,109,added,,Bi-207-8779,
9464,37,110,added,,Bi-207-8779,
9464,37,2010,added,,Bi-207-9176,
9464,37,2011,added,,Bi-207-9176,
9464,37,2018,added,,Bi-207-9176,
9464,37,2019,added,,Bi-207-9176,
9464,37,2021,added,,Bi-207-8779,
9464,37,2022,added,,Bi-207-8779,
9464,37,2023,added,,Bi-207-8779,
9464,37,2028,added,,Bi-207-9176,
9464,37,2031,added,,Bi-207-8779,
9464,37,2032,added,,Bi-207-8779,
9464,37,2047,added,,Bi-207-9177,
9464,37,2048,added,,Bi-207-9177,
9464,37,2051,added,,Bi-207-8890,
9464,37,2052,added,,Bi-207-8890,
9464,37,2055,added,,Cd-109-9178,
9464,37,2056,added,,Cd-109-9178,
9464,37,2060,added,,Bi-207-9177,
9464,37,2061,added,,Bi-207-9177,
9464,37,2063,added,,Bi-207-8890,
9464,37,2064,added,,Bi-207-8890,
9464,37,2065,added,,Bi-207-8890,
9464,37,2068,added,,Cd-109-9178,
9464,37,2069,added,,Cd-109-9178,
9464,37,2077,added,,Bi-207-8890,
9464,37,2081,added,,Cd-109-9178,
9464,38,79,added,,Bi-207-8779,
9464,38,80,added,,Bi-207-8779,
9464,38,90,added,,Bi-207-8779,
9464,38,91,added,,Bi-207-8779,
9464,38,92,added,,Bi-207-8779,
9464,38,101,added,,Bi-207-8779,
9464,38,102,added,,Bi-207-8779,
9464,38,2048,added,,Bi-207-9177,
9464,38,2049,added,,Bi-207-9177,
9464,38,2052,added,,Bi-207-8890,
9464,38,2053,added,,Bi-207-8890,
9464,38,2056,added,,Cd-109-9178,
9464,38,2060,added,,Bi-207-9177,
9464,38,2061,added,,Bi-207-9177,
9464,38,2062,added,,Bi-207-9177,
9464,38,2064,added,,Bi-207-8890,
9464,38,2065,added,,Bi-207-8890,
9464,38,2066,added,,Bi-207-8890,
9464,38,2068,added,,Cd-109-9178,
9464,38,2069,added,,Cd-109-9178,
9464,38,2077,added,,Bi-207-8890,
9464,39,59,added,,Bi-207-9177,
9464,39,71,added,,Bi-207-9177,
9464,39,83,added,,Bi-207-9177,
9464,39,2009,added,,Bi-207-9176,
9464,39,2010,added,,Bi-207-9176,
9464,39,2012,added,,Bi-207-8779,
9464,39,2013,added,,Bi-207-8779,
9464,39,2018,added,,Bi-207-9176,
9464,39,2021,added,,Bi-207-8779,
9464,39,2022,added,,Bi-207-8779,
9464,39,2036,added,,Bi-207-9177,
9464,39,2039,added,,Bi-207-8890,
9464,39,2040,added,,Bi-207-8890,
9464,39,2043,added,,Cd-109-9178,
9464,39,2047,added,,Bi-207-9177,
9464,39,2048,added,,Bi-207-9177,
9464,39,2050,added,,Bi-207-8890,
9464,39,2051,added,,Bi-207-8890,
9464,39,2052,added,,Bi-207-8890,
9464,39,2054,added,,Cd-109-9178,
9464,39,2055,added,,Cd-109-9178,
9464,39,2060,added,,Bi-207-9177,
9464,39,2063,added,,Bi-207-8890,
9464,39,2067,added,,Cd-109-9178,
9464,40,114,added,,Bi-207-9176,
9464,40,2010,added,,Bi-207-9176,
9464,40,2011,added,,Bi-207-9176,
9464,40,2013,added,,Bi-207-8779,
9464,40,2014,added,,Bi-207-8779,
9464,40,2018,added,,Bi-207-9176,
9464,40,2019,added,,Bi-207-9176,
9464,40,2021,added,,Bi-207-8779,
9464,40,2022,added,,Bi-207-8779,
9464,40,2023,added,,Bi-207-8779,
9464,40,2036,added,,Bi-207-9177,
9464,40,2037,added,,Bi-207-9177,
9464,40,2040,added,,Bi-207-8890,
9464,40,2041,added,,Bi-207-8890,
9464,40,2044,added,,Cd-109-9178,
9464,40,2047,added,,Bi-207-9177,
9464,40,2048,added,,Bi-207-9177,
9464,40,2049,added,,Bi-207-9177,
9464,40,2051,added,,Bi-207-8890,
9464,40,2052,added,,Bi-207-8890,
9464,40,2055,added,,Cd-109-9178,
9464,40,2056,added,,Cd-109-9178,
9464,40,2064,added,,Bi-207-8890,
9464,40,2068,added,,Cd-109-9178,
9464,41,72,added,,Bi-207-9177,
9464,41,94,added,,Bi-207-9177,
9464,41,2026,added,,Bi-207-9177,
9464,41,2027,added,,Bi-207-9177,
9464,41,2034,added,,Cd-109-9178,
9464,41,2036,added,,Bi-207-9177,
9464,41,2037,added,,Bi-207-9177,
9464,41,2044,added,,Cd-109-9178,
9464,41,2045,added,,Cd-109-9178,
9464,41,2048,added,,Bi-207-9177,
9464,41,2056,added,,Cd-109-9178,
9464,42,97,added,,Bi-207-9176,
9464,42,98,added,,Bi-207-9176,
9464,42,106,added,,Bi-207-9176,
9464,42,107,added,,Bi-207-9176,
9464,42,2004,added,,Bi-207-9176,
9464,42,2007,added,,Bi-207-8779,
9464,42,2011,added,,Bi-207-9176,
9464,42,2012,added,,Bi-207-9176,
9464,42,2014,added,,Bi-207-8779,
9464,42,2015,added,,Bi-207-8779,
9464,42,2026,added,,Bi-207-9177,
9464,42,2027,added,,Bi-207-9177,
9464,42,2030,added,,Bi-207-8890,
9464,42,2031,added,,Bi-207-8890,
9464,42,2034,added,,Cd-109-9178,
9464,42,2036,added,,Bi-207-9177,
9464,42,2037,added,,Bi-207-9177,
9464,42,2038,added,,Bi-207-9177,
9464,42,2040,added,,Bi-207-8890,
9464,42,2041,added,,Bi-207-8890,
9464,42,2042,added,,Bi-207-8890,
9464,42,2044,added,,Cd-109-9178,
9464,42,2045,added,,Cd-109-9178,
9464,42,2052,added,,Bi-207-8890,
9464,42,2053,added,,Bi-207-8890,
9464,42,2056,added,,Cd-109-9178,
9464,43,104,added,,Bi-207-9177,
9464,43,2032,added,,Cd-109-9178,
9464,43,2033,added,,Cd-109-9178,
9464,43,2042,added,,Cd-109-9178,
9464,43,2043,added,,Cd-109-9178,
9464,44,91,added,,Cd-109-9178,
9464,44,92,added,,Cd-109-9178,
9464,44,96,added,,Bi-207-9177,
9464,44,102,added,,Cd-109-9178,
9464,44,103,added,,Cd-109-9178,
9464,44,104,added,,Bi-207-9177,
9464,44,105,added,,Bi-207-9177,
9464,44,2017,added,,Bi-207-9177,
9464,44,2020,added,,Bi-207-8890,
9464,44,2026,added,,Bi-207-9177,
9464,44,2027,added,,Bi-207-9177,
9464,44,2029,added,,Bi-207-8890,
9464,44,2030,added,,Bi-207-8890,
9464,44,2033,added,,Cd-109-9178,
9464,44,2034,added,,Cd-109-9178,
9464,44,2037,added,,Bi-207-9177,
9464,44,2040,added,,Bi-207-8890,
9464,44,2044,added,,Cd-109-9178,
9464,44,2045,added,,Cd-109-9178,
9464,45,94,added,,Bi-207-9177,
9464,45,104,added,,Bi-207-9177,
9464,45,2004,added,,Bi-207-9176,
9464,45,2011,added,,Bi-207-9176,
9464,45,2012,added,,Bi-207-9176,
9464,45,2017,added,,Bi-207-9177,
9464,45,2018,added,,Bi-207-9177,
9464,45,2021,added,,Bi-207-8890,
9464,45,2026,added,,Bi-207-9177,
9464,45,2027,added,,Bi-207-9177,
9464,45,2030,added,,Bi-207-8890,
9464,45,2031,added,,Bi-207-8890,
9464,45,2033,added,,Cd-109-9178,
9464,45,2034,added,,Cd-109-9178,
9464,45,2037,added,,Bi-207-9177,
9464,45,2041,added,,Bi-207-8890,
9464,45,2044,added,,Cd-109-9178,
9464,45,2045,added,,Cd-109-9178,
9464,46,2010,added,,Bi-207-9176,
9464,46,2011,added,,Bi-207-9176,
9464,46,2014,added,,Bi-207-8779,
9464,46,2015,added,,Bi-207-8779,
9464,46,2019,added,,Bi-207-9176,
9464,46,2020,added,,Bi-207-9176,
9464,46,2022,added,,Bi-207-8779,
9464,46,2023,added,,Bi-207-8779,
9464,47,85,added,,Bi-207-9177,
9464,47,94,added,,Bi-207-9177,
9464,47,95,added,,Bi-207-9177,
9464,47,96,added,,Bi-207-9177,
9464,47,104,added,,Bi-207-9177,
9464,47,105,added,,Bi-207-9177,
9464,47,2009,added,,Bi-207-9177,
9464,47,2017,added,,Bi-207-9177,
9464,47,2018,added,,Bi-207-9177,
9464,47,2020,added,,Bi-207-8890,
9464,47,2021,added,,Bi-207-8890,
9464,47,2024,added,,Cd-109-9178,
9464,47,2026,added,,Bi-207-9177,
9464,47,2027,added,,Bi-207-9177,
9464,47,2029,added,,Bi-207-8890,
9464,47,2030,added,,Bi-207-8890,
9464,47,2033,added,,Cd-109-9178,
9464,47,2034,added,,Cd-109-9178,
9464,48,2004,added,,Bi-207-9176,
9464,48,2011,added,,Bi-207-9176,
9464,48,2012,added,,Bi-207-9176,
9464,48,2017,added,,Bi-207-9177,
9464,48,2018,added,,Bi-207-9177,
9464,48,2026,added,,Bi-207-9177,
9464,48,2027,added,,Bi-207-9177,
9464,49,106,added,,Bi-207-9176,
9464,49,111,added,,Bi-207-8779,
9464,49,119,added,,Bi-207-8779,
9464,49,120,added,,Bi-207-8779,
9464,49,126,added,,Bi-207-8779,
9464,49,127,added,,Bi-207-8779,
9464,50,119,added,,Bi-207-8779,
9464,50,120,added,,Bi-207-8779,
9464,50,126,added,,Bi-207-8779,
9464,50,127,added,,Bi-207-8779,
9464,50,2004,added,,Bi-207-9176,
9464,50,2007,added,,Bi-207-8779,
9464,50,2011,added,,Bi-207-9176,
9464,50,2012,added,,Bi-207-9176,
9464,50,2014,added,,Bi-207-8779,
9464,50,2015,added,,Bi-207-8779,
9464,50,2023,added,,Bi-207-8779,
9464,51,2004,added,,Bi-207-9176,
9464,51,2011,added,,Bi-207-9176,
9464,51,2012,added,,Bi-207-9176,
9464,52,118,added,,Bi-207-8779,
9464,52,119,added,,Bi-207-8779,
9464,52,126,added,,Bi-207-8779,
9464,52,127,added,,Bi-207-8779,
9464,52,2004,added,,Bi-207-9176,
9464,52,2007,added,,Bi-207-8779,
9464,52,2011,added,,Bi-207-9176,
9464,52,2012,added,,Bi-207-9176,
9464,52,2014,added,,Bi-207-8779,
9464,52,2015,added,,Bi-207-8779,
9464,53,2004,added,,Bi-207-9176,
9464,53,2011,added,,Bi-207-9176,
9464,53,2012,added,,Bi-207-9176,
9464,54,2004,added,,Bi-207-9176,
9464,54,2011,added,,Bi-207-9176,
9464,54,2012,added,,Bi-207-9176,
9464,55,6,added,,Cd-109-9178,
9464,55,9,added,,Bi-207-8890,
9464,55,10,added,,Bi-207-8890,
9464,55,17,added,,Bi-207-8890,
9464,55,18,added,,Bi-207-8890,
9464,55,21,added,,Cd-109-9178,
9464,55,2061,added,,Bi-207-9176,
9464,55,2073,added,,Bi-207-9176,
9464,55,2074,added,,Bi-207-9176,
9464,55,2076,added,,Bi-207-8779,
9464,55,2077,added,,Bi-207-8779,
9464,55,2078,added,,Bi-207-8779,
9464,55,2085,added,,Bi-207-9176,
9464,55,2088,added,,Bi-207-8779,
9464,55,2089,added,,Bi-207-8779,
9464,55,2106,added,,Bi-207-8890,
9464,55,2107,added,,Bi-207-8890,
9464,55,2110,added,,Cd-109-9178,
9464,55,2111,added,,Cd-109-9178,
9464,55,2115,added,,Bi-207-8890,
9464,55,2116,added,,Bi-207-8890,
9464,55,2118,added,,Cd-109-9178,
9464,55,2119,added,,Cd-109-9178,
9464,56,47,added,,Bi-207-9176,
9464,56,2048,added,,Bi-207-9176,
9464,56,2060,added,,Bi-207-9176,
9464,56,2061,added,,Bi-207-9176,
9464,56,2062,added,,Bi-207-9176,
9464,56,2064,added,,Bi-207-8779,
9464,56,2065,added,,Bi-207-8779,
9464,56,2073,added,,Bi-207-9176,
9464,56,2074,added,,Bi-207-9176,
9464,56,2076,added,,Bi-207-8779,
9464,56,2077,added,,Bi-207-8779,
9464,56,2097,added,,Bi-207-8890,
9464,56,2100,added,,Cd-109-9178,
9464,56,2101,added,,Cd-109-9178,
9464,56,2106,added,,Bi-207-8890,
9464,56,2107,added,,Bi-207-8890,
9464,56,2109,added,,Cd-109-9178,
9464,56,2110,added,,Cd-109-9178,
9464,56,2111,added,,Cd-109-9178,
9464,56,2115,added,,Bi-207-8890,
9464,56,2118,added,,Cd-109-9178,
9464,56,2119,added,,Cd-109-9178,
9464,57,72,added,,Bi-207-9176,
9464,57,2048,added,,Bi-207-9176,
9464,57,2049,added,,Bi-207-9176,
9464,57,2052,added,,Bi-207-8779,
9464,57,2053,added,,Bi-207-8779,
9464,57,2061,added,,Bi-207-9176,
9464,57,2062,added,,Bi-207-9176,
9464,57,2064,added,,Bi-207-8779,
9464,57,2065,added,,Bi-207-8779,
9464,57,2077,added,,Bi-207-8779,
9464,57,2084,added,,Bi-207-9177,
9464,57,2086,added,,Bi-207-8890,
9464,57,2087,added,,Bi-207-8890,
9464,57,2090,added,,Cd-109-9178,
9464,57,2091,added,,Cd-109-9178,
9464,57,2094,added,,Bi-207-9177,
9464,57,2095,added,,Bi-207-9177,
9464,57,2096,added,,Bi-207-8890,
9464,57,2097,added,,Bi-207-8890,
9464,57,2098,added,,Bi-207-8890,
9464,57,2100,added,,Cd-109-9178,
9464,57,2101,added,,Cd-109-9178,
9464,57,2106,added,,Bi-207-8890,
9464,57,2107,added,,Bi-207-8890,
9464,57,2110,added,,Cd-109-9178,
9464,58,22,added,,Cd-109-9178,
9464,58,25,added,,Bi-207-9177,
9464,58,60,added,,Bi-207-9176,
9464,58,72,added,,Bi-207-9176,
9464,58,2037,added,,Bi-207-9176,
9464,58,2038,added,,Bi-207-9176,
9464,58,2040,added,,Bi-207-8779,
9464,58,2041,added,,Bi-207-8779,
9464,58,2048,added,,Bi-207-9176,
9464,58,2049,added,,Bi-207-9176,
9464,58,2051,added,,Bi-207-8779,
9464,58,2052,added,,Bi-207-8779,
9464,58,2053,added,,Bi-207-8779,
9464,58,2075,added,,Bi-207-8890,
9464,58,2078,added,,Cd-109-9178,
9464,58,2079,added,,Cd-109-9178,
9464,58,2086,added,,Bi-207-8890,
9464,58,2087,added,,Bi-207-8890,
9464,58,2090,added,,Cd-109-9178,
9464,58,2091,added,,Cd-109-9178,
9464,58,2097,added,,Bi-207-8890,
9464,58,2100,added,,Cd-109-9178,
9464,58,2101,added,,Cd-109-9178,
9464,59,49,added,,Bi-207-8890,
9464,59,94,added,,Bi-207-9176,
9464,59,2030,added,,Bi-207-8779,
9464,59,2040,added,,Bi-207-8779,
9464,59,2041,added,,Bi-207-8779,
9464,59,2052,added,,Bi-207-8779,
9464,59,2059,added,,Bi-207-9177,
9464,59,2060,added,,Bi-207-9177,
9464,59,2066,added,,Cd-109-9178,
9464,59,2072,added,,Bi-207-9177,
9464,59,2073,added,,Bi-207-9177,
9464,59,2074,added,,Bi-207-8890,
9464,59,2075,added,,Bi-207-8890,
9464,59,2076,added,,Bi-207-8890,
9464,59,2078,added,,Cd-109-9178,
9464,59,2079,added,,Cd-109-9178,
9464,59,2080,added,,Cd-109-9178,
9464,59,2086,added,,Bi-207-8890,
9464,59,2087,added,,Bi-207-8890,
9464,59,2090,added,,Cd-109-9178,
9464,59,2091,added,,Cd-109-9178,
9464,60,85,added,,Bi-207-9176,
9464,60,96,added,,Bi-207-9176,
9464,60,105,added,,Bi-207-9176,
9464,60,2017,added,,Bi-207-9176,
9464,60,2018,added,,Bi-207-9176,
9464,60,2020,added,,Bi-207-8779,
9464,60,2021,added,,Bi-207-8779,
9464,60,2026,added,,Bi-207-9176,
9464,60,2027,added,,Bi-207-9176,
9464,60,2029,added,,Bi-207-8779,
9464,60,2030,added,,Bi-207-8779,
9464,60,2031,added,,Bi-207-8779,
9464,60,2040,added,,Bi-207-8779,
9464,60,2041,added,,Bi-207-8779,
9464,60,2047,added,,Bi-207-9177,
9464,60,2059,added,,Bi-207-9177,
9464,60,2060,added,,Bi-207-9177,
9464,60,2062,added,,Bi-207-8890,
9464,60,2063,added,,Bi-207-8890,
9464,60,2066,added,,Cd-109-9178,
9464,60,2067,added,,Cd-109-9178,
9464,60,2072,added,,Bi-207-9177,
9464,60,2074,added,,Bi-207-8890,
9464,60,2075,added,,Bi-207-8890,
9464,60,2076,added,,Bi-207-8890,
9464,60,2078,added,,Cd-109-9178,
9464,60,2079,added,,Cd-109-9178,
9464,60,2080,added,,Cd-109-9178,
9464,60,2090,added,,Cd-109-9178,
9464,61,53,added,,Cd-109-9178,
9464,61,54,added,,Cd-109-9178,
9464,61,94,added,,Bi-207-9176,
9464,61,109,added,,Bi-207-8779,
9464,61,2009,added,,Bi-207-9176,
9464,61,2011,added,,Bi-207-8779,
9464,61,2012,added,,Bi-207-8779,
9464,61,2017,added,,Bi-207-9176,
9464,61,2018,added,,Bi-207-9176,
9464,61,2020,added,,Bi-207-8779,
9464,61,2021,added,,Bi-207-8779,
9464,61,2027,added,,Bi-207-9176,
9464,61,2030,added,,Bi-207-8779,
9464,61,2047,added,,Bi-207-9177,
9464,61,2050,added,,Bi-207-8890,
9464,61,2051,added,,Bi-207-8890,
9464,61,2053,added,,Cd-109-9178,
9464,61,2054,added,,Cd-109-9178,
9464,61,2059,added,,Bi-207-9177,
9464,61,2060,added,,Bi-207-9177,
9464,61,2062,added,,Bi-207-8890,
9464,61,2063,added,,Bi-207-8890,
9464,61,2066,added,,Cd-109-9178,
9464,61,2067,added,,Cd-109-9178,
9464,62,2004,added,,Bi-207-8779,
9464,62,2009,added,,Bi-207-9176,
9464,62,2010,added,,Bi-207-9176,
9464,62,2011,added,,Bi-207-8779,
9464,62,2012,added,,Bi-207-8779,
9464,62,2017,added,,Bi-207-9176,
9464,62,2018,added,,Bi-207-9176,
9464,62,2036,added,,Bi-207-9177,
9464,62,2038,added,,Bi-207-8890,
9464,62,2039,added,,Bi-207-8890,
9464,62,2042,added,,Cd-109-9178,
9464,62,2043,added,,Cd-109-9178,
9464,62,2047,added,,Bi-207-9177,
9464,62,2048,added,,Bi-207-9177,
9464,62,2049,added,,Bi-207-8890,
9464,62,2050,added,,Bi-207-8890,
9464,62,2051,added,,Bi-207-8890,
9464,62,2053,added,,Cd-109-9178,
9464,62,2054,added,,Cd-109-9178,
9464,62,2055,added,,Cd-109-9178,
9464,62,2060,added,,Bi-207-9177,
9464,63,2004,added,,Bi-207-8779,
9464,63,2009,added,,Bi-207-9176,
9464,63,2010,added,,Bi-207-9176,
9464,63,2011,added,,Bi-207-8779,
9464,63,2012,added,,Bi-207-8779,
9464,63,2017,added,,Bi-207-9176,
9464,63,2018,added,,Bi-207-9176,
9464,63,2028,added,,Bi-207-8890,
9464,63,2032,added,,Cd-109-9178,
9464,63,2038,added,,Bi-207-8890,
9464,63,2039,added,,Bi-207-8890,
9464,63,2042,added,,Cd-109-9178,
9464,63,2043,added,,Cd-109-9178,
9464,63,2050,added,,Bi-207-8890,
9464,63,2054,added,,Cd-109-9178,
9464,64,2064,added,,Bi-207-9176,
9464,64,2076,added,,Bi-207-9176,
9464,64,2077,added,,Bi-207-9176,
9464,64,2079,added,,Bi-207-8779,
9464,64,2080,added,,Bi-207-8779,
9464,64,2081,added,,Bi-207-8779,
9464,64,2088,added,,Bi-207-9176,
9464,64,2089,added,,Bi-207-9176,
9464,64,2091,added,,Bi-207-8779,
9464,64,2092,added,,Bi-207-8779,
9464,64,2106,added,,Bi-207-9177,
9464,64,2107,added,,Bi-207-9177,
9464,64,2115,added,,Bi-207-9177,
9464,65,26,added,,Bi-207-9177,
9464,65,2064,added,,Bi-207-9176,
9464,65,2065,added,,Bi-207-9176,
9464,65,2067,added,,Bi-207-8779,
9464,65,2068,added,,Bi-207-8779,
9464,65,2076,added,,Bi-207-9176,
9464,65,2077,added,,Bi-207-9176,
9464,65,2079,added,,Bi-207-8779,
9464,65,2080,added,,Bi-207-8779,
9464,65,2081,added,,Bi-207-8779,
9464,65,2096,added,,Bi-207-9177,
9464,65,2097,added,,Bi-207-9177,
9464,65,2100,added,,Bi-207-8890,
9464,65,2105,added,,Bi-207-9177,
9464,65,2106,added,,Bi-207-9177,
9464,65,2107,added,,Bi-207-9177,
9464,65,2109,added,,Bi-207-8890,
9464,65,2110,added,,Bi-207-8890,
9464,65,2115,added,,Bi-207-9177,
9464,65,2118,added,,Bi-207-8890,
9464,66,26,added,,Bi-207-9177,
9464,66,2051,added,,Bi-207-9176,
9464,66,2052,added,,Bi-207-9176,
9464,66,2055,added,,Bi-207-8779,
9464,66,2056,added,,Bi-207-8779,
9464,66,2064,added,,Bi-207-9176,
9464,66,2065,added,,Bi-207-9176,
9464,66,2067,added,,Bi-207-8779,
9464,66,2068,added,,Bi-207-8779,
9464,66,2086,added,,Bi-207-9177,
9464,66,2087,added,,Bi-207-9177,
9464,66,2090,added,,Bi-207-8890,
9464,66,2096,added,,Bi-207-9177,
9464,66,2097,added,,Bi-207-9177,
9464,66,2099,added,,Bi-207-8890,
9464,66,2100,added,,Bi-207-8890,
9464,66,2101,added,,Bi-207-8890,
9464,66,2109,added,,Bi-207-8890,
9464,66,2110,added,,Bi-207-8890,
9464,67,91,added,,Bi-207-8779,
9464,67,92,added,,Bi-207-8779,
9464,67,2040,added,,Bi-207-9176,
9464,67,2041,added,,Bi-207-9176,
9464,67,2043,added,,Bi-207-8779,
9464,67,2044,added,,Bi-207-8779,
9464,67,2051,added,,Bi-207-9176,
9464,67,2052,added,,Bi-207-9176,
9464,67,2055,added,,Bi-207-8779,
9464,67,2056,added,,Bi-207-8779,
9464,67,2075,added,,Bi-207-9177,
9464,67,2078,added,,Bi-207-8890,
9464,67,2085,added,,Bi-207-9177,
9464,67,2086,added,,Bi-207-9177,
9464,67,2087,added,,Bi-207-9177,
9464,67,2089,added,,Bi-207-8890,
9464,67,2090,added,,Bi-207-8890,
9464,67,2096,added,,Bi-207-9177,
9464,67,2097,added,,Bi-207-9177,
9464,67,2100,added,,Bi-207-8890,
9464,67,2101,added,,Bi-207-8890,
9464,68,48,added,,Bi-207-9177,
9464,68,79,added,,Bi-207-8779,
9464,68,80,added,,Bi-207-8779,
9464,68,91,added,,Bi-207-8779,
9464,68,92,added,,Bi-207-8779,
9464,68,102,added,,Bi-207-8779,
9464,68,2029,added,,Bi-207-9176,
9464,68,2030,added,,Bi-207-9176,
9464,68,2033,added,,Bi-207-8779,
9464,68,2040,added,,Bi-207-9176,
9464,68,2041,added,,Bi-207-9176,
9464,68,2043,added,,Bi-207-8779,
9464,68,2044,added,,Bi-207-8779,
9464,68,2055,added,,Bi-207-8779,
9464,68,2062,added,,Bi-207-9177,
9464,68,2074,added,,Bi-207-9177,
9464,68,2075,added,,Bi-207-9177,
9464,68,2078,added,,Bi-207-8890,
9464,68,2079,added,,Bi-207-8890,
9464,68,2085,added,,Bi-207-9177,
9464,68,2086,added,,Bi-207-9177,
9464,68,2089,added,,Bi-207-8890,
9464,68,2090,added,,Bi-207-8890,
9464,69,48,added,,Bi-207-9177,
9464,69,2020,added,,Bi-207-9176,
9464,69,2021,added,,Bi-207-9176,
9464,69,2029,added,,Bi-207-9176,
9464,69,2030,added,,Bi-207-9176,
9464,69,2033,added,,Bi-207-8779,
9464,69,2040,added,,Bi-207-9176,
9464,69,2043,added,,Bi-207-8779,
9464,69,2044,added,,Bi-207-8779,
9464,69,2055,added,,Bi-207-8779,
9464,69,2062,added,,Bi-207-9177,
9464,69,2063,added,,Bi-207-9177,
9464,69,2065,added,,Bi-207-8890,
9464,69,2066,added,,Bi-207-8890,
9464,69,2074,added,,Bi-207-9177,
9464,69,2075,added,,Bi-207-9177,
9464,69,2078,added,,Bi-207-8890,
9464,69,2079,added,,Bi-207-8890,
9464,70,97,added,,Bi-207-9176,
9464,70,2011,added,,Bi-207-9176,
9464,70,2012,added,,Bi-207-9176,
9464,70,2015,added,,Bi-207-8779,
9464,70,2019,added,,Bi-207-9176,
9464,70,2020,added,,Bi-207-9176,
9464,70,2021,added,,Bi-207-9176,
9464,70,2023,added,,Bi-207-8779,
9464,70,2024,added,,Bi-207-8779,
9464,70,2033,added,,Bi-207-8779,
9464,70,2049,added,,Bi-207-9177,
9464,70,2050,added,,Bi-207-9177,
9464,70,2056,added,,Cd-109-9178,
9464,70,2062,added,,Bi-207-9177,
9464,70,2063,added,,Bi-207-9177,
9464,70,2068,added,,Cd-109-9178,
9464,70,2069,added,,Cd-109-9178,
9464,71,2004,added,,Bi-207-9176,
9464,71,2011,added,,Bi-207-9176,
9464,71,2012,added,,Bi-207-9176,
9464,71,2014,added,,Bi-207-8779,
9464,71,2015,added,,Bi-207-8779,
9464,71,2023,added,,Bi-207-8779,
9464,71,2024,added,,Bi-207-8779,
9464,71,2038,added,,Bi-207-9177,
9464,71,2039,added,,Bi-207-9177,
9464,71,2041,added,,Bi-207-8890,
9464,71,2042,added,,Bi-207-8890,
9464,71,2049,added,,Bi-207-9177,
9464,71,2050,added,,Bi-207-9177,
9464,71,2053,added,,Bi-207-8890,
9464,71,2054,added,,Bi-207-8890,
9464,71,2066,added,,Bi-207-8890,
9464,72,2004,added,,Bi-207-9176,
9464,72,2007,added,,Bi-207-8779,
9464,72,2011,added,,Bi-207-9176,
9464,72,2012,added,,Bi-207-9176,
9464,72,2014,added,,Bi-207-8779,
9464,72,2015,added,,Bi-207-8779,
9464,72,2023,added,,Bi-207-8779,
9464,72,2027,added,,Bi-207-9177,
9464,72,2028,added,,Bi-207-9177,
9464,72,2031,added,,Bi-207-8890,
9464,72,2032,added,,Bi-207-8890,
9464,72,2034,added,,Cd-109-9178,
9464,72,2037,added,,Bi-207-9177,
9464,72,2038,added,,Bi-207-9177,
9464,72,2039,added,,Bi-207-9177,
9464,72,2041,added,,Bi-207-8890,
9464,72,2042,added,,Bi-207-8890,
9464,72,2043,added,,Bi-207-8890,
9464,72,2044,added,,Cd-109-9178,
9464,72,2045,added,,Cd-109-9178,
9464,72,2049,added,,Bi-207-9177,
9464,72,2050,added,,Bi-207-9177,
9464,72,2053,added,,Bi-207-8890,
9464,72,2054,added,,Bi-207-8890,
9464,72,2056,added,,Cd-109-9178,
9464,74,2004,added,,Bi-207-9176,
9464,74,2011,added,,Bi-207-9176,
9464,74,2012,added,,Bi-207-9176,
9464,75,2009,added,,Bi-207-9177,
9464,75,2017,added,,Bi-207-9177,
9464,75,2018,added,,Bi-207-9177,
9464,75,2027,added,,Bi-207-9177,
9469,0,36,added,,Bi-207-9177,
9469,0,45,added,,Cd-109-9178,
9469,0,2039,added,,Bi-207-9176,
9469,0,2050,added,,Bi-207-9176,
9469,0,2051,added,,Bi-207-9176,
9469,0,2052,added,,Bi-207-9176,
9469,0,2054,added,,Bi-207-8779,
9469,0,2055,added,,Bi-207-8779,
9469,0,2063,added,,Bi-207-9176,
9469,0,2064,added,,Bi-207-9176,
9469,0,2066,added,,Bi-207-8779,
9469,0,2067,added,,Bi-207-8779,
9469,0,2080,added,,Cd-109-9178,
9469,0,2081,added,,Cd-109-9178,
9469,0,2085,added,,Bi-207-9177,
9469,0,2086,added,,Bi-207-9177,
9469,0,2089,added,,Bi-207-8890,
9469,0,2091,added,,Cd-109-9178,
9469,0,2092,added,,Cd-109-9178,
9469,0,2095,added,,Bi-207-9177,
9469,0,2096,added,,Bi-207-9177,
9469,0,2099,added,,Bi-207-8890,
9469,0,2100,added,,Bi-207-8890,
9469,0,2102,added,,Cd-109-9178,
9469,0,2109,added,,Bi-207-8890,
9469,1,26,added,,Bi-207-9177,
9469,1,42,added,,Bi-207-8779,
9469,1,43,added,,Bi-207-8779,
9469,1,54,added,,Bi-207-8779,
9469,1,55,added,,Bi-207-8779,
9469,1,67,added,,Bi-207-8779,
9469,1,76,added,,Bi-207-9176,
9469,1,2063,added,,Bi-207-9176,
9469,1,2064,added,,Bi-207-9176,
9469,1,2065,added,,Bi-207-9176,
9469,1,2067,added,,Bi-207-8779,
9469,1,2068,added,,Bi-207-8779,
9469,1,2076,added,,Bi-207-9176,
9469,1,2077,added,,Bi-207-9176,
9469,1,2079,added,,Bi-207-8779,
9469,1,2080,added,,Bi-207-8779,
9469,1,2096,added,,Bi-207-9177,
9469,1,2097,added,,Bi-207-9177,
9469,1,2100,added,,Bi-207-8890,
9469,1,2102,added,,Cd-109-9178,
9469,1,2105,added,,Bi-207-9177,
9469,1,2106,added,,Bi-207-9177,
9469,1,2109,added,,Bi-207-8890,
9469,1,2110,added,,Bi-207-8890,
9469,1,2111,added,,Cd-109-9178,
9469,1,2112,added,,Cd-109-9178,
9469,1,2118,added,,Bi-207-8890,
9469,2,34,added,,Cd-109-9178,
9469,2,97,added,,Bi-207-9176,
9469,2,2029,added,,Bi-207-9176,
9469,2,2030,added,,Bi-207-9176,
9469,2,2033,added,,Bi-207-8779,
9469,2,2039,added,,Bi-207-9176,
9469,2,2040,added,,Bi-207-9176,
9469,2,2041,added,,Bi-207-9176,
9469,2,2043,added,,Bi-207-8779,
9469,2,2044,added,,Bi-207-8779,
9469,2,2055,added,,Bi-207-8779,
9469,2,2062,added,,Bi-207-9177,
9469,2,2068,added,,Cd-109-9178,
9469,2,2074,added,,Bi-207-9177,
9469,2,2075,added,,Bi-207-9177,
9469,2,2080,added,,Cd-109-9178,
9469,2,2081,added,,Cd-109-9178,
9469,2,2085,added,,Bi-207-9177,
9469,2,2086,added,,Bi-207-9177,
9469,2,2092,added,,Cd-109-9178,
9469,3,2049,added,,Bi-207-9176,
9469,3,2050,added,,Bi-207-9176,
9469,3,2053,added,,Bi-207-8779,
9469,3,2054,added,,Bi-207-8779,
9469,3,2062,added,,Bi-207-9176,
9469,3,2063,added,,Bi-207-9176,
9469,3,2065,added,,Bi-207-8779,
9469,3,2066,added,,Bi-207-8779,
9469,3,2084,added,,Bi-207-9177,
9469,3,2085,added,,Bi-207-9177,
9469,3,2087,added,,Bi-207-8890,
9469,3,2088,added,,Bi-207-8890,
9469,3,2091,added,,Cd-109-9178,
9469,3,2092,added,,Cd-109-9178,
9469,3,2094,added,,Bi-207-9177,
9469,3,2095,added,,Bi-207-9177,
9469,3,2097,added,,Bi-207-8890,
9469,3,2098,added,,Bi-207-8890,
9469,3,2099,added,,Bi-207-8890,
9469,3,2101,added,,Cd-109-9178,
9469,3,2102,added,,Cd-109-9178,
9469,3,2107,added,,Bi-207-8890,
9469,3,2108,added,,Bi-207-8890,
9469,3,2111,added,,Cd-109-9178,
9469,3,2112,added,,Cd-109-9178,
9469,4,15,added,,Cd-109-9178,
9469,4,25,added,,Bi-207-9177,
9469,4,36,added,,Bi-207-9177,
9469,4,42,added,,Bi-207-8779,
9469,4,53,added,,Bi-207-8779,
9469,4,54,added,,Bi-207-8779,
9469,4,66,added,,Bi-207-8779,
9469,4,2062,added,,Bi-207-9176,
9469,4,2063,added,,Bi-207-9176,
9469,4,2066,added,,Bi-207-8779,
9469,4,2067,added,,Bi-207-8779,
9469,4,2075,added,,Bi-207-9176,
9469,4,2076,added,,Bi-207-9176,
9469,4,2078,added,,Bi-207-8779,
9469,4,2079,added,,Bi-207-8779,
9469,4,2095,added,,Bi-207-9177,
9469,4,2096,added,,Bi-207-9177,
9469,4,2102,added,,Cd-109-9178,
9469,4,2105,added,,Bi-207-9177,
9469,4,2108,added,,Bi-207-8890,
9469,4,2109,added,,Bi-207-8890,
9469,4,2111,added,,Cd-109-9178,
9469,4,2112,added,,Cd-109-9178,
9469,4,2116,added,,Bi-207-8890,
9469,4,2117,added,,Bi-207-8890,
9469,5,84,added,,Bi-207-9176,
9469,5,95,added,,Bi-207-9176,
9469,5,2027,added,,Bi-207-9176,
9469,5,2028,added,,Bi-207-9176,
9469,5,2037,added,,Bi-207-9176,
9469,5,2038,added,,Bi-207-9176,
9469,5,2040,added,,Bi-207-8779,
9469,5,2041,added,,Bi-207-8779,
9469,5,2042,added,,Bi-207-8779,
9469,5,2049,added,,Bi-207-9176,
9469,5,2052,added,,Bi-207-8779,
9469,5,2053,added,,Bi-207-8779,
9469,5,2060,added,,Bi-207-9177,
9469,5,2072,added,,Bi-207-9177,
9469,5,2073,added,,Bi-207-9177,
9469,5,2075,added,,Bi-207-8890,
9469,5,2076,added,,Bi-207-8890,
9469,5,2079,added,,Cd-109-9178,
9469,5,2080,added,,Cd-109-9178,
9469,5,2084,added,,Bi-207-9177,
9469,5,2086,added,,Bi-207-8890,
9469,5,2087,added,,Bi-207-8890,
9469,5,2088,added,,Bi-207-8890,
9469,5,2090,added,,Cd-109-9178,
9469,5,2091,added,,Cd-109-9178,
9469,5,2092,added,,Cd-109-9178,
9469,5,2101,added,,Cd-109-9178,
9469,5,2102,added,,Cd-109-9178,
9469,6,83,added,,Bi-207-9177,
9469,6,98,added,,Bi-207-8890,
9469,6,121,added,,Bi-207-9176,
9469,6,2010,added,,Bi-207-9176,
9469,6,2011,added,,Bi-207-9176,
9469,6,2013,added,,Bi-207-8779,
9469,6,2014,added,,Bi-207-8779,
9469,6,2018,added,,Bi-207-9176,
9469,6,2019,added,,Bi-207-9176,
9469,6,2021,added,,Bi-207-8779,
9469,6,2022,added,,Bi-207-8779,
9469,6,2036,added,,Bi-207-9177,
9469,6,2037,added,,Bi-207-9177,
9469,6,2040,added,,Bi-207-8890,
9469,6,2041,added,,Bi-207-8890,
9469,6,2043,added,,Cd-109-9178,
9469,6,2044,added,,Cd-109-9178,
9469,6,2045,added,,Cd-109-9178,
9469,6,2047,added,,Bi-207-9177,
9469,6,2048,added,,Bi-207-9177,
9469,6,2049,added,,Bi-207-9177,
9469,6,2051,added,,Bi-207-8890,
9469,6,2052,added,,Bi-207-8890,
9469,6,2055,added,,Cd-109-9178,
9469,6,2056,added,,Cd-109-9178,
9469,7,44,added,,Cd-109-9178,
9469,7,45,added,,Cd-109-9178,
9469,7,55,added,,Cd-109-9178,
9469,7,2019,added,,Bi-207-9176,
9469,7,2020,added,,Bi-207-9176,
9469,7,2022,added,,Bi-207-8779,
9469,7,2023,added,,Bi-207-8779,
9469,7,2028,added,,Bi-207-9176,
9469,7,2029,added,,Bi-207-9176,
9469,7,2032,added,,Bi-207-8779,
9469,7,2033,added,,Bi-207-8779,
9469,7,2042,added,,Bi-207-8779,
9469,7,2043,added,,Bi-207-8779,
9469,7,2048,added,,Bi-207-9177,
9469,7,2049,added,,Bi-207-9177,
9469,7,2052,added,,Bi-207-8890,
9469,7,2053,added,,Bi-207-8890,
9469,7,2056,added,,Cd-109-9178,
9469,7,2060,added,,Bi-207-9177,
9469,7,2061,added,,Bi-207-9177,
9469,7,2062,added,,Bi-207-9177,
9469,7,2064,added,,Bi-207-8890,
9469,7,2065,added,,Bi-207-8890,
9469,7,2068,added,,Cd-109-9178,
9469,7,2069,added,,Cd-109-9178,
9469,7,2073,added,,Bi-207-9177,
9469,7,2074,added,,Bi-207-9177,
9469,7,2077,added,,Bi-207-8890,
9469,7,2078,added,,Bi-207-8890,
9469,7,2081,added,,Cd-109-9178,
9469,8,41,added,,Bi-207-8890,
9469,8,2028,added,,Bi-207-9176,
9469,8,2029,added,,Bi-207-9176,
9469,8,2032,added,,Bi-207-8779,
9469,8,2038,added,,Bi-207-9176,
9469,8,2039,added,,Bi-207-9176,
9469,8,2042,added,,Bi-207-8779,
9469,8,2043,added,,Bi-207-8779,
9469,8,2050,added,,Bi-207-9176,
9469,8,2053,added,,Bi-207-8779,
9469,8,2054,added,,Bi-207-8779,
9469,8,2072,added,,Bi-207-9177,
9469,8,2073,added,,Bi-207-9177,
9469,8,2074,added,,Bi-207-9177,
9469,8,2080,added,,Cd-109-9178,
9469,8,2081,added,,Cd-109-9178,
9469,8,2084,added,,Bi-207-9177,
9469,8,2085,added,,Bi-207-9177,
9469,8,2091,added,,Cd-109-9178,
9469,8,2092,added,,Cd-109-9178,
9469,8,2102,added,,Cd-109-9178,
9469,9,14,added,,Cd-109-9178,
9469,9,15,added,,Cd-109-9178,
9469,9,20,added,,Bi-207-8890,
9469,9,24,added,,Cd-109-9178,
9469,9,30,added,,Bi-207-8890,
9469,9,2075,added,,Bi-207-9176,
9469,9,2076,added,,Bi-207-9176,
9469,9,2079,added,,Bi-207-8779,
9469,9,2087,added,,Bi-207-9176,
9469,9,2088,added,,Bi-207-9176,
9469,9,2090,added,,Bi-207-8779,
9469,9,2091,added,,Bi-207-8779,
9469,9,2095,added,,Bi-207-9177,
9469,9,2096,added,,Bi-207-9177,
9469,9,2098,added,,Bi-207-8890,
9469,9,2099,added,,Bi-207-8890,
9469,9,2101,added,,Bi-207-8779,
9469,9,2102,added,,Cd-109-9178,
9469,9,2105,added,,Bi-207-9177,
9469,9,2106,added,,Bi-207-9177,
9469,9,2107,added,,Bi-207-8890,
9469,9,2108,added,,Bi-207-8890,
9469,9,2111,added,,Cd-109-9178,
9469,9,2112,added,,Cd-109-9178,
9469,10,62,added,,Bi-207-8890,
9469,10,75,added,,Bi-207-8890,
9469,10,108,added,,Bi-207-8779,
9469,10,2018,added,,Bi-207-9176,
9469,10,2019,added,,Bi-207-9176,
9469,10,2021,added,,Bi-207-8779,
9469,10,2022,added,,Bi-207-8779,
9469,10,2027,added,,Bi-207-9176,
9469,10,2028,added,,Bi-207-9176,
9469,10,2030,added,,Bi-207-8779,
9469,10,2031,added,,Bi-207-8779,
9469,10,2032,added,,Bi-207-8779,
9469,10,2047,added,,Bi-207-9177,
9469,10,2048,added,,Bi-207-9177,
9469,10,2051,added,,Bi-207-8890,
9469,10,2054,added,,Cd-109-9178,
9469,10,2055,added,,Cd-109-9178,
9469,10,2059,added,,Bi-207-9177,
9469,10,2060,added,,Bi-207-9177,
9469,10,2061,added,,Bi-207-9177,
9469,10,2063,added,,Bi-207-8890,
9469,10,2064,added,,Bi-207-8890,
9469,10,2066,added,,Cd-109-9178,
9469,10,2067,added,,Cd-109-9178,
9469,10,2068,added,,Cd-109-9178,
9469,10,2072,added,,Bi-207-9177,
9469,10,2076,added,,Bi-207-8890,
9469,10,2079,added,,Cd-109-9178,
9469,10,2080,added,,Cd-109-9178,
9469,11,113,added,,Bi-207-9176,
9469,11,119,added,,Bi-207-8779,
9469,11,2011,added,,Bi-207-9176,
9469,11,2012,added,,Bi-207-9176,
9469,11,2019,added,,Bi-207-9176,
9469,11,2020,added,,Bi-207-9176,
9469,11,2026,added,,Bi-207-9177,
9469,11,2027,added,,Bi-207-9177,
9469,11,2030,added,,Bi-207-8890,
9469,11,2031,added,,Bi-207-8890,
9469,11,2033,added,,Cd-109-9178,
9469,11,2034,added,,Cd-109-9178,
9469,11,2037,added,,Bi-207-9177,
9469,11,2040,added,,Bi-207-8890,
9469,11,2041,added,,Bi-207-8890,
9469,11,2044,added,,Cd-109-9178,
9469,11,2045,added,,Cd-109-9178,
9469,12,67,added,,Cd-109-9178,
9469,12,68,added,,Cd-109-9178,
9469,12,80,added,,Cd-109-9178,
9469,12,81,added,,Cd-109-9178,
9469,12,85,added,,Bi-207-9177,
9469,12,92,added,,Cd-109-9178,
9469,12,106,added,,Bi-207-9176,
9469,12,117,added,,Bi-207-8779,
9469,12,118,added,,Bi-207-8779,
9469,12,2009,added,,Bi-207-9176,
9469,12,2010,added,,Bi-207-9176,
9469,12,2012,added,,Bi-207-8779,
9469,12,2013,added,,Bi-207-8779,
9469,12,2018,added,,Bi-207-9176,
9469,12,2019,added,,Bi-207-9176,
9469,12,2021,added,,Bi-207-8779,
9469,12,2022,added,,Bi-207-8779,
9469,12,2026,added,,Bi-207-9177,
9469,12,2027,added,,Bi-207-9177,
9469,12,2029,added,,Bi-207-8890,
9469,12,2030,added,,Bi-207-8890,
9469,12,2036,added,,Bi-207-9177,
9469,12,2037,added,,Bi-207-9177,
9469,12,2039,added,,Bi-207-8890,
9469,12,2040,added,,Bi-207-8890,
9469,12,2043,added,,Cd-109-9178,
9469,12,2044,added,,Cd-109-9178,
9469,12,2055,added,,Cd-109-9178,
9469,12,2056,added,,Cd-109-9178,
9469,13,27,added,,Bi-207-9176,
9469,13,38,added,,Bi-207-9176,
9469,13,39,added,,Bi-207-9176,
9469,13,2086,added,,Bi-207-9176,
9469,13,2087,added,,Bi-207-9176,
9469,13,2096,added,,Bi-207-9176,
9469,13,2097,added,,Bi-207-9176,
9469,13,2107,added,,Bi-207-8890,
9469,13,2108,added,,Bi-207-8890,
9469,13,2110,added,,Cd-109-9178,
9469,13,2111,added,,Cd-109-9178,
9469,13,2115,added,,Bi-207-8890,
9469,13,2116,added,,Bi-207-8890,
9469,13,2118,added,,Cd-109-9178,
9469,13,2119,added,,Cd-109-9178,
9469,14,127,added,,Bi-207-8779,
9469,14,2004,added,,Bi-207-9176,
9469,14,2007,added,,Bi-207-8779,
9469,14,2011,added,,Bi-207-9176,
9469,14,2012,added,,Bi-207-9176,
9469,14,2014,added,,Bi-207-8779,
9469,14,2015,added,,Bi-207-8779,
9469,14,2021,added,,Bi-207-8890,
9469,14,2022,added,,Bi-207-8890,
9469,14,2024,added,,Cd-109-9178,
9469,14,2030,added,,Bi-207-8890,
9469,14,2031,added,,Bi-207-8890,
9469,14,2032,added,,Bi-207-8890,
9469,14,2033,added,,Cd-109-9178,
9469,14,2034,added,,Cd-109-9178,
9469,14,2041,added,,Bi-207-8890,
9469,14,2042,added,,Bi-207-8890,
9469,14,2044,added,,Cd-109-9178,
9469,15,14,added,,Cd-109-9178,
9469,15,19,added,,Bi-207-8890,
9469,15,20,added,,Bi-207-8890,
9469,15,25,added,,Bi-207-9177,
9469,15,28,added,,Bi-207-8890,
9469,15,29,added,,Bi-207-8890,
9469,15,35,added,,Bi-207-9177,
9469,15,39,added,,Bi-207-8890,
9469,15,48,added,,Bi-207-9176,
9469,15,2061,added,,Bi-207-9176,
9469,15,2062,added,,Bi-207-9176,
9469,15,2065,added,,Bi-207-8779,
9469,15,2066,added,,Bi-207-8779,
9469,15,2074,added,,Bi-207-9176,
9469,15,2075,added,,Bi-207-9176,
9469,15,2077,added,,Bi-207-8779,
9469,15,2078,added,,Bi-207-8779,
9469,15,2084,added,,Bi-207-9177,
9469,15,2094,added,,Bi-207-9177,
9469,15,2095,added,,Bi-207-9177,
9469,15,2101,added,,Cd-109-9178,
9469,15,2102,added,,Cd-109-9178,
9469,15,2107,added,,Bi-207-8890,
9469,15,2108,added,,Bi-207-8890,
9469,15,2110,added,,Cd-109-9178,
9469,15,2111,added,,Cd-109-9178,
9469,15,2112,added,,Cd-109-9178,
9469,15,2115,added,,Bi-207-8890,
9469,15,2116,added,,Bi-207-8890,
9469,15,2119,added,,Cd-109-9178,
9469,16,13,added,,Bi-207-8890,
9469,16,49,added,,Bi-207-9176,
9469,16,2074,added,,Bi-207-9176,
9469,16,2075,added,,Bi-207-9176,
9469,16,2078,added,,Bi-207-8779,
9469,16,2079,added,,Bi-207-8779,
9469,16,2086,added,,Bi-207-9176,
9469,16,2087,added,,Bi-207-9176,
9469,16,2089,added,,Bi-207-8779,
9469,16,2090,added,,Bi-207-8779,
9469,16,2097,added,,Bi-207-9176,
9469,16,2098,added,,Bi-207-8890,
9469,16,2099,added,,Bi-207-8890,
9469,16,2100,added,,Bi-207-8779,
9469,16,2102,added,,Cd-109-9178,
9469,16,2107,added,,Bi-207-8890,
9469,16,2108,added,,Bi-207-8890,
9469,16,2109,added,,Bi-207-8890,
9469,16,2111,added,,Cd-109-9178,
9469,16,2112,added,,Cd-109-9178,
9469,17,85,added,,Bi-207-9177,
9469,17,96,added,,Bi-207-9177,
9469,17,103,added,,Cd-109-9178,
9469,17,104,added,,Bi-207-9177,
9469,17,112,added,,Cd-109-9178,
9469,17,118,added,,Bi-207-8779,
9469,17,119,added,,Bi-207-8779,
9469,17,126,added,,Bi-207-8779,
9469,17,127,added,,Bi-207-8779,
9469,17,2004,added,,Bi-207-9176,
9469,17,2007,added,,Bi-207-8779,
9469,17,2011,added,,Bi-207-9176,
9469,17,2012,added,,Bi-207-9176,
9469,17,2014,added,,Bi-207-8779,
9469,17,2015,added,,Bi-207-8779,
9469,17,2017,added,,Bi-207-9177,
9469,17,2018,added,,Bi-207-9177,
9469,17,2020,added,,Bi-207-8890,
9469,17,2021,added,,Bi-207-8890,
9469,17,2023,added,,Bi-207-8779,
9469,17,2024,added,,Cd-109-9178,
9469,17,2026,added,,Bi-207-9177,
9469,17,2027,added,,Bi-207-9177,
9469,17,2029,added,,Bi-207-8890,
9469,17,2030,added,,Bi-207-8890,
9469,17,2033,added,,Cd-109-9178,
9469,17,2034,added,,Cd-109-9178,
9469,18,4,added,,Bi-207-8890,
9469,18,11,added,,Bi-207-8890,
9469,18,19,added,,Bi-207-8890,
9469,18,26,added,,Bi-207-9176,
9469,18,37,added,,Bi-207-9176,
9469,18,2085,added,,Bi-207-9176,
9469,18,2086,added,,Bi-207-9176,
9469,18,2095,added,,Bi-207-9176,
9469,18,2096,added,,Bi-207-9176,
9469,18,2097,added,,Bi-207-8890,
9469,18,2106,added,,Bi-207-8890,
9469,18,2107,added,,Bi-207-8890,
9469,18,2109,added,,Cd-109-9178,
9469,18,2110,added,,Cd-109-9178,
9469,18,2115,added,,Bi-207-8890,
9469,18,2117,added,,Cd-109-9178,
9469,18,2118,added,,Cd-109-9178,
9469,19,2019,added,,Bi-207-9176,
9469,19,2020,added,,Bi-207-9176,
9469,19,2023,added,,Bi-207-8779,
9469,19,2028,added,,Bi-207-9176,
9469,19,2029,added,,Bi-207-9176,
9469,19,2031,added,,Bi-207-8779,
9469,19,2032,added,,Bi-207-8779,
9469,19,2033,added,,Bi-207-8779,
9469,19,2042,added,,Bi-207-8779,
9469,19,2043,added,,Bi-207-8779,
9469,19,2048,added,,Bi-207-9177,
9469,19,2049,added,,Bi-207-9177,
9469,19,2052,added,,Bi-207-8890,
9469,19,2055,added,,Cd-109-9178,
9469,19,2056,added,,Cd-109-9178,
9469,19,2060,added,,Bi-207-9177,
9469,19,2061,added,,Bi-207-9177,
9469,19,2062,added,,Bi-207-9177,
9469,19,2064,added,,Bi-207-8890,
9469,19,2065,added,,Bi-207-8890,
9469,19,2068,added,,Cd-109-9178,
9469,19,2069,added,,Cd-109-9178,
9469,19,2073,added,,Bi-207-9177,
9469,19,2074,added,,Bi-207-9177,
9469,19,2077,added,,Bi-207-8890,
9469,19,2078,added,,Bi-207-8890,
9469,19,2081,added,,Cd-109-9178,
9469,20,80,added,,Cd-109-9178,
9469,20,92,added,,Cd-109-9178,
9469,20,100,added,,Bi-207-8890,
9469,20,106,added,,Bi-207-9176,
9469,20,126,added,,Bi-207-8779,
9469,20,2011,added,,Bi-207-9176,
9469,20,2012,added,,Bi-207-9176,
9469,20,2014,added,,Bi-207-8779,
9469,20,2015,added,,Bi-207-8779,
9469,20,2019,added,,Bi-207-9176,
9469,20,2020,added,,Bi-207-9176,
9469,20,2022,added,,Bi-207-8779,
9469,20,2023,added,,Bi-207-8779,
9469,20,2034,added,,Cd-109-9178,
9469,20,2037,added,,Bi-207-9177,
9469,20,2038,added,,Bi-207-9177,
9469,20,2041,added,,Bi-207-8890,
9469,20,2042,added,,Bi-207-8890,
9469,20,2044,added,,Cd-109-9178,
9469,20,2045,added,,Cd-109-9178,
9469,20,2048,added,,Bi-207-9177,
9469,20,2049,added,,Bi-207-9177,
9469,20,2052,added,,Bi-207-8890,
9469,20,2053,added,,Bi-207-8890,
9469,20,2056,added,,Cd-109-9178,
9469,21,92,added,,Cd-109-9178,
9469,21,2010,added,,Bi-207-9176,
9469,21,2011,added,,Bi-207-9176,
9469,21,2013,added,,Bi-207-8779,
9469,21,2014,added,,Bi-207-8779,
9469,21,2018,added,,Bi-207-9176,
9469,21,2019,added,,Bi-207-9176,
9469,21,2021,added,,Bi-207-8779,
9469,21,2022,added,,Bi-207-8779,
9469,21,2023,added,,Bi-207-8779,
9469,21,2036,added,,Bi-207-9177,
9469,21,2037,added,,Bi-207-9177,
9469,21,2040,added,,Bi-207-8890,
9469,21,2041,added,,Bi-207-8890,
9469,21,2044,added,,Cd-109-9178,
9469,21,2047,added,,Bi-207-9177,
9469,21,2048,added,,Bi-207-9177,
9469,21,2051,added,,Bi-207-8890,
9469,21,2052,added,,Bi-207-8890,
9469,21,2055,added,,Cd-109-9178,
9469,21,2056,added,,Cd-109-9178,
9469,21,2064,added,,Bi-207-8890,
9469,21,2068,added,,Cd-109-9178,
9469,22,90,added,,Bi-207-8890,
9469,22,111,added,,Bi-207-8779,
9469,22,112,added,,Bi-207-8779,
9469,22,115,added,,Bi-207-9176,
9469,22,119,added,,Bi-207-8779,
9469,22,120,added,,Bi-207-8779,
9469,22,2011,added,,Bi-207-9176,
9469,22,2012,added,,Bi-207-9176,
9469,22,2014,added,,Bi-207-8779,
9469,22,2015,added,,Bi-207-8779,
9469,22,2019,added,,Bi-207-9176,
9469,22,2020,added,,Bi-207-9176,
9469,22,2023,added,,Bi-207-8779,
9469,22,2024,added,,Bi-207-8779,
9469,22,2037,added,,Bi-207-9177,
9469,22,2038,added,,Bi-207-9177,
9469,22,2041,added,,Bi-207-8890,
9469,22,2042,added,,Bi-207-8890,
9469,22,2044,added,,Cd-109-9178,
9469,22,2045,added,,Cd-109-9178,
9469,22,2049,added,,Bi-207-9177,
9469,22,2050,added,,Bi-207-9177,
9469,22,2052,added,,Bi-207-8890,
9469,22,2053,added,,Bi-207-8890,
9469,22,2054,added,,Bi-207-8890,
9469,22,2055,added,,Cd-109-9178,
9469,22,2056,added,,Cd-109-9178,
9469,22,2062,added,,Bi-207-9177,
9469,22,2065,added,,Bi-207-8890,
9469,22,2066,added,,Bi-207-8890,
9469,23,92,added,,Cd-109-9178,
9469,23,96,added,,Bi-207-9177,
9469,23,102,added,,Cd-109-9178,
9469,23,103,added,,Cd-109-9178,
9469,23,109,added,,Bi-207-8890,
9469,23,112,added,,Cd-109-9178,
9469,23,117,added,,Bi-207-8890,
9469,23,118,added,,Bi-207-8779,
9469,23,119,added,,Bi-207-8779,
9469,23,126,added,,Bi-207-8779,
9469,23,127,added,,Bi-207-8779,
9469,23,2004,added,,Bi-207-9176,
9469,23,2007,added,,Bi-207-8779,
9469,23,2011,added,,Bi-207-9176,
9469,23,2012,added,,Bi-207-9176,
9469,23,2014,added,,Bi-207-8779,
9469,23,2015,added,,Bi-207-8779,
9469,23,2017,added,,Bi-207-9177,
9469,23,2018,added,,Bi-207-9177,
9469,23,2020,added,,Bi-207-8890,
9469,23,2021,added,,Bi-207-8890,
9469,23,2026,added,,Bi-207-9177,
9469,23,2027,added,,Bi-207-9177,
9469,23,2029,added,,Bi-207-8890,
9469,23,2030,added,,Bi-207-8890,
9469,23,2033,added,,Cd-109-9178,
9469,23,2034,added,,Cd-109-9178,
9469,23,2043,added,,Cd-109-9178,
9469,23,2044,added,,Cd-109-9178,
9469,23,2045,added,,Cd-109-9178,
9469,23,2056,added,,Cd-109-9178,
9469,24,4,added,,Bi-207-8890,
9469,24,5,added,,Bi-207-8890,
9469,24,11,added,,Bi-207-8890,
9469,24,12,added,,Bi-207-8890,
9469,24,2107,added,,Bi-207-8890,
9469,24,2108,added,,Bi-207-8890,
9469,24,2115,added,,Bi-207-8890,
9469,24,2116,added,,Bi-207-8890,
9469,24,2119,added,,Cd-109-9178,
9469,24,2127,added,,Cd-109-9178,
9469,25,3,added,,Bi-207-8890,
9469,25,4,added,,Bi-207-8890,
9469,25,5,added,,Bi-207-8890,
9469,25,11,added,,Bi-207-8890,
9469,25,12,added,,Bi-207-8890,
9469,25,2106,added,,Bi-207-9176,
9469,25,2107,added,,Bi-207-9176,
9469,25,2109,added,,Bi-207-8779,
9469,25,2110,added,,Bi-207-8779,
9469,25,2111,added,,Bi-207-8779,
9469,25,2115,added,,Bi-207-9176,
9469,25,2116,added,,Bi-207-9176,
9469,25,2118,added,,Bi-207-8779,
9469,25,2119,added,,Bi-207-8779,
9469,26,34,added,,Cd-109-9178,
9469,26,41,added,,Bi-207-8890,
9469,26,45,added,,Cd-109-9178,
9469,26,96,added,,Bi-207-9176,
9469,26,101,added,,Bi-207-8779,
9469,26,2028,added,,Bi-207-9176,
9469,26,2029,added,,Bi-207-9176,
9469,26,2032,added,,Bi-207-8779,
9469,26,2038,added,,Bi-207-9176,
9469,26,2039,added,,Bi-207-9176,
9469,26,2042,added,,Bi-207-8779,
9469,26,2043,added,,Bi-207-8779,
9469,26,2050,added,,Bi-207-9176,
9469,26,2053,added,,Bi-207-8779,
9469,26,2054,added,,Bi-207-8779,
9469,26,2073,added,,Bi-207-9177,
9469,26,2074,added,,Bi-207-9177,
9469,26,2076,added,,Bi-207-8890,
9469,26,2077,added,,Bi-207-8890,
9469,26,2080,added,,Cd-109-9178,
9469,26,2081,added,,Cd-109-9178,
9469,26,2084,added,,Bi-207-9177,
9469,26,2085,added,,Bi-207-9177,
9469,26,2088,added,,Bi-207-8890,
9469,26,2089,added,,Bi-207-8890,
9469,26,2091,added,,Cd-109-9178,
9469,26,2092,added,,Cd-109-9178,
9469,27,35,added,,Bi-207-9177,
9469,27,36,added,,Bi-207-9177,
9469,27,39,added,,Bi-207-8890,
9469,27,42,added,,Cd-109-9178,
9469,27,50,added,,Bi-207-8890,
9469,27,2027,added,,Bi-207-9176,
9469,27,2028,added,,Bi-207-9176,
9469,27,2030,added,,Bi-207-8779,
9469,27,2031,added,,Bi-207-8779,
9469,27,2037,added,,Bi-207-9176,
9469,27,2038,added,,Bi-207-9176,
9469,27,2041,added,,Bi-207-8779,
9469,27,2042,added,,Bi-207-8779,
9469,27,2059,added,,Bi-207-9177,
9469,27,2060,added,,Bi-207-9177,
9469,27,2063,added,,Bi-207-8890,
9469,27,2064,added,,Bi-207-8890,
9469,27,2067,added,,Cd-109-9178,
9469,27,2072,added,,Bi-207-9177,
9469,27,2073,added,,Bi-207-9177,
9469,27,2075,added,,Bi-207-8890,
9469,27,2076,added,,Bi-207-8890,
9469,27,2079,added,,Cd-109-9178,
9469,27,2080,added,,Cd-109-9178,
9469,27,2087,added,,Bi-207-8890,
9469,27,2088,added,,Bi-207-8890,
9469,27,2091,added,,Cd-109-9178,
9469,28,71,added,,Bi-207-9177,
9469,28,75,added,,Bi-207-8890,
9469,28,94,added,,Bi-207-9176,
9469,28,104,added,,Bi-207-9176,
9469,28,2017,added,,Bi-207-9176,
9469,28,2018,added,,Bi-207-9176,
9469,28,2020,added,,Bi-207-8779,
9469,28,2021,added,,Bi-207-8779,
9469,28,2026,added,,Bi-207-9176,
9469,28,2027,added,,Bi-207-9176,
9469,28,2029,added,,Bi-207-8779,
9469,28,2030,added,,Bi-207-8779,
9469,28,2031,added,,Bi-207-8779,
9469,28,2040,added,,Bi-207-8779,
9469,28,2041,added,,Bi-207-8779,
9469,28,2047,added,,Bi-207-9177,
9469,28,2050,added,,Bi-207-8890,
9469,28,2059,added,,Bi-207-9177,
9469,28,2060,added,,Bi-207-9177,
9469,28,2062,added,,Bi-207-8890,
9469,28,2063,added,,Bi-207-8890,
9469,28,2066,added,,Cd-109-9178,
9469,28,2067,added,,Cd-109-9178,
9469,28,2072,added,,Bi-207-9177,
9469,28,2075,added,,Bi-207-8890,
9469,28,2076,added,,Bi-207-8890,
9469,28,2079,added,,Cd-109-9178,
9469,28,2080,added,,Cd-109-9178,
9469,29,4,added,,Bi-207-8890,
9469,29,5,added,,Bi-207-8890,
9469,29,11,added,,Bi-207-8890,
9469,29,12,added,,Bi-207-8890,
9469,29,2109,added,,Bi-207-8779,
9469,29,2110,added,,Bi-207-8779,
9469,29,2111,added,,Bi-207-8779,
9469,29,2118,added,,Bi-207-8779,
9469,29,2119,added,,Bi-207-8779,
9469,30,75,added,,Bi-207-9177,
9469,30,79,added,,Bi-207-8890,
9469,30,81,added,,Cd-109-9178,
9469,30,97,added,,Bi-207-9176,
9469,30,111,added,,Bi-207-8779,
9469,30,112,added,,Bi-207-8779,
9469,30,116,added,,Bi-207-9176,
9469,30,120,added,,Bi-207-8779,
9469,30,2011,added,,Bi-207-9176,
9469,30,2012,added,,Bi-207-9176,
9469,30,2015,added,,Bi-207-8779,
9469,30,2019,added,,Bi-207-9176,
9469,30,2020,added,,Bi-207-9176,
9469,30,2021,added,,Bi-207-9176,
9469,30,2023,added,,Bi-207-8779,
9469,30,2024,added,,Bi-207-8779,
9469,30,2033,added,,Bi-207-8779,
9469,30,2049,added,,Bi-207-9177,
9469,30,2050,added,,Bi-207-9177,
9469,30,2056,added,,Cd-109-9178,
9469,30,2061,added,,Bi-207-9177,
9469,30,2062,added,,Bi-207-9177,
9469,30,2068,added,,Cd-109-9178,
9469,30,2069,added,,Cd-109-9178,
9469,30,2081,added,,Cd-109-9178,
9469,31,80,added,,Cd-109-9178,
9469,31,106,added,,Bi-207-9176,
9469,31,114,added,,Bi-207-9176,
9469,31,118,added,,Bi-207-8779,
9469,31,2009,added,,Bi-207-9176,
9469,31,2010,added,,Bi-207-9176,
9469,31,2012,added,,Bi-207-8779,
9469,31,2013,added,,Bi-207-8779,
9469,31,2017,added,,Bi-207-9176,
9469,31,2018,added,,Bi-207-9176,
9469,31,2020,added,,Bi-207-8779,
9469,31,2021,added,,Bi-207-8779,
9469,31,2036,added,,Bi-207-9177,
9469,31,2039,added,,Bi-207-8890,
9469,31,2040,added,,Bi-207-8890,
9469,31,2043,added,,Cd-109-9178,
9469,31,2047,added,,Bi-207-9177,
9469,31,2048,added,,Bi-207-9177,
9469,31,2050,added,,Bi-207-8890,
9469,31,2051,added,,Bi-207-8890,
9469,31,2054,added,,Cd-109-9178,
9469,31,2055,added,,Cd-109-9178,
9469,31,2060,added,,Bi-207-9177,
9469,31,2063,added,,Bi-207-8890,
9469,31,2066,added,,Cd-109-9178,
9469,31,2067,added,,Cd-109-9178,
9469,32,34,added,,Cd-109-9178,
9469,32,79,added,,Bi-207-8779,
9469,32,80,added,,Bi-207-8779,
9469,32,91,added,,Bi-207-8779,
9469,32,92,added,,Bi-207-8779,
9469,32,98,added,,Bi-207-9176,
9469,32,2029,added,,Bi-207-9176,
9469,32,2039,added,,Bi-207-9176,
9469,32,2040,added,,Bi-207-9176,
9469,32,2041,added,,Bi-207-9176,
9469,32,2043,added,,Bi-207-8779,
9469,32,2044,added,,Bi-207-8779,
9469,32,2051,added,,Bi-207-9176,
9469,32,2052,added,,Bi-207-9176,
9469,32,2054,added,,Bi-207-8779,
9469,32,2055,added,,Bi-207-8779,
9469,32,2074,added,,Bi-207-9177,
9469,32,2075,added,,Bi-207-9177,
9469,32,2078,added,,Bi-207-8890,
9469,32,2085,added,,Bi-207-9177,
9469,32,2086,added,,Bi-207-9177,
9469,32,2089,added,,Bi-207-8890,
9469,32,2090,added,,Bi-207-8890,
9469,32,2100,added,,Bi-207-8890,
9469,33,15,added,,Cd-109-9178,
9469,33,2062,added,,Bi-207-9176,
9469,33,2063,added,,Bi-207-9176,
9469,33,2064,added,,Bi-207-9176,
9469,33,2066,added,,Bi-207-8779,
9469,33,2067,added,,Bi-207-8779,
9469,33,2075,added,,Bi-207-9176,
9469,33,2076,added,,Bi-207-9176,
9469,33,2078,added,,Bi-207-8779,
9469,33,2079,added,,Bi-207-8779,
9469,33,2095,added,,Bi-207-9177,
9469,33,2096,added,,Bi-207-9177,
9469,33,2099,added,,Bi-207-8890,
9469,33,2105,added,,Bi-207-9177,
9469,33,2106,added,,Bi-207-9177,
9469,33,2108,added,,Bi-207-8890,
9469,33,2109,added,,Bi-207-8890,
9469,34,9,added,,Bi-207-9177,
9469,34,41,added,,Bi-207-8779,
9469,34,2086,added,,Bi-207-9176,
9469,34,2087,added,,Bi-207-9176,
9469,34,2089,added,,Bi-207-8779,
9469,34,2090,added,,Bi-207-8779,
9469,34,2096,added,,Bi-207-9176,
9469,34,2097,added,,Bi-207-9176,
9469,34,2099,added,,Bi-207-8779,
9469,34,2100,added,,Bi-207-8779,
9469,34,2107,added,,Bi-207-8890,
9469,34,2108,added,,Bi-207-8890,
9469,34,2110,added,,Cd-109-9178,
9469,34,2111,added,,Cd-109-9178,
9469,34,2115,added,,Bi-207-8890,
9469,34,2116,added,,Bi-207-8890,
9469,34,2118,added,,Cd-109-9178,
9469,34,2119,added,,Cd-109-9178,
9469,35,102,added,,Cd-109-9178,
9469,35,103,added,,Cd-109-9178,
9469,35,110,added,,Bi-207-8890,
9469,35,112,added,,Cd-109-9178,
9469,35,119,added,,Bi-207-8779,
9469,35,126,added,,Bi-207-8779,
9469,35,127,added,,Bi-207-8779,
9469,35,2004,added,,Bi-207-8890,
9469,35,2009,added,,Bi-207-9177,
9469,35,2011,added,,Bi-207-8890,
9469,35,2012,added,,Bi-207-8890,
9469,35,2015,added,,Cd-109-9178,
9469,35,2017,added,,Bi-207-9177,
9469,35,2018,added,,Bi-207-9177,
9469,35,2020,added,,Bi-207-8890,
9469,35,2023,added,,Cd-109-9178,
9469,35,2024,added,,Cd-109-9178,
9469,35,2027,added,,Bi-207-9177,
9469,35,2033,added,,Cd-109-9178,
9469,36,92,added,,Cd-109-9178,
9469,36,2017,added,,Bi-207-9177,
9469,36,2018,added,,Bi-207-9177,
9469,36,2019,added,,Bi-207-8890,
9469,36,2020,added,,Bi-207-8890,
9469,36,2021,added,,Bi-207-8890,
9469,36,2026,added,,Bi-207-9177,
9469,36,2027,added,,Bi-207-9177,
9469,36,2029,added,,Bi-207-8890,
9469,36,2030,added,,Bi-207-8890,
9469,36,2033,added,,Cd-109-9178,
9469,36,2034,added,,Cd-109-9178,
9469,36,2043,added,,Cd-109-9178,
9469,36,2044,added,,Cd-109-9178,
9469,36,2045,added,,Cd-109-9178,
9469,37,25,added,,Bi-207-9177,
9469,37,76,added,,Bi-207-8779,
9469,37,2049,added,,Bi-207-9176,
9469,37,2052,added,,Bi-207-8779,
9469,37,2053,added,,Bi-207-8779,
9469,37,2061,added,,Bi-207-9176,
9469,37,2062,added,,Bi-207-9176,
9469,37,2064,added,,Bi-207-8779,
9469,37,2065,added,,Bi-207-8779,
9469,37,2074,added,,Bi-207-9176,
9469,37,2077,added,,Bi-207-8779,
9469,37,2078,added,,Bi-207-8779,
9469,37,2084,added,,Bi-207-9177,
9469,37,2090,added,,Cd-109-9178,
9469,37,2091,added,,Cd-109-9178,
9469,37,2094,added,,Bi-207-9177,
9469,37,2095,added,,Bi-207-9177,
9469,37,2097,added,,Bi-207-8890,
9469,37,2098,added,,Bi-207-8890,
9469,37,2100,added,,Cd-109-9178,
9469,37,2101,added,,Cd-109-9178,
9469,37,2102,added,,Cd-109-9178,
9469,37,2106,added,,Bi-207-8890,
9469,37,2107,added,,Bi-207-8890,
9469,37,2110,added,,Cd-109-9178,
9469,37,2111,added,,Cd-109-9178,
9469,38,38,added,,Bi-207-9176,
9469,38,55,added,,Bi-207-8779,
9469,38,2063,added,,Bi-207-9176,
9469,38,2064,added,,Bi-207-9176,
9469,38,2075,added,,Bi-207-9176,
9469,38,2076,added,,Bi-207-9176,
9469,38,2077,added,,Bi-207-9176,
9469,38,2079,added,,Bi-207-8779,
9469,38,2080,added,,Bi-207-8779,
9469,38,2087,added,,Bi-207-9176,
9469,38,2088,added,,Bi-207-9176,
9469,38,2090,added,,Bi-207-8779,
9469,38,2091,added,,Bi-207-8779,
9469,38,2096,added,,Bi-207-9177,
9469,38,2102,added,,Cd-109-9178,
9469,38,2105,added,,Bi-207-9177,
9469,38,2106,added,,Bi-207-9177,
9469,38,2109,added,,Bi-207-8890,
9469,38,2110,added,,Bi-207-8890,
9469,38,2111,added,,Cd-109-9178,
9469,38,2112,added,,Cd-109-9178,
9469,38,2117,added,,Bi-207-8890,
9469,38,2118,added,,Bi-207-8890,
9469,39,2018,added,,Bi-207-9176,
9469,39,2019,added,,Bi-207-9176,
9469,39,2021,added,,Bi-207-8779,
9469,39,2022,added,,Bi-207-8779,
9469,39,2027,added,,Bi-207-9176,
9469,39,2028,added,,Bi-207-9176,
9469,39,2030,added,,Bi-207-8779,
9469,39,2031,added,,Bi-207-8779,
9469,39,2032,added,,Bi-207-8779,
9469,39,2042,added,,Bi-207-8779,
9469,39,2047,added,,Bi-207-9177,
9469,39,2048,added,,Bi-207-9177,
9469,39,2051,added,,Bi-207-8890,
9469,39,2052,added,,Bi-207-8890,
9469,39,2054,added,,Cd-109-9178,
9469,39,2055,added,,Cd-109-9178,
9469,39,2059,added,,Bi-207-9177,
9469,39,2060,added,,Bi-207-9177,
9469,39,2061,added,,Bi-207-9177,
9469,39,2063,added,,Bi-207-8890,
9469,39,2064,added,,Bi-207-8890,
9469,39,2067,added,,Cd-109-9178,
9469,39,2068,added,,Cd-109-9178,
9469,39,2072,added,,Bi-207-9177,
9469,39,2073,added,,Bi-207-9177,
9469,39,2076,added,,Bi-207-8890,
9469,39,2080,added,,Cd-109-9178,
9469,40,30,added,,Bi-207-8890,
9469,40,35,added,,Bi-207-9177,
9469,40,2038,added,,Bi-207-9176,
9469,40,2049,added,,Bi-207-9176,
9469,40,2050,added,,Bi-207-9176,
9469,40,2053,added,,Bi-207-8779,
9469,40,2054,added,,Bi-207-8779,
9469,40,2062,added,,Bi-207-9176,
9469,40,2063,added,,Bi-207-9176,
9469,40,2065,added,,Bi-207-8779,
9469,40,2066,added,,Bi-207-8779,
9469,40,2084,added,,Bi-207-9177,
9469,40,2085,added,,Bi-207-9177,
9469,40,2087,added,,Bi-207-8890,
9469,40,2088,added,,Bi-207-8890,
9469,40,2091,added,,Cd-109-9178,
9469,40,2092,added,,Cd-109-9178,
9469,40,2094,added,,Bi-207-9177,
9469,40,2095,added,,Bi-207-9177,
9469,40,2098,added,,Bi-207-8890,
9469,40,2099,added,,Bi-207-8890,
9469,40,2101,added,,Cd-109-9178,
9469,40,2102,added,,Cd-109-9178,
9469,40,2107,added,,Bi-207-8890,
9469,40,2108,added,,Bi-207-8890,
9469,40,2111,added,,Cd-109-9178,
9469,40,2112,added,,Cd-109-9178,
9469,41,96,added,,Bi-207-9177,
9469,41,107,added,,Bi-207-9176,
9469,41,116,added,,Bi-207-9176,
9469,41,126,added,,Bi-207-8779,
9469,41,127,added,,Bi-207-8779,
9469,41,2004,added,,Bi-207-9176,
9469,41,2007,added,,Bi-207-8779,
9469,41,2010,added,,Bi-207-9176,
9469,41,2011,added,,Bi-207-9176,
9469,41,2014,added,,Bi-207-8779,
9469,41,2015,added,,Bi-207-8779,
9469,41,2019,added,,Bi-207-9176,
9469,41,2026,added,,Bi-207-9177,
9469,41,2027,added,,Bi-207-9177,
9469,41,2030,added,,Bi-207-8890,
9469,41,2034,added,,Cd-109-9178,
9469,41,2036,added,,Bi-207-9177,
9469,41,2037,added,,Bi-207-9177,
9469,41,2040,added,,Bi-207-8890,
9469,41,2041,added,,Bi-207-8890,
9469,41,2043,added,,Cd-109-9178,
9469,41,2044,added,,Cd-109-9178,
9469,41,2045,added,,Cd-109-9178,
9469,41,2048,added,,Bi-207-9177,
9469,41,2052,added,,Bi-207-8890,
9469,41,2055,added,,Cd-109-9178,
9469,41,2056,added,,Cd-109-9178,
9469,42,113,added,,Bi-207-9176,
9469,42,119,added,,Bi-207-8779,
9469,42,2004,added,,Bi-207-9176,
9469,42,2007,added,,Bi-207-8779,
9469,42,2011,added,,Bi-207-9176,
9469,42,2012,added,,Bi-207-9176,
9469,42,2014,added,,Bi-207-8779,
9469,42,2015,added,,Bi-207-8779,
9469,42,2017,added,,Bi-207-9177,
9469,42,2018,added,,Bi-207-9177,
9469,42,2020,added,,Bi-207-9176,
9469,42,2021,added,,Bi-207-8890,
9469,42,2022,added,,Bi-207-8890,
9469,42,2026,added,,Bi-207-9177,
9469,42,2027,added,,Bi-207-9177,
9469,42,2030,added,,Bi-207-8890,
9469,42,2031,added,,Bi-207-8890,
9469,42,2033,added,,Cd-109-9178,
9469,42,2034,added,,Cd-109-9178,
9469,42,2044,added,,Cd-109-9178,
9469,42,2045,added,,Cd-109-9178,
9469,43,5,added,,Bi-207-8890,
9469,43,12,added,,Bi-207-8890,
9469,43,21,added,,Bi-207-8890,
9469,43,23,added,,Bi-207-8779,
9469,43,31,added,,Bi-207-8779,
9469,43,32,added,,Bi-207-8779,
9469,43,2107,added,,Bi-207-8890,
9469,43,2108,added,,Bi-207-8890,
9469,43,2115,added,,Bi-207-8890,
9469,43,2116,added,,Bi-207-8890,
9469,44,34,added,,Cd-109-9178,
9469,44,48,added,,Bi-207-9177,
9469,44,54,added,,Bi-207-8890,
9469,44,97,added,,Bi-207-9176,
9469,44,2029,added,,Bi-207-9176,
9469,44,2030,added,,Bi-207-9176,
9469,44,2033,added,,Bi-207-8779,
9469,44,2040,added,,Bi-207-9176,
9469,44,2041,added,,Bi-207-9176,
9469,44,2043,added,,Bi-207-8779,
9469,44,2044,added,,Bi-207-8779,
9469,44,2055,added,,Bi-207-8779,
9469,44,2062,added,,Bi-207-9177,
9469,44,2065,added,,Bi-207-8890,
9469,44,2066,added,,Bi-207-8890,
9469,44,2068,added,,Cd-109-9178,
9469,44,2069,added,,Cd-109-9178,
9469,44,2074,added,,Bi-207-9177,
9469,44,2075,added,,Bi-207-9177,
9469,44,2077,added,,Bi-207-8890,
9469,44,2078,added,,Bi-207-8890,
9469,44,2079,added,,Bi-207-8890,
9469,44,2080,added,,Cd-109-9178,
9469,44,2081,added,,Cd-109-9178,
9469,44,2086,added,,Bi-207-9177,
9469,44,2089,added,,Bi-207-8890,
9469,44,2090,added,,Bi-207-8890,
9469,45,2017,added,,Bi-207-9177,
9469,45,2024,added,,Cd-109-9178,
9469,45,2026,added,,Bi-207-9177,
9469,45,2027,added,,Bi-207-9177,
9469,45,2033,added,,Cd-109-9178,
9469,45,2034,added,,Cd-109-9178,
9469,45,2044,added,,Cd-109-9178,
9469,47,98,added,,Bi-207-8779,
9469,47,107,added,,Bi-207-8779,
9469,47,113,added,,Bi-207-9176,
9469,47,2009,added,,Bi-207-9176,
9469,47,2010,added,,Bi-207-9176,
9469,47,2012,added,,Bi-207-8779,
9469,47,2013,added,,Bi-207-8779,
9469,47,2017,added,,Bi-207-9176,
9469,47,2018,added,,Bi-207-9176,
9469,47,2020,added,,Bi-207-8779,
9469,47,2021,added,,Bi-207-8779,
9469,47,2036,added,,Bi-207-9177,
9469,47,2042,added,,Cd-109-9178,
9469,47,2043,added,,Cd-109-9178,
9469,47,2047,added,,Bi-207-9177,
9469,47,2048,added,,Bi-207-9177,
9469,47,2053,added,,Cd-109-9178,
9469,47,2054,added,,Cd-109-9178,
9469,47,2055,added,,Cd-109-9178,
9469,47,2060,added,,Bi-207-9177,
9469,47,2066,added,,Cd-109-9178,
9469,47,2067,added,,Cd-109-9178,
9469,48,45,added,,Cd-109-9178,
9469,48,66,added,,Bi-207-8779,
9469,48,75,added,,Bi-207-9176,
9469,48,2040,added,,Bi-207-9176,
9469,48,2051,added,,Bi-207-9176,
9469,48,2052,added,,Bi-207-9176,
9469,48,2054,added,,Bi-207-8779,
9469,48,2055,added,,Bi-207-8779,
9469,48,2056,added,,Bi-207-8779,
9469,48,2064,added,,Bi-207-9176,
9469,48,2065,added,,Bi-207-9176,
9469,48,2067,added,,Bi-207-8779,
9469,48,2068,added,,Bi-207-8779,
9469,48,2086,added,,Bi-207-9177,
9469,48,2089,added,,Bi-207-8890,
9469,48,2090,added,,Bi-207-8890,
9469,48,2096,added,,Bi-207-9177,
9469,48,2097,added,,Bi-207-9177,
9469,48,2099,added,,Bi-207-8890,
9469,48,2100,added,,Bi-207-8890,
9469,48,2101,added,,Bi-207-8890,
9469,48,2109,added,,Bi-207-8890,
9469,48,2110,added,,Bi-207-8890,
9469,50,5,added,,Bi-207-8890,
9469,50,2097,added,,Bi-207-9176,
9469,50,2106,added,,Bi-207-9176,
9469,50,2107,added,,Bi-207-9176,
9469,50,2115,added,,Bi-207-9176,
9469,51,26,added,,Bi-207-9177,
9469,51,45,added,,Cd-109-9178,
9469,51,79,added,,Bi-207-8779,
9469,51,2051,added,,Bi-207-9176,
9469,51,2052,added,,Bi-207-9176,
9469,51,2055,added,,Bi-207-8779,
9469,51,2056,added,,Bi-207-8779,
9469,51,2064,added,,Bi-207-9176,
9469,51,2065,added,,Bi-207-9176,
9469,51,2067,added,,Bi-207-8779,
9469,51,2068,added,,Bi-207-8779,
9469,51,2086,added,,Bi-207-9177,
9469,51,2096,added,,Bi-207-9177,
9469,51,2097,added,,Bi-207-9177,
9469,51,2099,added,,Bi-207-8890,
9469,51,2100,added,,Bi-207-8890,
9469,51,2101,added,,Bi-207-8890,
9469,51,2109,added,,Bi-207-8890,
9469,51,2110,added,,Bi-207-8890,
9469,52,104,added,,Bi-207-9177,
9469,52,118,added,,Bi-207-8779,
9469,52,2026,added,,Bi-207-9177,
9469,52,2028,added,,Bi-207-8890,
9469,52,2029,added,,Bi-207-8890,
9469,52,2032,added,,Cd-109-9178,
9469,52,2033,added,,Cd-109-9178,
9469,52,2036,added,,Bi-207-9177,
9469,52,2037,added,,Bi-207-9177,
9469,52,2039,added,,Bi-207-8890,
9469,52,2040,added,,Bi-207-8890,
9469,52,2042,added,,Cd-109-9178,
9469,52,2043,added,,Cd-109-9178,
9469,53,102,added,,Cd-109-9178,
9469,53,103,added,,Cd-109-9178,
9469,53,110,added,,Bi-207-8890,
9469,53,112,added,,Cd-109-9178,
9469,53,119,added,,Bi-207-8779,
9469,53,126,added,,Bi-207-8779,
9469,53,127,added,,Bi-207-8779,
9469,53,2004,added,,Bi-207-9176,
9469,53,2007,added,,Bi-207-8779,
9469,53,2011,added,,Bi-207-9176,
9469,53,2012,added,,Bi-207-9176,
9469,53,2014,added,,Bi-207-8779,
9469,53,2015,added,,Bi-207-8779,
9469,53,2020,added,,Bi-207-8890,
9469,53,2021,added,,Bi-207-8890,
9469,53,2024,added,,Cd-109-9178,
9469,53,2029,added,,Bi-207-8890,
9469,53,2030,added,,Bi-207-8890,
9469,53,2033,added,,Cd-109-9178,
9469,53,2034,added,,Cd-109-9178,
9469,53,2044,added,,Cd-109-9178,
9469,53,2045,added,,Cd-109-9178,
8622,0,48,removed,Bi-207-9176,,
8622,0,67,removed,Bi-207-8779,,
8622,0,68,removed,Bi-207-8779,,yes
8622,0,79,removed,Bi-207-8779,,
8622,0,80,removed,Bi-207-8779,,yes
8622,0,81,removed,Bi-207-8779,,yes
8622,0,96,removed,Cd-109-9178,,
8622,0,97,removed,Cd-109-9178,,
8622,0,99,removed,Bi-207-8890,,
8622,0,100,removed,Bi-207-8890,,
8622,0,1010,removed,Cd-109-9178,,
8622,0,1011,removed,Cd-109-9178,,
8622,0,1013,removed,Bi-207-8890,,
8622,0,1014,removed,Bi-207-8890,,
8622,0,1018,removed,Cd-109-9178,,
8622,0,1019,removed,Cd-109-9178,,
8622,0,1020,removed,Cd-109-9178,,
8622,0,1021,removed,Bi-207-8890,,
8622,0,1022,removed,Bi-207-8890,,
8622,0,1023,removed,Bi-207-8890,,
8622,0,1028,removed,Cd-109-9178,,
8622,0,1029,removed,Cd-109-9178,,
8622,0,1031,removed,Bi-207-8890,,
8622,0,1032,removed,Bi-207-8890,,
8622,0,1040,removed,Bi-207-9177,,
8622,0,1041,removed,Bi-207-9177,,
8622,0,1047,removed,Bi-207-9176,,
8622,0,1048,removed,Bi-207-9176,,
8622,0,1049,removed,Bi-207-9176,,
8622,0,1051,removed,Bi-207-9177,,
8622,0,1052,removed,Bi-207-9177,,
8622,0,1055,removed,Bi-207-8779,,
8622,0,1056,removed,Bi-207-8779,,
8622,0,1060,removed,Bi-207-9176,,
8622,0,1061,removed,Bi-207-9176,,
8622,0,1064,removed,Bi-207-9177,,
8622,0,1065,removed,Bi-207-9177,,
8622,0,1067,removed,Bi-207-8779,,
8622,0,1068,removed,Bi-207-8779,,
8623,0,37,removed,Bi-207-9176,,
8623,0,43,removed,Bi-207-8779,,
8623,0,54,removed,Bi-207-8779,,
8623,0,63,removed,Bi-207-9177,,
8623,0,67,removed,Bi-207-8779,,
8623,0,1022,removed,Bi-207-8890,,
8623,0,1028,removed,Cd-109-9178,,
8623,0,1031,removed,Bi-207-8890,,
8623,0,1032,removed,Bi-207-8890,,
8623,0,1038,removed,Cd-109-9178,,
8623,0,1039,removed,Cd-109-9178,,
8623,0,1042,removed,Bi-207-8890,,
8623,0,1043,removed,Bi-207-8890,,
8623,0,1050,removed,Cd-109-9178,,
8623,0,1060,removed,Bi-207-9176,,
8623,0,1061,removed,Bi-207-9176,,
8623,0,1064,removed,Bi-207-9177,,
8623,0,1065,removed,Bi-207-9177,,
8623,0,1068,removed,Bi-207-8779,,
8623,0,1072,removed,Bi-207-9176,,
8623,0,1073,removed,Bi-207-9176,,
8623,0,1074,removed,Bi-207-9176,,
8623,0,1076,removed,Bi-207-9177,,
8623,0,1077,removed,Bi-207-9177,,
8623,0,1080,removed,Bi-207-8779,,
8623,0,1081,removed,Bi-207-8779,,
8623,0,1085,removed,Bi-207-9176,,
8623,0,1092,removed,Bi-207-8779,,
8624,0,27,removed,Bi-207-9176,,
8624,0,32,removed,Bi-207-8779,,
8624,0,37,removed,Bi-207-9176,,
8624,0,41,removed,Bi-207-9177,,
8624,0,43,removed,Bi-207-8779,,
8624,0,44,removed,Bi-207-8779,,
8624,0,51,removed,Bi-207-9177,,
8624,0,52,removed,Bi-207-9177,,
8624,0,1038,removed,Cd-109-9178,,
8624,0,1039,removed,Cd-109-9178,,
8624,0,1042,removed,Bi-207-8890,,
8624,0,1049,removed,Cd-109-9178,,
8624,0,1050,removed,Cd-109-9178,,
8624,0,1051,removed,Cd-109-9178,,
8624,0,1053,removed,Bi-207-8890,,
8624,0,1054,removed,Bi-207-8890,,
8624,0,1062,removed,Cd-109-9178,,
8624,0,1063,removed,Cd-109-9178,,
8624,0,1066,removed,Bi-207-8890,,
8624,0,1073,removed,Bi-207-9176,,
8624,0,1076,removed,Bi-207-9177,,
8624,0,1077,removed,Bi-207-9177,,
8624,0,1084,removed,Bi-207-9176,,
8624,0,1085,removed,Bi-207-9176,,
8624,0,1088,removed,Bi-207-9177,,
8624,0,1089,removed,Bi-207-9177,,
8624,0,1091,removed,Bi-207-8779,,
8624,0,1092,removed,Bi-207-8779,,
8624,0,1095,removed,Bi-207-9176,,
8624,0,1098,removed,Bi-207-9177,,
8624,0,1099,removed,Bi-207-9177,,
8624,0,1102,removed,Bi-207-8779,,
8625,0,23,removed,Bi-207-8779,,
8625,0,26,removed,Bi-207-9176,,
8625,0,29,removed,Bi-207-9177,,
8625,0,30,removed,Bi-207-9177,,
8625,0,1050,removed,Cd-109-9178,,
8625,0,1053,removed,Bi-207-8890,,
8625,0,1054,removed,Bi-207-8890,,
8625,0,1062,removed,Cd-109-9178,,
8625,0,1063,removed,Cd-109-9178,,
8625,0,1065,removed,Bi-207-8890,,
8625,0,1066,removed,Bi-207-8890,,
8625,0,1067,removed,Bi-207-8890,,
8625,0,1075,removed,Cd-109-9178,,
8625,0,1078,removed,Bi-207-8890,,
8625,0,1079,removed,Bi-207-8890,,
8625,0,1095,removed,Bi-207-9176,,
8625,0,1096,removed,Bi-207-9176,,
8625,0,1098,removed,Bi-207-9177,,
8625,0,1099,removed,Bi-207-9177,,
8625,0,1101,removed,Bi-207-8779,,
8625,0,1102,removed,Bi-207-8779,,
8625,0,1105,removed,Bi-207-9176,,
8625,0,1108,removed,Bi-207-9177,,
8625,0,1109,removed,Bi-207-9177,,
8625,0,1111,removed,Bi-207-8779,,
8625,0,1112,removed,Bi-207-8779,,
8626,0,73,removed,Bi-207-9176,,
8626,0,79,removed,Bi-207-8779,,
8626,0,90,removed,Bi-207-8779,,
8626,0,101,removed,Bi-207-8779,,
8626,0,115,removed,Cd-109-9178,,
8626,0,1010,removed,Cd-109-9178,,
8626,0,1011,removed,Cd-109-9178,,
8626,0,1012,removed,Bi-207-8890,,
8626,0,1013,removed,Bi-207-8890,,
8626,0,1018,removed,Cd-109-9178,,
8626,0,1019,removed,Cd-109-9178,,
8626,0,1021,removed,Bi-207-8890,,
8626,0,1022,removed,Bi-207-8890,,
8626,0,1026,removed,Bi-207-9176,,
8626,0,1029,removed,Bi-207-9177,,
8626,0,1030,removed,Bi-207-9177,,
8626,0,1033,removed,Bi-207-8779,,
8626,0,1036,removed,Bi-207-9176,,
8626,0,1037,removed,Bi-207-9176,,
8626,0,1040,removed,Bi-207-9177,,
8626,0,1041,removed,Bi-207-9177,,
8626,0,1043,removed,Bi-207-8779,,
8626,0,1044,removed,Bi-207-8779,,
8626,0,1048,removed,Bi-207-9176,,
8626,0,1052,removed,Bi-207-9177,,
8626,0,1055,removed,Bi-207-8779,,
8626,0,1056,removed,Bi-207-8779,,
8627,0,85,removed,Bi-207-9176,,
8627,0,88,removed,Bi-207-9177,,
8627,0,99,removed,Bi-207-9177,,
8627,0,1017,removed,Bi-207-9176,,
8627,0,1020,removed,Bi-207-9177,,
8627,0,1021,removed,Bi-207-9177,,
8627,0,1023,removed,Bi-207-8779,,
8627,0,1026,removed,Bi-207-9176,,
8627,0,1027,removed,Bi-207-9176,,
8627,0,1029,removed,Bi-207-9177,,
8627,0,1030,removed,Bi-207-9177,,
8627,0,1032,removed,Bi-207-8779,,
8627,0,1033,removed,Bi-207-8779,,
8627,0,1037,removed,Bi-207-9176,,
8627,0,1043,removed,Bi-207-8779,,
8627,0,1044,removed,Bi-207-8779,,
8628,0,62,removed,Bi-207-9176,,
8628,0,76,removed,Bi-207-9177,,
8628,0,97,removed,Cd-109-9178,,
8628,0,98,removed,Cd-109-9178,,
8628,0,100,removed,Bi-207-8890,,
8628,0,101,removed,Bi-207-8890,,
8628,0,109,removed,Bi-207-8890,,
8628,0,1011,removed,Cd-109-9178,,
8628,0,1014,removed,Bi-207-8890,,
8628,0,1019,removed,Cd-109-9178,,
8628,0,1020,removed,Cd-109-9178,,
8628,0,1022,removed,Bi-207-8890,,
8628,0,1023,removed,Bi-207-8890,,
8628,0,1029,removed,Cd-109-9178,,
8628,0,1032,removed,Bi-207-8890,,
8628,0,1041,removed,Bi-207-9177,,
8628,0,1048,removed,Bi-207-9176,,
8628,0,1049,removed,Bi-207-9176,,
8628,0,1050,removed,Bi-207-9176,,
8628,0,1052,removed,Bi-207-9177,,
8628,0,1053,removed,Bi-207-9177,,
8628,0,1056,removed,Bi-207-8779,,
8628,0,1061,removed,Bi-207-9176,,
8628,0,1062,removed,Bi-207-9176,,
8628,0,1065,removed,Bi-207-9177,,
8628,0,1068,removed,Bi-207-8779,,
8628,0,1069,removed,Bi-207-8779,,
8629,0,38,removed,Bi-207-9176,,
8629,0,40,removed,Bi-207-9177,,
8629,0,51,removed,Bi-207-9177,,
8629,0,86,removed,Cd-109-9178,,
8629,0,1019,removed,Cd-109-9178,,
8629,0,1020,removed,Cd-109-9178,,
8629,0,1023,removed,Bi-207-8890,,
8629,0,1028,removed,Cd-109-9178,,
8629,0,1029,removed,Cd-109-9178,,
8629,0,1030,removed,Cd-109-9178,,
8629,0,1032,removed,Bi-207-8890,,
8629,0,1033,removed,Bi-207-8890,,
8629,0,1039,removed,Cd-109-9178,,
8629,0,1040,removed,Cd-109-9178,,
8629,0,1042,removed,Bi-207-8890,,
8629,0,1043,removed,Bi-207-8890,,
8629,0,1061,removed,Bi-207-9176,,
8629,0,1062,removed,Bi-207-9176,,
8629,0,1064,removed,Bi-207-9177,,
8629,0,1065,removed,Bi-207-9177,,
8629,0,1066,removed,Bi-207-9177,,
8629,0,1068,removed,Bi-207-8779,,
8629,0,1069,removed,Bi-207-8779,,
8629,0,1073,removed,Bi-207-9176,,
8629,0,1074,removed,Bi-207-9176,,
8629,0,1077,removed,Bi-207-9177,,
8629,0,1078,removed,Bi-207-9177,,
8629,0,1080,removed,Bi-207-8779,,
8629,0,1081,removed,Bi-207-8779,,
8629,0,1092,removed,Bi-207-8779,,
8630,0,38,removed,Bi-207-9176,,
8630,0,42,removed,Bi-207-9177,,
8630,0,52,removed,Bi-207-9177,,
8630,0,66,removed,Bi-207-8890,,
8630,0,78,removed,Bi-207-8890,,
8630,0,1039,removed,Cd-109-9178,,
8630,0,1040,removed,Cd-109-9178,,
8630,0,1042,removed,Bi-207-8890,,
8630,0,1043,removed,Bi-207-8890,,
8630,0,1050,removed,Cd-109-9178,,
8630,0,1051,removed,Cd-109-9178,,
8630,0,1052,removed,Cd-109-9178,,
8630,0,1054,removed,Bi-207-8890,,
8630,0,1055,removed,Bi-207-8890,,
8630,0,1063,removed,Cd-109-9178,,
8630,0,1064,removed,Cd-109-9178,,
8630,0,1067,removed,Bi-207-8890,,
8630,0,1074,removed,Bi-207-9176,,
8630,0,1077,removed,Bi-207-9177,,
8630,0,1078,removed,Bi-207-9177,,
8630,0,1085,removed,Bi-207-9176,,
8630,0,1086,removed,Bi-207-9176,,
8630,0,1088,removed,Bi-207-9177,,
8630,0,1089,removed,Bi-207-9177,,
8630,0,1090,removed,Bi-207-9177,,
8630,0,1095,removed,Bi-207-9176,,
8630,0,1096,removed,Bi-207-9176,,
8630,0,1099,removed,Bi-207-9177,,
8630,0,1100,removed,Bi-207-9177,,
8631,0,26,removed,Bi-207-9176,,
8631,0,33,removed,Bi-207-8779,,yes
8631,0,34,removed,Bi-207-8779,,yes
8631,0,43,removed,Bi-207-8779,,
8631,0,44,removed,Bi-207-8779,,yes
8631,0,53,removed,Bi-207-8890,,
8631,0,64,removed,Cd-109-9178,,
8631,0,1051,removed,Cd-109-9178,,
8631,0,1054,removed,Bi-207-8890,,
8631,0,1063,removed,Cd-109-9178,,
8631,0,1064,removed,Cd-109-9178,,
8631,0,1066,removed,Bi-207-8890,,
8631,0,1067,removed,Bi-207-8890,,
8631,0,1068,removed,Bi-207-8890,,
8631,0,1076,removed,Cd-109-9178,,
8631,0,1079,removed,Bi-207-8890,,
8631,0,1080,removed,Bi-207-8890,,
8631,0,1095,removed,Bi-207-9176,,
8631,0,1096,removed,Bi-207-9176,,
8631,0,1099,removed,Bi-207-9177,,
8631,0,1100,removed,Bi-207-9177,,
8631,0,1105,removed,Bi-207-9176,,
8631,0,1106,removed,Bi-207-9176,,
8631,0,1109,removed,Bi-207-9177,,
8631,0,1110,removed,Bi-207-9177,,
8632,0,74,removed,Bi-207-9176,,
8632,0,80,removed,Bi-207-8779,,
8632,0,81,removed,Bi-207-8779,,
8632,0,91,removed,Bi-207-8779,,
8632,0,92,removed,Bi-207-8779,,yes
8632,0,102,removed,Bi-207-8779,,yes
8632,0,1010,removed,Cd-109-9178,,
8632,0,1011,removed,Cd-109-9178,,
8632,0,1012,removed,Cd-109-9178,,
8632,0,1019,removed,Cd-109-9178,,
8632,0,1020,removed,Cd-109-9178,,
8632,0,1026,removed,Bi-207-9176,,
8632,0,1027,removed,Bi-207-9176,,
8632,0,1030,removed,Bi-207-9177,,
8632,0,1031,removed,Bi-207-9177,,
8632,0,1037,removed,Bi-207-9176,,
8632,0,1038,removed,Bi-207-9176,,
8632,0,1040,removed,Bi-207-9177,,
8632,0,1041,removed,Bi-207-9177,,
8632,0,1042,removed,Bi-207-9177,,
8632,0,1044,removed,Bi-207-8779,,
8632,0,1049,removed,Bi-207-9176,,
8632,0,1055,removed,Bi-207-8779,,
8632,0,1056,removed,Bi-207-8779,,
8635,0,71,removed,Bi-207-9176,,
8635,0,78,removed,Bi-207-8779,,
8635,0,96,removed,Cd-109-9178,,
8635,0,98,removed,Bi-207-8890,,
8635,0,99,removed,Bi-207-8890,,
8635,0,106,removed,Cd-109-9178,,
8635,0,1009,removed,Cd-109-9178,,
8635,0,1010,removed,Cd-109-9178,,
8635,0,1012,removed,Bi-207-8890,,
8635,0,1013,removed,Bi-207-8890,,
8635,0,1017,removed,Cd-109-9178,,
8635,0,1018,removed,Cd-109-9178,,
8635,0,1019,removed,Cd-109-9178,,
8635,0,1020,removed,Bi-207-8890,,
8635,0,1021,removed,Bi-207-8890,,
8635,0,1022,removed,Bi-207-8890,,
8635,0,1027,removed,Cd-109-9178,,
8635,0,1031,removed,Bi-207-8890,,
8635,0,1039,removed,Bi-207-9177,,
8635,0,1047,removed,Bi-207-9176,,
8635,0,1048,removed,Bi-207-9176,,
8635,0,1050,removed,Bi-207-9177,,
8635,0,1051,removed,Bi-207-9177,,
8635,0,1054,removed,Bi-207-8779,,
8635,0,1055,removed,Bi-207-8779,,
8635,0,1059,removed,Bi-207-9176,,
8635,0,1060,removed,Bi-207-9176,,
8635,0,1063,removed,Bi-207-9177,,
8635,0,1064,removed,Bi-207-9177,,
8635,0,1066,removed,Bi-207-8779,,
8635,0,1067,removed,Bi-207-8779,,
8636,0,42,removed,Bi-207-8779,,
8636,0,48,removed,Bi-207-9176,,
8636,0,63,removed,Bi-207-9177,,
8636,0,86,removed,Cd-109-9178,,
8636,0,1017,removed,Cd-109-9178,,
8636,0,1018,removed,Cd-109-9178,,
8636,0,1021,removed,Bi-207-8890,,
8636,0,1026,removed,Cd-109-9178,,
8636,0,1027,removed,Cd-109-9178,,
8636,0,1028,removed,Cd-109-9178,,
8636,0,1030,removed,Bi-207-8890,,
8636,0,1031,removed,Bi-207-8890,,
8636,0,1037,removed,Cd-109-9178,,
8636,0,1038,removed,Cd-109-9178,,
8636,0,1041,removed,Bi-207-8890,,
8636,0,1059,removed,Bi-207-9176,,
8636,0,1060,removed,Bi-207-9176,,
8636,0,1063,removed,Bi-207-9177,,
8636,0,1064,removed,Bi-207-9177,,
8636,0,1066,removed,Bi-207-8779,,
8636,0,1067,removed,Bi-207-8779,,
8636,0,1072,removed,Bi-207-9176,,
8636,0,1073,removed,Bi-207-9176,,
8636,0,1075,removed,Bi-207-9177,,
8636,0,1076,removed,Bi-207-9177,,
8636,0,1079,removed,Bi-207-8779,,
8636,0,1080,removed,Bi-207-8779,,
8636,0,1091,removed,Bi-207-8779,,
8637,0,26,removed,Bi-207-9176,,
8637,0,40,removed,Bi-207-9177,,
8637,0,42,removed,Bi-207-8779,,
8637,0,43,removed,Bi-207-8779,,
8637,0,50,removed,Bi-207-9177,,
8637,0,51,removed,Bi-207-9177,,
8637,0,1037,removed,Cd-109-9178,,
8637,0,1038,removed,Cd-109-9178,,
8637,0,1041,removed,Bi-207-8890,,
8637,0,1042,removed,Bi-207-8890,,
8637,0,1048,removed,Cd-109-9178,,
8637,0,1049,removed,Cd-109-9178,,
8637,0,1050,removed,Cd-109-9178,,
8637,0,1052,removed,Bi-207-8890,,
8637,0,1053,removed,Bi-207-8890,,
8637,0,1061,removed,Cd-109-9178,,
8637,0,1062,removed,Cd-109-9178,,
8637,0,1065,removed,Bi-207-8890,,
8637,0,1076,removed,Bi-207-9177,,
8637,0,1084,removed,Bi-207-9176,,
8637,0,1085,removed,Bi-207-9176,,
8637,0,1086,removed,Bi-207-9177,,
8637,0,1087,removed,Bi-207-9177,,
8637,0,1088,removed,Bi-207-9177,,
8637,0,1090,removed,Bi-207-8779,,
8637,0,1091,removed,Bi-207-8779,,
8637,0,1094,removed,Bi-207-9176,,
8637,0,1095,removed,Bi-207-9176,,
8637,0,1097,removed,Bi-207-9177,,
8637,0,1098,removed,Bi-207-9177,,
8637,0,1101,removed,Bi-207-8779,,
8637,0,1102,removed,Bi-207-8779,,
8643,0,28,removed,Bi-207-9177,,
8643,0,29,removed,Bi-207-9177,,
8643,0,51,removed,Bi-207-8890,,
8643,0,62,removed,Cd-109-9178,,
8643,0,74,removed,Cd-109-9178,,
8643,0,1049,removed,Cd-109-9178,,
8643,0,1053,removed,Bi-207-8890,,
8643,0,1061,removed,Cd-109-9178,,
8643,0,1062,removed,Cd-109-9178,,
8643,0,1064,removed,Bi-207-8890,,
8643,0,1065,removed,Bi-207-8890,,
8643,0,1066,removed,Bi-207-8890,,
8643,0,1074,removed,Cd-109-9178,,
8643,0,1077,removed,Bi-207-8890,,
8643,0,1078,removed,Bi-207-8890,,
8643,0,1084,removed,Bi-207-9176,,
8643,0,1094,removed,Bi-207-9176,,
8643,0,1095,removed,Bi-207-9176,,
8643,0,1097,removed,Bi-207-9177,,
8643,0,1098,removed,Bi-207-9177,,
8643,0,1101,removed,Bi-207-8779,,
8643,0,1102,removed,Bi-207-8779,,
8643,0,1107,removed,Bi-207-9177,,
8643,0,1108,removed,Bi-207-9177,,
8643,0,1110,removed,Bi-207-8779,,
8643,0,1111,removed,Bi-207-8779,,
8644,0,59,removed,Bi-207-9176,,
8644,0,60,removed,Bi-207-9176,,
8644,0,75,removed,Bi-207-9177,,
8644,0,76,removed,Bi-207-9177,,
8644,0,1009,removed,Cd-109-9178,,
8644,0,1010,removed,Cd-109-9178,,
8644,0,1012,removed,Bi-207-8890,,
8644,0,1013,removed,Bi-207-8890,,
8644,0,1017,removed,Cd-109-9178,,
8644,0,1018,removed,Cd-109-9178,,
8644,0,1021,removed,Bi-207-8890,,
8644,0,1028,removed,Bi-207-9177,,
8644,0,1029,removed,Bi-207-9177,,
8644,0,1038,removed,Bi-207-9177,,
8644,0,1039,removed,Bi-207-9177,,
8644,0,1040,removed,Bi-207-9177,,
8644,0,1042,removed,Bi-207-8779,,
8644,0,1043,removed,Bi-207-8779,,
8644,0,1051,removed,Bi-207-9177,,
8644,0,1054,removed,Bi-207-8779,,
8644,0,1055,removed,Bi-207-8779,,
8645,0,18,removed,Bi-207-9177,,
8645,0,19,removed,Bi-207-9177,,
8645,0,38,removed,Cd-109-9178,,
8645,0,48,removed,Cd-109-9178,,
8645,0,49,removed,Cd-109-9178,,
8645,0,51,removed,Bi-207-8890,,
8645,0,1074,removed,Cd-109-9178,,
8645,0,1075,removed,Cd-109-9178,,
8645,0,1077,removed,Bi-207-8890,,
8645,0,1078,removed,Bi-207-8890,,
8645,0,1085,removed,Cd-109-9178,,
8645,0,1086,removed,Cd-109-9178,,
8645,0,1088,removed,Bi-207-8890,,
8645,0,1089,removed,Bi-207-8890,,
8645,0,1090,removed,Bi-207-8890,,
8645,0,1107,removed,Bi-207-9177,,
8645,0,1108,removed,Bi-207-9177,,
8645,0,1115,removed,Bi-207-9177,,
8645,0,1116,removed,Bi-207-9177,,
8646,0,63,removed,Cd-109-9178,,
8646,0,1063,removed,Cd-109-9178,,
8646,0,1064,removed,Cd-109-9178,,
8646,0,1066,removed,Bi-207-8890,,
8646,0,1067,removed,Bi-207-8890,,
8646,0,1075,removed,Cd-109-9178,,
8646,0,1076,removed,Cd-109-9178,,
8646,0,1077,removed,Cd-109-9178,,
8646,0,1078,removed,Bi-207-8890,,
8646,0,1079,removed,Bi-207-8890,,
8646,0,1080,removed,Bi-207-8890,,
8646,0,1087,removed,Cd-109-9178,,
8646,0,1088,removed,Cd-109-9178,,
8646,0,1090,removed,Bi-207-8890,,
8646,0,1091,removed,Bi-207-8890,,
8646,0,1095,removed,Bi-207-9176,,
8646,0,1096,removed,Bi-207-9176,,
8646,0,1105,removed,Bi-207-9176,,
8646,0,1106,removed,Bi-207-9176,,
8646,0,1108,removed,Bi-207-9177,,
8646,0,1109,removed,Bi-207-9177,,
8646,0,1114,removed,Bi-207-9176,,
8646,0,1117,removed,Bi-207-9177,,
8646,0,1118,removed,Bi-207-9177,,
8647,0,29,removed,Bi-207-9177,,
8647,0,40,removed,Bi-207-9177,,
8647,0,41,removed,Bi-207-9177,,
8647,0,51,removed,Cd-109-9178,,
8647,0,64,removed,Cd-109-9178,,
8647,0,1050,removed,Cd-109-9178,,
8647,0,1051,removed,Cd-109-9178,,
8647,0,1053,removed,Bi-207-8890,,
8647,0,1054,removed,Bi-207-8890,,
8647,0,1063,removed,Cd-109-9178,,
8647,0,1064,removed,Cd-109-9178,,
8647,0,1066,removed,Bi-207-8890,,
8647,0,1067,removed,Bi-207-8890,,
8647,0,1085,removed,Bi-207-9176,,
8647,0,1088,removed,Bi-207-9177,,
8647,0,1089,removed,Bi-207-9177,,
8647,0,1095,removed,Bi-207-9176,,
8647,0,1096,removed,Bi-207-9176,,
8647,0,1099,removed,Bi-207-9177,,
8647,0,1100,removed,Bi-207-9177,,
8647,0,1101,removed,Bi-207-8779,,
8647,0,1102,removed,Bi-207-8779,,
8647,0,1105,removed,Bi-207-9176,,
8647,0,1109,removed,Bi-207-9177,,
8647,0,1111,removed,Bi-207-8779,,
8647,0,1112,removed,Bi-207-8779,,
8648,0,51,removed,Bi-207-9177,,
8648,0,78,removed,Bi-207-8890,,
8648,0,1028,removed,Cd-109-9178,,
8648,0,1029,removed,Cd-109-9178,,
8648,0,1032,removed,Bi-207-8890,,
8648,0,1038,removed,Cd-109-9178,,
8648,0,1039,removed,Cd-109-9178,,
8648,0,1040,removed,Cd-109-9178,,
8648,0,1042,removed,Bi-207-8890,,
8648,0,1043,removed,Bi-207-8890,,
8648,0,1050,removed,Cd-109-9178,,
8648,0,1051,removed,Cd-109-9178,,
8648,0,1054,removed,Bi-207-8890,,
8648,0,1073,removed,Bi-207-9176,,
8648,0,1074,removed,Bi-207-9176,,
8648,0,1077,removed,Bi-207-9177,,
8648,0,1078,removed,Bi-207-9177,,
8648,0,1080,removed,Bi-207-8779,,
8648,0,1081,removed,Bi-207-8779,,
8648,0,1084,removed,Bi-207-9176,,
8648,0,1085,removed,Bi-207-9176,,
8648,0,1088,removed,Bi-207-9177,,
8648,0,1089,removed,Bi-207-9177,,
8648,0,1091,removed,Bi-207-8779,,
8648,0,1092,removed,Bi-207-8779,,
8649,0,49,removed,Bi-207-9176,,
8649,0,51,removed,Bi-207-9177,,
8649,0,55,removed,Bi-207-8779,,
8649,0,67,removed,Bi-207-8779,,
8649,0,80,removed,Bi-207-8779,,
8649,0,87,removed,Cd-109-9178,,
8649,0,96,removed,Cd-109-9178,,
8649,0,1019,removed,Cd-109-9178,,
8649,0,1020,removed,Cd-109-9178,,
8649,0,1022,removed,Bi-207-8890,,
8649,0,1023,removed,Bi-207-8890,,
8649,0,1028,removed,Cd-109-9178,,
8649,0,1029,removed,Cd-109-9178,,
8649,0,1032,removed,Bi-207-8890,,
8649,0,1033,removed,Bi-207-8890,,
8649,0,1049,removed,Bi-207-9176,,
8649,0,1052,removed,Bi-207-9177,,
8649,0,1053,removed,Bi-207-9177,,
8649,0,1060,removed,Bi-207-9176,,
8649,0,1061,removed,Bi-207-9176,,
8649,0,1062,removed,Bi-207-9176,,
8649,0,1064,removed,Bi-207-9177,,
8649,0,1065,removed,Bi-207-9177,,
8649,0,1068,removed,Bi-207-8779,,
8649,0,1069,removed,Bi-207-8779,,
8649,0,1073,removed,Bi-207-9176,,
8649,0,1074,removed,Bi-207-9176,,
8649,0,1077,removed,Bi-207-9177,,
8649,0,1078,removed,Bi-207-9177,,
8649,0,1080,removed,Bi-207-8779,,
8649,0,1081,removed,Bi-207-8779,,
8650,0,61,removed,Bi-207-9176,,
8650,0,74,removed,Bi-207-9176,,
8650,0,1004,removed,Cd-109-9178,,
8650,0,1010,removed,Cd-109-9178,,
8650,0,1011,removed,Cd-109-9178,,
8650,0,1012,removed,Cd-109-9178,,
8650,0,1014,removed,Bi-207-8890,,
8650,0,1019,removed,Cd-109-9178,,
8650,0,1020,removed,Cd-109-9178,,
8650,0,1022,removed,Bi-207-8890,,
8650,0,1023,removed,Bi-207-8890,,
8650,0,1032,removed,Bi-207-8890,,
8650,0,1037,removed,Bi-207-9176,,
8650,0,1038,removed,Bi-207-9176,,
8650,0,1040,removed,Bi-207-9177,,
8650,0,1041,removed,Bi-207-9177,,
8650,0,1044,removed,Bi-207-8779,,
8650,0,1048,removed,Bi-207-9176,,
8650,0,1049,removed,Bi-207-9176,,
8650,0,1052,removed,Bi-207-9177,,
8650,0,1053,removed,Bi-207-9177,,
8650,0,1055,removed,Bi-207-8779,,
8650,0,1056,removed,Bi-207-8779,,
8650,0,1068,removed,Bi-207-8779,,
8651,0,59,removed,Bi-207-9176,,
8651,0,60,removed,Bi-207-9176,,
8651,0,90,removed,Bi-207-8779,,
8651,0,1009,removed,Cd-109-9178,,
8651,0,1010,removed,Cd-109-9178,,
8651,0,1011,removed,Cd-109-9178,,
8651,0,1012,removed,Bi-207-8890,,
8651,0,1013,removed,Bi-207-8890,,
8651,0,1014,removed,Bi-207-8890,,
8651,0,1018,removed,Cd-109-9178,,
8651,0,1019,removed,Cd-109-9178,,
8651,0,1021,removed,Bi-207-8890,,
8651,0,1022,removed,Bi-207-8890,,
8651,0,1036,removed,Bi-207-9176,,
8651,0,1037,removed,Bi-207-9176,,
8651,0,1039,removed,Bi-207-9177,,
8651,0,1040,removed,Bi-207-9177,,
8651,0,1043,removed,Bi-207-8779,,
8651,0,1044,removed,Bi-207-8779,,
8651,0,1047,removed,Bi-207-9176,,
8651,0,1048,removed,Bi-207-9176,,
8651,0,1051,removed,Bi-207-9177,,
8651,0,1052,removed,Bi-207-9177,,
8651,0,1054,removed,Bi-207-8779,,
8651,0,1055,removed,Bi-207-8779,,
8651,0,1056,removed,Bi-207-8779,,
8651,0,1067,removed,Bi-207-8779,,
8652,0,50,removed,Bi-207-9177,,
8652,0,54,removed,Bi-207-8779,,
8652,0,59,removed,Bi-207-9176,,
8652,0,60,removed,Bi-207-9176,,
8652,0,66,removed,Bi-207-8779,,
8652,0,89,removed,Bi-207-8890,,
8652,0,97,removed,Cd-109-9178,,
8652,0,1017,removed,Cd-109-9178,,
8652,0,1018,removed,Cd-109-9178,,
8652,0,1019,removed,Cd-109-9178,,
8652,0,1021,removed,Bi-207-8890,,
8652,0,1022,removed,Bi-207-8890,,
8652,0,1027,removed,Cd-109-9178,,
8652,0,1028,removed,Cd-109-9178,,
8652,0,1030,removed,Bi-207-8890,,
8652,0,1031,removed,Bi-207-8890,,
8652,0,1032,removed,Bi-207-8890,,
8652,0,1047,removed,Bi-207-9176,,
8652,0,1048,removed,Bi-207-9176,,
8652,0,1051,removed,Bi-207-9177,,
8652,0,1052,removed,Bi-207-9177,,
8652,0,1059,removed,Bi-207-9176,,
8652,0,1060,removed,Bi-207-9176,,
8652,0,1061,removed,Bi-207-9176,,
8652,0,1063,removed,Bi-207-9177,,
8652,0,1064,removed,Bi-207-9177,,
8652,0,1067,removed,Bi-207-8779,,
8652,0,1068,removed,Bi-207-8779,,
8652,0,1072,removed,Bi-207-9176,,
8652,0,1073,removed,Bi-207-9176,,
8652,0,1076,removed,Bi-207-9177,,
8652,0,1079,removed,Bi-207-8779,,
8652,0,1080,removed,Bi-207-8779,,
8653,0,26,removed,Bi-207-9176,,
8653,0,50,removed,Bi-207-9177,,
8653,0,1027,removed,Cd-109-9178,,
8653,0,1028,removed,Cd-109-9178,,
8653,0,1031,removed,Bi-207-8890,,
8653,0,1037,removed,Cd-109-9178,,
8653,0,1038,removed,Cd-109-9178,,
8653,0,1039,removed,Cd-109-9178,,
8653,0,1041,removed,Bi-207-8890,,
8653,0,1042,removed,Bi-207-8890,,
8653,0,1049,removed,Cd-109-9178,,
8653,0,1050,removed,Cd-109-9178,,
8653,0,1053,removed,Bi-207-8890,,
8653,0,1072,removed,Bi-207-9176,,
8653,0,1073,removed,Bi-207-9176,,
8653,0,1076,removed,Bi-207-9177,,
8653,0,1077,removed,Bi-207-9177,,
8653,0,1079,removed,Bi-207-8779,,
8653,0,1080,removed,Bi-207-8779,,
8653,0,1084,removed,Bi-207-9176,,
8653,0,1087,removed,Bi-207-9177,,
8653,0,1088,removed,Bi-207-9177,,
8653,0,1091,removed,Bi-207-8779,,
8653,0,1092,removed,Bi-207-8779,,
8653,0,1102,removed,Bi-207-8779,,
8654,0,30,removed,Bi-207-9177,,
8654,0,32,removed,Bi-207-8779,,
8654,0,39,removed,Bi-207-9177,,
8654,0,40,removed,Bi-207-9177,,
8654,0,1049,removed,Cd-109-9178,,
8654,0,1050,removed,Cd-109-9178,,
8654,0,1052,removed,Bi-207-8890,,
8654,0,1053,removed,Bi-207-8890,,
8654,0,1061,removed,Cd-109-9178,,
8654,0,1062,removed,Cd-109-9178,,
8654,0,1063,removed,Cd-109-9178,,
8654,0,1065,removed,Bi-207-8890,,
8654,0,1066,removed,Bi-207-8890,,
8654,0,1084,removed,Bi-207-9176,,
8654,0,1087,removed,Bi-207-9177,,
8654,0,1088,removed,Bi-207-9177,,
8654,0,1091,removed,Bi-207-8779,,
8654,0,1094,removed,Bi-207-9176,,
8654,0,1095,removed,Bi-207-9176,,
8654,0,1098,removed,Bi-207-9177,,
8654,0,1099,removed,Bi-207-9177,,
8654,0,1101,removed,Bi-207-8779,,
8654,0,1102,removed,Bi-207-8779,,
8654,0,1107,removed,Bi-207-9177,,
8654,0,1108,removed,Bi-207-9177,,
8654,0,1111,removed,Bi-207-8779,,
8654,0,1112,removed,Bi-207-8779,,
8655,0,40,removed,Bi-207-8890,,
8655,0,51,removed,Bi-207-8890,,
8655,0,61,removed,Cd-109-9178,,
8655,0,62,removed,Cd-109-9178,,
8655,0,64,removed,Bi-207-8890,,
8655,0,1062,removed,Cd-109-9178,,
8655,0,1065,removed,Bi-207-8890,,
8655,0,1066,removed,Bi-207-8890,,
8655,0,1074,removed,Cd-109-9178,,
8655,0,1075,removed,Cd-109-9178,,
8655,0,1077,removed,Bi-207-8890,,
8655,0,1078,removed,Bi-207-8890,,
8655,0,1079,removed,Bi-207-8890,,
8655,0,1086,removed,Cd-109-9178,,
8655,0,1089,removed,Bi-207-8890,,
8655,0,1090,removed,Bi-207-8890,,
8655,0,1101,removed,Bi-207-8779,,
8655,0,1102,removed,Bi-207-8779,,
8655,0,1107,removed,Bi-207-9177,,
8655,0,1108,removed,Bi-207-9177,,
8655,0,1110,removed,Bi-207-8779,,
8655,0,1111,removed,Bi-207-8779,,
8655,0,1112,removed,Bi-207-8779,,
8655,0,1116,removed,Bi-207-9177,,
8655,0,1117,removed,Bi-207-9177,,
8657,0,41,removed,Bi-207-8890,,
8657,0,1085,removed,Cd-109-9178,,
8657,0,1086,removed,Cd-109-9178,,
8657,0,1089,removed,Bi-207-8890,,
8657,0,1096,removed,Cd-109-9178,,
8657,0,1097,removed,Cd-109-9178,,
8657,0,1099,removed,Bi-207-8890,,
8657,0,1100,removed,Bi-207-8890,,
8657,0,1105,removed,Cd-109-9178,,
8657,0,1106,removed,Cd-109-9178,,
8657,0,1109,removed,Bi-207-8890,,
8657,0,1110,removed,Bi-207-8890,,
8658,0,49,removed,Cd-109-9178,,
8658,0,50,removed,Cd-109-9178,,
8658,0,52,removed,Bi-207-8890,,
8658,0,1075,removed,Cd-109-9178,,
8658,0,1076,removed,Cd-109-9178,,
8658,0,1078,removed,Bi-207-8890,,
8658,0,1079,removed,Bi-207-8890,,
8658,0,1086,removed,Cd-109-9178,,
8658,0,1087,removed,Cd-109-9178,,
8658,0,1089,removed,Bi-207-8890,,
8658,0,1090,removed,Bi-207-8890,,
8658,0,1091,removed,Bi-207-8890,,
8658,0,1101,removed,Bi-207-8890,,
8658,0,1108,removed,Bi-207-9177,,
8658,0,1109,removed,Bi-207-9177,,
8658,0,1116,removed,Bi-207-9177,,
8658,0,1117,removed,Bi-207-9177,,
8659,0,85,removed,Bi-207-9176,,
8659,0,88,removed,Bi-207-9177,,
8659,0,91,removed,Bi-207-8779,,
8659,0,101,removed,Bi-207-8779,,
8659,0,111,removed,Bi-207-8779,,
8659,0,1017,removed,Bi-207-9176,,
8659,0,1020,removed,Bi-207-9177,,
8659,0,1021,removed,Bi-207-9177,,
8659,0,1023,removed,Bi-207-8779,,
8659,0,1026,removed,Bi-207-9176,,
8659,0,1027,removed,Bi-207-9176,,
8659,0,1029,removed,Bi-207-9177,,
8659,0,1030,removed,Bi-207-9177,,
8659,0,1032,removed,Bi-207-8779,,
8659,0,1033,removed,Bi-207-8779,,
8659,0,1037,removed,Bi-207-9176,,
8659,0,1043,removed,Bi-207-8779,,
8659,0,1044,removed,Bi-207-8779,,
8681,0,61,removed,Bi-207-9176,,
8681,0,67,removed,Bi-207-8779,,
8681,0,68,removed,Bi-207-8779,,yes
8681,0,79,removed,Bi-207-8779,,
8681,0,80,removed,Bi-207-8779,,yes
8681,0,81,removed,Bi-207-8779,,yes
8681,0,97,removed,Cd-109-9178,,
8681,0,99,removed,Bi-207-8890,,
8681,0,100,removed,Bi-207-8890,,
8681,0,1010,removed,Cd-109-9178,,
8681,0,1011,removed,Cd-109-9178,,
8681,0,1013,removed,Bi-207-8890,,
8681,0,1014,removed,Bi-207-8890,,
8681,0,1018,removed,Cd-109-9178,,
8681,0,1019,removed,Cd-109-9178,,
8681,0,1021,removed,Bi-207-8890,,
8681,0,1022,removed,Bi-207-8890,,
8681,0,1023,removed,Bi-207-8890,,
8681,0,1028,removed,Cd-109-9178,,
8681,0,1031,removed,Bi-207-8890,,
8681,0,1032,removed,Bi-207-8890,,
8681,0,1040,removed,Bi-207-9177,,
8681,0,1047,removed,Bi-207-9176,,
8681,0,1048,removed,Bi-207-9176,,
8681,0,1049,removed,Bi-207-9176,,
8681,0,1051,removed,Bi-207-9177,,
8681,0,1052,removed,Bi-207-9177,,
8681,0,1055,removed,Bi-207-8779,,
8681,0,1056,removed,Bi-207-8779,,
8681,0,1060,removed,Bi-207-9176,,
8681,0,1061,removed,Bi-207-9176,,
8681,0,1064,removed,Bi-207-9177,,
8681,0,1065,removed,Bi-207-9177,,
8681,0,1067,removed,Bi-207-8779,,
8681,0,1068,removed,Bi-207-8779,,
8682,0,37,removed,Bi-207-9176,,
8682,0,43,removed,Bi-207-8779,,
8682,0,54,removed,Bi-207-8779,,
8682,0,67,removed,Bi-207-8779,,
8682,0,1022,removed,Bi-207-8890,,
8682,0,1028,removed,Cd-109-9178,,
8682,0,1031,removed,Bi-207-8890,,
8682,0,1032,removed,Bi-207-8890,,
8682,0,1038,removed,Cd-109-9178,,
8682,0,1039,removed,Cd-109-9178,,
8682,0,1042,removed,Bi-207-8890,,
8682,0,1050,removed,Cd-109-9178,,
8682,0,1060,removed,Bi-207-9176,,
8682,0,1061,removed,Bi-207-9176,,
8682,0,1064,removed,Bi-207-9177,,
8682,0,1065,removed,Bi-207-9177,,
8682,0,1068,removed,Bi-207-8779,,
8682,0,1072,removed,Bi-207-9176,,
8682,0,1073,removed,Bi-207-9176,,
8682,0,1074,removed,Bi-207-9176,,
8682,0,1076,removed,Bi-207-9177,,
8682,0,1077,removed,Bi-207-9177,,
8682,0,1080,removed,Bi-207-8779,,
8682,0,1081,removed,Bi-207-8779,,
8682,0,1085,removed,Bi-207-9176,,
8682,0,1092,removed,Bi-207-8779,,
8683,0,27,removed,Bi-207-9176,,
8683,0,32,removed,Bi-207-8779,,
8683,0,37,removed,Bi-207-9176,,
8683,0,41,removed,Bi-207-9177,,
8683,0,43,removed,Bi-207-8779,,
8683,0,44,removed,Bi-207-8779,,
8683,0,51,removed,Bi-207-9177,,
8683,0,52,removed,Bi-207-9177,,
8683,0,1038,removed,Cd-109-9178,,
8683,0,1039,removed,Cd-109-9178,,
8683,0,1042,removed,Bi-207-8890,,
8683,0,1049,removed,Cd-109-9178,,
8683,0,1050,removed,Cd-109-9178,,
8683,0,1051,removed,Cd-109-9178,,
8683,0,1053,removed,Bi-207-8890,,
8683,0,1054,removed,Bi-207-8890,,
8683,0,1062,removed,Cd-109-9178,,
8683,0,1063,removed,Cd-109-9178,,
8683,0,1066,removed,Bi-207-8890,,
8683,0,1073,removed,Bi-207-9176,,
8683,0,1076,removed,Bi-207-9177,,
8683,0,1077,removed,Bi-207-9177,,
8683,0,1084,removed,Bi-207-9176,,
8683,0,1085,removed,Bi-207-9176,,
8683,0,1088,removed,Bi-207-9177,,
8683,0,1089,removed,Bi-207-9177,,
8683,0,1091,removed,Bi-207-8779,,
8683,0,1092,removed,Bi-207-8779,,
8683,0,1095,removed,Bi-207-9176,,
8683,0,1098,removed,Bi-207-9177,,
8683,0,1099,removed,Bi-207-9177,,
8683,0,1102,removed,Bi-207-8779,,
8684,0,23,removed,Bi-207-8779,,
8684,0,29,removed,Bi-207-9177,,
8684,0,30,removed,Bi-207-9177,,
8684,0,1050,removed,Cd-109-9178,,
8684,0,1053,removed,Bi-207-8890,,
8684,0,1054,removed,Bi-207-8890,,
8684,0,1062,removed,Cd-109-9178,,
8684,0,1063,removed,Cd-109-9178,,
8684,0,1065,removed,Bi-207-8890,,
8684,0,1066,removed,Bi-207-8890,,
8684,0,1067,removed,Bi-207-8890,,
8684,0,1075,removed,Cd-109-9178,,
8684,0,1078,removed,Bi-207-8890,,
8684,0,1079,removed,Bi-207-8890,,
8684,0,1095,removed,Bi-207-9176,,
8684,0,1096,removed,Bi-207-9176,,
8684,0,1098,removed,Bi-207-9177,,
8684,0,1099,removed,Bi-207-9177,,
8684,0,1101,removed,Bi-207-8779,,
8684,0,1102,removed,Bi-207-8779,,
8684,0,1105,removed,Bi-207-9176,,
8684,0,1108,removed,Bi-207-9177,,
8684,0,1109,removed,Bi-207-9177,,
8684,0,1111,removed,Bi-207-8779,,
8684,0,1112,removed,Bi-207-8779,,
8685,0,73,removed,Bi-207-9176,,
8685,0,79,removed,Bi-207-8779,,
8685,0,85,removed,Bi-207-9176,,
8685,0,90,removed,Bi-207-8779,,
8685,0,95,removed,Bi-207-9176,,
8685,0,101,removed,Bi-207-8779,,
8685,0,1012,removed,Bi-207-8890,,
8685,0,1013,removed,Bi-207-8890,,
8685,0,1021,removed,Bi-207-8890,,
8685,0,1022,removed,Bi-207-8890,,
8685,0,1026,removed,Bi-207-9176,,
8685,0,1027,removed,Bi-207-9176,,
8685,0,1029,removed,Bi-207-9177,,
8685,0,1030,removed,Bi-207-9177,,
8685,0,1033,removed,Bi-207-8779,,
8685,0,1036,removed,Bi-207-9176,,
8685,0,1037,removed,Bi-207-9176,,
8685,0,1040,removed,Bi-207-9177,,
8685,0,1041,removed,Bi-207-9177,,
8685,0,1043,removed,Bi-207-8779,,
8685,0,1044,removed,Bi-207-8779,,
8685,0,1048,removed,Bi-207-9176,,
8685,0,1052,removed,Bi-207-9177,,
8685,0,1055,removed,Bi-207-8779,,
8685,0,1056,removed,Bi-207-8779,,
8686,0,83,removed,Bi-207-9176,,yes
8686,0,84,removed,Bi-207-9176,,yes
8686,0,85,removed,Bi-207-9176,,
8686,0,88,removed,Bi-207-9177,,
8686,0,91,removed,Bi-207-8779,,
8686,0,94,removed,Bi-207-9176,,yes
8686,0,95,removed,Bi-207-9176,,yes
8686,0,101,removed,Bi-207-8779,,
8686,0,111,removed,Bi-207-8779,,
8686,0,1017,removed,Bi-207-9176,,
8686,0,1020,removed,Bi-207-9177,,
8686,0,1021,removed,Bi-207-9177,,
8686,0,1023,removed,Bi-207-8779,,
8686,0,1026,removed,Bi-207-9176,,
8686,0,1027,removed,Bi-207-9176,,
8686,0,1029,removed,Bi-207-9177,,
8686,0,1030,removed,Bi-207-9177,,
8686,0,1032,removed,Bi-207-8779,,
8686,0,1033,removed,Bi-207-8779,,
8686,0,1037,removed,Bi-207-9176,,
8686,0,1043,removed,Bi-207-8779,,
8687,0,62,removed,Bi-207-9176,,
8687,0,80,removed,Bi-207-8779,,
8687,0,97,removed,Cd-109-9178,,
8687,0,98,removed,Cd-109-9178,,
8687,0,100,removed,Bi-207-8890,,
8687,0,101,removed,Bi-207-8890,,
8687,0,109,removed,Bi-207-8890,,
8687,0,1011,removed,Cd-109-9178,,
8687,0,1014,removed,Bi-207-8890,,
8687,0,1019,removed,Cd-109-9178,,
8687,0,1020,removed,Cd-109-9178,,
8687,0,1022,removed,Bi-207-8890,,
8687,0,1023,removed,Bi-207-8890,,
8687,0,1029,removed,Cd-109-9178,,
8687,0,1032,removed,Bi-207-8890,,
8687,0,1041,removed,Bi-207-9177,,
8687,0,1048,removed,Bi-207-9176,,
8687,0,1049,removed,Bi-207-9176,,
8687,0,1052,removed,Bi-207-9177,,
8687,0,1053,removed,Bi-207-9177,,
8687,0,1056,removed,Bi-207-8779,,
8687,0,1061,removed,Bi-207-9176,,
8687,0,1062,removed,Bi-207-9176,,
8687,0,1065,removed,Bi-207-9177,,
8687,0,1068,removed,Bi-207-8779,,
8687,0,1069,removed,Bi-207-8779,,
8688,0,38,removed,Bi-207-9176,,
8688,0,40,removed,Bi-207-9177,,
8688,0,51,removed,Bi-207-9177,,
8688,0,86,removed,Cd-109-9178,,
8688,0,1019,removed,Cd-109-9178,,
8688,0,1020,removed,Cd-109-9178,,
8688,0,1023,removed,Bi-207-8890,,
8688,0,1028,removed,Cd-109-9178,,
8688,0,1029,removed,Cd-109-9178,,
8688,0,1030,removed,Cd-109-9178,,
8688,0,1032,removed,Bi-207-8890,,
8688,0,1033,removed,Bi-207-8890,,
8688,0,1039,removed,Cd-109-9178,,
8688,0,1040,removed,Cd-109-9178,,
8688,0,1042,removed,Bi-207-8890,,
8688,0,1043,removed,Bi-207-8890,,
8688,0,1061,removed,Bi-207-9176,,
8688,0,1062,removed,Bi-207-9176,,
8688,0,1065,removed,Bi-207-9177,,
8688,0,1066,removed,Bi-207-9177,,
8688,0,1068,removed,Bi-207-8779,,
8688,0,1069,removed,Bi-207-8779,,
8688,0,1073,removed,Bi-207-9176,,
8688,0,1074,removed,Bi-207-9176,,
8688,0,1077,removed,Bi-207-9177,,
8688,0,1078,removed,Bi-207-9177,,
8688,0,1080,removed,Bi-207-8779,,
8688,0,1081,removed,Bi-207-8779,,
8689,0,38,removed,Bi-207-9176,,
8689,0,42,removed,Bi-207-9177,,
8689,0,52,removed,Bi-207-9177,,
8689,0,66,removed,Bi-207-8890,,
8689,0,78,removed,Bi-207-8890,,
8689,0,1039,removed,Cd-109-9178,,
8689,0,1040,removed,Cd-109-9178,,
8689,0,1042,removed,Bi-207-8890,,
8689,0,1043,removed,Bi-207-8890,,
8689,0,1050,removed,Cd-109-9178,,
8689,0,1051,removed,Cd-109-9178,,
8689,0,1052,removed,Cd-109-9178,,
8689,0,1054,removed,Bi-207-8890,,
8689,0,1055,removed,Bi-207-8890,,
8689,0,1063,removed,Cd-109-9178,,
8689,0,1064,removed,Cd-109-9178,,
8689,0,1067,removed,Bi-207-8890,,
8689,0,1074,removed,Bi-207-9176,,
8689,0,1077,removed,Bi-207-9177,,
8689,0,1078,removed,Bi-207-9177,,
8689,0,1085,removed,Bi-207-9176,,
8689,0,1086,removed,Bi-207-9176,,
8689,0,1088,removed,Bi-207-9177,,
8689,0,1089,removed,Bi-207-9177,,
8689,0,1090,removed,Bi-207-9177,,
8689,0,1095,removed,Bi-207-9176,,
8689,0,1096,removed,Bi-207-9176,,
8689,0,1099,removed,Bi-207-9177,,
8689,0,1100,removed,Bi-207-9177,,
8690,0,53,removed,Bi-207-8890,,
8690,0,64,removed,Cd-109-9178,,
8690,0,1051,removed,Cd-109-9178,,
8690,0,1054,removed,Bi-207-8890,,
8690,0,1063,removed,Cd-109-9178,,
8690,0,1064,removed,Cd-109-9178,,
8690,0,1066,removed,Bi-207-8890,,
8690,0,1067,removed,Bi-207-8890,,
8690,0,1068,removed,Bi-207-8890,,
8690,0,1076,removed,Cd-109-9178,,
8690,0,1079,removed,Bi-207-8890,,
8690,0,1080,removed,Bi-207-8890,,
8690,0,1095,removed,Bi-207-9176,,
8690,0,1096,removed,Bi-207-9176,,
8690,0,1099,removed,Bi-207-9177,,
8690,0,1100,removed,Bi-207-9177,,
8690,0,1105,removed,Bi-207-9176,,
8690,0,1106,removed,Bi-207-9176,,
8690,0,1109,removed,Bi-207-9177,,
8690,0,1110,removed,Bi-207-9177,,
8691,0,74,removed,Bi-207-9176,,
8691,0,80,removed,Bi-207-8779,,
8691,0,81,removed,Bi-207-8779,,
8691,0,91,removed,Bi-207-8779,,
8691,0,1004,removed,Cd-109-9178,,
8691,0,1010,removed,Cd-109-9178,,
8691,0,1011,removed,Cd-109-9178,,
8691,0,1012,removed,Cd-109-9178,,
8691,0,1019,removed,Cd-109-9178,,
8691,0,1020,removed,Cd-109-9178,,
8691,0,1026,removed,Bi-207-9176,,
8691,0,1027,removed,Bi-207-9176,,
8691,0,1030,removed,Bi-207-9177,,
8691,0,1031,removed,Bi-207-9177,,
8691,0,1037,removed,Bi-207-9176,,
8691,0,1038,removed,Bi-207-9176,,
8691,0,1040,removed,Bi-207-9177,,
8691,0,1041,removed,Bi-207-9177,,
8691,0,1042,removed,Bi-207-9177,,
8691,0,1044,removed,Bi-207-8779,,
8691,0,1049,removed,Bi-207-9176,,
8691,0,1055,removed,Bi-207-8779,,
8691,0,1056,removed,Bi-207-8779,,
8692,0,71,removed,Bi-207-9176,,
8692,0,78,removed,Bi-207-8779,,
8692,0,96,removed,Cd-109-9178,,
8692,0,98,removed,Bi-207-8890,,
8692,0,99,removed,Bi-207-8890,,
8692,0,106,removed,Cd-109-9178,,
8692,0,1009,removed,Cd-109-9178,,
8692,0,1010,removed,Cd-109-9178,,
8692,0,1012,removed,Bi-207-8890,,
8692,0,1013,removed,Bi-207-8890,,
8692,0,1017,removed,Cd-109-9178,,
8692,0,1018,removed,Cd-109-9178,,
8692,0,1019,removed,Cd-109-9178,,
8692,0,1020,removed,Bi-207-8890,,
8692,0,1021,removed,Bi-207-8890,,
8692,0,1022,removed,Bi-207-8890,,
8692,0,1027,removed,Cd-109-9178,,
8692,0,1039,removed,Bi-207-9177,,
8692,0,1047,removed,Bi-207-9176,,
8692,0,1048,removed,Bi-207-9176,,
8692,0,1050,removed,Bi-207-9177,,
8692,0,1051,removed,Bi-207-9177,,
8692,0,1054,removed,Bi-207-8779,,
8692,0,1055,removed,Bi-207-8779,,
8692,0,1059,removed,Bi-207-9176,,
8692,0,1060,removed,Bi-207-9176,,
8692,0,1063,removed,Bi-207-9177,,
8692,0,1064,removed,Bi-207-9177,,
8692,0,1066,removed,Bi-207-8779,,
8692,0,1067,removed,Bi-207-8779,,
8693,0,42,removed,Bi-207-8779,,
8693,0,48,removed,Bi-207-9176,,
8693,0,63,removed,Bi-207-9177,,
8693,0,86,removed,Cd-109-9178,,
8693,0,1017,removed,Cd-109-9178,,
8693,0,1018,removed,Cd-109-9178,,
8693,0,1021,removed,Bi-207-8890,,
8693,0,1026,removed,Cd-109-9178,,
8693,0,1027,removed,Cd-109-9178,,
8693,0,1028,removed,Cd-109-9178,,
8693,0,1030,removed,Bi-207-8890,,
8693,0,1031,removed,Bi-207-8890,,
8693,0,1037,removed,Cd-109-9178,,
8693,0,1038,removed,Cd-109-9178,,
8693,0,1041,removed,Bi-207-8890,,
8693,0,1059,removed,Bi-207-9176,,
8693,0,1060,removed,Bi-207-9176,,
8693,0,1063,removed,Bi-207-9177,,
8693,0,1064,removed,Bi-207-9177,,
8693,0,1066,removed,Bi-207-8779,,
8693,0,1067,removed,Bi-207-8779,,
8693,0,1072,removed,Bi-207-9176,,
8693,0,1073,removed,Bi-207-9176,,
8693,0,1075,removed,Bi-207-9177,,
8693,0,1076,removed,Bi-207-9177,,
8693,0,1079,removed,Bi-207-8779,,
8693,0,1080,removed,Bi-207-8779,,
8693,0,1091,removed,Bi-207-8779,,
8694,0,26,removed,Bi-207-9176,,
8694,0,40,removed,Bi-207-9177,,
8694,0,42,removed,Bi-207-8779,,
8694,0,43,removed,Bi-207-8779,,
8694,0,50,removed,Bi-207-9177,,
8694,0,51,removed,Bi-207-9177,,
8694,0,1037,removed,Cd-109-9178,,
8694,0,1038,removed,Cd-109-9178,,
8694,0,1041,removed,Bi-207-8890,,
8694,0,1042,removed,Bi-207-8890,,
8694,0,1048,removed,Cd-109-9178,,
8694,0,1049,removed,Cd-109-9178,,
8694,0,1050,removed,Cd-109-9178,,
8694,0,1052,removed,Bi-207-8890,,
8694,0,1053,removed,Bi-207-8890,,
8694,0,1061,removed,Cd-109-9178,,
8694,0,1062,removed,Cd-109-9178,,
8694,0,1065,removed,Bi-207-8890,,
8694,0,1076,removed,Bi-207-9177,,
8694,0,1084,removed,Bi-207-9176,,
8694,0,1085,removed,Bi-207-9176,,
8694,0,1086,removed,Bi-207-9177,,
8694,0,1087,removed,Bi-207-9177,,
8694,0,1088,removed,Bi-207-9177,,
8694,0,1090,removed,Bi-207-8779,,
8694,0,1091,removed,Bi-207-8779,,
8694,0,1094,removed,Bi-207-9176,,
8694,0,1095,removed,Bi-207-9176,,
8694,0,1097,removed,Bi-207-9177,,
8694,0,1098,removed,Bi-207-9177,,
8694,0,1101,removed,Bi-207-8779,,
8694,0,1102,removed,Bi-207-8779,,
8696,0,28,removed,Bi-207-9177,,
8696,0,29,removed,Bi-207-9177,,
8696,0,51,removed,Bi-207-8890,,
8696,0,62,removed,Cd-109-9178,,
8696,0,74,removed,Cd-109-9178,,
8696,0,1049,removed,Cd-109-9178,,
8696,0,1053,removed,Bi-207-8890,,
8696,0,1061,removed,Cd-109-9178,,
8696,0,1062,removed,Cd-109-9178,,
8696,0,1064,removed,Bi-207-8890,,
8696,0,1065,removed,Bi-207-8890,,
8696,0,1066,removed,Bi-207-8890,,
8696,0,1074,removed,Cd-109-9178,,
8696,0,1077,removed,Bi-207-8890,,
8696,0,1078,removed,Bi-207-8890,,
8696,0,1084,removed,Bi-207-9176,,
8696,0,1094,removed,Bi-207-9176,,
8696,0,1095,removed,Bi-207-9176,,
8696,0,1097,removed,Bi-207-9177,,
8696,0,1098,removed,Bi-207-9177,,
8696,0,1101,removed,Bi-207-8779,,
8696,0,1102,removed,Bi-207-8779,,
8696,0,1107,removed,Bi-207-9177,,
8696,0,1108,removed,Bi-207-9177,,
8696,0,1110,removed,Bi-207-8779,,
8696,0,1111,removed,Bi-207-8779,,
8697,0,59,removed,Bi-207-9176,,
8697,0,75,removed,Bi-207-9177,,
8697,0,76,removed,Bi-207-9177,,
8697,0,1012,removed,Bi-207-8890,,
8697,0,1013,removed,Bi-207-8890,,
8697,0,1021,removed,Bi-207-8890,,
8697,0,1028,removed,Bi-207-9177,,
8697,0,1029,removed,Bi-207-9177,,
8697,0,1038,removed,Bi-207-9177,,
8697,0,1039,removed,Bi-207-9177,,
8697,0,1040,removed,Bi-207-9177,,
8697,0,1051,removed,Bi-207-9177,,
8698,0,18,removed,Bi-207-9177,,
8698,0,19,removed,Bi-207-9177,,
8698,0,38,removed,Cd-109-9178,,
8698,0,48,removed,Cd-109-9178,,
8698,0,49,removed,Cd-109-9178,,
8698,0,51,removed,Bi-207-8890,,
8698,0,1074,removed,Cd-109-9178,,
8698,0,1075,removed,Cd-109-9178,,
8698,0,1077,removed,Bi-207-8890,,
8698,0,1078,removed,Bi-207-8890,,
8698,0,1085,removed,Cd-109-9178,,
8698,0,1086,removed,Cd-109-9178,,
8698,0,1088,removed,Bi-207-8890,,
8698,0,1089,removed,Bi-207-8890,,
8698,0,1090,removed,Bi-207-8890,,
8698,0,1107,removed,Bi-207-9177,,
8698,0,1108,removed,Bi-207-9177,,
8698,0,1115,removed,Bi-207-9177,,
8698,0,1116,removed,Bi-207-9177,,
8699,0,41,removed,Bi-207-8890,,
8699,0,1085,removed,Cd-109-9178,,
8699,0,1086,removed,Cd-109-9178,,
8699,0,1089,removed,Bi-207-8890,,
8699,0,1096,removed,Cd-109-9178,,
8699,0,1097,removed,Cd-109-9178,,
8699,0,1099,removed,Bi-207-8890,,
8699,0,1100,removed,Bi-207-8890,,
8699,0,1105,removed,Cd-109-9178,,
8699,0,1106,removed,Cd-109-9178,,
8699,0,1109,removed,Bi-207-8890,,
8699,0,1110,removed,Bi-207-8890,,
8700,0,63,removed,Cd-109-9178,,
8700,0,1063,removed,Cd-109-9178,,
8700,0,1064,removed,Cd-109-9178,,
8700,0,1066,removed,Bi-207-8890,,
8700,0,1067,removed,Bi-207-8890,,
8700,0,1075,removed,Cd-109-9178,,
8700,0,1076,removed,Cd-109-9178,,
8700,0,1077,removed,Cd-109-9178,,
8700,0,1079,removed,Bi-207-8890,,
8700,0,1080,removed,Bi-207-8890,,
8700,0,1087,removed,Cd-109-9178,,
8700,0,1088,removed,Cd-109-9178,,
8700,0,1090,removed,Bi-207-8890,,
8700,0,1091,removed,Bi-207-8890,,
8700,0,1095,removed,Bi-207-9176,,
8700,0,1096,removed,Bi-207-9176,,
8700,0,1105,removed,Bi-207-9176,,
8700,0,1106,removed,Bi-207-9176,,
8700,0,1108,removed,Bi-207-9177,,
8700,0,1109,removed,Bi-207-9177,,
8700,0,1114,removed,Bi-207-9176,,
8700,0,1117,removed,Bi-207-9177,,
8700,0,1118,removed,Bi-207-9177,,
8704,0,61,removed,Bi-207-9176,,
8704,0,74,removed,Bi-207-9176,,
8704,0,1004,removed,Cd-109-9178,,
8704,0,1010,removed,Cd-109-9178,,
8704,0,1011,removed,Cd-109-9178,,
8704,0,1012,removed,Cd-109-9178,,
8704,0,1014,removed,Bi-207-8890,,
8704,0,1019,removed,Cd-109-9178,,
8704,0,1020,removed,Cd-109-9178,,
8704,0,1022,removed,Bi-207-8890,,
8704,0,1023,removed,Bi-207-8890,,
8704,0,1032,removed,Bi-207-8890,,
8704,0,1037,removed,Bi-207-9176,,
8704,0,1038,removed,Bi-207-9176,,
8704,0,1040,removed,Bi-207-9177,,
8704,0,1041,removed,Bi-207-9177,,
8704,0,1044,removed,Bi-207-8779,,
8704,0,1048,removed,Bi-207-9176,,
8704,0,1049,removed,Bi-207-9176,,
8704,0,1052,removed,Bi-207-9177,,
8704,0,1053,removed,Bi-207-9177,,
8704,0,1055,removed,Bi-207-8779,,
8704,0,1056,removed,Bi-207-8779,,
8704,0,1068,removed,Bi-207-8779,,
8705,0,59,removed,Bi-207-9176,,
8705,0,60,removed,Bi-207-9176,,
8705,0,73,removed,Bi-207-9176,,
8705,0,90,removed,Bi-207-8779,,
8705,0,1009,removed,Cd-109-9178,,
8705,0,1010,removed,Cd-109-9178,,
8705,0,1011,removed,Cd-109-9178,,
8705,0,1012,removed,Bi-207-8890,,
8705,0,1013,removed,Bi-207-8890,,
8705,0,1014,removed,Bi-207-8890,,
8705,0,1018,removed,Cd-109-9178,,
8705,0,1019,removed,Cd-109-9178,,
8705,0,1021,removed,Bi-207-8890,,
8705,0,1022,removed,Bi-207-8890,,
8705,0,1036,removed,Bi-207-9176,,
8705,0,1037,removed,Bi-207-9176,,
8705,0,1039,removed,Bi-207-9177,,
8705,0,1040,removed,Bi-207-9177,,
8705,0,1043,removed,Bi-207-8779,,
8705,0,1044,removed,Bi-207-8779,,
8705,0,1047,removed,Bi-207-9176,,
8705,0,1048,removed,Bi-207-9176,,
8705,0,1051,removed,Bi-207-9177,,
8705,0,1052,removed,Bi-207-9177,,
8705,0,1054,removed,Bi-207-8779,,
8705,0,1055,removed,Bi-207-8779,,
8705,0,1056,removed,Bi-207-8779,,
8705,0,1060,removed,Bi-207-9176,,
8705,0,1067,removed,Bi-207-8779,,
8706,0,50,removed,Bi-207-9177,,
8706,0,54,removed,Bi-207-8779,,
8706,0,59,removed,Bi-207-9176,,
8706,0,60,removed,Bi-207-9176,,
8706,0,66,removed,Bi-207-8779,,
8706,0,89,removed,Bi-207-8890,,
8706,0,97,removed,Cd-109-9178,,
8706,0,1018,removed,Cd-109-9178,,
8706,0,1019,removed,Cd-109-9178,,
8706,0,1021,removed,Bi-207-8890,,
8706,0,1022,removed,Bi-207-8890,,
8706,0,1027,removed,Cd-109-9178,,
8706,0,1028,removed,Cd-109-9178,,
8706,0,1030,removed,Bi-207-8890,,
8706,0,1031,removed,Bi-207-8890,,
8706,0,1032,removed,Bi-207-8890,,
8706,0,1047,removed,Bi-207-9176,,
8706,0,1048,removed,Bi-207-9176,,
8706,0,1051,removed,Bi-207-9177,,
8706,0,1052,removed,Bi-207-9177,,
8706,0,1059,removed,Bi-207-9176,,
8706,0,1060,removed,Bi-207-9176,,
8706,0,1061,removed,Bi-207-9176,,
8706,0,1063,removed,Bi-207-9177,,
8706,0,1064,removed,Bi-207-9177,,
8706,0,1067,removed,Bi-207-8779,,
8706,0,1068,removed,Bi-207-8779,,
8706,0,1072,removed,Bi-207-9176,,
8706,0,1073,removed,Bi-207-9176,,
8706,0,1076,removed,Bi-207-9177,,
8706,0,1079,removed,Bi-207-8779,,
8706,0,1080,removed,Bi-207-8779,,
8707,0,26,removed,Bi-207-9176,,
8707,0,50,removed,Bi-207-9177,,
8707,0,1027,removed,Cd-109-9178,,
8707,0,1028,removed,Cd-109-9178,,
8707,0,1031,removed,Bi-207-8890,,
8707,0,1037,removed,Cd-109-9178,,
8707,0,1038,removed,Cd-109-9178,,
8707,0,1039,removed,Cd-109-9178,,
8707,0,1041,removed,Bi-207-8890,,
8707,0,1042,removed,Bi-207-8890,,
8707,0,1049,removed,Cd-109-9178,,
8707,0,1050,removed,Cd-109-9178,,
8707,0,1053,removed,Bi-207-8890,,
8707,0,1072,removed,Bi-207-9176,,
8707,0,1073,removed,Bi-207-9176,,
8707,0,1076,removed,Bi-207-9177,,
8707,0,1077,removed,Bi-207-9177,,
8707,0,1079,removed,Bi-207-8779,,
8707,0,1080,removed,Bi-207-8779,,
8707,0,1084,removed,Bi-207-9176,,
8707,0,1087,removed,Bi-207-9177,,
8707,0,1088,removed,Bi-207-9177,,
8707,0,1091,removed,Bi-207-8779,,
8707,0,1092,removed,Bi-207-8779,,
8707,0,1102,removed,Bi-207-8779,,
8708,0,30,removed,Bi-207-9177,,
8708,0,32,removed,Bi-207-8779,,
8708,0,39,removed,Bi-207-9177,,
8708,0,40,removed,Bi-207-9177,,
8708,0,1049,removed,Cd-109-9178,,
8708,0,1050,removed,Cd-109-9178,,
8708,0,1052,removed,Bi-207-8890,,
8708,0,1053,removed,Bi-207-8890,,
8708,0,1061,removed,Cd-109-9178,,
8708,0,1062,removed,Cd-109-9178,,
8708,0,1063,removed,Cd-109-9178,,
8708,0,1065,removed,Bi-207-8890,,
8708,0,1066,removed,Bi-207-8890,,
8708,0,1084,removed,Bi-207-9176,,
8708,0,1087,removed,Bi-207-9177,,
8708,0,1088,removed,Bi-207-9177,,
8708,0,1094,removed,Bi-207-9176,,
8708,0,1095,removed,Bi-207-9176,,
8708,0,1098,removed,Bi-207-9177,,
8708,0,1099,removed,Bi-207-9177,,
8708,0,1101,removed,Bi-207-8779,,
8708,0,1102,removed,Bi-207-8779,,
8708,0,1107,removed,Bi-207-9177,,
8708,0,1108,removed,Bi-207-9177,,
8708,0,1111,removed,Bi-207-8779,,
8708,0,1112,removed,Bi-207-8779,,
8709,0,40,removed,Bi-207-8890,,
8709,0,51,removed,Bi-207-8890,,
8709,0,61,removed,Cd-109-9178,,
8709,0,62,removed,Cd-109-9178,,
8709,0,64,removed,Bi-207-8890,,
8709,0,1062,removed,Cd-109-9178,,
8709,0,1065,removed,Bi-207-8890,,
8709,0,1066,removed,Bi-207-8890,,
8709,0,1074,removed,Cd-109-9178,,
8709,0,1075,removed,Cd-109-9178,,
8709,0,1077,removed,Bi-207-8890,,
8709,0,1078,removed,Bi-207-8890,,
8709,0,1079,removed,Bi-207-8890,,
8709,0,1086,removed,Cd-109-9178,,
8709,0,1089,removed,Bi-207-8890,,
8709,0,1090,removed,Bi-207-8890,,
8709,0,1101,removed,Bi-207-8779,,
8709,0,1102,removed,Bi-207-8779,,
8709,0,1107,removed,Bi-207-9177,,
8709,0,1108,removed,Bi-207-9177,,
8709,0,1110,removed,Bi-207-8779,,
8709,0,1111,removed,Bi-207-8779,,
8709,0,1112,removed,Bi-207-8779,,
8709,0,1116,removed,Bi-207-9177,,
8709,0,1117,removed,Bi-207-9177,,
8711,0,19,removed,Bi-207-9177,,
8711,0,49,removed,Cd-109-9178,,
8711,0,50,removed,Cd-109-9178,,
8711,0,1075,removed,Cd-109-9178,,
8711,0,1076,removed,Cd-109-9178,,
8711,0,1078,removed,Bi-207-8890,,
8711,0,1079,removed,Bi-207-8890,,
8711,0,1086,removed,Cd-109-9178,,
8711,0,1087,removed,Cd-109-9178,,
8711,0,1089,removed,Bi-207-8890,,
8711,0,1090,removed,Bi-207-8890,,
8711,0,1091,removed,Bi-207-8890,,
8711,0,1108,removed,Bi-207-9177,,
8711,0,1109,removed,Bi-207-9177,,
8711,0,1116,removed,Bi-207-9177,,
8711,0,1117,removed,Bi-207-9177,,
8712,0,85,removed,Bi-207-9176,,
8712,0,88,removed,Bi-207-9177,,
8712,0,91,removed,Bi-207-8779,,
8712,0,101,removed,Bi-207-8779,,
8712,0,111,removed,Bi-207-8779,,
8712,0,1017,removed,Bi-207-9176,,
8712,0,1020,removed,Bi-207-9177,,
8712,0,1021,removed,Bi-207-9177,,
8712,0,1023,removed,Bi-207-8779,,
8712,0,1026,removed,Bi-207-9176,,
8712,0,1027,removed,Bi-207-9176,,
8712,0,1029,removed,Bi-207-9177,,
8712,0,1030,removed,Bi-207-9177,,
8712,0,1032,removed,Bi-207-8779,,
8712,0,1033,removed,Bi-207-8779,,
8712,0,1037,removed,Bi-207-9176,,
8712,0,1043,removed,Bi-207-8779,,
8712,0,1044,removed,Bi-207-8779,,
8713,0,49,removed,Bi-207-9176,,
8713,0,51,removed,Bi-207-9177,,
8713,0,55,removed,Bi-207-8779,,
8713,0,67,removed,Bi-207-8779,,
8713,0,80,removed,Bi-207-8779,,
8713,0,90,removed,Bi-207-8890,,
8713,0,1019,removed,Cd-109-9178,,
8713,0,1020,removed,Cd-109-9178,,
8713,0,1022,removed,Bi-207-8890,,
8713,0,1023,removed,Bi-207-8890,,
8713,0,1028,removed,Cd-109-9178,,
8713,0,1029,removed,Cd-109-9178,,
8713,0,1031,removed,Bi-207-8890,,
8713,0,1032,removed,Bi-207-8890,,
8713,0,1033,removed,Bi-207-8890,,
8713,0,1048,removed,Bi-207-9176,,
8713,0,1049,removed,Bi-207-9176,,
8713,0,1052,removed,Bi-207-9177,,
8713,0,1053,removed,Bi-207-9177,,
8713,0,1060,removed,Bi-207-9176,,
8713,0,1061,removed,Bi-207-9176,,
8713,0,1062,removed,Bi-207-9176,,
8713,0,1064,removed,Bi-207-9177,,
8713,0,1065,removed,Bi-207-9177,,
8713,0,1068,removed,Bi-207-8779,,
8713,0,1069,removed,Bi-207-8779,,
8713,0,1073,removed,Bi-207-9176,,
8713,0,1074,removed,Bi-207-9176,,
8713,0,1077,removed,Bi-207-9177,,
8713,0,1080,removed,Bi-207-8779,,
8713,0,1081,removed,Bi-207-8779,,
8715,0,51,removed,Bi-207-9177,,
8715,0,76,removed,Cd-109-9178,,
8715,0,78,removed,Bi-207-8890,,
8715,0,100,removed,Bi-207-8890,,
8715,0,1028,removed,Cd-109-9178,,
8715,0,1029,removed,Cd-109-9178,,
8715,0,1032,removed,Bi-207-8890,,
8715,0,1038,removed,Cd-109-9178,,
8715,0,1039,removed,Cd-109-9178,,
8715,0,1040,removed,Cd-109-9178,,
8715,0,1042,removed,Bi-207-8890,,
8715,0,1043,removed,Bi-207-8890,,
8715,0,1050,removed,Cd-109-9178,,
8715,0,1051,removed,Cd-109-9178,,
8715,0,1054,removed,Bi-207-8890,,
8715,0,1073,removed,Bi-207-9176,,
8715,0,1074,removed,Bi-207-9176,,
8715,0,1077,removed,Bi-207-9177,,
8715,0,1078,removed,Bi-207-9177,,
8715,0,1080,removed,Bi-207-8779,,
8715,0,1081,removed,Bi-207-8779,,
8715,0,1084,removed,Bi-207-9176,,
8715,0,1085,removed,Bi-207-9176,,
8715,0,1088,removed,Bi-207-9177,,
8715,0,1089,removed,Bi-207-9177,,
8715,0,1091,removed,Bi-207-8779,,
8715,0,1092,removed,Bi-207-8779,,
8716,0,49,removed,Bi-207-9176,,
8716,0,51,removed,Bi-207-9177,,
8716,0,55,removed,Bi-207-8779,,
8716,0,67,removed,Bi-207-8779,,
8716,0,80,removed,Bi-207-8779,,
8716,0,90,removed,Bi-207-8890,,
8716,0,1019,removed,Cd-109-9178,,
8716,0,1020,removed,Cd-109-9178,,
8716,0,1022,removed,Bi-207-8890,,
8716,0,1023,removed,Bi-207-8890,,
8716,0,1028,removed,Cd-109-9178,,
8716,0,1029,removed,Cd-109-9178,,
8716,0,1031,removed,Bi-207-8890,,
8716,0,1032,removed,Bi-207-8890,,
8716,0,1033,removed,Bi-207-8890,,
8716,0,1049,removed,Bi-207-9176,,
8716,0,1052,removed,Bi-207-9177,,
8716,0,1053,removed,Bi-207-9177,,
8716,0,1060,removed,Bi-207-9176,,
8716,0,1061,removed,Bi-207-9176,,
8716,0,1062,removed,Bi-207-9176,,
8716,0,1064,removed,Bi-207-9177,,
8716,0,1065,removed,Bi-207-9177,,
8716,0,1068,removed,Bi-207-8779,,
8716,0,1069,removed,Bi-207-8779,,
8716,0,1073,removed,Bi-207-9176,,
8716,0,1074,removed,Bi-207-9176,,
8716,0,1077,removed,Bi-207-9177,,
8716,0,1080,removed,Bi-207-8779,,
8716,0,1081,removed,Bi-207-8779,,
8717,0,87,removed,Bi-207-9177,,
8717,0,108,removed,Bi-207-8890,,
8717,0,115,removed,Bi-207-8890,,
8717,0,116,removed,Bi-207-8890,,
8717,0,1017,removed,Bi-207-9176,,
8717,0,1026,removed,Bi-207-9176,,
8717,0,1027,removed,Bi-207-9176,,
8717,0,1037,removed,Bi-207-9176,,
8718,0,84,removed,Bi-207-9176,,yes
8718,0,85,removed,Bi-207-9176,,
8718,0,88,removed,Bi-207-9177,,yes
8718,0,94,removed,Bi-207-9176,,yes
8718,0,95,removed,Bi-207-9176,,yes
8718,0,98,removed,Bi-207-9177,,yes
8718,0,99,removed,Bi-207-9177,,yes
8718,0,106,removed,Cd-109-9178,,
8718,0,107,removed,Cd-109-9178,,yes
8718,0,110,removed,Bi-207-8890,,
8718,0,115,removed,Cd-109-9178,,
8718,0,1017,removed,Bi-207-9176,,
8718,0,1018,removed,Bi-207-9176,,
8718,0,1020,removed,Bi-207-9177,,
8718,0,1021,removed,Bi-207-9177,,
8718,0,1022,removed,Bi-207-9177,,
8718,0,1026,removed,Bi-207-9176,,
8718,0,1027,removed,Bi-207-9176,,
8718,0,1030,removed,Bi-207-9177,,
8718,0,1031,removed,Bi-207-9177,,
8719,0,85,removed,Bi-207-9176,,
8719,0,96,removed,Bi-207-9176,,
8719,0,99,removed,Bi-207-9177,,
8719,0,107,removed,Bi-207-9177,,
8719,0,1009,removed,Bi-207-9176,,
8719,0,1012,removed,Bi-207-9177,,
8719,0,1013,removed,Bi-207-9177,,
8719,0,1017,removed,Bi-207-9176,,
8719,0,1018,removed,Bi-207-9176,,
8719,0,1020,removed,Bi-207-9177,,
8719,0,1021,removed,Bi-207-9177,,
8719,0,1027,removed,Bi-207-9176,,
8720,0,73,removed,Bi-207-9176,,
8720,0,84,removed,Bi-207-9176,,yes
8720,0,85,removed,Bi-207-9176,,
8720,0,95,removed,Bi-207-9176,,yes
8720,0,97,removed,Bi-207-9177,,
8720,0,98,removed,Bi-207-9177,,
8720,0,1011,removed,Bi-207-9177,,
8720,0,1012,removed,Bi-207-9177,,
8720,0,1014,removed,Bi-207-8779,,
8720,0,1019,removed,Bi-207-9177,,
8720,0,1020,removed,Bi-207-9177,,
8720,0,1022,removed,Bi-207-8779,,
8720,0,1023,removed,Bi-207-8779,,
8720,0,1032,removed,Bi-207-8779,,
8720,0,1033,removed,Bi-207-8779,,
8721,0,21,removed,Bi-207-9177,,
8721,0,62,removed,Cd-109-9178,,
8721,0,1062,removed,Cd-109-9178,,
8721,0,1063,removed,Cd-109-9178,,
8721,0,1066,removed,Bi-207-8890,,
8721,0,1075,removed,Cd-109-9178,,
8721,0,1076,removed,Cd-109-9178,,
8721,0,1078,removed,Bi-207-8890,,
8721,0,1079,removed,Bi-207-8890,,
8721,0,1086,removed,Cd-109-9178,,
8721,0,1087,removed,Cd-109-9178,,
8721,0,1090,removed,Bi-207-8890,,
8721,0,1095,removed,Bi-207-9176,,
8721,0,1096,removed,Bi-207-9176,,
8721,0,1099,removed,Bi-207-9177,,
8721,0,1105,removed,Bi-207-9176,,
8721,0,1106,removed,Bi-207-9176,,
8721,0,1108,removed,Bi-207-9177,,
8721,0,1109,removed,Bi-207-9177,,
8721,0,1117,removed,Bi-207-9177,,
8824,0,19,removed,Bi-207-9177,,
8824,0,41,removed,Bi-207-8890,,
8824,0,1086,removed,Cd-109-9178,,
8824,0,1089,removed,Bi-207-8890,,
8824,0,1096,removed,Cd-109-9178,,
8824,0,1097,removed,Cd-109-9178,,
8824,0,1099,removed,Bi-207-8890,,
8824,0,1100,removed,Bi-207-8890,,
8824,0,1106,removed,Cd-109-9178,,
8824,0,1108,removed,Bi-207-9177,,
8824,0,1109,removed,Bi-207-9177,,
8824,0,1117,removed,Bi-207-9177,,
8824,0,1118,removed,Bi-207-9177,,
8825,0,71,removed,Bi-207-9176,,
8825,0,86,removed,Bi-207-9177,,
8825,0,87,removed,Bi-207-9177,,
8825,0,90,removed,Bi-207-8779,,
8825,0,96,removed,Bi-207-9177,,
8825,0,100,removed,Bi-207-8779,,
8825,0,105,removed,Cd-109-9178,,
8825,0,110,removed,Bi-207-8779,,
8825,0,1017,removed,Bi-207-9176,,
8825,0,1026,removed,Bi-207-9176,,
8825,0,1027,removed,Bi-207-9176,,
8825,0,1037,removed,Bi-207-9176,,
8826,0,85,removed,Bi-207-9176,,
8826,0,97,removed,Bi-207-9177,,
8826,0,98,removed,Bi-207-9177,,
8826,0,101,removed,Bi-207-8779,,
8826,0,106,removed,Bi-207-9177,,
8826,0,110,removed,Bi-207-8779,,
8826,0,111,removed,Bi-207-8779,,yes
8826,0,119,removed,Bi-207-8779,,yes
8826,0,1010,removed,Bi-207-9177,,
8826,0,1011,removed,Bi-207-9177,,
8826,0,1012,removed,Bi-207-9177,,
8826,0,1014,removed,Bi-207-8779,,
8826,0,1019,removed,Bi-207-9177,,
8826,0,1020,removed,Bi-207-9177,,
8826,0,1022,removed,Bi-207-8779,,
8826,0,1023,removed,Bi-207-8779,,
8826,0,1032,removed,Bi-207-8779,,
8826,0,1033,removed,Bi-207-8779,,
8827,0,21,removed,Bi-207-9177,,
8827,0,32,removed,Bi-207-8779,,
8827,0,62,removed,Cd-109-9178,,
8827,0,1063,removed,Cd-109-9178,,
8827,0,1066,removed,Bi-207-8890,,
8827,0,1075,removed,Cd-109-9178,,
8827,0,1076,removed,Cd-109-9178,,
8827,0,1078,removed,Bi-207-8890,,
8827,0,1079,removed,Bi-207-8890,,
8827,0,1087,removed,Cd-109-9178,,
8827,0,1090,removed,Bi-207-8890,,
8827,0,1095,removed,Bi-207-9176,,
8827,0,1096,removed,Bi-207-9176,,
8827,0,1099,removed,Bi-207-9177,,
8827,0,1105,removed,Bi-207-9176,,
8827,0,1106,removed,Bi-207-9176,,
8827,0,1108,removed,Bi-207-9177,,
8827,0,1109,removed,Bi-207-9177,,
8827,0,1117,removed,Bi-207-9177,,
8828,0,29,removed,Bi-207-9177,,
8828,0,40,removed,Bi-207-9177,,
8828,0,41,removed,Bi-207-9177,,
8828,0,50,removed,Cd-109-9178,,
8828,0,51,removed,Cd-109-9178,,
8828,0,1050,removed,Cd-109-9178,,
8828,0,1051,removed,Cd-109-9178,,
8828,0,1053,removed,Bi-207-8890,,
8828,0,1054,removed,Bi-207-8890,,
8828,0,1063,removed,Cd-109-9178,,
8828,0,1064,removed,Cd-109-9178,,
8828,0,1066,removed,Bi-207-8890,,
8828,0,1067,removed,Bi-207-8890,,
8828,0,1085,removed,Bi-207-9176,,
8828,0,1088,removed,Bi-207-9177,,
8828,0,1089,removed,Bi-207-9177,,
8828,0,1095,removed,Bi-207-9176,,
8828,0,1096,removed,Bi-207-9176,,
8828,0,1099,removed,Bi-207-9177,,
8828,0,1100,removed,Bi-207-9177,,
8828,0,1101,removed,Bi-207-8779,,
8828,0,1102,removed,Bi-207-8779,,
8828,0,1105,removed,Bi-207-9176,,
8828,0,1109,removed,Bi-207-9177,,
8828,0,1111,removed,Bi-207-8779,,
8828,0,1112,removed,Bi-207-8779,,
8829,0,73,removed,Bi-207-9176,,
8829,0,85,removed,Bi-207-9176,,
8829,0,105,removed,Cd-109-9178,,yes
8829,0,106,removed,Cd-109-9178,,yes
8829,0,109,removed,Bi-207-8890,,yes
8829,0,114,removed,Cd-109-9178,,yes
8829,0,115,removed,Cd-109-9178,,yes
8829,0,116,removed,Bi-207-8890,,yes
8829,0,117,removed,Bi-207-8890,,yes
8829,0,1009,removed,Bi-207-9176,,
8829,0,1012,removed,Bi-207-9177,,
8829,0,1013,removed,Bi-207-9177,,
8829,0,1017,removed,Bi-207-9176,,
8829,0,1018,removed,Bi-207-9176,,
8829,0,1020,removed,Bi-207-9177,,
8829,0,1021,removed,Bi-207-9177,,
8829,0,1027,removed,Bi-207-9176,,
8830,0,84,removed,Bi-207-9176,,yes
8830,0,85,removed,Bi-207-9176,,
8830,0,88,removed,Bi-207-9177,,yes
8830,0,94,removed,Bi-207-9176,,yes
8830,0,95,removed,Bi-207-9176,,yes
8830,0,98,removed,Bi-207-9177,,yes
8830,0,99,removed,Bi-207-9177,,yes
8830,0,107,removed,Cd-109-9178,,yes
8830,0,110,removed,Bi-207-8890,,
8830,0,115,removed,Cd-109-9178,,
8830,0,1004,removed,Cd-109-9178,,
8830,0,1011,removed,Cd-109-9178,,
8830,0,1012,removed,Cd-109-9178,,
8830,0,1017,removed,Bi-207-9176,,
8830,0,1018,removed,Bi-207-9176,,
8830,0,1020,removed,Cd-109-9178,,
8830,0,1021,removed,Bi-207-9177,,
8830,0,1022,removed,Bi-207-9177,,
8830,0,1026,removed,Bi-207-9176,,
8830,0,1027,removed,Bi-207-9176,,
8830,0,1028,removed,Bi-207-9176,,
8830,0,1030,removed,Bi-207-9177,,
8830,0,1031,removed,Bi-207-9177,,
8830,0,1037,removed,Bi-207-9176,,
8831,0,49,removed,Cd-109-9178,,
8831,0,1075,removed,Cd-109-9178,,
8831,0,1076,removed,Cd-109-9178,,
8831,0,1078,removed,Bi-207-8890,,
8831,0,1079,removed,Bi-207-8890,,
8831,0,1086,removed,Cd-109-9178,,
8831,0,1087,removed,Cd-109-9178,,
8831,0,1089,removed,Bi-207-8890,,
8831,0,1090,removed,Bi-207-8890,,
8831,0,1091,removed,Bi-207-8890,,
8831,0,1108,removed,Bi-207-9177,,
8831,0,1109,removed,Bi-207-9177,,
8831,0,1116,removed,Bi-207-9177,,
8831,0,1117,removed,Bi-207-9177,,
8832,0,23,removed,Bi-207-8779,,
8832,0,26,removed,Bi-207-9176,,
8832,0,29,removed,Bi-207-9177,,
8832,0,30,removed,Bi-207-9177,,
8832,0,1050,removed,Cd-109-9178,,
8832,0,1051,removed,Cd-109-9178,,
8832,0,1054,removed,Bi-207-8890,,
8832,0,1062,removed,Cd-109-9178,,
8832,0,1063,removed,Cd-109-9178,,
8832,0,1065,removed,Bi-207-8890,,
8832,0,1066,removed,Bi-207-8890,,
8832,0,1067,removed,Bi-207-8890,,
8832,0,1075,removed,Cd-109-9178,,
8832,0,1076,removed,Cd-109-9178,,
8832,0,1078,removed,Bi-207-8890,,
8832,0,1079,removed,Bi-207-8890,,
8832,0,1095,removed,Bi-207-9176,,
8832,0,1096,removed,Bi-207-9176,,
8832,0,1098,removed,Bi-207-9177,,
8832,0,1099,removed,Bi-207-9177,,
8832,0,1101,removed,Bi-207-8779,,
8832,0,1102,removed,Bi-207-8779,,
8832,0,1105,removed,Bi-207-9176,,
8832,0,1108,removed,Bi-207-9177,,
8832,0,1109,removed,Bi-207-9177,,
8832,0,1111,removed,Bi-207-8779,,
8832,0,1112,removed,Bi-207-8779,,
8834,0,27,removed,Bi-207-9176,,
8834,0,32,removed,Bi-207-8779,,
8834,0,37,removed,Bi-207-9176,,
8834,0,41,removed,Bi-207-9177,,
8834,0,43,removed,Bi-207-8779,,
8834,0,44,removed,Bi-207-8779,,
8834,0,51,removed,Bi-207-9177,,
8834,0,52,removed,Bi-207-9177,,
8834,0,1038,removed,Cd-109-9178,,
8834,0,1039,removed,Cd-109-9178,,
8834,0,1042,removed,Bi-207-8890,,
8834,0,1049,removed,Cd-109-9178,,
8834,0,1050,removed,Cd-109-9178,,
8834,0,1051,removed,Cd-109-9178,,
8834,0,1053,removed,Bi-207-8890,,
8834,0,1054,removed,Bi-207-8890,,
8834,0,1062,removed,Cd-109-9178,,
8834,0,1063,removed,Cd-109-9178,,
8834,0,1066,removed,Bi-207-8890,,
8834,0,1073,removed,Bi-207-9176,,
8834,0,1077,removed,Bi-207-9177,,
8834,0,1084,removed,Bi-207-9176,,
8834,0,1085,removed,Bi-207-9176,,
8834,0,1088,removed,Bi-207-9177,,
8834,0,1089,removed,Bi-207-9177,,
8834,0,1091,removed,Bi-207-8779,,
8834,0,1092,removed,Bi-207-8779,,
8834,0,1095,removed,Bi-207-9176,,
8834,0,1098,removed,Bi-207-9177,,
8834,0,1099,removed,Bi-207-9177,,
8834,0,1102,removed,Bi-207-8779,,
8835,0,37,removed,Bi-207-9176,,
8835,0,43,removed,Bi-207-8779,,
8835,0,54,removed,Bi-207-8779,,
8835,0,67,removed,Bi-207-8779,,
8835,0,1022,removed,Bi-207-8890,,
8835,0,1028,removed,Cd-109-9178,,
8835,0,1031,removed,Bi-207-8890,,
8835,0,1032,removed,Bi-207-8890,,
8835,0,1038,removed,Cd-109-9178,,
8835,0,1039,removed,Cd-109-9178,,
8835,0,1042,removed,Bi-207-8890,,
8835,0,1043,removed,Bi-207-8890,,
8835,0,1050,removed,Cd-109-9178,,
8835,0,1060,removed,Bi-207-9176,,
8835,0,1061,removed,Bi-207-9176,,
8835,0,1064,removed,Bi-207-9177,,
8835,0,1065,removed,Bi-207-9177,,
8835,0,1068,removed,Bi-207-8779,,
8835,0,1072,removed,Bi-207-9176,,
8835,0,1073,removed,Bi-207-9176,,
8835,0,1074,removed,Bi-207-9176,,
8835,0,1076,removed,Bi-207-9177,,
8835,0,1077,removed,Bi-207-9177,,
8835,0,1080,removed,Bi-207-8779,,
8835,0,1081,removed,Bi-207-8779,,
8835,0,1084,removed,Bi-207-9176,,
8835,0,1085,removed,Bi-207-9176,,
8835,0,1088,removed,Bi-207-9177,,
8835,0,1092,removed,Bi-207-8779,,
8837,0,73,removed,Bi-207-9176,,
8837,0,79,removed,Bi-207-8779,,
8837,0,90,removed,Bi-207-8779,,
8837,0,101,removed,Bi-207-8779,,
8837,0,1012,removed,Bi-207-8890,,
8837,0,1013,removed,Bi-207-8890,,
8837,0,1021,removed,Bi-207-8890,,
8837,0,1022,removed,Bi-207-8890,,
8837,0,1026,removed,Bi-207-9176,,
8837,0,1029,removed,Bi-207-9177,,
8837,0,1030,removed,Bi-207-9177,,
8837,0,1033,removed,Bi-207-8779,,
8837,0,1036,removed,Bi-207-9176,,
8837,0,1037,removed,Bi-207-9176,,
8837,0,1040,removed,Bi-207-9177,,
8837,0,1041,removed,Bi-207-9177,,
8837,0,1043,removed,Bi-207-8779,,
8837,0,1044,removed,Bi-207-8779,,
8837,0,1048,removed,Bi-207-9176,,
8837,0,1052,removed,Bi-207-9177,,
8837,0,1055,removed,Bi-207-8779,,
8837,0,1056,removed,Bi-207-8779,,
8838,0,85,removed,Bi-207-9176,,
8838,0,88,removed,Bi-207-9177,,
8838,0,91,removed,Bi-207-8779,,
8838,0,101,removed,Bi-207-8779,,
8838,0,111,removed,Bi-207-8779,,
8838,0,1017,removed,Bi-207-9176,,
8838,0,1020,removed,Bi-207-9177,,
8838,0,1021,removed,Bi-207-9177,,
8838,0,1023,removed,Bi-207-8779,,
8838,0,1026,removed,Bi-207-9176,,
8838,0,1027,removed,Bi-207-9176,,
8838,0,1029,removed,Bi-207-9177,,
8838,0,1030,removed,Bi-207-9177,,
8838,0,1032,removed,Bi-207-8779,,
8838,0,1033,removed,Bi-207-8779,,
8838,0,1037,removed,Bi-207-9176,,
8838,0,1043,removed,Bi-207-8779,,
8838,0,1044,removed,Bi-207-8779,,
8839,0,53,removed,Bi-207-8890,,
8839,0,64,removed,Cd-109-9178,,
8839,0,1051,removed,Cd-109-9178,,
8839,0,1054,removed,Bi-207-8890,,
8839,0,1063,removed,Cd-109-9178,,
8839,0,1064,removed,Cd-109-9178,,
8839,0,1066,removed,Bi-207-8890,,
8839,0,1067,removed,Bi-207-8890,,
8839,0,1068,removed,Bi-207-8890,,
8839,0,1076,removed,Cd-109-9178,,
8839,0,1079,removed,Bi-207-8890,,
8839,0,1080,removed,Bi-207-8890,,
8839,0,1095,removed,Bi-207-9176,,
8839,0,1096,removed,Bi-207-9176,,
8839,0,1099,removed,Bi-207-9177,,
8839,0,1100,removed,Bi-207-9177,,
8839,0,1105,removed,Bi-207-9176,,
8839,0,1106,removed,Bi-207-9176,,
8839,0,1109,removed,Bi-207-9177,,
8839,0,1110,removed,Bi-207-9177,,
8840,0,38,removed,Bi-207-9176,,
8840,0,42,removed,Bi-207-9177,,
8840,0,52,removed,Bi-207-9177,,
8840,0,66,removed,Bi-207-8890,,
8840,0,78,removed,Bi-207-8890,,
8840,0,1039,removed,Cd-109-9178,,
8840,0,1040,removed,Cd-109-9178,,
8840,0,1042,removed,Bi-207-8890,,
8840,0,1043,removed,Bi-207-8890,,
8840,0,1050,removed,Cd-109-9178,,
8840,0,1051,removed,Cd-109-9178,,
8840,0,1052,removed,Cd-109-9178,,
8840,0,1054,removed,Bi-207-8890,,
8840,0,1055,removed,Bi-207-8890,,
8840,0,1063,removed,Cd-109-9178,,
8840,0,1064,removed,Cd-109-9178,,
8840,0,1067,removed,Bi-207-8890,,
8840,0,1077,removed,Bi-207-9177,,
8840,0,1078,removed,Bi-207-9177,,
8840,0,1085,removed,Bi-207-9176,,
8840,0,1086,removed,Bi-207-9176,,
8840,0,1088,removed,Bi-207-9177,,
8840,0,1089,removed,Bi-207-9177,,
8840,0,1090,removed,Bi-207-9177,,
8840,0,1095,removed,Bi-207-9176,,
8840,0,1096,removed,Bi-207-9176,,
8840,0,1099,removed,Bi-207-9177,,
8840,0,1100,removed,Bi-207-9177,,
8841,0,38,removed,Bi-207-9176,,
8841,0,40,removed,Bi-207-9177,,
8841,0,51,removed,Bi-207-9177,,
8841,0,64,removed,Bi-207-9177,,
8841,0,1019,removed,Cd-109-9178,,
8841,0,1020,removed,Cd-109-9178,,
8841,0,1023,removed,Bi-207-8890,,
8841,0,1028,removed,Cd-109-9178,,
8841,0,1029,removed,Cd-109-9178,,
8841,0,1030,removed,Cd-109-9178,,
8841,0,1032,removed,Bi-207-8890,,
8841,0,1033,removed,Bi-207-8890,,
8841,0,1039,removed,Cd-109-9178,,
8841,0,1040,removed,Cd-109-9178,,
8841,0,1042,removed,Bi-207-8890,,
8841,0,1043,removed,Bi-207-8890,,
8841,0,1061,removed,Bi-207-9176,,
8841,0,1062,removed,Bi-207-9176,,
8841,0,1065,removed,Bi-207-9177,,
8841,0,1066,removed,Bi-207-9177,,
8841,0,1068,removed,Bi-207-8779,,
8841,0,1069,removed,Bi-207-8779,,
8841,0,1073,removed,Bi-207-9176,,
8841,0,1074,removed,Bi-207-9176,,
8841,0,1077,removed,Bi-207-9177,,
8841,0,1078,removed,Bi-207-9177,,
8841,0,1080,removed,Bi-207-8779,,
8841,0,1081,removed,Bi-207-8779,,
8841,0,1092,removed,Bi-207-8779,,
8842,0,62,removed,Bi-207-9176,,
8842,0,97,removed,Cd-109-9178,,
8842,0,98,removed,Cd-109-9178,,
8842,0,100,removed,Bi-207-8890,,
8842,0,101,removed,Bi-207-8890,,
8842,0,109,removed,Bi-207-8890,,
8842,0,1011,removed,Cd-109-9178,,
8842,0,1014,removed,Bi-207-8890,,
8842,0,1019,removed,Cd-109-9178,,
8842,0,1020,removed,Cd-109-9178,,
8842,0,1022,removed,Bi-207-8890,,
8842,0,1023,removed,Bi-207-8890,,
8842,0,1029,removed,Cd-109-9178,,
8842,0,1032,removed,Bi-207-8890,,
8842,0,1041,removed,Bi-207-9177,,
8842,0,1048,removed,Bi-207-9176,,
8842,0,1049,removed,Bi-207-9176,,
8842,0,1052,removed,Bi-207-9177,,
8842,0,1053,removed,Bi-207-9177,,
8842,0,1056,removed,Bi-207-8779,,
8842,0,1061,removed,Bi-207-9176,,
8842,0,1062,removed,Bi-207-9176,,
8842,0,1065,removed,Bi-207-9177,,
8842,0,1068,removed,Bi-207-8779,,
8842,0,1069,removed,Bi-207-8779,,
8843,0,74,removed,Bi-207-9176,,
8843,0,80,removed,Bi-207-8779,,
8843,0,81,removed,Bi-207-8779,,
8843,0,91,removed,Bi-207-8779,,
8843,0,1004,removed,Cd-109-9178,,
8843,0,1010,removed,Cd-109-9178,,
8843,0,1011,removed,Cd-109-9178,,
8843,0,1012,removed,Cd-109-9178,,
8843,0,1019,removed,Cd-109-9178,,
8843,0,1020,removed,Cd-109-9178,,
8843,0,1027,removed,Bi-207-9176,,
8843,0,1030,removed,Bi-207-9177,,
8843,0,1031,removed,Bi-207-9177,,
8843,0,1037,removed,Bi-207-9176,,
8843,0,1038,removed,Bi-207-9176,,
8843,0,1040,removed,Bi-207-9177,,
8843,0,1041,removed,Bi-207-9177,,
8843,0,1042,removed,Bi-207-9177,,
8843,0,1044,removed,Bi-207-8779,,
8843,0,1049,removed,Bi-207-9176,,
8843,0,1055,removed,Bi-207-8779,,
8843,0,1056,removed,Bi-207-8779,,
8844,0,61,removed,Bi-207-9176,,
8844,0,74,removed,Bi-207-9176,,
8844,0,1004,removed,Cd-109-9178,,
8844,0,1010,removed,Cd-109-9178,,
8844,0,1011,removed,Cd-109-9178,,
8844,0,1012,removed,Cd-109-9178,,
8844,0,1014,removed,Bi-207-8890,,
8844,0,1019,removed,Cd-109-9178,,
8844,0,1020,removed,Cd-109-9178,,
8844,0,1022,removed,Bi-207-8890,,
8844,0,1023,removed,Bi-207-8890,,
8844,0,1032,removed,Bi-207-8890,,
8844,0,1037,removed,Bi-207-9176,,
8844,0,1038,removed,Bi-207-9176,,
8844,0,1040,removed,Bi-207-9177,,
8844,0,1041,removed,Bi-207-9177,,
8844,0,1044,removed,Bi-207-8779,,
8844,0,1048,removed,Bi-207-9176,,
8844,0,1049,removed,Bi-207-9176,,
8844,0,1052,removed,Bi-207-9177,,
8844,0,1053,removed,Bi-207-9177,,
8844,0,1055,removed,Bi-207-8779,,
8844,0,1056,removed,Bi-207-8779,,
8844,0,1068,removed,Bi-207-8779,,
8845,0,49,removed,Bi-207-9176,,
8845,0,51,removed,Bi-207-9177,,
8845,0,55,removed,Bi-207-8779,,
8845,0,67,removed,Bi-207-8779,,
8845,0,80,removed,Bi-207-8779,,
8845,0,90,removed,Bi-207-8890,,
8845,0,1019,removed,Cd-109-9178,,
8845,0,1020,removed,Cd-109-9178,,
8845,0,1022,removed,Bi-207-8890,,
8845,0,1023,removed,Bi-207-8890,,
8845,0,1028,removed,Cd-109-9178,,
8845,0,1029,removed,Cd-109-9178,,
8845,0,1031,removed,Bi-207-8890,,
8845,0,1032,removed,Bi-207-8890,,
8845,0,1033,removed,Bi-207-8890,,
8845,0,1049,removed,Bi-207-9176,,
8845,0,1052,removed,Bi-207-9177,,
8845,0,1053,removed,Bi-207-9177,,
8845,0,1060,removed,Bi-207-9176,,
8845,0,1061,removed,Bi-207-9176,,
8845,0,1062,removed,Bi-207-9176,,
8845,0,1064,removed,Bi-207-9177,,
8845,0,1065,removed,Bi-207-9177,,
8845,0,1068,removed,Bi-207-8779,,
8845,0,1069,removed,Bi-207-8779,,
8845,0,1073,removed,Bi-207-9176,,
8845,0,1074,removed,Bi-207-9176,,
8845,0,1077,removed,Bi-207-9177,,
8845,0,1078,removed,Bi-207-9177,,
8845,0,1080,removed,Bi-207-8779,,
8845,0,1081,removed,Bi-207-8779,,
8846,0,38,removed,Bi-207-9176,,
8846,0,48,removed,Bi-207-9176,,
8846,0,49,removed,Bi-207-9176,,
8846,0,51,removed,Bi-207-9177,,
8846,0,55,removed,Bi-207-8779,,
8846,0,68,removed,Bi-207-8779,,
8846,0,76,removed,Cd-109-9178,,
8846,0,78,removed,Bi-207-8890,,
8846,0,100,removed,Bi-207-8890,,
8846,0,1028,removed,Cd-109-9178,,
8846,0,1029,removed,Cd-109-9178,,
8846,0,1032,removed,Bi-207-8890,,
8846,0,1038,removed,Cd-109-9178,,
8846,0,1039,removed,Cd-109-9178,,
8846,0,1040,removed,Cd-109-9178,,
8846,0,1042,removed,Bi-207-8890,,
8846,0,1043,removed,Bi-207-8890,,
8846,0,1050,removed,Cd-109-9178,,
8846,0,1051,removed,Cd-109-9178,,
8846,0,1054,removed,Bi-207-8890,,
8846,0,1073,removed,Bi-207-9176,,
8846,0,1074,removed,Bi-207-9176,,
8846,0,1077,removed,Bi-207-9177,,
8846,0,1078,removed,Bi-207-9177,,
8846,0,1080,removed,Bi-207-8779,,
8846,0,1081,removed,Bi-207-8779,,
8846,0,1084,removed,Bi-207-9176,,
8846,0,1085,removed,Bi-207-9176,,
8846,0,1088,removed,Bi-207-9177,,
8846,0,1089,removed,Bi-207-9177,,
8846,0,1091,removed,Bi-207-8779,,
8846,0,1092,removed,Bi-207-8779,,
8847,0,29,removed,Bi-207-9177,,
8847,0,40,removed,Bi-207-9177,,
8847,0,41,removed,Bi-207-9177,,
8847,0,51,removed,Cd-109-9178,,
8847,0,1050,removed,Cd-109-9178,,
8847,0,1051,removed,Cd-109-9178,,
8847,0,1053,removed,Bi-207-8890,,
8847,0,1054,removed,Bi-207-8890,,
8847,0,1063,removed,Cd-109-9178,,
8847,0,1064,removed,Cd-109-9178,,
8847,0,1066,removed,Bi-207-8890,,
8847,0,1067,removed,Bi-207-8890,,
8847,0,1085,removed,Bi-207-9176,,
8847,0,1088,removed,Bi-207-9177,,
8847,0,1089,removed,Bi-207-9177,,
8847,0,1095,removed,Bi-207-9176,,
8847,0,1096,removed,Bi-207-9176,,
8847,0,1099,removed,Bi-207-9177,,
8847,0,1100,removed,Bi-207-9177,,
8847,0,1101,removed,Bi-207-8779,,
8847,0,1102,removed,Bi-207-8779,,
8847,0,1105,removed,Bi-207-9176,,
8847,0,1109,removed,Bi-207-9177,,
8847,0,1111,removed,Bi-207-8779,,
8847,0,1112,removed,Bi-207-8779,,
8848,0,30,removed,Bi-207-9177,,
8848,0,42,removed,Bi-207-8890,,
8848,0,63,removed,Cd-109-9178,,
8848,0,1063,removed,Cd-109-9178,,
8848,0,1064,removed,Cd-109-9178,,
8848,0,1066,removed,Bi-207-8890,,
8848,0,1067,removed,Bi-207-8890,,
8848,0,1075,removed,Cd-109-9178,,
8848,0,1076,removed,Cd-109-9178,,
8848,0,1077,removed,Cd-109-9178,,
8848,0,1079,removed,Bi-207-8890,,
8848,0,1080,removed,Bi-207-8890,,
8848,0,1087,removed,Cd-109-9178,,
8848,0,1088,removed,Cd-109-9178,,
8848,0,1090,removed,Bi-207-8890,,
8848,0,1091,removed,Bi-207-8890,,
8848,0,1095,removed,Bi-207-9176,,
8848,0,1096,removed,Bi-207-9176,,
8848,0,1105,removed,Bi-207-9176,,
8848,0,1106,removed,Bi-207-9176,,
8848,0,1108,removed,Bi-207-9177,,
8848,0,1109,removed,Bi-207-9177,,
8848,0,1114,removed,Bi-207-9176,,
8848,0,1117,removed,Bi-207-9177,,
8848,0,1118,removed,Bi-207-9177,,
8849,0,59,removed,Bi-207-9176,,
8849,0,60,removed,Bi-207-9176,,
8849,0,73,removed,Bi-207-9176,,
8849,0,90,removed,Bi-207-8779,,
8849,0,1009,removed,Cd-109-9178,,
8849,0,1010,removed,Cd-109-9178,,
8849,0,1011,removed,Cd-109-9178,,
8849,0,1012,removed,Bi-207-8890,,
8849,0,1013,removed,Bi-207-8890,,
8849,0,1014,removed,Bi-207-8890,,
8849,0,1018,removed,Cd-109-9178,,
8849,0,1019,removed,Cd-109-9178,,
8849,0,1021,removed,Bi-207-8890,,
8849,0,1022,removed,Bi-207-8890,,
8849,0,1036,removed,Bi-207-9176,,
8849,0,1037,removed,Bi-207-9176,,
8849,0,1039,removed,Bi-207-9177,,
8849,0,1040,removed,Bi-207-9177,,
8849,0,1043,removed,Bi-207-8779,,
8849,0,1044,removed,Bi-207-8779,,
8849,0,1047,removed,Bi-207-9176,,
8849,0,1048,removed,Bi-207-9176,,
8849,0,1051,removed,Bi-207-9177,,
8849,0,1052,removed,Bi-207-9177,,
8849,0,1054,removed,Bi-207-8779,,
8849,0,1055,removed,Bi-207-8779,,
8849,0,1060,removed,Bi-207-9176,,
8849,0,1067,removed,Bi-207-8779,,
8850,0,50,removed,Bi-207-9177,,
8850,0,54,removed,Bi-207-8779,,
8850,0,59,removed,Bi-207-9176,,
8850,0,60,removed,Bi-207-9176,,
8850,0,66,removed,Bi-207-8779,,
8850,0,79,removed,Bi-207-8779,,
8850,0,89,removed,Bi-207-8890,,
8850,0,97,removed,Cd-109-9178,,
8850,0,1018,removed,Cd-109-9178,,
8850,0,1019,removed,Cd-109-9178,,
8850,0,1021,removed,Bi-207-8890,,
8850,0,1022,removed,Bi-207-8890,,
8850,0,1027,removed,Cd-109-9178,,
8850,0,1028,removed,Cd-109-9178,,
8850,0,1030,removed,Bi-207-8890,,
8850,0,1031,removed,Bi-207-8890,,
8850,0,1032,removed,Bi-207-8890,,
8850,0,1047,removed,Bi-207-9176,,
8850,0,1048,removed,Bi-207-9176,,
8850,0,1051,removed,Bi-207-9177,,
8850,0,1052,removed,Bi-207-9177,,
8850,0,1059,removed,Bi-207-9176,,
8850,0,1060,removed,Bi-207-9176,,
8850,0,1061,removed,Bi-207-9176,,
8850,0,1063,removed,Bi-207-9177,,
8850,0,1064,removed,Bi-207-9177,,
8850,0,1067,removed,Bi-207-8779,,
8850,0,1068,removed,Bi-207-8779,,
8850,0,1072,removed,Bi-207-9176,,
8850,0,1073,removed,Bi-207-9176,,
8850,0,1076,removed,Bi-207-9177,,
8850,0,1079,removed,Bi-207-8779,,
8850,0,1080,removed,Bi-207-8779,,
8853,0,26,removed,Bi-207-9176,,
8853,0,50,removed,Bi-207-9177,,
8853,0,1027,removed,Cd-109-9178,,
8853,0,1028,removed,Cd-109-9178,,
8853,0,1031,removed,Bi-207-8890,,
8853,0,1037,removed,Cd-109-9178,,
8853,0,1038,removed,Cd-109-9178,,
8853,0,1039,removed,Cd-109-9178,,
8853,0,1041,removed,Bi-207-8890,,
8853,0,1042,removed,Bi-207-8890,,
8853,0,1049,removed,Cd-109-9178,,
8853,0,1050,removed,Cd-109-9178,,
8853,0,1053,removed,Bi-207-8890,,
8853,0,1072,removed,Bi-207-9176,,
8853,0,1073,removed,Bi-207-9176,,
8853,0,1076,removed,Bi-207-9177,,
8853,0,1077,removed,Bi-207-9177,,
8853,0,1079,removed,Bi-207-8779,,
8853,0,1080,removed,Bi-207-8779,,
8853,0,1084,removed,Bi-207-9176,,
8853,0,1087,removed,Bi-207-9177,,
8853,0,1088,removed,Bi-207-9177,,
8853,0,1091,removed,Bi-207-8779,,
8853,0,1092,removed,Bi-207-8779,,
8853,0,1102,removed,Bi-207-8779,,
8854,0,30,removed,Bi-207-9177,,
8854,0,32,removed,Bi-207-8779,,
8854,0,39,removed,Bi-207-9177,,
8854,0,40,removed,Bi-207-9177,,
8854,0,1049,removed,Cd-109-9178,,
8854,0,1050,removed,Cd-109-9178,,
8854,0,1052,removed,Bi-207-8890,,
8854,0,1053,removed,Bi-207-8890,,
8854,0,1061,removed,Cd-109-9178,,
8854,0,1062,removed,Cd-109-9178,,
8854,0,1063,removed,Cd-109-9178,,
8854,0,1065,removed,Bi-207-8890,,
8854,0,1066,removed,Bi-207-8890,,
8854,0,1084,removed,Bi-207-9176,,
8854,0,1087,removed,Bi-207-9177,,
8854,0,1088,removed,Bi-207-9177,,
8854,0,1094,removed,Bi-207-9176,,
8854,0,1095,removed,Bi-207-9176,,
8854,0,1098,removed,Bi-207-9177,,
8854,0,1099,removed,Bi-207-9177,,
8854,0,1101,removed,Bi-207-8779,,
8854,0,1102,removed,Bi-207-8779,,
8854,0,1107,removed,Bi-207-9177,,
8854,0,1108,removed,Bi-207-9177,,
8854,0,1111,removed,Bi-207-8779,,
8854,0,1112,removed,Bi-207-8779,,
8855,0,40,removed,Bi-207-8890,,
8855,0,51,removed,Bi-207-8890,,
8855,0,61,removed,Cd-109-9178,,
8855,0,62,removed,Cd-109-9178,,
8855,0,64,removed,Bi-207-8890,,
8855,0,1062,removed,Cd-109-9178,,
8855,0,1065,removed,Bi-207-8890,,
8855,0,1066,removed,Bi-207-8890,,
8855,0,1074,removed,Cd-109-9178,,
8855,0,1075,removed,Cd-109-9178,,
8855,0,1077,removed,Bi-207-8890,,
8855,0,1078,removed,Bi-207-8890,,
8855,0,1079,removed,Bi-207-8890,,
8855,0,1086,removed,Cd-109-9178,,
8855,0,1089,removed,Bi-207-8890,,
8855,0,1090,removed,Bi-207-8890,,
8855,0,1101,removed,Bi-207-8779,,
8855,0,1102,removed,Bi-207-8779,,
8855,0,1107,removed,Bi-207-9177,,
8855,0,1108,removed,Bi-207-9177,,
8855,0,1111,removed,Bi-207-8779,,
8855,0,1112,removed,Bi-207-8779,,
8855,0,1116,removed,Bi-207-9177,,
8855,0,1117,removed,Bi-207-9177,,
8856,0,14,removed,Bi-207-8779,,yes
8856,0,15,removed,Bi-207-8779,,yes
8856,0,22,removed,Bi-207-8779,,
8856,0,23,removed,Bi-207-8779,,
8856,0,24,removed,Bi-207-8779,,
8856,0,1075,removed,Cd-109-9178,,
8856,0,1086,removed,Cd-109-9178,,
8856,0,1087,removed,Cd-109-9178,,
8856,0,1089,removed,Bi-207-8890,,
8856,0,1090,removed,Bi-207-8890,,
8856,0,1096,removed,Cd-109-9178,,
8856,0,1097,removed,Cd-109-9178,,
8856,0,1100,removed,Bi-207-8890,,
8856,0,1101,removed,Bi-207-8890,,
8857,0,73,removed,Bi-207-9176,,
8857,0,84,removed,Bi-207-9176,,yes
8857,0,85,removed,Bi-207-9176,,
8857,0,95,removed,Bi-207-9176,,yes
8857,0,97,removed,Bi-207-9177,,
8857,0,98,removed,Bi-207-9177,,
8857,0,1011,removed,Bi-207-9177,,
8857,0,1012,removed,Bi-207-9177,,
8857,0,1014,removed,Bi-207-8779,,
8857,0,1019,removed,Bi-207-9177,,
8857,0,1020,removed,Bi-207-9177,,
8857,0,1022,removed,Bi-207-8779,,
8857,0,1023,removed,Bi-207-8779,,
8857,0,1032,removed,Bi-207-8779,,
8857,0,1033,removed,Bi-207-8779,,
8858,0,18,removed,Bi-207-9177,,
8858,0,19,removed,Bi-207-9177,,
8858,0,38,removed,Cd-109-9178,,
8858,0,48,removed,Cd-109-9178,,
8858,0,49,removed,Cd-109-9178,,
8858,0,51,removed,Bi-207-8890,,
8858,0,1074,removed,Cd-109-9178,,
8858,0,1075,removed,Cd-109-9178,,
8858,0,1077,removed,Bi-207-8890,,
8858,0,1078,removed,Bi-207-8890,,
8858,0,1085,removed,Cd-109-9178,,
8858,0,1086,removed,Cd-109-9178,,
8858,0,1088,removed,Bi-207-8890,,
8858,0,1089,removed,Bi-207-8890,,
8858,0,1090,removed,Bi-207-8890,,
8858,0,1107,removed,Bi-207-9177,,
8858,0,1108,removed,Bi-207-9177,,
8858,0,1115,removed,Bi-207-9177,,
8858,0,1116,removed,Bi-207-9177,,
8859,0,28,removed,Bi-207-9177,,
8859,0,29,removed,Bi-207-9177,,
8859,0,33,removed,Bi-207-8779,,
8859,0,51,removed,Bi-207-8890,,
8859,0,62,removed,Cd-109-9178,,
8859,0,74,removed,Cd-109-9178,,
8859,0,1049,removed,Cd-109-9178,,
8859,0,1053,removed,Bi-207-8890,,
8859,0,1061,removed,Cd-109-9178,,
8859,0,1062,removed,Cd-109-9178,,
8859,0,1064,removed,Bi-207-8890,,
8859,0,1065,removed,Bi-207-8890,,
8859,0,1066,removed,Bi-207-8890,,
8859,0,1074,removed,Cd-109-9178,,
8859,0,1077,removed,Bi-207-8890,,
8859,0,1078,removed,Bi-207-8890,,
8859,0,1084,removed,Bi-207-9176,,
8859,0,1094,removed,Bi-207-9176,,
8859,0,1095,removed,Bi-207-9176,,
8859,0,1097,removed,Bi-207-9177,,
8859,0,1098,removed,Bi-207-9177,,
8859,0,1101,removed,Bi-207-8779,,
8859,0,1102,removed,Bi-207-8779,,
8859,0,1107,removed,Bi-207-9177,,
8859,0,1108,removed,Bi-207-9177,,
8859,0,1110,removed,Bi-207-8779,,
8859,0,1111,removed,Bi-207-8779,,
8860,0,26,removed,Bi-207-9176,,
8860,0,40,removed,Bi-207-9177,,
8860,0,42,removed,Bi-207-8779,,
8860,0,43,removed,Bi-207-8779,,
8860,0,50,removed,Bi-207-9177,,
8860,0,51,removed,Bi-207-9177,,
8860,0,1037,removed,Cd-109-9178,,
8860,0,1038,removed,Cd-109-9178,,
8860,0,1041,removed,Bi-207-8890,,
8860,0,1042,removed,Bi-207-8890,,
8860,0,1048,removed,Cd-109-9178,,
8860,0,1049,removed,Cd-109-9178,,
8860,0,1050,removed,Cd-109-9178,,
8860,0,1052,removed,Bi-207-8890,,
8860,0,1053,removed,Bi-207-8890,,
8860,0,1061,removed,Cd-109-9178,,
8860,0,1062,removed,Cd-109-9178,,
8860,0,1065,removed,Bi-207-8890,,
8860,0,1076,removed,Bi-207-9177,,
8860,0,1084,removed,Bi-207-9176,,
8860,0,1086,removed,Bi-207-9177,,
8860,0,1087,removed,Bi-207-9177,,
8860,0,1088,removed,Bi-207-9177,,
8860,0,1090,removed,Bi-207-8779,,
8860,0,1091,removed,Bi-207-8779,,
8860,0,1094,removed,Bi-207-9176,,
8860,0,1095,removed,Bi-207-9176,,
8860,0,1097,removed,Bi-207-9177,,
8860,0,1098,removed,Bi-207-9177,,
8860,0,1101,removed,Bi-207-8779,,
8860,0,1102,removed,Bi-207-8779,,
8861,0,42,removed,Bi-207-8779,,
8861,0,48,removed,Bi-207-9176,,
8861,0,63,removed,Bi-207-9177,,
8861,0,86,removed,Cd-109-9178,,
8861,0,1017,removed,Cd-109-9178,,
8861,0,1018,removed,Cd-109-9178,,
8861,0,1021,removed,Bi-207-8890,,
8861,0,1026,removed,Cd-109-9178,,
8861,0,1027,removed,Cd-109-9178,,
8861,0,1028,removed,Cd-109-9178,,
8861,0,1030,removed,Bi-207-8890,,
8861,0,1031,removed,Bi-207-8890,,
8861,0,1037,removed,Cd-109-9178,,
8861,0,1038,removed,Cd-109-9178,,
8861,0,1041,removed,Bi-207-8890,,
8861,0,1059,removed,Bi-207-9176,,
8861,0,1060,removed,Bi-207-9176,,
8861,0,1063,removed,Bi-207-9177,,
8861,0,1064,removed,Bi-207-9177,,
8861,0,1066,removed,Bi-207-8779,,
8861,0,1067,removed,Bi-207-8779,,
8861,0,1072,removed,Bi-207-9176,,
8861,0,1073,removed,Bi-207-9176,,
8861,0,1075,removed,Bi-207-9177,,
8861,0,1076,removed,Bi-207-9177,,
8861,0,1079,removed,Bi-207-8779,,
8861,0,1080,removed,Bi-207-8779,,
8861,0,1091,removed,Bi-207-8779,,
8862,0,71,removed,Bi-207-9176,,
8862,0,78,removed,Bi-207-8779,,
8862,0,96,removed,Cd-109-9178,,
8862,0,98,removed,Bi-207-8890,,
8862,0,99,removed,Bi-207-8890,,
8862,0,106,removed,Cd-109-9178,,
8862,0,1009,removed,Cd-109-9178,,
8862,0,1010,removed,Cd-109-9178,,
8862,0,1012,removed,Bi-207-8890,,
8862,0,1013,removed,Bi-207-8890,,
8862,0,1017,removed,Cd-109-9178,,
8862,0,1018,removed,Cd-109-9178,,
8862,0,1019,removed,Cd-109-9178,,
8862,0,1020,removed,Bi-207-8890,,
8862,0,1021,removed,Bi-207-8890,,
8862,0,1022,removed,Bi-207-8890,,
8862,0,1027,removed,Cd-109-9178,,
8862,0,1028,removed,Cd-109-9178,,
8862,0,1031,removed,Bi-207-8890,,
8862,0,1039,removed,Bi-207-9177,,
8862,0,1047,removed,Bi-207-9176,,
8862,0,1048,removed,Bi-207-9176,,
8862,0,1050,removed,Bi-207-9177,,
8862,0,1051,removed,Bi-207-9177,,
8862,0,1054,removed,Bi-207-8779,,
8862,0,1055,removed,Bi-207-8779,,
8862,0,1059,removed,Bi-207-9176,,
8862,0,1060,removed,Bi-207-9176,,
8862,0,1063,removed,Bi-207-9177,,
8862,0,1064,removed,Bi-207-9177,,
8862,0,1066,removed,Bi-207-8779,,
8862,0,1067,removed,Bi-207-8779,,
8863,0,59,removed,Bi-207-9176,,
8863,0,60,removed,Bi-207-9176,,
8863,0,75,removed,Bi-207-9177,,
8863,0,76,removed,Bi-207-9177,,
8863,0,1009,removed,Cd-109-9178,,
8863,0,1010,removed,Cd-109-9178,,
8863,0,1012,removed,Bi-207-8890,,
8863,0,1013,removed,Bi-207-8890,,
8863,0,1017,removed,Cd-109-9178,,
8863,0,1018,removed,Cd-109-9178,,
8863,0,1021,removed,Bi-207-8890,,
8863,0,1028,removed,Bi-207-9177,,
8863,0,1029,removed,Bi-207-9177,,
8863,0,1038,removed,Bi-207-9177,,
8863,0,1039,removed,Bi-207-9177,,
8863,0,1040,removed,Bi-207-9177,,
8863,0,1042,removed,Bi-207-8779,,
8863,0,1043,removed,Bi-207-8779,,
8863,0,1051,removed,Bi-207-9177,,
8863,0,1054,removed,Bi-207-8779,,
8863,0,1055,removed,Bi-207-8779,,
8864,0,86,removed,Bi-207-9177,,
8864,0,87,removed,Bi-207-9177,,
8864,0,96,removed,Bi-207-9177,,
8864,0,108,removed,Bi-207-8890,,
8864,0,115,removed,Bi-207-8890,,
8864,0,116,removed,Bi-207-8890,,
8864,0,1017,removed,Bi-207-9176,,
8864,0,1026,removed,Bi-207-9176,,
8864,0,1027,removed,Bi-207-9176,,
8864,0,1037,removed,Bi-207-9176,,
8865,0,21,removed,Bi-207-9177,,
8865,0,62,removed,Cd-109-9178,,
8865,0,1062,removed,Cd-109-9178,,
8865,0,1063,removed,Cd-109-9178,,
8865,0,1066,removed,Bi-207-8890,,
8865,0,1075,removed,Cd-109-9178,,
8865,0,1076,removed,Cd-109-9178,,
8865,0,1078,removed,Bi-207-8890,,
8865,0,1079,removed,Bi-207-8890,,
8865,0,1086,removed,Cd-109-9178,,
8865,0,1087,removed,Cd-109-9178,,
8865,0,1090,removed,Bi-207-8890,,
8865,0,1095,removed,Bi-207-9176,,
8865,0,1096,removed,Bi-207-9176,,
8865,0,1099,removed,Bi-207-9177,,
8865,0,1105,removed,Bi-207-9176,,
8865,0,1106,removed,Bi-207-9176,,
8865,0,1108,removed,Bi-207-9177,,
8865,0,1109,removed,Bi-207-9177,,
8865,0,1117,removed,Bi-207-9177,,
9326,0,39,removed,Cd-109-9178,,yes
9326,0,47,removed,Sn-113-9183,,yes
9326,0,50,removed,Cd-109-9178,,yes
9326,0,51,removed,Cd-109-9178,,yes
9326,0,59,removed,Sn-113-9183,,yes
9326,0,60,removed,Sn-113-9183,,yes
9326,0,63,removed,Cd-109-9178,,yes
9326,0,87,removed,Bi-207-9177,,yes
9326,0,91,removed,Bi-207-9176,,
9326,0,97,removed,Bi-207-9177,,yes
9326,0,98,removed,Bi-207-9177,,yes
9326,0,101,removed,Bi-207-9176,,yes
9326,0,102,removed,Bi-207-9176,,yes
9326,0,107,removed,Bi-207-9177,,yes
9326,0,110,removed,Bi-207-9176,,yes
9326,0,111,removed,Bi-207-9176,,yes
9326,0,1033,removed,Bi-207-9176,,
9326,0,1034,removed,Bi-207-9176,,
9326,0,1043,removed,Bi-207-9176,,
9326,0,1044,removed,Bi-207-9176,,
9326,0,1080,removed,Ce-139-9179,,
9326,0,1081,removed,Ce-139-9179,,
9326,0,1091,removed,Ce-139-9179,,
9326,0,1092,removed,Ce-139-9179,,
9327,0,51,removed,Cd-109-9178,,
9327,0,86,removed,Bi-207-9177,,
9327,0,87,removed,Bi-207-9177,,
9327,0,90,removed,Bi-207-9176,,
9327,0,98,removed,Bi-207-9177,,
9327,0,1018,removed,Bi-207-9177,,
9327,0,1019,removed,Bi-207-9177,,
9327,0,1022,removed,Bi-207-9176,,
9327,0,1023,removed,Bi-207-9176,,
9327,0,1028,removed,Bi-207-9177,,
9327,0,1029,removed,Bi-207-9177,,
9327,0,1031,removed,Bi-207-9176,,
9327,0,1032,removed,Bi-207-9176,,
9327,0,1047,removed,Sn-113-9183,,
9327,0,1059,removed,Sn-113-9183,,
9327,0,1060,removed,Sn-113-9183,,
9327,0,1063,removed,Cd-109-9178,,
9327,0,1067,removed,Ce-139-9179,,
9327,0,1072,removed,Sn-113-9183,,
9327,0,1075,removed,Cd-109-9178,,
9327,0,1076,removed,Cd-109-9178,,
9327,0,1079,removed,Ce-139-9179,,
9327,0,1080,removed,Ce-139-9179,,
9327,0,1087,removed,Cd-109-9178,,
9327,0,1091,removed,Ce-139-9179,,
9367,0,39,removed,Bi-207-9177,,
9367,0,43,removed,Ce-139-9179,,
9367,0,64,removed,Bi-207-9177,,
9367,0,1047,removed,Bi-207-8890,,
9367,0,1059,removed,Bi-207-8890,,
9367,0,1060,removed,Bi-207-8890,,
9367,0,1062,removed,Bi-207-9177,,
9367,0,1063,removed,Bi-207-9177,,
9367,0,1067,removed,Bi-207-9176,,
9367,0,1072,removed,Bi-207-8890,,
9367,0,1075,removed,Bi-207-9177,,
9367,0,1076,removed,Bi-207-9177,,
9367,0,1079,removed,Bi-207-9176,,
9367,0,1080,removed,Bi-207-9176,,
9367,0,1091,removed,Bi-207-9176,,
9367,0,1106,removed,Cd-109-9178,,
9367,0,1107,removed,Cd-109-9178,,
9367,0,1110,removed,Ce-139-9179,,
9367,0,1111,removed,Ce-139-9179,,
9367,0,1115,removed,Cd-109-9178,,
9367,0,1116,removed,Cd-109-9178,,
9367,0,1118,removed,Ce-139-9179,,
9367,0,1119,removed,Ce-139-9179,,
9367,1,26,removed,Sn-113-9183,,
9367,1,39,removed,Bi-207-9177,,
9367,1,43,removed,Ce-139-9179,,
9367,1,64,removed,Bi-207-9177,,
9367,1,1063,removed,Bi-207-9177,,
9367,1,1064,removed,Bi-207-9177,,
9367,1,1067,removed,Bi-207-9176,,
9367,1,1075,removed,Bi-207-9177,,
9367,1,1076,removed,Bi-207-9177,,
9367,1,1079,removed,Bi-207-9176,,
9367,1,1080,removed,Bi-207-9176,,
9367,1,1091,removed,Bi-207-9176,,
9367,1,1107,removed,Cd-109-9178,,
9367,1,1108,removed,Cd-109-9178,,
9367,1,1110,removed,Ce-139-9179,,
9367,1,1111,removed,Ce-139-9179,,
9367,1,1115,removed,Cd-109-9178,,
9367,1,1116,removed,Cd-109-9178,,
9367,1,1117,removed,Cd-109-9178,,
9367,1,1119,removed,Ce-139-9179,,
9367,2,26,removed,Sn-113-9183,,
9367,2,43,removed,Ce-139-9179,,
9367,2,52,removed,Bi-207-9177,,
9367,2,1047,removed,Bi-207-8890,,
9367,2,1048,removed,Bi-207-8890,,
9367,2,1059,removed,Bi-207-8890,,
9367,2,1060,removed,Bi-207-8890,,
9367,2,1067,removed,Bi-207-9176,,
9367,2,1068,removed,Bi-207-9176,,
9367,2,1072,removed,Bi-207-8890,,
9367,2,1079,removed,Bi-207-9176,,
9367,2,1080,removed,Bi-207-9176,,
9367,2,1101,removed,Ce-139-9179,,
9367,2,1102,removed,Ce-139-9179,,
9367,2,1107,removed,Cd-109-9178,,
9367,2,1108,removed,Cd-109-9178,,
9367,2,1111,removed,Ce-139-9179,,
9367,2,1112,removed,Ce-139-9179,,
9367,2,1116,removed,Cd-109-9178,,
9367,2,1117,removed,Cd-109-9178,,
9367,3,33,removed,Ce-139-9179,,
9367,3,40,removed,Bi-207-9177,,
9367,3,43,removed,Ce-139-9179,,
9367,3,61,removed,Bi-207-8890,,
9367,3,63,removed,Bi-207-9177,,
9367,3,1048,removed,Bi-207-8890,,
9367,3,1060,removed,Bi-207-8890,,
9367,3,1061,removed,Bi-207-8890,,
9367,3,1068,removed,Bi-207-9176,,
9367,3,1069,removed,Bi-207-9176,,
9367,3,1073,removed,Bi-207-8890,,
9367,3,1080,removed,Bi-207-9176,,
9367,3,1081,removed,Bi-207-9176,,
9367,3,1095,removed,Sn-113-9183,,
9367,3,1096,removed,Sn-113-9183,,
9367,3,1101,removed,Ce-139-9179,,
9367,3,1102,removed,Ce-139-9179,,
9367,3,1105,removed,Sn-113-9183,,
9367,3,1108,removed,Cd-109-9178,,
9367,3,1109,removed,Cd-109-9178,,
9367,3,1111,removed,Ce-139-9179,,
9367,3,1112,removed,Ce-139-9179,,
9367,3,1116,removed,Cd-109-9178,,
9367,3,1117,removed,Cd-109-9178,,
9367,3,1118,removed,Cd-109-9178,,
9367,4,33,removed,Ce-139-9179,,
9367,4,40,removed,Bi-207-9177,,
9367,4,43,removed,Ce-139-9179,,
9367,4,49,removed,Bi-207-8890,,
9367,4,63,removed,Bi-207-9177,,
9367,4,1048,removed,Bi-207-8890,,
9367,4,1049,removed,Bi-207-8890,,
9367,4,1060,removed,Bi-207-8890,,
9367,4,1061,removed,Bi-207-8890,,
9367,4,1068,removed,Bi-207-9176,,
9367,4,1069,removed,Bi-207-9176,,
9367,4,1080,removed,Bi-207-9176,,
9367,4,1081,removed,Bi-207-9176,,
9367,4,1095,removed,Sn-113-9183,,
9367,4,1096,removed,Sn-113-9183,,
9367,4,1101,removed,Ce-139-9179,,
9367,4,1102,removed,Ce-139-9179,,
9367,4,1105,removed,Sn-113-9183,,
9367,4,1108,removed,Cd-109-9178,,
9367,4,1109,removed,Cd-109-9178,,
9367,4,1111,removed,Ce-139-9179,,
9367,4,1112,removed,Ce-139-9179,,
9367,4,1117,removed,Cd-109-9178,,
9367,4,1118,removed,Cd-109-9178,,
9367,5,28,removed,Sn-113-9183,,
9367,5,33,removed,Ce-139-9179,,
9367,5,34,removed,Ce-139-9179,,yes
9367,5,38,removed,Sn-113-9183,,
9367,5,43,removed,Ce-139-9179,,
9367,5,44,removed,Ce-139-9179,,yes
9367,5,45,removed,Ce-139-9179,,yes
9367,5,1049,removed,Bi-207-8890,,
9367,5,1050,removed,Bi-207-8890,,
9367,5,1061,removed,Bi-207-8890,,
9367,5,1062,removed,Bi-207-8890,,
9367,5,1068,removed,Bi-207-9176,,
9367,5,1069,removed,Bi-207-9176,,
9367,5,1074,removed,Bi-207-8890,,
9367,5,1081,removed,Bi-207-9176,,
9367,5,1096,removed,Sn-113-9183,,
9367,5,1097,removed,Sn-113-9183,,
9367,5,1101,removed,Cd-109-9178,,
9367,5,1105,removed,Sn-113-9183,,
9367,5,1106,removed,Sn-113-9183,,
9367,5,1109,removed,Cd-109-9178,,
9367,5,1110,removed,Cd-109-9178,,
9367,5,1111,removed,Cd-109-9178,,
9367,5,1118,removed,Cd-109-9178,,
9367,5,1119,removed,Cd-109-9178,,
9367,6,27,removed,Cd-109-9178,,
9367,6,60,removed,Bi-207-8890,,
9367,6,1050,removed,Bi-207-9177,,
9367,6,1051,removed,Bi-207-9177,,
9367,6,1053,removed,Bi-207-9176,,
9367,6,1054,removed,Bi-207-9176,,
9367,6,1062,removed,Bi-207-9177,,
9367,6,1063,removed,Bi-207-9177,,
9367,6,1066,removed,Bi-207-9176,,
9367,6,1067,removed,Bi-207-9176,,
9367,6,1079,removed,Bi-207-9176,,
9367,6,1097,removed,Cd-109-9178,,
9367,6,1098,removed,Cd-109-9178,,
9367,6,1100,removed,Ce-139-9179,,
9367,6,1101,removed,Ce-139-9179,,
9367,6,1106,removed,Cd-109-9178,,
9367,6,1107,removed,Cd-109-9178,,
9367,6,1108,removed,Cd-109-9178,,
9367,6,1110,removed,Ce-139-9179,,
9367,6,1111,removed,Ce-139-9179,,
9367,6,1115,removed,Cd-109-9178,,
9367,6,1116,removed,Cd-109-9178,,
9367,6,1119,removed,Ce-139-9179,,
9367,7,28,removed,Cd-109-9178,,
9367,7,29,removed,Cd-109-9178,,
9367,7,43,removed,Ce-139-9179,,
9367,7,47,removed,Bi-207-8890,,
9367,7,1047,removed,Bi-207-8890,,
9367,7,1048,removed,Bi-207-8890,,
9367,7,1050,removed,Bi-207-9177,,
9367,7,1051,removed,Bi-207-9177,,
9367,7,1059,removed,Bi-207-8890,,
9367,7,1060,removed,Bi-207-8890,,
9367,7,1063,removed,Bi-207-9177,,
9367,7,1064,removed,Bi-207-9177,,
9367,7,1067,removed,Bi-207-9176,,
9367,7,1068,removed,Bi-207-9176,,
9367,7,1079,removed,Bi-207-9176,,
9367,7,1080,removed,Bi-207-9176,,
9367,7,1098,removed,Cd-109-9178,,
9367,7,1101,removed,Ce-139-9179,,
9367,7,1102,removed,Ce-139-9179,,
9367,7,1107,removed,Cd-109-9178,,
9367,7,1108,removed,Cd-109-9178,,
9367,7,1111,removed,Ce-139-9179,,
9367,7,1112,removed,Ce-139-9179,,
9367,7,1116,removed,Cd-109-9178,,
9367,8,28,removed,Cd-109-9178,,
9367,8,33,removed,Ce-139-9179,,
9367,8,43,removed,Ce-139-9179,,
9367,8,55,removed,Ce-139-9179,,
9367,8,60,removed,Bi-207-8890,,
9367,8,73,removed,Bi-207-8890,,
9367,8,77,removed,Bi-207-9177,,
9367,8,1047,removed,Bi-207-8890,,
9367,8,1048,removed,Bi-207-8890,,
9367,8,1051,removed,Bi-207-9177,,
9367,8,1052,removed,Bi-207-9177,,
9367,8,1059,removed,Bi-207-8890,,
9367,8,1060,removed,Bi-207-8890,,
9367,8,1063,removed,Bi-207-9177,,
9367,8,1064,removed,Bi-207-9177,,
9367,8,1067,removed,Bi-207-9176,,
9367,8,1068,removed,Bi-207-9176,,
9367,8,1080,removed,Bi-207-9176,,
9367,8,1084,removed,Sn-113-9183,,
9367,8,1094,removed,Sn-113-9183,,
9367,8,1095,removed,Sn-113-9183,,
9367,8,1098,removed,Cd-109-9178,,
9367,8,1099,removed,Cd-109-9178,,
9367,8,1101,removed,Ce-139-9179,,
9367,8,1102,removed,Ce-139-9179,,
9367,8,1107,removed,Cd-109-9178,,
9367,8,1108,removed,Cd-109-9178,,
9367,8,1109,removed,Cd-109-9178,,
9367,8,1111,removed,Ce-139-9179,,
9367,8,1112,removed,Ce-139-9179,,
9367,8,1116,removed,Cd-109-9178,,
9367,8,1117,removed,Cd-109-9178,,
9367,9,29,removed,Cd-109-9178,,
9367,9,30,removed,Cd-109-9178,,
9367,9,33,removed,Ce-139-9179,,
9367,9,43,removed,Ce-139-9179,,
9367,9,48,removed,Bi-207-8890,,
9367,9,61,removed,Bi-207-8890,,
9367,9,1048,removed,Bi-207-8890,,
9367,9,1049,removed,Bi-207-8890,,
9367,9,1052,removed,Bi-207-9177,,
9367,9,1053,removed,Bi-207-9177,,
9367,9,1060,removed,Bi-207-8890,,
9367,9,1061,removed,Bi-207-8890,,
9367,9,1064,removed,Bi-207-9177,,
9367,9,1065,removed,Bi-207-9177,,
9367,9,1068,removed,Bi-207-9176,,
9367,9,1069,removed,Bi-207-9176,,
9367,9,1080,removed,Bi-207-9176,,
9367,9,1081,removed,Bi-207-9176,,
9367,9,1095,removed,Sn-113-9183,,
9367,9,1096,removed,Sn-113-9183,,
9367,9,1099,removed,Cd-109-9178,,
9367,9,1101,removed,Ce-139-9179,,
9367,9,1102,removed,Ce-139-9179,,
9367,9,1105,removed,Sn-113-9183,,
9367,9,1108,removed,Cd-109-9178,,
9367,9,1109,removed,Cd-109-9178,,
9367,9,1111,removed,Ce-139-9179,,
9367,9,1112,removed,Ce-139-9179,,
9367,9,1117,removed,Cd-109-9178,,
9367,10,30,removed,Cd-109-9178,,
9367,10,33,removed,Ce-139-9179,,
9367,10,40,removed,Bi-207-9177,,
9367,10,43,removed,Ce-139-9179,,
9367,10,63,removed,Bi-207-9177,,
9367,10,1048,removed,Bi-207-8890,,
9367,10,1049,removed,Bi-207-8890,,
9367,10,1052,removed,Bi-207-9177,,
9367,10,1053,removed,Bi-207-9177,,
9367,10,1060,removed,Bi-207-8890,,
9367,10,1061,removed,Bi-207-8890,,
9367,10,1062,removed,Bi-207-8890,,
9367,10,1064,removed,Bi-207-9177,,
9367,10,1065,removed,Bi-207-9177,,
9367,10,1068,removed,Bi-207-9176,,
9367,10,1069,removed,Bi-207-9176,,
9367,10,1080,removed,Bi-207-9176,,
9367,10,1081,removed,Bi-207-9176,,
9367,10,1095,removed,Sn-113-9183,,
9367,10,1096,removed,Sn-113-9183,,
9367,10,1099,removed,Cd-109-9178,,
9367,10,1100,removed,Cd-109-9178,,
9367,10,1101,removed,Ce-139-9179,,
9367,10,1102,removed,Ce-139-9179,,
9367,10,1105,removed,Sn-113-9183,,
9367,10,1106,removed,Sn-113-9183,,
9367,10,1108,removed,Cd-109-9178,,
9367,10,1109,removed,Cd-109-9178,,
9367,10,1110,removed,Cd-109-9178,,
9367,10,1111,removed,Ce-139-9179,,
9367,10,1112,removed,Ce-139-9179,,
9367,10,1117,removed,Cd-109-9178,,
9367,10,1118,removed,Cd-109-9178,,
9368,0,28,removed,Sn-113-9183,,
9368,0,31,removed,Cd-109-9178,,
9368,0,1049,removed,Bi-207-8890,,
9368,0,1050,removed,Bi-207-8890,,
9368,0,1053,removed,Bi-207-9177,,
9368,0,1054,removed,Bi-207-9177,,
9368,0,1056,removed,Bi-207-9176,,
9368,0,1061,removed,Bi-207-8890,,
9368,0,1062,removed,Bi-207-8890,,
9368,0,1065,removed,Bi-207-9177,,
9368,0,1066,removed,Bi-207-9177,,
9368,0,1068,removed,Bi-207-9176,,
9368,0,1069,removed,Bi-207-9176,,
9368,0,1081,removed,Bi-207-9176,,
9368,0,1096,removed,Sn-113-9183,,
9368,0,1097,removed,Sn-113-9183,,
9368,0,1100,removed,Cd-109-9178,,
9368,0,1101,removed,Cd-109-9178,,
9368,0,1105,removed,Sn-113-9183,,
9368,0,1106,removed,Sn-113-9183,,
9368,0,1109,removed,Cd-109-9178,,
9368,0,1110,removed,Cd-109-9178,,
9368,0,1111,removed,Cd-109-9178,,
9368,0,1118,removed,Cd-109-9178,,
9368,0,1119,removed,Cd-109-9178,,
9368,1,1039,removed,Bi-207-9177,,
9368,1,1047,removed,Bi-207-8890,,
9368,1,1048,removed,Bi-207-8890,,
9368,1,1050,removed,Bi-207-9177,,
9368,1,1051,removed,Bi-207-9177,,
9368,1,1053,removed,Bi-207-9176,,
9368,1,1054,removed,Bi-207-9176,,
9368,1,1059,removed,Bi-207-8890,,
9368,1,1060,removed,Bi-207-8890,,
9368,1,1062,removed,Bi-207-9177,,
9368,1,1063,removed,Bi-207-9177,,
9368,1,1066,removed,Bi-207-9176,,
9368,1,1067,removed,Bi-207-9176,,
9368,1,1097,removed,Cd-109-9178,,
9368,1,1098,removed,Cd-109-9178,,
9368,1,1101,removed,Ce-139-9179,,
9368,1,1102,removed,Ce-139-9179,,
9368,1,1106,removed,Cd-109-9178,,
9368,1,1107,removed,Cd-109-9178,,
9368,1,1110,removed,Ce-139-9179,,
9368,1,1111,removed,Ce-139-9179,,
9368,2,60,removed,Bi-207-8890,,
9368,2,78,removed,Bi-207-9176,,
9368,2,87,removed,Bi-207-9177,,
9368,2,1036,removed,Bi-207-8890,,
9368,2,1039,removed,Bi-207-9177,,
9368,2,1047,removed,Bi-207-8890,,
9368,2,1048,removed,Bi-207-8890,,
9368,2,1050,removed,Bi-207-9177,,
9368,2,1051,removed,Bi-207-9177,,
9368,2,1052,removed,Bi-207-9177,,
9368,2,1054,removed,Bi-207-9176,,
9368,2,1055,removed,Bi-207-9176,,
9368,2,1059,removed,Bi-207-8890,,
9368,2,1060,removed,Bi-207-8890,,
9368,2,1063,removed,Bi-207-9177,,
9368,2,1064,removed,Bi-207-9177,,
9368,2,1067,removed,Bi-207-9176,,
9368,2,1068,removed,Bi-207-9176,,
9368,2,1084,removed,Sn-113-9183,,
9368,2,1094,removed,Sn-113-9183,,
9368,2,1095,removed,Sn-113-9183,,
9368,2,1097,removed,Cd-109-9178,,
9368,2,1098,removed,Cd-109-9178,,
9368,2,1099,removed,Cd-109-9178,,
9368,2,1101,removed,Ce-139-9179,,
9368,2,1102,removed,Ce-139-9179,,
9368,2,1107,removed,Cd-109-9178,,
9368,2,1108,removed,Cd-109-9178,,
9368,2,1111,removed,Ce-139-9179,,
9368,2,1112,removed,Ce-139-9179,,
9368,3,28,removed,Cd-109-9178,,
9368,3,32,removed,Ce-139-9179,,
9368,3,43,removed,Ce-139-9179,,
9368,3,44,removed,Ce-139-9179,,
9368,3,51,removed,Bi-207-9177,,
9368,3,60,removed,Bi-207-8890,,
9368,3,73,removed,Bi-207-8890,,
9368,3,1036,removed,Bi-207-8890,,
9368,3,1037,removed,Bi-207-8890,,
9368,3,1040,removed,Bi-207-9177,,
9368,3,1047,removed,Bi-207-8890,,
9368,3,1048,removed,Bi-207-8890,,
9368,3,1051,removed,Bi-207-9177,,
9368,3,1052,removed,Bi-207-9177,,
9368,3,1054,removed,Bi-207-9176,,
9368,3,1055,removed,Bi-207-9176,,
9368,3,1056,removed,Bi-207-9176,,
9368,3,1060,removed,Bi-207-8890,,
9368,3,1064,removed,Bi-207-9177,,
9368,3,1067,removed,Bi-207-9176,,
9368,3,1068,removed,Bi-207-9176,,
9368,3,1084,removed,Sn-113-9183,,
9368,3,1085,removed,Sn-113-9183,,
9368,3,1088,removed,Cd-109-9178,,
9368,3,1091,removed,Ce-139-9179,,
9368,3,1092,removed,Ce-139-9179,,
9368,3,1094,removed,Sn-113-9183,,
9368,3,1095,removed,Sn-113-9183,,
9368,3,1098,removed,Cd-109-9178,,
9368,3,1099,removed,Cd-109-9178,,
9368,3,1101,removed,Ce-139-9179,,
9368,3,1102,removed,Ce-139-9179,,
9368,3,1108,removed,Cd-109-9178,,
9368,3,1111,removed,Ce-139-9179,,
9368,3,1112,removed,Ce-139-9179,,
9368,4,24,removed,Ce-139-9179,,
9368,4,27,removed,Sn-113-9183,,
9368,4,29,removed,Cd-109-9178,,
9368,4,37,removed,Sn-113-9183,,
9368,4,43,removed,Ce-139-9179,,
9368,4,51,removed,Bi-207-9177,,
9368,4,52,removed,Bi-207-9177,,
9368,4,61,removed,Bi-207-8890,,
9368,4,63,removed,Bi-207-9177,,
9368,4,1037,removed,Bi-207-8890,,
9368,4,1041,removed,Bi-207-9177,,
9368,4,1048,removed,Bi-207-8890,,
9368,4,1049,removed,Bi-207-8890,,
9368,4,1051,removed,Bi-207-9177,,
9368,4,1052,removed,Bi-207-9177,,
9368,4,1053,removed,Bi-207-9177,,
9368,4,1055,removed,Bi-207-9176,,
9368,4,1056,removed,Bi-207-9176,,
9368,4,1060,removed,Bi-207-8890,,
9368,4,1061,removed,Bi-207-8890,,
9368,4,1064,removed,Bi-207-9177,,
9368,4,1065,removed,Bi-207-9177,,
9368,4,1068,removed,Bi-207-9176,,
9368,4,1069,removed,Bi-207-9176,,
9368,4,1081,removed,Bi-207-9176,,
9368,4,1084,removed,Sn-113-9183,,
9368,4,1085,removed,Sn-113-9183,,
9368,4,1095,removed,Sn-113-9183,,
9368,4,1096,removed,Sn-113-9183,,
9368,4,1099,removed,Cd-109-9178,,
9368,4,1100,removed,Cd-109-9178,,
9368,4,1102,removed,Ce-139-9179,,
9368,4,1105,removed,Sn-113-9183,,
9368,4,1108,removed,Cd-109-9178,,
9368,4,1109,removed,Cd-109-9178,,
9368,4,1111,removed,Ce-139-9179,,
9368,4,1112,removed,Ce-139-9179,,
9368,5,38,removed,Sn-113-9183,,
9368,5,55,removed,Ce-139-9179,,
9368,5,1037,removed,Bi-207-8890,,
9368,5,1038,removed,Bi-207-8890,,
9368,5,1041,removed,Bi-207-9177,,
9368,5,1048,removed,Bi-207-8890,,
9368,5,1049,removed,Bi-207-8890,,
9368,5,1052,removed,Bi-207-9177,,
9368,5,1053,removed,Bi-207-9177,,
9368,5,1055,removed,Bi-207-9176,,
9368,5,1056,removed,Bi-207-9176,,
9368,5,1065,removed,Bi-207-9177,,
9368,5,1068,removed,Bi-207-9176,,
9368,5,1069,removed,Bi-207-9176,,
9368,5,1085,removed,Sn-113-9183,,
9368,5,1089,removed,Cd-109-9178,,
9368,5,1090,removed,Cd-109-9178,,
9368,5,1095,removed,Sn-113-9183,,
9368,5,1096,removed,Sn-113-9183,,
9368,5,1099,removed,Cd-109-9178,,
9368,5,1100,removed,Cd-109-9178,,
9368,5,1101,removed,Cd-109-9178,,
9368,5,1102,removed,Ce-139-9179,,
9368,5,1105,removed,Sn-113-9183,,
9368,5,1109,removed,Cd-109-9178,,
9368,5,1110,removed,Cd-109-9178,,
9368,5,1111,removed,Ce-139-9179,,
9368,5,1112,removed,Ce-139-9179,,
9368,6,28,removed,Sn-113-9183,,
9368,6,30,removed,Cd-109-9178,,
9368,6,37,removed,Sn-113-9183,,
9368,6,38,removed,Sn-113-9183,,
9368,6,55,removed,Ce-139-9179,,
9368,6,1042,removed,Bi-207-9177,,
9368,6,1053,removed,Bi-207-9177,,
9368,6,1054,removed,Bi-207-9177,,
9368,6,1056,removed,Bi-207-9176,,
9368,6,1065,removed,Bi-207-9177,,
9368,6,1066,removed,Bi-207-9177,,
9368,6,1068,removed,Bi-207-9176,,
9368,6,1069,removed,Bi-207-9176,,
9368,6,1081,removed,Bi-207-9176,,
9368,6,1086,removed,Sn-113-9183,,
9368,6,1096,removed,Sn-113-9183,,
9368,6,1097,removed,Sn-113-9183,,
9368,6,1100,removed,Cd-109-9178,,
9368,6,1101,removed,Cd-109-9178,,
9368,6,1106,removed,Sn-113-9183,,
9368,6,1109,removed,Cd-109-9178,,
9368,6,1110,removed,Cd-109-9178,,
9368,7,44,removed,Ce-139-9179,,yes
9368,7,45,removed,Ce-139-9179,,yes
9368,7,55,removed,Ce-139-9179,,yes
9368,7,56,removed,Ce-139-9179,,yes
9368,7,68,removed,Ce-139-9179,,yes
9368,7,1086,removed,Cd-109-9178,,
9368,7,1087,removed,Cd-109-9178,,
9368,7,1091,removed,Ce-139-9179,,
9368,7,1096,removed,Cd-109-9178,,
9368,7,1097,removed,Cd-109-9178,,
9368,7,1098,removed,Cd-109-9178,,
9368,7,1101,removed,Ce-139-9179,,
9368,7,1102,removed,Ce-139-9179,,
9368,7,1107,removed,Cd-109-9178,,
9368,7,1111,removed,Ce-139-9179,,
9369,0,29,removed,Cd-109-9178,,
9369,0,38,removed,Cd-109-9178,,
9369,0,39,removed,Cd-109-9178,,
9369,0,66,removed,Bi-207-9176,,
9369,0,1038,removed,Bi-207-9177,,
9369,0,1039,removed,Bi-207-9177,,
9369,0,1042,removed,Bi-207-9176,,
9369,0,1043,removed,Bi-207-9176,,
9369,0,1050,removed,Bi-207-9177,,
9369,0,1051,removed,Bi-207-9177,,
9369,0,1053,removed,Bi-207-9176,,
9369,0,1054,removed,Bi-207-9176,,
9369,0,1086,removed,Cd-109-9178,,
9369,0,1087,removed,Cd-109-9178,,
9369,0,1090,removed,Ce-139-9179,,
9369,0,1091,removed,Ce-139-9179,,
9369,0,1097,removed,Cd-109-9178,,
9369,0,1098,removed,Cd-109-9178,,
9369,0,1100,removed,Ce-139-9179,,
9369,0,1101,removed,Ce-139-9179,,
9369,0,1102,removed,Ce-139-9179,,
9369,1,38,removed,Cd-109-9178,,
9369,1,39,removed,Cd-109-9178,,
9369,1,42,removed,Ce-139-9179,,
9369,1,47,removed,Sn-113-9183,,
9369,1,60,removed,Bi-207-8890,,
9369,1,78,removed,Bi-207-9176,,
9369,1,1036,removed,Bi-207-8890,,
9369,1,1039,removed,Bi-207-9177,,
9369,1,1040,removed,Bi-207-9177,,
9369,1,1043,removed,Bi-207-9176,,
9369,1,1044,removed,Bi-207-9176,,
9369,1,1047,removed,Bi-207-8890,,
9369,1,1048,removed,Bi-207-8890,,
9369,1,1050,removed,Bi-207-9177,,
9369,1,1051,removed,Bi-207-9177,,
9369,1,1054,removed,Bi-207-9176,,
9369,1,1055,removed,Bi-207-9176,,
9369,1,1060,removed,Bi-207-8890,,
9369,1,1084,removed,Sn-113-9183,,
9369,1,1091,removed,Ce-139-9179,,
9369,1,1094,removed,Sn-113-9183,,
9369,1,1095,removed,Sn-113-9183,,
9369,1,1097,removed,Cd-109-9178,,
9369,1,1098,removed,Cd-109-9178,,
9369,1,1099,removed,Cd-109-9178,,
9369,1,1101,removed,Ce-139-9179,,
9369,1,1102,removed,Ce-139-9179,,
9369,1,1107,removed,Cd-109-9178,,
9369,1,1108,removed,Cd-109-9178,,
9369,1,1111,removed,Ce-139-9179,,
9369,2,26,removed,Sn-113-9183,,
9369,2,37,removed,Sn-113-9183,,
9369,2,39,removed,Cd-109-9178,,
9369,2,40,removed,Cd-109-9178,,
9369,2,43,removed,Ce-139-9179,,
9369,2,47,removed,Sn-113-9183,,
9369,2,48,removed,Sn-113-9183,,
9369,2,60,removed,Bi-207-8890,,
9369,2,67,removed,Bi-207-9176,,
9369,2,73,removed,Bi-207-8890,,
9369,2,79,removed,Bi-207-9176,,
9369,2,1036,removed,Bi-207-8890,,
9369,2,1037,removed,Bi-207-8890,,
9369,2,1039,removed,Bi-207-9177,,
9369,2,1040,removed,Bi-207-9177,,
9369,2,1041,removed,Bi-207-9177,,
9369,2,1043,removed,Bi-207-9176,,
9369,2,1044,removed,Bi-207-9176,,
9369,2,1047,removed,Bi-207-8890,,
9369,2,1048,removed,Bi-207-8890,,
9369,2,1051,removed,Bi-207-9177,,
9369,2,1052,removed,Bi-207-9177,,
9369,2,1054,removed,Bi-207-9176,,
9369,2,1055,removed,Bi-207-9176,,
9369,2,1056,removed,Bi-207-9176,,
9369,2,1073,removed,Sn-113-9183,,
9369,2,1084,removed,Sn-113-9183,,
9369,2,1085,removed,Sn-113-9183,,
9369,2,1087,removed,Cd-109-9178,,
9369,2,1088,removed,Cd-109-9178,,
9369,2,1089,removed,Cd-109-9178,,
9369,2,1091,removed,Ce-139-9179,,
9369,2,1092,removed,Ce-139-9179,,
9369,2,1094,removed,Sn-113-9183,,
9369,2,1095,removed,Sn-113-9183,,
9369,2,1098,removed,Cd-109-9178,,
9369,2,1099,removed,Cd-109-9178,,
9369,2,1101,removed,Ce-139-9179,,
9369,2,1102,removed,Ce-139-9179,,
9369,3,37,removed,Sn-113-9183,,
9369,3,40,removed,Cd-109-9178,,
9369,3,48,removed,Sn-113-9183,,
9369,3,68,removed,Bi-207-9176,,
9369,3,85,removed,Bi-207-8890,,
9369,3,1036,removed,Bi-207-8890,,
9369,3,1037,removed,Bi-207-8890,,
9369,3,1038,removed,Bi-207-8890,,
9369,3,1040,removed,Bi-207-9177,,
9369,3,1041,removed,Bi-207-9177,,
9369,3,1044,removed,Bi-207-9176,,
9369,3,1045,removed,Bi-207-9176,,
9369,3,1048,removed,Bi-207-8890,,
9369,3,1049,removed,Bi-207-8890,,
9369,3,1052,removed,Bi-207-9177,,
9369,3,1053,removed,Bi-207-9177,,
9369,3,1055,removed,Bi-207-9176,,
9369,3,1056,removed,Bi-207-9176,,
9369,3,1084,removed,Sn-113-9183,,
9369,3,1085,removed,Sn-113-9183,,
9369,3,1088,removed,Cd-109-9178,,
9369,3,1089,removed,Cd-109-9178,,
9369,3,1095,removed,Sn-113-9183,,
9369,3,1096,removed,Sn-113-9183,,
9369,3,1099,removed,Cd-109-9178,,
9369,3,1100,removed,Cd-109-9178,,
9369,3,1109,removed,Cd-109-9178,,
9369,4,38,removed,Sn-113-9183,,
9369,4,40,removed,Cd-109-9178,,
9369,4,41,removed,Cd-109-9178,,
9369,4,1037,removed,Bi-207-8890,,
9369,4,1038,removed,Bi-207-8890,,
9369,4,1041,removed,Bi-207-9177,,
9369,4,1042,removed,Bi-207-9177,,
9369,4,1044,removed,Bi-207-9176,,
9369,4,1045,removed,Bi-207-9176,,
9369,4,1048,removed,Bi-207-8890,,
9369,4,1049,removed,Bi-207-8890,,
9369,4,1052,removed,Bi-207-9177,,
9369,4,1053,removed,Bi-207-9177,,
9369,4,1056,removed,Bi-207-9176,,
9369,4,1085,removed,Sn-113-9183,,
9369,4,1086,removed,Sn-113-9183,,
9369,4,1089,removed,Cd-109-9178,,
9369,4,1090,removed,Cd-109-9178,,
9369,4,1095,removed,Sn-113-9183,,
9369,4,1096,removed,Sn-113-9183,,
9369,4,1099,removed,Cd-109-9178,,
9369,4,1100,removed,Cd-109-9178,,
9369,5,41,removed,Cd-109-9178,,
9369,5,61,removed,Bi-207-8890,,
9369,5,86,removed,Bi-207-8890,,
9369,5,1027,removed,Bi-207-8890,,
9369,5,1028,removed,Bi-207-8890,,
9369,5,1034,removed,Bi-207-9176,,
9369,5,1037,removed,Bi-207-8890,,
9369,5,1038,removed,Bi-207-8890,,
9369,5,1041,removed,Bi-207-9177,,
9369,5,1042,removed,Bi-207-9177,,
9369,5,1044,removed,Bi-207-9176,,
9369,5,1045,removed,Bi-207-9176,,
9369,5,1049,removed,Bi-207-8890,,
9369,5,1053,removed,Bi-207-9177,,
9369,5,1054,removed,Bi-207-9177,,
9369,5,1056,removed,Bi-207-9176,,
9369,5,1085,removed,Sn-113-9183,,
9369,5,1086,removed,Sn-113-9183,,
9369,5,1087,removed,Sn-113-9183,,
9369,5,1089,removed,Cd-109-9178,,
9369,5,1090,removed,Cd-109-9178,,
9369,5,1096,removed,Sn-113-9183,,
9369,5,1097,removed,Sn-113-9183,,
9369,5,1100,removed,Cd-109-9178,,
9369,5,1101,removed,Cd-109-9178,,
9369,6,49,removed,Cd-109-9178,,
9369,6,50,removed,Cd-109-9178,,
9369,6,78,removed,Bi-207-9176,,
9369,6,89,removed,Bi-207-9176,,
9369,6,1028,removed,Bi-207-9177,,
9369,6,1029,removed,Bi-207-9177,,
9369,6,1031,removed,Bi-207-9176,,
9369,6,1032,removed,Bi-207-9176,,
9369,6,1038,removed,Bi-207-9177,,
9369,6,1039,removed,Bi-207-9177,,
9369,6,1042,removed,Bi-207-9176,,
9369,6,1043,removed,Bi-207-9176,,
9369,6,1054,removed,Bi-207-9176,,
9369,6,1075,removed,Cd-109-9178,,
9369,6,1076,removed,Cd-109-9178,,
9369,6,1078,removed,Ce-139-9179,,
9369,6,1079,removed,Ce-139-9179,,
9369,6,1086,removed,Cd-109-9178,,
9369,6,1087,removed,Cd-109-9178,,
9369,6,1088,removed,Cd-109-9178,,
9369,6,1090,removed,Ce-139-9179,,
9369,6,1091,removed,Ce-139-9179,,
9369,6,1097,removed,Cd-109-9178,,
9369,6,1098,removed,Cd-109-9178,,
9369,6,1101,removed,Ce-139-9179,,
9369,7,40,removed,Cd-109-9178,,
9369,7,48,removed,Sn-113-9183,,
9369,7,50,removed,Cd-109-9178,,
9369,7,51,removed,Cd-109-9178,,
9369,7,67,removed,Ce-139-9179,,
9369,7,95,removed,Bi-207-8890,,
9369,7,1028,removed,Bi-207-9177,,
9369,7,1029,removed,Bi-207-9177,,
9369,7,1032,removed,Bi-207-9176,,
9369,7,1033,removed,Bi-207-9176,,
9369,7,1039,removed,Bi-207-9177,,
9369,7,1040,removed,Bi-207-9177,,
9369,7,1042,removed,Bi-207-9176,,
9369,7,1043,removed,Bi-207-9176,,
9369,7,1044,removed,Bi-207-9176,,
9369,7,1054,removed,Bi-207-9176,,
9369,7,1055,removed,Bi-207-9176,,
9369,7,1060,removed,Sn-113-9183,,
9369,7,1072,removed,Sn-113-9183,,
9369,7,1073,removed,Sn-113-9183,,
9369,7,1076,removed,Cd-109-9178,,
9369,7,1079,removed,Ce-139-9179,,
9369,7,1080,removed,Ce-139-9179,,
9369,7,1084,removed,Sn-113-9183,,
9369,7,1087,removed,Cd-109-9178,,
9369,7,1088,removed,Cd-109-9178,,
9369,7,1090,removed,Ce-139-9179,,
9369,7,1091,removed,Ce-139-9179,,
9369,7,1092,removed,Ce-139-9179,,
9369,7,1098,removed,Cd-109-9178,,
9369,7,1101,removed,Ce-139-9179,,
9369,7,1102,removed,Ce-139-9179,,
9369,8,48,removed,Sn-113-9183,,
9369,8,50,removed,Cd-109-9178,,
9369,8,51,removed,Cd-109-9178,,
9369,8,72,removed,Bi-207-8890,,
9369,8,79,removed,Bi-207-9176,,
9369,8,95,removed,Bi-207-8890,,
9369,8,1017,removed,Bi-207-8890,,
9369,8,1026,removed,Bi-207-8890,,
9369,8,1027,removed,Bi-207-8890,,
9369,8,1029,removed,Bi-207-9177,,
9369,8,1030,removed,Bi-207-9177,,
9369,8,1033,removed,Bi-207-9176,,
9369,8,1034,removed,Bi-207-9176,,
9369,8,1037,removed,Bi-207-8890,,
9369,8,1040,removed,Bi-207-9177,,
9369,8,1041,removed,Bi-207-9177,,
9369,8,1043,removed,Bi-207-9176,,
9369,8,1044,removed,Bi-207-9176,,
9369,8,1055,removed,Bi-207-9176,,
9369,8,1072,removed,Sn-113-9183,,
9369,8,1073,removed,Sn-113-9183,,
9369,8,1077,removed,Cd-109-9178,,
9369,8,1080,removed,Ce-139-9179,,
9369,8,1081,removed,Ce-139-9179,,
9369,8,1084,removed,Sn-113-9183,,
9369,8,1085,removed,Sn-113-9183,,
9369,8,1088,removed,Cd-109-9178,,
9369,8,1089,removed,Cd-109-9178,,
9369,8,1091,removed,Ce-139-9179,,
9369,8,1092,removed,Ce-139-9179,,
9369,8,1099,removed,Cd-109-9178,,
9369,8,1102,removed,Ce-139-9179,,
9369,9,49,removed,Sn-113-9183,,
9369,9,51,removed,Cd-109-9178,,
9369,9,52,removed,Cd-109-9178,,
9369,9,73,removed,Bi-207-8890,,
9369,9,80,removed,Bi-207-9176,,
9369,9,81,removed,Bi-207-9176,,
9369,9,85,removed,Bi-207-8890,,
9369,9,91,removed,Bi-207-9176,,
9369,9,98,removed,Bi-207-9177,,
9369,9,1026,removed,Bi-207-8890,,
9369,9,1027,removed,Bi-207-8890,,
9369,9,1030,removed,Bi-207-9177,,
9369,9,1031,removed,Bi-207-9177,,
9369,9,1033,removed,Bi-207-9176,,
9369,9,1034,removed,Bi-207-9176,,
9369,9,1037,removed,Bi-207-8890,,
9369,9,1040,removed,Bi-207-9177,,
9369,9,1041,removed,Bi-207-9177,,
9369,9,1044,removed,Bi-207-9176,,
9369,9,1045,removed,Bi-207-9176,,
9369,9,1056,removed,Bi-207-9176,,
9369,9,1073,removed,Sn-113-9183,,
9369,9,1074,removed,Sn-113-9183,,
9369,9,1077,removed,Cd-109-9178,,
9369,9,1078,removed,Cd-109-9178,,
9369,9,1080,removed,Ce-139-9179,,
9369,9,1081,removed,Ce-139-9179,,
9369,9,1084,removed,Sn-113-9183,,
9369,9,1085,removed,Sn-113-9183,,
9369,9,1088,removed,Cd-109-9178,,
9369,9,1089,removed,Cd-109-9178,,
9369,9,1091,removed,Ce-139-9179,,
9369,9,1092,removed,Ce-139-9179,,
9369,9,1099,removed,Cd-109-9178,,
9369,9,1100,removed,Cd-109-9178,,
9369,9,1102,removed,Ce-139-9179,,
9369,10,52,removed,Cd-109-9178,,
9369,10,53,removed,Cd-109-9178,,
9369,10,74,removed,Bi-207-8890,,
9369,10,86,removed,Bi-207-8890,,
9369,10,88,removed,Bi-207-9177,,
9369,10,1026,removed,Bi-207-8890,,
9369,10,1027,removed,Bi-207-8890,,
9369,10,1030,removed,Bi-207-9177,,
9369,10,1031,removed,Bi-207-9177,,
9369,10,1034,removed,Bi-207-9176,,
9369,10,1037,removed,Bi-207-8890,,
9369,10,1038,removed,Bi-207-8890,,
9369,10,1041,removed,Bi-207-9177,,
9369,10,1042,removed,Bi-207-9177,,
9369,10,1044,removed,Bi-207-9176,,
9369,10,1045,removed,Bi-207-9176,,
9369,10,1056,removed,Bi-207-9176,,
9369,10,1073,removed,Sn-113-9183,,
9369,10,1074,removed,Sn-113-9183,,
9369,10,1078,removed,Cd-109-9178,,
9369,10,1085,removed,Sn-113-9183,,
9369,10,1086,removed,Sn-113-9183,,
9369,10,1089,removed,Cd-109-9178,,
9369,10,1090,removed,Cd-109-9178,,
9369,10,1100,removed,Cd-109-9178,,
9369,11,74,removed,Bi-207-8890,,
9369,11,1027,removed,Bi-207-8890,,
9369,11,1028,removed,Bi-207-8890,,
9369,11,1031,removed,Bi-207-9177,,
9369,11,1032,removed,Bi-207-9177,,
9369,11,1034,removed,Bi-207-9176,,
9369,11,1037,removed,Bi-207-8890,,
9369,11,1038,removed,Bi-207-8890,,
9369,11,1041,removed,Bi-207-9177,,
9369,11,1042,removed,Bi-207-9177,,
9369,11,1044,removed,Bi-207-9176,,
9369,11,1045,removed,Bi-207-9176,,
9369,11,1056,removed,Bi-207-9176,,
9369,11,1074,removed,Sn-113-9183,,
9369,11,1075,removed,Sn-113-9183,,
9369,11,1078,removed,Cd-109-9178,,
9369,11,1079,removed,Cd-109-9178,,
9369,11,1085,removed,Sn-113-9183,,
9369,11,1086,removed,Sn-113-9183,,
9369,11,1089,removed,Cd-109-9178,,
9369,11,1090,removed,Cd-109-9178,,
9369,11,1091,removed,Cd-109-9178,,
9369,11,1100,removed,Cd-109-9178,,
9369,11,1101,removed,Cd-109-9178,,
9369,12,51,removed,Cd-109-9178,,
9369,12,86,removed,Bi-207-9177,,
9369,12,87,removed,Bi-207-9177,,
9369,12,90,removed,Bi-207-9176,,
9369,12,91,removed,Bi-207-9176,,
9369,12,98,removed,Bi-207-9177,,
9369,12,1018,removed,Bi-207-9177,,
9369,12,1019,removed,Bi-207-9177,,
9369,12,1022,removed,Bi-207-9176,,
9369,12,1023,removed,Bi-207-9176,,
9369,12,1028,removed,Bi-207-9177,,
9369,12,1029,removed,Bi-207-9177,,
9369,12,1031,removed,Bi-207-9176,,
9369,12,1032,removed,Bi-207-9176,,
9369,12,1042,removed,Bi-207-9176,,
9369,12,1043,removed,Bi-207-9176,,
9369,12,1059,removed,Sn-113-9183,,
9369,12,1060,removed,Sn-113-9183,,
9369,12,1063,removed,Cd-109-9178,,
9369,12,1066,removed,Ce-139-9179,,
9369,12,1067,removed,Ce-139-9179,,
9369,12,1072,removed,Sn-113-9183,,
9369,12,1075,removed,Cd-109-9178,,
9369,12,1076,removed,Cd-109-9178,,
9369,12,1078,removed,Ce-139-9179,,
9369,12,1079,removed,Ce-139-9179,,
9369,12,1080,removed,Ce-139-9179,,
9369,12,1087,removed,Cd-109-9178,,
9369,12,1090,removed,Ce-139-9179,,
9369,12,1091,removed,Ce-139-9179,,
9369,13,43,removed,Ce-139-9179,,
9369,13,48,removed,Sn-113-9183,,
9369,13,54,removed,Ce-139-9179,,
9369,13,60,removed,Sn-113-9183,,
9369,13,67,removed,Ce-139-9179,,
9369,13,88,removed,Bi-207-9177,,
9369,13,95,removed,Bi-207-8890,,
9369,13,1019,removed,Bi-207-9177,,
9369,13,1020,removed,Bi-207-9177,,
9369,13,1022,removed,Bi-207-9176,,
9369,13,1023,removed,Bi-207-9176,,
9369,13,1028,removed,Bi-207-9177,,
9369,13,1029,removed,Bi-207-9177,,
9369,13,1032,removed,Bi-207-9176,,
9369,13,1033,removed,Bi-207-9176,,
9369,13,1043,removed,Bi-207-9176,,
9369,13,1059,removed,Sn-113-9183,,
9369,13,1060,removed,Sn-113-9183,,
9369,13,1063,removed,Cd-109-9178,,
9369,13,1064,removed,Cd-109-9178,,
9369,13,1067,removed,Ce-139-9179,,
9369,13,1072,removed,Sn-113-9183,,
9369,13,1073,removed,Sn-113-9183,,
9369,13,1075,removed,Cd-109-9178,,
9369,13,1076,removed,Cd-109-9178,,
9369,13,1077,removed,Cd-109-9178,,
9369,13,1079,removed,Ce-139-9179,,
9369,13,1080,removed,Ce-139-9179,,
9369,13,1087,removed,Cd-109-9178,,
9369,13,1088,removed,Cd-109-9178,,
9369,13,1091,removed,Ce-139-9179,,
9369,14,43,removed,Ce-139-9179,,
9369,14,48,removed,Sn-113-9183,,
9369,14,54,removed,Ce-139-9179,,
9369,14,60,removed,Sn-113-9183,,
9369,14,95,removed,Bi-207-8890,,
9369,14,1017,removed,Bi-207-8890,,
9369,14,1018,removed,Bi-207-8890,,
9369,14,1026,removed,Bi-207-8890,,
9369,14,1027,removed,Bi-207-8890,,
9369,14,1064,removed,Cd-109-9178,,
9369,14,1067,removed,Ce-139-9179,,
9369,14,1068,removed,Ce-139-9179,,
9369,14,1076,removed,Cd-109-9178,,
9369,14,1077,removed,Cd-109-9178,,
9369,14,1079,removed,Ce-139-9179,,
9369,14,1080,removed,Ce-139-9179,,
9369,14,1081,removed,Ce-139-9179,,
9369,14,1088,removed,Cd-109-9178,,
9369,14,1091,removed,Ce-139-9179,,
9369,14,1092,removed,Ce-139-9179,,
9369,15,37,removed,Sn-113-9183,,
9369,15,39,removed,Cd-109-9178,,
9369,15,49,removed,Sn-113-9183,,
9369,15,51,removed,Cd-109-9178,,
9369,15,60,removed,Sn-113-9183,,
9369,15,61,removed,Sn-113-9183,,
9369,15,85,removed,Bi-207-8890,,
9369,15,91,removed,Bi-207-9176,,
9369,15,1017,removed,Bi-207-8890,,
9369,15,1018,removed,Bi-207-8890,,
9369,15,1020,removed,Bi-207-9177,,
9369,15,1021,removed,Bi-207-9177,,
9369,15,1024,removed,Bi-207-9176,,
9369,15,1026,removed,Bi-207-8890,,
9369,15,1027,removed,Bi-207-8890,,
9369,15,1030,removed,Bi-207-9177,,
9369,15,1031,removed,Bi-207-9177,,
9369,15,1033,removed,Bi-207-9176,,
9369,15,1034,removed,Bi-207-9176,,
9369,15,1044,removed,Bi-207-9176,,
9369,15,1045,removed,Bi-207-9176,,
9369,15,1060,removed,Sn-113-9183,,
9369,15,1061,removed,Sn-113-9183,,
9369,15,1065,removed,Cd-109-9178,,
9369,15,1068,removed,Ce-139-9179,,
9369,15,1069,removed,Ce-139-9179,,
9369,15,1073,removed,Sn-113-9183,,
9369,15,1074,removed,Sn-113-9183,,
9369,15,1077,removed,Cd-109-9178,,
9369,15,1078,removed,Cd-109-9178,,
9369,15,1080,removed,Ce-139-9179,,
9369,15,1081,removed,Ce-139-9179,,
9369,15,1088,removed,Cd-109-9178,,
9369,15,1089,removed,Cd-109-9178,,
9369,15,1092,removed,Ce-139-9179,,
9369,16,40,removed,Cd-109-9178,,
9369,16,85,removed,Bi-207-8890,,
9369,16,88,removed,Bi-207-9177,,
9369,16,96,removed,Bi-207-8890,,
9369,16,1017,removed,Bi-207-8890,,
9369,16,1018,removed,Bi-207-8890,,
9369,16,1021,removed,Bi-207-9177,,
9369,16,1022,removed,Bi-207-9177,,
9369,16,1026,removed,Bi-207-8890,,
9369,16,1027,removed,Bi-207-8890,,
9369,16,1030,removed,Bi-207-9177,,
9369,16,1031,removed,Bi-207-9177,,
9369,16,1033,removed,Bi-207-9176,,
9369,16,1034,removed,Bi-207-9176,,
9369,16,1044,removed,Bi-207-9176,,
9369,16,1045,removed,Bi-207-9176,,
9369,16,1061,removed,Sn-113-9183,,
9369,16,1062,removed,Sn-113-9183,,
9369,16,1065,removed,Cd-109-9178,,
9369,16,1066,removed,Cd-109-9178,,
9369,16,1068,removed,Ce-139-9179,,
9369,16,1069,removed,Ce-139-9179,,
9369,16,1073,removed,Sn-113-9183,,
9369,16,1074,removed,Sn-113-9183,,
9369,16,1077,removed,Cd-109-9178,,
9369,16,1078,removed,Cd-109-9178,,
9369,16,1079,removed,Cd-109-9178,,
9369,16,1080,removed,Ce-139-9179,,
9369,16,1081,removed,Ce-139-9179,,
9369,16,1089,removed,Cd-109-9178,,
9369,16,1090,removed,Cd-109-9178,,
9369,16,1092,removed,Ce-139-9179,,
9369,17,37,removed,Sn-113-9183,,
9369,17,38,removed,Sn-113-9183,,
9369,17,48,removed,Sn-113-9183,,
9369,17,85,removed,Bi-207-8890,,
9369,17,86,removed,Bi-207-8890,,
9369,17,89,removed,Bi-207-9177,,
9369,17,99,removed,Bi-207-9177,,
9369,17,1018,removed,Bi-207-8890,,
9369,17,1022,removed,Bi-207-9177,,
9369,17,1027,removed,Bi-207-8890,,
9369,17,1028,removed,Bi-207-8890,,
9369,17,1031,removed,Bi-207-9177,,
9369,17,1032,removed,Bi-207-9177,,
9369,17,1034,removed,Bi-207-9176,,
9369,17,1038,removed,Bi-207-8890,,
9369,17,1042,removed,Bi-207-9177,,
9369,17,1044,removed,Bi-207-9176,,
9369,17,1045,removed,Bi-207-9176,,
9369,17,1062,removed,Sn-113-9183,,
9369,17,1074,removed,Sn-113-9183,,
9369,17,1075,removed,Sn-113-9183,,
9369,17,1077,removed,Cd-109-9178,,
9369,17,1078,removed,Cd-109-9178,,
9369,17,1079,removed,Cd-109-9178,,
9369,17,1086,removed,Sn-113-9183,,
9369,17,1089,removed,Cd-109-9178,,
9369,17,1090,removed,Cd-109-9178,,
9369,18,51,removed,Cd-109-9178,,
9369,18,79,removed,Ce-139-9179,,
9369,18,90,removed,Bi-207-9176,,
9369,18,98,removed,Bi-207-9177,,
9369,18,1018,removed,Bi-207-9177,,
9369,18,1019,removed,Bi-207-9177,,
9369,18,1020,removed,Bi-207-9177,,
9369,18,1022,removed,Bi-207-9176,,
9369,18,1023,removed,Bi-207-9176,,
9369,18,1028,removed,Bi-207-9177,,
9369,18,1029,removed,Bi-207-9177,,
9369,18,1031,removed,Bi-207-9176,,
9369,18,1032,removed,Bi-207-9176,,
9369,18,1047,removed,Sn-113-9183,,
9369,18,1059,removed,Sn-113-9183,,
9369,18,1060,removed,Sn-113-9183,,
9369,18,1062,removed,Cd-109-9178,,
9369,18,1063,removed,Cd-109-9178,,
9369,18,1064,removed,Cd-109-9178,,
9369,18,1066,removed,Ce-139-9179,,
9369,18,1067,removed,Ce-139-9179,,
9369,18,1072,removed,Sn-113-9183,,
9369,18,1075,removed,Cd-109-9178,,
9369,18,1076,removed,Cd-109-9178,,
9369,18,1078,removed,Ce-139-9179,,
9369,18,1079,removed,Ce-139-9179,,
9369,19,39,removed,Cd-109-9178,,
9369,19,47,removed,Sn-113-9183,,
9369,19,66,removed,Ce-139-9179,,
9369,19,79,removed,Ce-139-9179,,
9369,19,1011,removed,Bi-207-9177,,
9369,19,1014,removed,Bi-207-9176,,
9369,19,1015,removed,Bi-207-9176,,
9369,19,1019,removed,Bi-207-9177,,
9369,19,1020,removed,Bi-207-9177,,
9369,19,1022,removed,Bi-207-9176,,
9369,19,1023,removed,Bi-207-9176,,
9369,19,1024,removed,Bi-207-9176,,
9369,19,1029,removed,Bi-207-9177,,
9369,19,1032,removed,Bi-207-9176,,
9369,19,1033,removed,Bi-207-9176,,
9369,19,1047,removed,Sn-113-9183,,
9369,19,1051,removed,Cd-109-9178,,
9369,19,1054,removed,Ce-139-9179,,
9369,19,1055,removed,Ce-139-9179,,
9369,19,1059,removed,Sn-113-9183,,
9369,19,1060,removed,Sn-113-9183,,
9369,19,1063,removed,Cd-109-9178,,
9369,19,1064,removed,Cd-109-9178,,
9369,19,1066,removed,Ce-139-9179,,
9369,19,1067,removed,Ce-139-9179,,
9369,19,1068,removed,Ce-139-9179,,
9369,19,1072,removed,Sn-113-9183,,
9369,19,1075,removed,Cd-109-9178,,
9369,19,1076,removed,Cd-109-9178,,
9369,19,1079,removed,Ce-139-9179,,
9369,19,1080,removed,Ce-139-9179,,
9369,20,48,removed,Sn-113-9183,,
9369,20,67,removed,Ce-139-9179,,
9369,20,85,removed,Bi-207-8890,,
9369,20,101,removed,Bi-207-9176,,
9369,20,1017,removed,Bi-207-8890,,
9369,20,1018,removed,Bi-207-8890,,
9369,20,1019,removed,Bi-207-9177,,
9369,20,1020,removed,Bi-207-9177,,
9369,20,1021,removed,Bi-207-9177,,
9369,20,1026,removed,Bi-207-8890,,
9369,20,1027,removed,Bi-207-8890,,
9369,20,1029,removed,Bi-207-9177,,
9369,20,1030,removed,Bi-207-9177,,
9369,20,1047,removed,Sn-113-9183,,
9369,20,1048,removed,Sn-113-9183,,
9369,20,1059,removed,Sn-113-9183,,
9369,20,1060,removed,Sn-113-9183,,
9369,20,1061,removed,Sn-113-9183,,
9369,20,1064,removed,Cd-109-9178,,
9369,20,1065,removed,Cd-109-9178,,
9369,20,1072,removed,Sn-113-9183,,
9369,20,1073,removed,Sn-113-9183,,
9369,20,1076,removed,Cd-109-9178,,
9369,20,1077,removed,Cd-109-9178,,
9369,21,51,removed,Cd-109-9178,,
9369,21,72,removed,Sn-113-9183,,
9369,21,74,removed,Sn-113-9183,,
9369,21,80,removed,Ce-139-9179,,
9369,21,81,removed,Ce-139-9179,,
9369,21,98,removed,Bi-207-9177,,
9369,21,111,removed,Bi-207-9176,,
9369,21,1009,removed,Bi-207-8890,,
9369,21,1017,removed,Bi-207-8890,,
9369,21,1018,removed,Bi-207-8890,,
9369,21,1020,removed,Bi-207-9177,,
9369,21,1021,removed,Bi-207-9177,,
9369,21,1024,removed,Bi-207-9176,,
9369,21,1026,removed,Bi-207-8890,,
9369,21,1027,removed,Bi-207-8890,,
9369,21,1030,removed,Bi-207-9177,,
9369,21,1031,removed,Bi-207-9177,,
9369,21,1033,removed,Bi-207-9176,,
9369,21,1034,removed,Bi-207-9176,,
9369,21,1048,removed,Sn-113-9183,,
9369,21,1060,removed,Sn-113-9183,,
9369,21,1061,removed,Sn-113-9183,,
9369,21,1064,removed,Cd-109-9178,,
9369,21,1065,removed,Cd-109-9178,,
9369,21,1068,removed,Ce-139-9179,,
9369,21,1069,removed,Ce-139-9179,,
9369,21,1073,removed,Sn-113-9183,,
9369,21,1074,removed,Sn-113-9183,,
9369,21,1077,removed,Cd-109-9178,,
9369,21,1078,removed,Cd-109-9178,,
9369,21,1080,removed,Ce-139-9179,,
9369,21,1081,removed,Ce-139-9179,,
9369,22,51,removed,Cd-109-9178,,
9369,22,62,removed,Sn-113-9183,,
9369,22,85,removed,Bi-207-8890,,
9369,22,89,removed,Bi-207-9177,,
9369,22,92,removed,Bi-207-9176,,
9369,22,96,removed,Bi-207-8890,,
9369,22,1009,removed,Bi-207-8890,,
9369,22,1017,removed,Bi-207-8890,,
9369,22,1018,removed,Bi-207-8890,,
9369,22,1021,removed,Bi-207-9177,,
9369,22,1022,removed,Bi-207-9177,,
9369,22,1024,removed,Bi-207-9176,,
9369,22,1027,removed,Bi-207-8890,,
9369,22,1030,removed,Bi-207-9177,,
9369,22,1031,removed,Bi-207-9177,,
9369,22,1033,removed,Bi-207-9176,,
9369,22,1034,removed,Bi-207-9176,,
9369,22,1044,removed,Bi-207-9176,,
9369,22,1049,removed,Sn-113-9183,,
9369,22,1056,removed,Ce-139-9179,,
9369,22,1061,removed,Sn-113-9183,,
9369,22,1062,removed,Sn-113-9183,,
9369,22,1065,removed,Cd-109-9178,,
9369,22,1066,removed,Cd-109-9178,,
9369,22,1068,removed,Ce-139-9179,,
9369,22,1069,removed,Ce-139-9179,,
9369,22,1073,removed,Sn-113-9183,,
9369,22,1074,removed,Sn-113-9183,,
9369,22,1077,removed,Cd-109-9178,,
9369,22,1078,removed,Cd-109-9178,,
9369,22,1081,removed,Ce-139-9179,,
9369,23,74,removed,Sn-113-9183,,
9369,23,90,removed,Bi-207-9177,,
9369,23,97,removed,Bi-207-8890,,
9369,23,99,removed,Bi-207-9177,,
9369,23,1009,removed,Bi-207-8890,,
9369,23,1010,removed,Bi-207-8890,,
9369,23,1017,removed,Bi-207-8890,,
9369,23,1018,removed,Bi-207-8890,,
9369,23,1021,removed,Bi-207-9177,,
9369,23,1022,removed,Bi-207-9177,,
9369,23,1023,removed,Bi-207-9177,,
9369,23,1031,removed,Bi-207-9177,,
9369,23,1032,removed,Bi-207-9177,,
9369,23,1049,removed,Sn-113-9183,,
9369,23,1050,removed,Sn-113-9183,,
9369,23,1053,removed,Cd-109-9178,,
9369,23,1054,removed,Cd-109-9178,,
9369,23,1061,removed,Sn-113-9183,,
9369,23,1062,removed,Sn-113-9183,,
9369,23,1063,removed,Sn-113-9183,,
9369,23,1065,removed,Cd-109-9178,,
9369,23,1066,removed,Cd-109-9178,,
9369,23,1067,removed,Cd-109-9178,,
9369,23,1074,removed,Sn-113-9183,,
9369,23,1075,removed,Sn-113-9183,,
9369,23,1078,removed,Cd-109-9178,,
9369,23,1079,removed,Cd-109-9178,,
9369,24,97,removed,Bi-207-9177,,
9369,24,1010,removed,Bi-207-9177,,
9369,24,1011,removed,Bi-207-9177,,
9369,24,1014,removed,Bi-207-9176,,
9369,24,1015,removed,Bi-207-9176,,
9369,24,1019,removed,Bi-207-9177,,
9369,24,1020,removed,Bi-207-9177,,
9369,24,1022,removed,Bi-207-9176,,
9369,24,1023,removed,Bi-207-9176,,
9369,24,1047,removed,Sn-113-9183,,
9369,24,1050,removed,Cd-109-9178,,
9369,24,1051,removed,Cd-109-9178,,
9369,24,1054,removed,Ce-139-9179,,
9369,24,1055,removed,Ce-139-9179,,
9369,24,1059,removed,Sn-113-9183,,
9369,24,1060,removed,Sn-113-9183,,
9369,24,1063,removed,Cd-109-9178,,
9369,24,1064,removed,Cd-109-9178,,
9369,24,1066,removed,Ce-139-9179,,
9369,24,1067,removed,Ce-139-9179,,
9369,24,1076,removed,Cd-109-9178,,
9369,25,51,removed,Cd-109-9178,,
9369,25,60,removed,Sn-113-9183,,
9369,25,98,removed,Bi-207-9177,,
9369,25,101,removed,Bi-207-9176,,
9369,25,108,removed,Bi-207-9177,,
9369,25,110,removed,Bi-207-9176,,
9369,25,1010,removed,Bi-207-9177,,
9369,25,1011,removed,Bi-207-9177,,
9369,25,1014,removed,Bi-207-9176,,
9369,25,1015,removed,Bi-207-9176,,
9369,25,1019,removed,Bi-207-9177,,
9369,25,1020,removed,Bi-207-9177,,
9369,25,1022,removed,Bi-207-9176,,
9369,25,1023,removed,Bi-207-9176,,
9369,25,1024,removed,Bi-207-9176,,
9369,25,1047,removed,Sn-113-9183,,
9369,25,1048,removed,Sn-113-9183,,
9369,25,1050,removed,Cd-109-9178,,
9369,25,1051,removed,Cd-109-9178,,
9369,25,1054,removed,Ce-139-9179,,
9369,25,1055,removed,Ce-139-9179,,
9369,25,1059,removed,Sn-113-9183,,
9369,25,1060,removed,Sn-113-9183,,
9369,25,1063,removed,Cd-109-9178,,
9369,25,1064,removed,Cd-109-9178,,
9369,25,1066,removed,Ce-139-9179,,
9369,25,1067,removed,Ce-139-9179,,
9369,25,1068,removed,Ce-139-9179,,
9369,25,1076,removed,Cd-109-9178,,
9369,25,1079,removed,Ce-139-9179,,
9369,25,1080,removed,Ce-139-9179,,
9369,26,50,removed,Cd-109-9178,,
9369,26,60,removed,Sn-113-9183,,
9369,26,73,removed,Sn-113-9183,,
9369,26,79,removed,Ce-139-9179,,
9369,26,98,removed,Bi-207-9177,,
9369,26,1009,removed,Bi-207-8890,,
9369,26,1010,removed,Bi-207-8890,,
9369,26,1011,removed,Bi-207-9177,,
9369,26,1012,removed,Bi-207-9177,,
9369,26,1015,removed,Bi-207-9176,,
9369,26,1017,removed,Bi-207-8890,,
9369,26,1018,removed,Bi-207-8890,,
9369,26,1020,removed,Bi-207-9177,,
9369,26,1021,removed,Bi-207-9177,,
9369,26,1023,removed,Bi-207-9176,,
9369,26,1024,removed,Bi-207-9176,,
9369,26,1047,removed,Sn-113-9183,,
9369,26,1048,removed,Sn-113-9183,,
9369,26,1051,removed,Cd-109-9178,,
9369,26,1052,removed,Cd-109-9178,,
9369,26,1055,removed,Ce-139-9179,,
9369,26,1056,removed,Ce-139-9179,,
9369,26,1060,removed,Sn-113-9183,,
9369,26,1061,removed,Sn-113-9183,,
9369,26,1064,removed,Cd-109-9178,,
9369,26,1065,removed,Cd-109-9178,,
9369,26,1067,removed,Ce-139-9179,,
9369,26,1068,removed,Ce-139-9179,,
9369,26,1077,removed,Cd-109-9178,,
9369,26,1080,removed,Ce-139-9179,,
9369,27,51,removed,Cd-109-9178,,
9369,27,61,removed,Sn-113-9183,,
9369,27,96,removed,Bi-207-8890,,
9369,27,99,removed,Bi-207-9177,,
9369,27,1009,removed,Bi-207-8890,,
9369,27,1012,removed,Bi-207-9177,,
9369,27,1013,removed,Bi-207-9177,,
9369,27,1015,removed,Bi-207-9176,,
9369,27,1017,removed,Bi-207-8890,,
9369,27,1018,removed,Bi-207-8890,,
9369,27,1020,removed,Bi-207-9177,,
9369,27,1021,removed,Bi-207-9177,,
9369,27,1023,removed,Bi-207-9176,,
9369,27,1024,removed,Bi-207-9176,,
9369,27,1033,removed,Bi-207-9176,,
9369,27,1048,removed,Sn-113-9183,,
9369,27,1049,removed,Sn-113-9183,,
9369,27,1052,removed,Cd-109-9178,,
9369,27,1053,removed,Cd-109-9178,,
9369,27,1055,removed,Ce-139-9179,,
9369,27,1056,removed,Ce-139-9179,,
9369,27,1060,removed,Sn-113-9183,,
9369,27,1061,removed,Sn-113-9183,,
9369,27,1064,removed,Cd-109-9178,,
9369,27,1065,removed,Cd-109-9178,,
9369,27,1067,removed,Ce-139-9179,,
9369,27,1068,removed,Ce-139-9179,,
9369,27,1069,removed,Ce-139-9179,,
9369,27,1081,removed,Ce-139-9179,,
9369,28,96,removed,Bi-207-8890,,
9369,28,99,removed,Bi-207-9177,,
9369,28,100,removed,Bi-207-9177,,
9369,28,106,removed,Bi-207-8890,,
9369,28,108,removed,Bi-207-9177,,
9369,28,1009,removed,Bi-207-8890,,
9369,28,1010,removed,Bi-207-8890,,
9369,28,1012,removed,Bi-207-9177,,
9369,28,1013,removed,Bi-207-9177,,
9369,28,1017,removed,Bi-207-8890,,
9369,28,1018,removed,Bi-207-8890,,
9369,28,1021,removed,Bi-207-9177,,
9369,28,1022,removed,Bi-207-9177,,
9369,28,1048,removed,Sn-113-9183,,
9369,28,1049,removed,Sn-113-9183,,
9369,28,1053,removed,Cd-109-9178,,
9369,28,1056,removed,Ce-139-9179,,
9369,28,1061,removed,Sn-113-9183,,
9369,28,1062,removed,Sn-113-9183,,
9369,28,1065,removed,Cd-109-9178,,
9369,28,1066,removed,Cd-109-9178,,
9369,28,1068,removed,Ce-139-9179,,
9369,28,1069,removed,Ce-139-9179,,
9369,28,1078,removed,Cd-109-9178,,
9369,28,1081,removed,Ce-139-9179,,
9369,29,77,removed,Cd-109-9178,,
9369,29,96,removed,Bi-207-8890,,
9369,29,100,removed,Bi-207-9177,,
9369,29,1009,removed,Bi-207-8890,,
9369,29,1010,removed,Bi-207-8890,,
9369,29,1013,removed,Bi-207-9177,,
9369,29,1014,removed,Bi-207-9177,,
9369,29,1017,removed,Bi-207-8890,,
9369,29,1018,removed,Bi-207-8890,,
9369,29,1019,removed,Bi-207-8890,,
9369,29,1021,removed,Bi-207-9177,,
9369,29,1022,removed,Bi-207-9177,,
9369,29,1049,removed,Sn-113-9183,,
9369,29,1050,removed,Sn-113-9183,,
9369,29,1053,removed,Cd-109-9178,,
9369,29,1054,removed,Cd-109-9178,,
9369,29,1056,removed,Ce-139-9179,,
9369,29,1061,removed,Sn-113-9183,,
9369,29,1062,removed,Sn-113-9183,,
9369,29,1065,removed,Cd-109-9178,,
9369,29,1066,removed,Cd-109-9178,,
9369,29,1067,removed,Cd-109-9178,,
9369,29,1068,removed,Ce-139-9179,,
9369,29,1069,removed,Ce-139-9179,,
9369,29,1078,removed,Cd-109-9178,,
9369,29,1079,removed,Cd-109-9178,,
9369,29,1081,removed,Ce-139-9179,,
9369,30,80,removed,Ce-139-9179,,
9369,30,110,removed,Bi-207-9176,,
9369,30,116,removed,Bi-207-9177,,
9369,30,118,removed,Bi-207-9176,,
9369,30,1007,removed,Bi-207-9176,,
9369,30,1010,removed,Bi-207-9177,,
9369,30,1011,removed,Bi-207-9177,,
9369,30,1013,removed,Bi-207-9176,,
9369,30,1014,removed,Bi-207-9176,,
9369,30,1015,removed,Bi-207-9176,,
9369,30,1019,removed,Bi-207-9177,,
9369,30,1020,removed,Bi-207-9177,,
9369,30,1022,removed,Bi-207-9176,,
9369,30,1023,removed,Bi-207-9176,,
9369,30,1036,removed,Sn-113-9183,,
9369,30,1039,removed,Cd-109-9178,,
9369,30,1042,removed,Ce-139-9179,,
9369,30,1043,removed,Ce-139-9179,,
9369,30,1047,removed,Sn-113-9183,,
9369,30,1048,removed,Sn-113-9183,,
9369,30,1050,removed,Cd-109-9178,,
9369,30,1051,removed,Cd-109-9178,,
9369,30,1053,removed,Ce-139-9179,,
9369,30,1054,removed,Ce-139-9179,,
9369,30,1055,removed,Ce-139-9179,,
9369,30,1059,removed,Sn-113-9183,,
9369,30,1060,removed,Sn-113-9183,,
9369,30,1063,removed,Cd-109-9178,,
9369,30,1066,removed,Ce-139-9179,,
9369,30,1067,removed,Ce-139-9179,,
9369,31,67,removed,Ce-139-9179,,
9369,31,108,removed,Bi-207-9177,,
9369,31,110,removed,Bi-207-9176,,
9369,31,1010,removed,Bi-207-9177,,
9369,31,1011,removed,Bi-207-9177,,
9369,31,1012,removed,Bi-207-9177,,
9369,31,1014,removed,Bi-207-9176,,
9369,31,1015,removed,Bi-207-9176,,
9369,31,1019,removed,Bi-207-9177,,
9369,31,1020,removed,Bi-207-9177,,
9369,31,1022,removed,Bi-207-9176,,
9369,31,1023,removed,Bi-207-9176,,
9369,31,1024,removed,Bi-207-9176,,
9369,31,1036,removed,Sn-113-9183,,
9369,31,1043,removed,Ce-139-9179,,
9369,31,1047,removed,Sn-113-9183,,
9369,31,1048,removed,Sn-113-9183,,
9369,31,1050,removed,Cd-109-9178,,
9369,31,1051,removed,Cd-109-9178,,
9369,31,1052,removed,Cd-109-9178,,
9369,31,1054,removed,Ce-139-9179,,
9369,31,1055,removed,Ce-139-9179,,
9369,31,1059,removed,Sn-113-9183,,
9369,31,1060,removed,Sn-113-9183,,
9369,31,1063,removed,Cd-109-9178,,
9369,31,1064,removed,Cd-109-9178,,
9369,31,1067,removed,Ce-139-9179,,
9369,31,1068,removed,Ce-139-9179,,
9369,32,85,removed,Sn-113-9183,,
9369,32,1004,removed,Bi-207-9177,,
9369,32,1007,removed,Bi-207-9176,,
9369,32,1011,removed,Bi-207-9177,,
9369,32,1012,removed,Bi-207-9177,,
9369,32,1014,removed,Bi-207-9176,,
9369,32,1015,removed,Bi-207-9176,,
9369,32,1020,removed,Bi-207-9177,,
9369,32,1023,removed,Bi-207-9176,,
9369,32,1024,removed,Bi-207-9176,,
9369,32,1036,removed,Sn-113-9183,,
9369,32,1037,removed,Sn-113-9183,,
9369,32,1040,removed,Cd-109-9178,,
9369,32,1043,removed,Ce-139-9179,,
9369,32,1044,removed,Ce-139-9179,,
9369,32,1047,removed,Sn-113-9183,,
9369,32,1048,removed,Sn-113-9183,,
9369,32,1051,removed,Cd-109-9178,,
9369,32,1052,removed,Cd-109-9178,,
9369,32,1054,removed,Ce-139-9179,,
9369,32,1055,removed,Ce-139-9179,,
9369,32,1056,removed,Ce-139-9179,,
9369,32,1060,removed,Sn-113-9183,,
9369,32,1064,removed,Cd-109-9178,,
9369,32,1067,removed,Ce-139-9179,,
9369,32,1068,removed,Ce-139-9179,,
9369,33,61,removed,Sn-113-9183,,
9369,33,63,removed,Cd-109-9178,,
9369,33,74,removed,Sn-113-9183,,
9369,33,85,removed,Sn-113-9183,,
9369,33,1009,removed,Bi-207-8890,,
9369,33,1012,removed,Bi-207-9177,,
9369,33,1013,removed,Bi-207-9177,,
9369,33,1017,removed,Bi-207-8890,,
9369,33,1018,removed,Bi-207-8890,,
9369,33,1020,removed,Bi-207-9177,,
9369,33,1021,removed,Bi-207-9177,,
9369,33,1036,removed,Sn-113-9183,,
9369,33,1037,removed,Sn-113-9183,,
9369,33,1048,removed,Sn-113-9183,,
9369,33,1049,removed,Sn-113-9183,,
9369,33,1052,removed,Cd-109-9178,,
9369,33,1053,removed,Cd-109-9178,,
9369,33,1055,removed,Ce-139-9179,,
9369,33,1056,removed,Ce-139-9179,,
9369,33,1061,removed,Sn-113-9183,,
9369,33,1064,removed,Cd-109-9178,,
9369,33,1065,removed,Cd-109-9178,,
9369,33,1068,removed,Ce-139-9179,,
9369,33,1069,removed,Ce-139-9179,,
9369,34,61,removed,Sn-113-9183,,
9369,34,68,removed,Ce-139-9179,,yes
9369,34,69,removed,Ce-139-9179,,yes
9369,34,73,removed,Sn-113-9183,,yes
9369,34,74,removed,Sn-113-9183,,yes
9369,34,80,removed,Ce-139-9179,,
9369,34,81,removed,Ce-139-9179,,yes
9369,34,85,removed,Sn-113-9183,,yes
9369,34,102,removed,Bi-207-9176,,
9369,34,111,removed,Bi-207-9176,,yes
9369,34,112,removed,Bi-207-9176,,yes
9369,34,120,removed,Bi-207-9176,,yes
9369,34,1009,removed,Bi-207-8890,,
9369,34,1010,removed,Bi-207-8890,,
9369,34,1012,removed,Bi-207-9177,,
9369,34,1013,removed,Bi-207-9177,,
9369,34,1017,removed,Bi-207-8890,,
9369,34,1018,removed,Bi-207-8890,,
9369,34,1021,removed,Bi-207-9177,,
9369,34,1022,removed,Bi-207-9177,,
9369,34,1037,removed,Sn-113-9183,,
9369,34,1038,removed,Sn-113-9183,,
9369,34,1048,removed,Sn-113-9183,,
9369,34,1049,removed,Sn-113-9183,,
9369,34,1050,removed,Sn-113-9183,,
9369,34,1052,removed,Cd-109-9178,,
9369,34,1053,removed,Cd-109-9178,,
9369,34,1054,removed,Cd-109-9178,,
9369,34,1055,removed,Ce-139-9179,,
9369,34,1056,removed,Ce-139-9179,,
9369,34,1061,removed,Sn-113-9183,,
9369,34,1062,removed,Sn-113-9183,,
9369,34,1065,removed,Cd-109-9178,,
9369,34,1066,removed,Cd-109-9178,,
9369,34,1068,removed,Ce-139-9179,,
9369,34,1069,removed,Ce-139-9179,,
9369,35,105,removed,Bi-207-8890,,
9369,35,106,removed,Bi-207-8890,,
9369,35,109,removed,Bi-207-9177,,
9369,35,115,removed,Bi-207-8890,,
9369,35,1009,removed,Bi-207-8890,,
9369,35,1010,removed,Bi-207-8890,,
9369,35,1013,removed,Bi-207-9177,,
9369,35,1014,removed,Bi-207-9177,,
9369,35,1018,removed,Bi-207-8890,,
9369,35,1021,removed,Bi-207-9177,,
9369,35,1022,removed,Bi-207-9177,,
9369,35,1038,removed,Sn-113-9183,,
9369,35,1049,removed,Sn-113-9183,,
9369,35,1050,removed,Sn-113-9183,,
9369,35,1053,removed,Cd-109-9178,,
9369,35,1054,removed,Cd-109-9178,,
9369,35,1062,removed,Sn-113-9183,,
9369,35,1065,removed,Cd-109-9178,,
9369,35,1066,removed,Cd-109-9178,,
9369,36,116,removed,Bi-207-9177,,
9369,36,1013,removed,Bi-207-9176,,
9369,36,1014,removed,Bi-207-9176,,
9369,36,1021,removed,Bi-207-9176,,
9369,36,1022,removed,Bi-207-9176,,
9369,36,1038,removed,Cd-109-9178,,
9369,36,1039,removed,Cd-109-9178,,
9369,36,1049,removed,Cd-109-9178,,
9369,36,1050,removed,Cd-109-9178,,
9369,36,1051,removed,Cd-109-9178,,
9369,36,1062,removed,Cd-109-9178,,
9369,36,1063,removed,Cd-109-9178,,
9370,0,1084,removed,Sn-113-9183,,
9370,0,1091,removed,Ce-139-9179,,
9370,0,1094,removed,Sn-113-9183,,
9370,0,1095,removed,Sn-113-9183,,
9370,0,1098,removed,Cd-109-9178,,
9370,0,1099,removed,Cd-109-9178,,
9370,0,1101,removed,Ce-139-9179,,
9370,0,1102,removed,Ce-139-9179,,
9370,0,1107,removed,Cd-109-9178,,
9370,0,1108,removed,Cd-109-9178,,
9370,0,1111,removed,Ce-139-9179,,
9370,1,37,removed,Bi-207-8890,,
9370,1,39,removed,Bi-207-9177,,
9370,1,48,removed,Bi-207-8890,,
9370,1,1084,removed,Sn-113-9183,,
9370,1,1085,removed,Sn-113-9183,,
9370,1,1094,removed,Sn-113-9183,,
9370,1,1095,removed,Sn-113-9183,,
9370,1,1098,removed,Cd-109-9178,,
9370,1,1099,removed,Cd-109-9178,,
9370,1,1101,removed,Ce-139-9179,,
9370,1,1102,removed,Ce-139-9179,,
9370,1,1108,removed,Cd-109-9178,,
9370,1,1109,removed,Cd-109-9178,,
9370,1,1111,removed,Ce-139-9179,,
9370,1,1112,removed,Ce-139-9179,,
9370,2,27,removed,Sn-113-9183,,
9370,2,29,removed,Cd-109-9178,,
9370,2,37,removed,Sn-113-9183,,
9370,2,44,removed,Ce-139-9179,,
9370,2,1084,removed,Sn-113-9183,,
9370,2,1085,removed,Sn-113-9183,,
9370,2,1095,removed,Sn-113-9183,,
9370,2,1096,removed,Sn-113-9183,,
9370,2,1099,removed,Cd-109-9178,,
9370,2,1100,removed,Cd-109-9178,,
9370,2,1101,removed,Ce-139-9179,,
9370,2,1102,removed,Ce-139-9179,,
9370,2,1108,removed,Cd-109-9178,,
9370,2,1109,removed,Cd-109-9178,,
9370,2,1111,removed,Ce-139-9179,,
9370,2,1112,removed,Ce-139-9179,,
9370,3,23,removed,Ce-139-9179,,yes
9370,3,24,removed,Ce-139-9179,,yes
9370,3,26,removed,Sn-113-9183,,
9370,3,32,removed,Ce-139-9179,,
9370,3,33,removed,Ce-139-9179,,yes
9370,3,34,removed,Ce-139-9179,,yes
9370,3,39,removed,Cd-109-9178,,
9370,3,43,removed,Bi-207-9176,,yes
9370,3,44,removed,Bi-207-9176,,yes
9370,3,47,removed,Bi-207-8890,,yes
9370,3,48,removed,Bi-207-8890,,yes
9370,3,54,removed,Bi-207-9176,,
9370,3,55,removed,Bi-207-9176,,yes
9370,3,1084,removed,Sn-113-9183,,
9370,3,1085,removed,Sn-113-9183,,
9370,3,1088,removed,Cd-109-9178,,
9370,3,1091,removed,Ce-139-9179,,
9370,3,1094,removed,Sn-113-9183,,
9370,3,1095,removed,Sn-113-9183,,
9370,3,1098,removed,Cd-109-9178,,
9370,3,1099,removed,Cd-109-9178,,
9370,3,1101,removed,Ce-139-9179,,
9370,3,1102,removed,Ce-139-9179,,
9370,3,1107,removed,Cd-109-9178,,
9370,3,1108,removed,Cd-109-9178,,
9370,3,1111,removed,Ce-139-9179,,
9370,4,37,removed,Sn-113-9183,,
9370,4,40,removed,Cd-109-9178,,yes
9370,4,1084,removed,Sn-113-9183,,
9370,4,1085,removed,Sn-113-9183,,
9370,4,1088,removed,Cd-109-9178,,
9370,4,1091,removed,Ce-139-9179,,
9370,4,1094,removed,Sn-113-9183,,
9370,4,1095,removed,Sn-113-9183,,
9370,4,1098,removed,Cd-109-9178,,
9370,4,1099,removed,Cd-109-9178,,
9370,4,1101,removed,Ce-139-9179,,
9370,4,1102,removed,Ce-139-9179,,
9370,4,1108,removed,Cd-109-9178,,
9370,4,1111,removed,Ce-139-9179,,
9370,4,1112,removed,Ce-139-9179,,
9370,5,27,removed,Sn-113-9183,,
9370,5,40,removed,Cd-109-9178,,
9370,5,43,removed,Ce-139-9179,,
9370,5,44,removed,Ce-139-9179,,
9370,5,1084,removed,Sn-113-9183,,
9370,5,1085,removed,Sn-113-9183,,
9370,5,1091,removed,Ce-139-9179,,
9370,5,1095,removed,Sn-113-9183,,
9370,5,1096,removed,Sn-113-9183,,
9370,5,1099,removed,Cd-109-9178,,
9370,5,1100,removed,Cd-109-9178,,
9370,5,1101,removed,Ce-139-9179,,
9370,5,1102,removed,Ce-139-9179,,
9370,5,1108,removed,Cd-109-9178,,
9370,5,1109,removed,Cd-109-9178,,
9370,5,1111,removed,Ce-139-9179,,
9370,5,1112,removed,Ce-139-9179,,
9370,6,26,removed,Sn-113-9183,,
9370,6,39,removed,Cd-109-9178,,
9370,6,48,removed,Bi-207-8890,,
9370,6,1059,removed,Bi-207-8890,,
9370,6,1060,removed,Bi-207-8890,,
9370,6,1063,removed,Bi-207-9177,,
9370,6,1064,removed,Bi-207-9177,,
9370,6,1067,removed,Bi-207-9176,,
9370,6,1072,removed,Bi-207-8890,,
9370,6,1073,removed,Bi-207-8890,,
9370,6,1075,removed,Bi-207-9177,,
9370,6,1076,removed,Bi-207-9177,,
9370,6,1079,removed,Bi-207-9176,,
9370,6,1080,removed,Bi-207-9176,,
9370,6,1087,removed,Bi-207-9177,,
9370,6,1091,removed,Bi-207-9176,,
9370,6,1107,removed,Cd-109-9178,,
9370,6,1108,removed,Cd-109-9178,,
9370,6,1115,removed,Cd-109-9178,,
9370,6,1116,removed,Cd-109-9178,,
9370,6,1117,removed,Cd-109-9178,,
9370,7,37,removed,Sn-113-9183,,
9370,7,40,removed,Cd-109-9178,,
9370,7,43,removed,Ce-139-9179,,
9370,7,61,removed,Bi-207-8890,,
9370,7,63,removed,Bi-207-9177,,
9370,7,67,removed,Bi-207-9176,,
9370,7,1073,removed,Sn-113-9183,,
9370,7,1084,removed,Sn-113-9183,,
9370,7,1085,removed,Sn-113-9183,,
9370,7,1091,removed,Ce-139-9179,,
9370,7,1092,removed,Ce-139-9179,,
9370,7,1095,removed,Sn-113-9183,,
9370,7,1101,removed,Ce-139-9179,,
9370,7,1102,removed,Ce-139-9179,,
9370,7,1111,removed,Ce-139-9179,,
9370,7,1112,removed,Ce-139-9179,,
9370,8,27,removed,Sn-113-9183,,
9370,8,40,removed,Cd-109-9178,,
9370,8,43,removed,Ce-139-9179,,
9370,8,61,removed,Bi-207-8890,,
9370,8,1061,removed,Bi-207-8890,,
9370,8,1064,removed,Bi-207-9177,,
9370,8,1065,removed,Bi-207-9177,,
9370,8,1068,removed,Bi-207-9176,,
9370,8,1073,removed,Bi-207-8890,,
9370,8,1074,removed,Bi-207-8890,,
9370,8,1077,removed,Bi-207-9177,,
9370,8,1078,removed,Bi-207-9177,,
9370,8,1080,removed,Bi-207-9176,,
9370,8,1081,removed,Bi-207-9176,,
9370,8,1085,removed,Sn-113-9183,,
9370,8,1089,removed,Bi-207-9177,,
9370,8,1092,removed,Bi-207-9176,,
9370,8,1095,removed,Sn-113-9183,,
9370,8,1096,removed,Sn-113-9183,,
9370,8,1105,removed,Sn-113-9183,,
9370,8,1108,removed,Cd-109-9178,,
9370,8,1109,removed,Cd-109-9178,,
9370,8,1117,removed,Cd-109-9178,,
9370,8,1118,removed,Cd-109-9178,,
9370,9,73,removed,Sn-113-9183,,
9370,9,85,removed,Sn-113-9183,,
9370,9,95,removed,Sn-113-9183,,
9370,9,1004,removed,Bi-207-9177,,
9370,9,1011,removed,Bi-207-9177,,
9370,9,1012,removed,Bi-207-9177,,
9370,9,1020,removed,Bi-207-9177,,
9370,9,1039,removed,Cd-109-9178,,
9370,9,1040,removed,Cd-109-9178,,
9370,9,1041,removed,Cd-109-9178,,
9370,9,1043,removed,Ce-139-9179,,
9370,9,1044,removed,Ce-139-9179,,
9370,9,1051,removed,Cd-109-9178,,
9370,9,1052,removed,Cd-109-9178,,
9370,9,1054,removed,Ce-139-9179,,
9370,9,1055,removed,Ce-139-9179,,
9370,10,73,removed,Sn-113-9183,,
9370,10,80,removed,Ce-139-9179,,
9370,10,85,removed,Sn-113-9183,,
9370,10,95,removed,Sn-113-9183,,
9370,10,107,removed,Bi-207-9177,,
9370,10,1004,removed,Bi-207-9177,,
9370,10,1011,removed,Bi-207-9177,,
9370,10,1012,removed,Bi-207-9177,,
9370,10,1020,removed,Bi-207-9177,,
9370,10,1026,removed,Sn-113-9183,,
9370,10,1036,removed,Sn-113-9183,,
9370,10,1037,removed,Sn-113-9183,,
9370,10,1040,removed,Cd-109-9178,,
9370,10,1041,removed,Cd-109-9178,,
9370,10,1043,removed,Ce-139-9179,,
9370,10,1044,removed,Ce-139-9179,,
9370,10,1048,removed,Sn-113-9183,,
9370,10,1049,removed,Sn-113-9183,,
9370,10,1051,removed,Cd-109-9178,,
9370,10,1052,removed,Cd-109-9178,,
9370,10,1055,removed,Ce-139-9179,,
9370,10,1056,removed,Ce-139-9179,,
9370,11,74,removed,Sn-113-9183,,
9370,11,76,removed,Cd-109-9178,,
9370,11,108,removed,Bi-207-9177,,
9370,11,116,removed,Bi-207-9177,,
9370,11,1004,removed,Bi-207-9177,,
9370,11,1011,removed,Bi-207-9177,,
9370,11,1012,removed,Bi-207-9177,,
9370,11,1020,removed,Bi-207-9177,,
9370,12,76,removed,Cd-109-9178,,yes
9370,12,80,removed,Ce-139-9179,,
9370,12,83,removed,Sn-113-9183,,yes
9370,12,84,removed,Sn-113-9183,,yes
9370,12,87,removed,Cd-109-9178,,yes
9370,12,88,removed,Cd-109-9178,,yes
9370,12,94,removed,Sn-113-9183,,yes
9370,12,95,removed,Sn-113-9183,,yes
9370,12,97,removed,Cd-109-9178,,yes
9370,12,98,removed,Cd-109-9178,,yes
9370,12,1004,removed,Bi-207-9177,,
9370,12,1011,removed,Bi-207-9177,,
9370,12,1012,removed,Bi-207-9177,,
9370,12,1020,removed,Bi-207-9177,,
9370,12,1029,removed,Cd-109-9178,,
9370,12,1030,removed,Cd-109-9178,,
9370,12,1033,removed,Ce-139-9179,,
9370,12,1039,removed,Cd-109-9178,,
9370,12,1040,removed,Cd-109-9178,,
9370,12,1043,removed,Ce-139-9179,,
9370,12,1044,removed,Ce-139-9179,,
9370,12,1055,removed,Ce-139-9179,,
9370,13,77,removed,Cd-109-9178,,yes
9370,13,83,removed,Sn-113-9183,,yes
9370,13,84,removed,Sn-113-9183,,yes
9370,13,85,removed,Sn-113-9183,,yes
9370,13,87,removed,Cd-109-9178,,
9370,13,88,removed,Cd-109-9178,,yes
9370,13,89,removed,Cd-109-9178,,
9370,13,1026,removed,Sn-113-9183,,
9370,13,1027,removed,Sn-113-9183,,
9370,13,1029,removed,Cd-109-9178,,
9370,13,1030,removed,Cd-109-9178,,
9370,13,1031,removed,Cd-109-9178,,
9370,13,1033,removed,Ce-139-9179,,
9370,13,1034,removed,Ce-139-9179,,
9370,13,1036,removed,Sn-113-9183,,
9370,13,1037,removed,Sn-113-9183,,
9370,13,1038,removed,Sn-113-9183,,
9370,13,1040,removed,Cd-109-9178,,
9370,13,1041,removed,Cd-109-9178,,
9370,13,1043,removed,Ce-139-9179,,
9370,13,1044,removed,Ce-139-9179,,
9370,13,1045,removed,Ce-139-9179,,
9370,13,1056,removed,Ce-139-9179,,
9370,14,74,removed,Sn-113-9183,,
9370,14,111,removed,Bi-207-9176,,
9370,14,1026,removed,Sn-113-9183,,
9370,14,1027,removed,Sn-113-9183,,
9370,14,1030,removed,Cd-109-9178,,
9370,14,1031,removed,Cd-109-9178,,
9370,14,1034,removed,Ce-139-9179,,
9370,14,1037,removed,Sn-113-9183,,
9370,14,1038,removed,Sn-113-9183,,
9370,14,1041,removed,Cd-109-9178,,
9370,14,1042,removed,Cd-109-9178,,
9370,14,1044,removed,Ce-139-9179,,
9370,14,1045,removed,Ce-139-9179,,
9370,14,1053,removed,Cd-109-9178,,
9370,15,90,removed,Ce-139-9179,,
9370,15,91,removed,Ce-139-9179,,
9370,15,100,removed,Ce-139-9179,,yes
9370,15,101,removed,Ce-139-9179,,yes
9370,15,102,removed,Ce-139-9179,,yes
9370,15,110,removed,Ce-139-9179,,yes
9370,15,111,removed,Ce-139-9179,,yes
9370,15,1029,removed,Cd-109-9178,,
9370,15,1030,removed,Cd-109-9178,,
9370,15,1039,removed,Cd-109-9178,,
9370,15,1040,removed,Cd-109-9178,,
9370,16,1009,removed,Sn-113-9183,,
9370,16,1017,removed,Sn-113-9183,,
9370,16,1018,removed,Sn-113-9183,,
9370,16,1020,removed,Cd-109-9178,,
9370,16,1021,removed,Cd-109-9178,,
9370,16,1024,removed,Ce-139-9179,,
9370,16,1026,removed,Sn-113-9183,,
9370,16,1027,removed,Sn-113-9183,,
9370,16,1030,removed,Cd-109-9178,,
9370,16,1031,removed,Cd-109-9178,,
9370,16,1033,removed,Ce-139-9179,,
9370,16,1034,removed,Ce-139-9179,,
9370,16,1040,removed,Cd-109-9178,,
9370,16,1041,removed,Cd-109-9178,,
9370,16,1044,removed,Ce-139-9179,,
9370,17,84,removed,Sn-113-9183,,
9370,17,85,removed,Sn-113-9183,,
9370,17,96,removed,Sn-113-9183,,
9370,17,1017,removed,Sn-113-9183,,
9370,17,1018,removed,Sn-113-9183,,
9370,17,1021,removed,Cd-109-9178,,
9370,17,1024,removed,Ce-139-9179,,
9370,17,1026,removed,Sn-113-9183,,
9370,17,1027,removed,Sn-113-9183,,
9370,17,1030,removed,Cd-109-9178,,
9370,17,1031,removed,Cd-109-9178,,
9370,17,1033,removed,Ce-139-9179,,
9370,17,1034,removed,Ce-139-9179,,
9370,17,1041,removed,Cd-109-9178,,
9370,17,1044,removed,Ce-139-9179,,
9370,17,1045,removed,Ce-139-9179,,
9370,18,39,removed,Cd-109-9178,,
9370,18,51,removed,Cd-109-9178,,
9370,18,52,removed,Cd-109-9178,,
9370,18,73,removed,Bi-207-8890,,
9370,18,80,removed,Bi-207-9176,,
9370,18,85,removed,Bi-207-8890,,
9370,18,1017,removed,Bi-207-8890,,
9370,18,1026,removed,Bi-207-8890,,
9370,18,1027,removed,Bi-207-8890,,
9370,18,1029,removed,Bi-207-9177,,
9370,18,1030,removed,Bi-207-9177,,
9370,18,1033,removed,Bi-207-9176,,
9370,18,1034,removed,Bi-207-9176,,
9370,18,1037,removed,Bi-207-8890,,
9370,18,1040,removed,Bi-207-9177,,
9370,18,1041,removed,Bi-207-9177,,
9370,18,1043,removed,Bi-207-9176,,
9370,18,1044,removed,Bi-207-9176,,
9370,18,1045,removed,Bi-207-9176,,
9370,18,1055,removed,Bi-207-9176,,
9370,18,1056,removed,Bi-207-9176,,
9370,18,1072,removed,Sn-113-9183,,
9370,18,1073,removed,Sn-113-9183,,
9370,18,1077,removed,Cd-109-9178,,
9370,18,1080,removed,Ce-139-9179,,
9370,18,1081,removed,Ce-139-9179,,
9370,18,1084,removed,Sn-113-9183,,
9370,18,1085,removed,Sn-113-9183,,
9370,18,1088,removed,Cd-109-9178,,
9370,18,1089,removed,Cd-109-9178,,
9370,18,1091,removed,Ce-139-9179,,
9370,18,1092,removed,Ce-139-9179,,
9370,18,1099,removed,Cd-109-9178,,
9370,18,1102,removed,Ce-139-9179,,
9371,0,19,removed,Cd-109-9178,,
9371,0,32,removed,Bi-207-9176,,
9371,0,48,removed,Bi-207-8890,,
9371,0,50,removed,Bi-207-9177,,
9371,0,51,removed,Bi-207-9177,,
9371,0,54,removed,Bi-207-9176,,
9371,0,1079,removed,Bi-207-9176,,
9371,0,1080,removed,Bi-207-9176,,
9371,0,1090,removed,Bi-207-9176,,
9371,0,1091,removed,Bi-207-9176,,
9371,0,1107,removed,Cd-109-9178,,
9371,0,1108,removed,Cd-109-9178,,
9371,0,1110,removed,Ce-139-9179,,
9371,0,1111,removed,Ce-139-9179,,
9371,0,1115,removed,Cd-109-9178,,
9371,0,1116,removed,Cd-109-9178,,
9371,0,1118,removed,Ce-139-9179,,
9371,0,1119,removed,Ce-139-9179,,
9371,1,4,removed,Cd-109-9178,,
9371,1,32,removed,Bi-207-9176,,
9371,1,48,removed,Bi-207-8890,,
9371,1,50,removed,Bi-207-9177,,
9371,1,51,removed,Bi-207-9177,,
9371,1,54,removed,Bi-207-9176,,
9371,1,1079,removed,Bi-207-9176,,
9371,1,1080,removed,Bi-207-9176,,
9371,1,1090,removed,Bi-207-9176,,
9371,1,1091,removed,Bi-207-9176,,
9371,1,1108,removed,Cd-109-9178,,
9371,1,1110,removed,Ce-139-9179,,
9371,1,1111,removed,Ce-139-9179,,
9371,1,1116,removed,Cd-109-9178,,
9371,1,1117,removed,Cd-109-9178,,
9371,1,1118,removed,Ce-139-9179,,
9371,1,1119,removed,Ce-139-9179,,
9371,2,23,removed,Ce-139-9179,,
9371,2,24,removed,Ce-139-9179,,yes
9371,2,33,removed,Ce-139-9179,,yes
9371,2,34,removed,Ce-139-9179,,yes
9371,2,36,removed,Bi-207-8890,,yes
9371,2,43,removed,Bi-207-9176,,yes
9371,2,44,removed,Bi-207-9176,,yes
9371,2,47,removed,Bi-207-8890,,yes
9371,2,48,removed,Bi-207-8890,,yes
9371,2,51,removed,Bi-207-9177,,
9371,2,54,removed,Bi-207-9176,,
9371,2,55,removed,Bi-207-9176,,yes
9371,2,60,removed,Bi-207-8890,,
9371,2,1080,removed,Bi-207-9176,,
9371,2,1081,removed,Bi-207-9176,,
9371,2,1091,removed,Bi-207-9176,,
9371,2,1092,removed,Bi-207-9176,,
9371,2,1095,removed,Sn-113-9183,,
9371,2,1096,removed,Sn-113-9183,,
9371,2,1105,removed,Sn-113-9183,,
9371,2,1106,removed,Sn-113-9183,,
9371,2,1109,removed,Cd-109-9178,,
9371,2,1110,removed,Cd-109-9178,,
9371,2,1117,removed,Cd-109-9178,,
9371,2,1118,removed,Cd-109-9178,,
9371,3,19,removed,Cd-109-9178,,
9371,3,32,removed,Bi-207-9176,,
9371,3,40,removed,Bi-207-9177,,
9371,3,48,removed,Bi-207-8890,,
9371,3,50,removed,Bi-207-9177,,
9371,3,51,removed,Bi-207-9177,,
9371,3,54,removed,Bi-207-9176,,
9371,3,1084,removed,Sn-113-9183,,
9371,3,1094,removed,Sn-113-9183,,
9371,3,1095,removed,Sn-113-9183,,
9371,3,1098,removed,Cd-109-9178,,
9371,3,1101,removed,Ce-139-9179,,
9371,3,1102,removed,Ce-139-9179,,
9371,3,1107,removed,Cd-109-9178,,
9371,3,1108,removed,Cd-109-9178,,
9371,3,1110,removed,Ce-139-9179,,
9371,3,1111,removed,Ce-139-9179,,
9371,3,1116,removed,Cd-109-9178,,
9371,4,9,removed,Sn-113-9183,,
9371,4,12,removed,Cd-109-9178,,
9371,4,17,removed,Sn-113-9183,,
9371,4,18,removed,Sn-113-9183,,
9371,4,19,removed,Cd-109-9178,,
9371,4,20,removed,Cd-109-9178,,
9371,4,27,removed,Sn-113-9183,,
9371,4,34,removed,Ce-139-9179,,
9371,4,48,removed,Bi-207-8890,,
9371,4,51,removed,Bi-207-9177,,
9371,4,52,removed,Bi-207-9177,,
9371,4,54,removed,Bi-207-9176,,
9371,4,60,removed,Bi-207-8890,,
9371,4,64,removed,Bi-207-9177,,
9371,4,1079,removed,Bi-207-9176,,
9371,4,1080,removed,Bi-207-9176,,
9371,4,1091,removed,Bi-207-9176,,
9371,4,1092,removed,Bi-207-9176,,
9371,4,1095,removed,Sn-113-9183,,
9371,4,1096,removed,Sn-113-9183,,
9371,4,1099,removed,Cd-109-9178,,
9371,4,1101,removed,Ce-139-9179,,
9371,4,1102,removed,Ce-139-9179,,
9371,4,1105,removed,Sn-113-9183,,
9371,4,1108,removed,Cd-109-9178,,
9371,4,1109,removed,Cd-109-9178,,
9371,4,1111,removed,Ce-139-9179,,
9371,4,1112,removed,Ce-139-9179,,
9371,4,1117,removed,Cd-109-9178,,
9371,5,29,removed,Cd-109-9178,,
9371,5,30,removed,Cd-109-9178,,
9371,5,43,removed,Ce-139-9179,,
9371,5,61,removed,Bi-207-8890,,
9371,5,73,removed,Bi-207-8890,,
9371,5,1036,removed,Bi-207-8890,,
9371,5,1037,removed,Bi-207-8890,,
9371,5,1040,removed,Bi-207-9177,,
9371,5,1041,removed,Bi-207-9177,,
9371,5,1048,removed,Bi-207-8890,,
9371,5,1049,removed,Bi-207-8890,,
9371,5,1051,removed,Bi-207-9177,,
9371,5,1052,removed,Bi-207-9177,,
9371,5,1053,removed,Bi-207-9177,,
9371,5,1064,removed,Bi-207-9177,,
9371,5,1065,removed,Bi-207-9177,,
9371,5,1067,removed,Bi-207-9176,,
9371,5,1068,removed,Bi-207-9176,,
9371,5,1080,removed,Bi-207-9176,,
9371,5,1081,removed,Bi-207-9176,,
9371,5,1095,removed,Sn-113-9183,,
9371,5,1096,removed,Sn-113-9183,,
9371,5,1099,removed,Cd-109-9178,,
9371,5,1100,removed,Cd-109-9178,,
9371,5,1101,removed,Ce-139-9179,,
9371,5,1102,removed,Ce-139-9179,,
9371,5,1105,removed,Sn-113-9183,,
9371,5,1106,removed,Sn-113-9183,,
9371,5,1108,removed,Cd-109-9178,,
9371,5,1109,removed,Cd-109-9178,,
9371,5,1110,removed,Cd-109-9178,,
9371,5,1111,removed,Ce-139-9179,,
9371,5,1112,removed,Ce-139-9179,,
9371,5,1117,removed,Cd-109-9178,,
9371,5,1118,removed,Cd-109-9178,,
9377,0,14,removed,Ce-139-9179,,yes
9377,0,23,removed,Ce-139-9179,,yes
9377,0,1107,removed,Cd-109-9178,,
9377,0,1108,removed,Cd-109-9178,,
9377,0,1110,removed,Ce-139-9179,,
9377,0,1111,removed,Ce-139-9179,,
9377,0,1115,removed,Cd-109-9178,,
9377,0,1116,removed,Cd-109-9178,,
9377,0,1118,removed,Ce-139-9179,,
9377,0,1119,removed,Ce-139-9179,,
9377,1,14,removed,Ce-139-9179,,
9377,1,19,removed,Cd-109-9178,,
9377,1,1108,removed,Cd-109-9178,,
9377,1,1110,removed,Ce-139-9179,,
9377,1,1111,removed,Ce-139-9179,,
9377,1,1116,removed,Cd-109-9178,,
9377,1,1117,removed,Cd-109-9178,,
9377,1,1118,removed,Ce-139-9179,,
9377,1,1119,removed,Ce-139-9179,,
9377,2,17,removed,Sn-113-9183,,yes
9377,2,31,removed,Bi-207-9177,,
9377,2,1095,removed,Sn-113-9183,,
9377,2,1096,removed,Sn-113-9183,,
9377,2,1105,removed,Sn-113-9183,,
9377,2,1106,removed,Sn-113-9183,,
9377,2,1109,removed,Cd-109-9178,,
9377,2,1110,removed,Cd-109-9178,,
9377,2,1117,removed,Cd-109-9178,,
9377,2,1118,removed,Cd-109-9178,,
9377,3,1084,removed,Sn-113-9183,,
9377,3,1094,removed,Sn-113-9183,,
9377,3,1095,removed,Sn-113-9183,,
9377,3,1098,removed,Cd-109-9178,,
9377,3,1101,removed,Ce-139-9179,,
9377,3,1102,removed,Ce-139-9179,,
9377,3,1107,removed,Cd-109-9178,,
9377,3,1108,removed,Cd-109-9178,,
9377,3,1110,removed,Ce-139-9179,,
9377,3,1111,removed,Ce-139-9179,,
9377,3,1116,removed,Cd-109-9178,,
9377,4,14,removed,Ce-139-9179,,
9377,4,19,removed,Cd-109-9178,,yes
9377,4,1084,removed,Sn-113-9183,,
9377,4,1085,removed,Sn-113-9183,,
9377,4,1094,removed,Sn-113-9183,,
9377,4,1095,removed,Sn-113-9183,,
9377,4,1098,removed,Cd-109-9178,,
9377,4,1099,removed,Cd-109-9178,,
9377,4,1101,removed,Ce-139-9179,,
9377,4,1102,removed,Ce-139-9179,,
9377,4,1107,removed,Cd-109-9178,,
9377,4,1108,removed,Cd-109-9178,,
9377,4,1109,removed,Cd-109-9178,,
9377,4,1111,removed,Ce-139-9179,,
9377,4,1112,removed,Ce-139-9179,,
9377,4,1117,removed,Cd-109-9178,,
9377,5,31,removed,Bi-207-9177,,
9377,5,44,removed,Bi-207-9176,,
9377,5,1095,removed,Sn-113-9183,,
9377,5,1096,removed,Sn-113-9183,,
9377,5,1099,removed,Cd-109-9178,,
9377,5,1100,removed,Cd-109-9178,,
9377,5,1102,removed,Ce-139-9179,,
9377,5,1105,removed,Sn-113-9183,,
9377,5,1106,removed,Sn-113-9183,,
9377,5,1108,removed,Cd-109-9178,,
9377,5,1109,removed,Cd-109-9178,,
9377,5,1110,removed,Cd-109-9178,,
9377,5,1111,removed,Ce-139-9179,,
9377,5,1112,removed,Ce-139-9179,,
9377,5,1117,removed,Cd-109-9178,,
9377,5,1118,removed,Cd-109-9178,,
9377,6,1084,removed,Sn-113-9183,,
9377,6,1091,removed,Ce-139-9179,,
9377,6,1094,removed,Sn-113-9183,,
9377,6,1095,removed,Sn-113-9183,,
9377,6,1098,removed,Cd-109-9178,,
9377,6,1099,removed,Cd-109-9178,,
9377,6,1101,removed,Ce-139-9179,,
9377,6,1102,removed,Ce-139-9179,,
9377,6,1107,removed,Cd-109-9178,,
9377,6,1108,removed,Cd-109-9178,,
9377,6,1110,removed,Ce-139-9179,,
9377,6,1111,removed,Ce-139-9179,,
9377,7,25,removed,Bi-207-8890,,yes
9377,7,26,removed,Bi-207-8890,,yes
9377,7,29,removed,Bi-207-9177,,yes
9377,7,30,removed,Bi-207-9177,,yes
9377,7,36,removed,Bi-207-8890,,yes
9377,7,37,removed,Bi-207-8890,,
9377,7,39,removed,Bi-207-9177,,
9377,7,40,removed,Bi-207-9177,,yes
9377,7,43,removed,Bi-207-9176,,yes
9377,7,44,removed,Bi-207-9176,,yes
9377,7,48,removed,Bi-207-8890,,
9377,7,1084,removed,Sn-113-9183,,
9377,7,1085,removed,Sn-113-9183,,
9377,7,1094,removed,Sn-113-9183,,
9377,7,1095,removed,Sn-113-9183,,
9377,7,1098,removed,Cd-109-9178,,
9377,7,1099,removed,Cd-109-9178,,
9377,7,1101,removed,Ce-139-9179,,
9377,7,1102,removed,Ce-139-9179,,
9377,7,1108,removed,Cd-109-9178,,
9377,7,1109,removed,Cd-109-9178,,
9377,7,1111,removed,Ce-139-9179,,
9377,7,1112,removed,Ce-139-9179,,
9377,8,29,removed,Cd-109-9178,,
9377,8,37,removed,Sn-113-9183,,
9377,8,44,removed,Ce-139-9179,,
9377,8,1085,removed,Sn-113-9183,,
9377,8,1095,removed,Sn-113-9183,,
9377,8,1096,removed,Sn-113-9183,,
9377,8,1099,removed,Cd-109-9178,,
9377,8,1100,removed,Cd-109-9178,,
9377,8,1101,removed,Ce-139-9179,,
9377,8,1102,removed,Ce-139-9179,,
9377,8,1105,removed,Sn-113-9183,,
9377,8,1109,removed,Cd-109-9178,,
9377,8,1111,removed,Ce-139-9179,,
9377,8,1112,removed,Ce-139-9179,,
9377,9,26,removed,Sn-113-9183,,
9377,9,39,removed,Cd-109-9178,,
9377,9,64,removed,Bi-207-9177,,
9377,9,1084,removed,Sn-113-9183,,
9377,9,1085,removed,Sn-113-9183,,
9377,9,1088,removed,Cd-109-9178,,
9377,9,1091,removed,Ce-139-9179,,
9377,9,1094,removed,Sn-113-9183,,
9377,9,1095,removed,Sn-113-9183,,
9377,9,1098,removed,Cd-109-9178,,
9377,9,1099,removed,Cd-109-9178,,
9377,9,1101,removed,Ce-139-9179,,
9377,9,1102,removed,Ce-139-9179,,
9377,9,1107,removed,Cd-109-9178,,
9377,9,1108,removed,Cd-109-9178,,
9377,9,1111,removed,Ce-139-9179,,
9377,10,32,removed,Ce-139-9179,,
9377,10,37,removed,Sn-113-9183,,
9377,10,40,removed,Cd-109-9178,,
9377,10,48,removed,Bi-207-8890,,
9377,10,54,removed,Bi-207-9176,,
9377,10,60,removed,Bi-207-8890,,
9377,10,1084,removed,Sn-113-9183,,
9377,10,1085,removed,Sn-113-9183,,
9377,10,1088,removed,Cd-109-9178,,
9377,10,1091,removed,Ce-139-9179,,
9377,10,1094,removed,Sn-113-9183,,
9377,10,1095,removed,Sn-113-9183,,
9377,10,1098,removed,Cd-109-9178,,
9377,10,1099,removed,Cd-109-9178,,
9377,10,1101,removed,Ce-139-9179,,
9377,10,1102,removed,Ce-139-9179,,
9377,10,1108,removed,Cd-109-9178,,
9377,10,1111,removed,Ce-139-9179,,
9377,10,1112,removed,Ce-139-9179,,
9377,11,40,removed,Cd-109-9178,,
9377,11,43,removed,Ce-139-9179,,
9377,11,1080,removed,Bi-207-9176,,
9377,11,1081,removed,Bi-207-9176,,
9377,11,1084,removed,Sn-113-9183,,
9377,11,1085,removed,Sn-113-9183,,
9377,11,1089,removed,Cd-109-9178,,
9377,11,1092,removed,Bi-207-9176,,
9377,11,1095,removed,Sn-113-9183,,
9377,11,1096,removed,Sn-113-9183,,
9377,11,1099,removed,Cd-109-9178,,
9377,11,1100,removed,Cd-109-9178,,
9377,11,1109,removed,Cd-109-9178,,
9377,12,1004,removed,Bi-207-9177,,
9377,12,1011,removed,Bi-207-9177,,
9377,12,1012,removed,Bi-207-9177,,
9377,12,1020,removed,Bi-207-9177,,
9377,13,73,removed,Sn-113-9183,,
9377,13,80,removed,Ce-139-9179,,
9377,13,81,removed,Ce-139-9179,,
9377,13,85,removed,Sn-113-9183,,
9377,13,91,removed,Ce-139-9179,,
9377,13,95,removed,Sn-113-9183,,
9377,13,1004,removed,Bi-207-9177,,
9377,13,1011,removed,Bi-207-9177,,
9377,13,1012,removed,Bi-207-9177,,
9377,13,1020,removed,Bi-207-9177,,
9377,13,1026,removed,Sn-113-9183,,
9377,13,1027,removed,Sn-113-9183,,
9377,13,1030,removed,Cd-109-9178,,
9377,13,1036,removed,Sn-113-9183,,
9377,13,1037,removed,Sn-113-9183,,
9377,13,1040,removed,Cd-109-9178,,
9377,13,1041,removed,Cd-109-9178,,
9377,13,1043,removed,Ce-139-9179,,
9377,13,1044,removed,Ce-139-9179,,
9377,13,1045,removed,Ce-139-9179,,
9377,13,1048,removed,Sn-113-9183,,
9377,13,1051,removed,Cd-109-9178,,
9377,13,1052,removed,Cd-109-9178,,
9377,13,1055,removed,Ce-139-9179,,
9377,13,1056,removed,Ce-139-9179,,
9377,14,74,removed,Sn-113-9183,,
9377,14,86,removed,Sn-113-9183,,
9377,14,1026,removed,Sn-113-9183,,
9377,14,1027,removed,Sn-113-9183,,
9377,14,1031,removed,Cd-109-9178,,
9377,14,1034,removed,Ce-139-9179,,
9377,14,1037,removed,Sn-113-9183,,
9377,14,1038,removed,Sn-113-9183,,
9377,14,1041,removed,Cd-109-9178,,
9377,14,1042,removed,Cd-109-9178,,
9377,14,1044,removed,Ce-139-9179,,
9377,14,1045,removed,Ce-139-9179,,
9377,14,1053,removed,Cd-109-9178,,
9377,14,1056,removed,Ce-139-9179,,
9377,15,86,removed,Cd-109-9178,,
9377,15,87,removed,Cd-109-9178,,
9377,16,84,removed,Sn-113-9183,,
9377,16,1009,removed,Sn-113-9183,,
9377,16,1017,removed,Sn-113-9183,,
9377,16,1018,removed,Sn-113-9183,,
9377,16,1020,removed,Cd-109-9178,,
9377,16,1021,removed,Cd-109-9178,,
9377,16,1024,removed,Ce-139-9179,,
9377,16,1026,removed,Sn-113-9183,,
9377,16,1027,removed,Sn-113-9183,,
9377,16,1030,removed,Cd-109-9178,,
9377,16,1031,removed,Cd-109-9178,,
9377,16,1033,removed,Ce-139-9179,,
9377,16,1034,removed,Ce-139-9179,,
9377,16,1040,removed,Cd-109-9178,,
9377,16,1041,removed,Cd-109-9178,,
9377,16,1044,removed,Ce-139-9179,,
9377,17,84,removed,Sn-113-9183,,
9377,17,85,removed,Sn-113-9183,,
9377,17,96,removed,Sn-113-9183,,
9377,17,105,removed,Sn-113-9183,,yes
9377,17,1017,removed,Sn-113-9183,,
9377,17,1018,removed,Sn-113-9183,,
9377,17,1026,removed,Sn-113-9183,,
9377,17,1027,removed,Sn-113-9183,,
9377,17,1028,removed,Sn-113-9183,,
9377,17,1030,removed,Cd-109-9178,,
9377,17,1031,removed,Cd-109-9178,,
9377,17,1032,removed,Cd-109-9178,,
9377,17,1033,removed,Ce-139-9179,,
9377,17,1034,removed,Ce-139-9179,,
9377,17,1041,removed,Cd-109-9178,,
9377,17,1042,removed,Cd-109-9178,,
9377,17,1044,removed,Ce-139-9179,,
9377,17,1045,removed,Ce-139-9179,,
9377,18,101,removed,Ce-139-9179,,
9377,18,102,removed,Ce-139-9179,,yes
9377,18,108,removed,Bi-207-9177,,
9377,18,1004,removed,Bi-207-9177,,
9377,18,1011,removed,Bi-207-9177,,
9377,18,1012,removed,Bi-207-9177,,
9377,18,1014,removed,Bi-207-9176,,
9377,18,1015,removed,Bi-207-9176,,
9377,18,1020,removed,Bi-207-9177,,
9377,18,1023,removed,Bi-207-9176,,
9377,18,1024,removed,Bi-207-9176,,
9377,19,1004,removed,Bi-207-9177,,
9377,19,1011,removed,Bi-207-9177,,
9377,19,1012,removed,Bi-207-9177,,
9377,19,1015,removed,Bi-207-9176,,
9377,19,1020,removed,Bi-207-9177,,
9377,19,1023,removed,Bi-207-9176,,
9377,19,1024,removed,Bi-207-9176,,
9377,19,1033,removed,Bi-207-9176,,
9377,20,106,removed,Bi-207-8890,,
9377,20,108,removed,Bi-207-9177,,
9377,20,1009,removed,Sn-113-9183,,
9377,20,1017,removed,Sn-113-9183,,
9377,20,1018,removed,Sn-113-9183,,
9377,20,1021,removed,Cd-109-9178,,
9377,20,1022,removed,Cd-109-9178,,
9377,20,1030,removed,Cd-109-9178,,
9377,20,1031,removed,Cd-109-9178,,
9377,21,126,removed,Bi-207-9176,,
9377,21,1004,removed,Bi-207-9177,,
9377,21,1007,removed,Bi-207-9176,,
9377,21,1011,removed,Bi-207-9177,,
9377,21,1012,removed,Bi-207-9177,,
9377,21,1014,removed,Bi-207-9176,,
9377,21,1015,removed,Bi-207-9176,,
9377,21,1020,removed,Bi-207-9177,,
9377,21,1023,removed,Bi-207-9176,,
9377,22,1012,removed,Cd-109-9178,,
9377,22,1013,removed,Cd-109-9178,,
9377,22,1020,removed,Cd-109-9178,,
9377,22,1021,removed,Cd-109-9178,,
9377,24,39,removed,Cd-109-9178,,
9377,24,51,removed,Cd-109-9178,,
9377,24,52,removed,Cd-109-9178,,
9377,24,73,removed,Bi-207-8890,,
9377,24,80,removed,Bi-207-9176,,
9377,24,85,removed,Bi-207-8890,,
9377,24,1017,removed,Bi-207-8890,,
9377,24,1026,removed,Bi-207-8890,,
9377,24,1027,removed,Bi-207-8890,,
9377,24,1029,removed,Bi-207-9177,,
9377,24,1030,removed,Bi-207-9177,,
9377,24,1033,removed,Bi-207-9176,,
9377,24,1034,removed,Bi-207-9176,,
9377,24,1037,removed,Bi-207-8890,,
9377,24,1040,removed,Bi-207-9177,,
9377,24,1041,removed,Bi-207-9177,,
9377,24,1043,removed,Bi-207-9176,,
9377,24,1044,removed,Bi-207-9176,,
9377,24,1045,removed,Bi-207-9176,,
9377,24,1055,removed,Bi-207-9176,,
9377,24,1056,removed,Bi-207-9176,,
9377,24,1072,removed,Sn-113-9183,,
9377,24,1073,removed,Sn-113-9183,,
9377,24,1077,removed,Cd-109-9178,,
9377,24,1080,removed,Ce-139-9179,,
9377,24,1081,removed,Ce-139-9179,,
9377,24,1084,removed,Sn-113-9183,,
9377,24,1085,removed,Sn-113-9183,,
9377,24,1088,removed,Cd-109-9178,,
9377,24,1089,removed,Cd-109-9178,,
9377,24,1091,removed,Ce-139-9179,,
9377,24,1092,removed,Ce-139-9179,,
9377,24,1099,removed,Cd-109-9178,,
9377,24,1102,removed,Ce-139-9179,,
9378,0,51,removed,Cd-109-9178,,
9378,0,62,removed,Cd-109-9178,,
9378,0,63,removed,Cd-109-9178,,
9378,0,66,removed,Ce-139-9179,,
9378,0,96,removed,Bi-207-9177,,
9378,0,100,removed,Bi-207-9176,,
9378,0,106,removed,Bi-207-9177,,
9378,0,107,removed,Bi-207-9177,,
9378,0,110,removed,Bi-207-9176,,
9378,0,1018,removed,Bi-207-9177,,
9378,0,1019,removed,Bi-207-9177,,
9378,0,1022,removed,Bi-207-9176,,
9378,0,1023,removed,Bi-207-9176,,
9378,0,1028,removed,Bi-207-9177,,
9378,0,1029,removed,Bi-207-9177,,
9378,0,1031,removed,Bi-207-9176,,
9378,0,1032,removed,Bi-207-9176,,
9378,0,1042,removed,Bi-207-9176,,
9378,0,1047,removed,Sn-113-9183,,
9378,0,1059,removed,Sn-113-9183,,
9378,0,1060,removed,Sn-113-9183,,
9378,0,1063,removed,Cd-109-9178,,
9378,0,1066,removed,Ce-139-9179,,
9378,0,1067,removed,Ce-139-9179,,
9378,0,1072,removed,Sn-113-9183,,
9378,0,1075,removed,Cd-109-9178,,
9378,0,1076,removed,Cd-109-9178,,
9378,0,1078,removed,Ce-139-9179,,
9378,0,1079,removed,Ce-139-9179,,
9378,0,1080,removed,Ce-139-9179,,
9378,0,1087,removed,Cd-109-9178,,
9378,0,1090,removed,Ce-139-9179,,
9378,0,1091,removed,Ce-139-9179,,
9402,0,11,removed,Cd-109-9178,,
9402,0,18,removed,Cd-109-9178,,
9402,0,19,removed,Cd-109-9178,,
9402,0,1047,removed,Bi-207-8890,,
9402,0,1059,removed,Bi-207-8890,,
9402,0,1060,removed,Bi-207-8890,,
9402,0,1062,removed,Bi-207-9177,,
9402,0,1063,removed,Bi-207-9177,,
9402,0,1066,removed,Bi-207-9176,,
9402,0,1067,removed,Bi-207-9176,,
9402,0,1072,removed,Bi-207-8890,,
9402,0,1075,removed,Bi-207-9177,,
9402,0,1076,removed,Bi-207-9177,,
9402,0,1078,removed,Bi-207-9176,,
9402,0,1079,removed,Bi-207-9176,,
9402,0,1106,removed,Cd-109-9178,,
9402,0,1107,removed,Cd-109-9178,,
9402,0,1110,removed,Ce-139-9179,,
9402,0,1111,removed,Ce-139-9179,,
9402,0,1115,removed,Cd-109-9178,,
9402,0,1116,removed,Cd-109-9178,,
9402,0,1118,removed,Ce-139-9179,,
9402,0,1119,removed,Ce-139-9179,,
9402,1,11,removed,Cd-109-9178,,
9402,1,18,removed,Cd-109-9178,,
9402,1,19,removed,Cd-109-9178,,
9402,1,47,removed,Bi-207-8890,,yes
9402,1,53,removed,Bi-207-9176,,
9402,1,59,removed,Bi-207-8890,,yes
9402,1,60,removed,Bi-207-8890,,yes
9402,1,72,removed,Bi-207-8890,,
9402,1,1059,removed,Bi-207-8890,,
9402,1,1060,removed,Bi-207-8890,,
9402,1,1063,removed,Bi-207-9177,,
9402,1,1064,removed,Bi-207-9177,,
9402,1,1066,removed,Bi-207-9176,,
9402,1,1067,removed,Bi-207-9176,,
9402,1,1072,removed,Bi-207-8890,,
9402,1,1075,removed,Bi-207-9177,,
9402,1,1076,removed,Bi-207-9177,,
9402,1,1079,removed,Bi-207-9176,,
9402,1,1080,removed,Bi-207-9176,,
9402,1,1107,removed,Cd-109-9178,,
9402,1,1108,removed,Cd-109-9178,,
9402,1,1110,removed,Ce-139-9179,,
9402,1,1111,removed,Ce-139-9179,,
9402,1,1115,removed,Cd-109-9178,,
9402,1,1116,removed,Cd-109-9178,,
9402,1,1117,removed,Cd-109-9178,,
9402,1,1119,removed,Ce-139-9179,,
9402,2,12,removed,Cd-109-9178,,
9402,2,19,removed,Cd-109-9178,,
9402,2,20,removed,Cd-109-9178,,
9402,2,43,removed,Bi-207-9176,,
9402,2,54,removed,Bi-207-9176,,
9402,2,59,removed,Bi-207-8890,,
9402,2,60,removed,Bi-207-8890,,
9402,2,67,removed,Bi-207-9176,,
9402,2,1060,removed,Bi-207-8890,,
9402,2,1061,removed,Bi-207-8890,,
9402,2,1063,removed,Bi-207-9177,,
9402,2,1064,removed,Bi-207-9177,,
9402,2,1065,removed,Bi-207-9177,,
9402,2,1067,removed,Bi-207-9176,,
9402,2,1068,removed,Bi-207-9176,,
9402,2,1072,removed,Bi-207-8890,,
9402,2,1073,removed,Bi-207-8890,,
9402,2,1076,removed,Bi-207-9177,,
9402,2,1077,removed,Bi-207-9177,,
9402,2,1079,removed,Bi-207-9176,,
9402,2,1080,removed,Bi-207-9176,,
9402,2,1081,removed,Bi-207-9176,,
9402,2,1108,removed,Cd-109-9178,,
9402,2,1116,removed,Cd-109-9178,,
9402,2,1117,removed,Cd-109-9178,,
9402,3,20,removed,Cd-109-9178,,
9402,3,49,removed,Bi-207-8890,,
9402,3,61,removed,Bi-207-8890,,
9402,3,1060,removed,Bi-207-8890,,
9402,3,1061,removed,Bi-207-8890,,
9402,3,1064,removed,Bi-207-9177,,
9402,3,1065,removed,Bi-207-9177,,
9402,3,1068,removed,Bi-207-9176,,
9402,3,1069,removed,Bi-207-9176,,
9402,3,1073,removed,Bi-207-8890,,
9402,3,1074,removed,Bi-207-8890,,
9402,3,1077,removed,Bi-207-9177,,
9402,3,1078,removed,Bi-207-9177,,
9402,3,1080,removed,Bi-207-9176,,
9402,3,1081,removed,Bi-207-9176,,
9402,3,1095,removed,Sn-113-9183,,
9402,3,1096,removed,Sn-113-9183,,
9402,3,1105,removed,Sn-113-9183,,
9402,3,1106,removed,Sn-113-9183,,
9402,3,1108,removed,Cd-109-9178,,
9402,3,1109,removed,Cd-109-9178,,
9402,3,1117,removed,Cd-109-9178,,
9402,3,1118,removed,Cd-109-9178,,
9402,4,20,removed,Cd-109-9178,,
9402,4,21,removed,Cd-109-9178,,
9402,4,27,removed,Sn-113-9183,,
9402,4,40,removed,Bi-207-9177,,
9402,4,51,removed,Bi-207-9177,,
9402,4,60,removed,Bi-207-8890,,
9402,4,64,removed,Bi-207-9177,,
9402,4,1061,removed,Bi-207-8890,,
9402,4,1062,removed,Bi-207-8890,,
9402,4,1065,removed,Bi-207-9177,,
9402,4,1066,removed,Bi-207-9177,,
9402,4,1068,removed,Bi-207-9176,,
9402,4,1069,removed,Bi-207-9176,,
9402,4,1073,removed,Bi-207-8890,,
9402,4,1074,removed,Bi-207-8890,,
9402,4,1077,removed,Bi-207-9177,,
9402,4,1078,removed,Bi-207-9177,,
9402,4,1080,removed,Bi-207-9176,,
9402,4,1081,removed,Bi-207-9176,,
9402,4,1095,removed,Sn-113-9183,,
9402,4,1096,removed,Sn-113-9183,,
9402,4,1105,removed,Sn-113-9183,,
9402,4,1106,removed,Sn-113-9183,,
9402,4,1109,removed,Cd-109-9178,,
9402,4,1110,removed,Cd-109-9178,,
9402,4,1117,removed,Cd-109-9178,,
9402,4,1118,removed,Cd-109-9178,,
9402,5,14,removed,Cd-109-9178,,
9402,5,19,removed,Sn-113-9183,,
9402,5,21,removed,Cd-109-9178,,
9402,5,22,removed,Cd-109-9178,,
9402,5,28,removed,Sn-113-9183,,
9402,5,1056,removed,Bi-207-9176,,
9402,5,1068,removed,Bi-207-9176,,
9402,5,1069,removed,Bi-207-9176,,
9402,5,1081,removed,Bi-207-9176,,
9402,5,1109,removed,Cd-109-9178,,
9402,5,1110,removed,Cd-109-9178,,
9402,5,1118,removed,Cd-109-9178,,
9402,5,1119,removed,Cd-109-9178,,
9402,6,28,removed,Cd-109-9178,,
9402,6,1047,removed,Bi-207-8890,,
9402,6,1050,removed,Bi-207-9177,,
9402,6,1051,removed,Bi-207-9177,,
9402,6,1053,removed,Bi-207-9176,,
9402,6,1054,removed,Bi-207-9176,,
9402,6,1059,removed,Bi-207-8890,,
9402,6,1060,removed,Bi-207-8890,,
9402,6,1062,removed,Bi-207-9177,,
9402,6,1063,removed,Bi-207-9177,,
9402,6,1066,removed,Bi-207-9176,,
9402,6,1067,removed,Bi-207-9176,,
9402,6,1079,removed,Bi-207-9176,,
9402,6,1097,removed,Cd-109-9178,,
9402,6,1098,removed,Cd-109-9178,,
9402,6,1100,removed,Ce-139-9179,,
9402,6,1101,removed,Ce-139-9179,,
9402,6,1106,removed,Cd-109-9178,,
9402,6,1107,removed,Cd-109-9178,,
9402,6,1108,removed,Cd-109-9178,,
9402,6,1110,removed,Ce-139-9179,,
9402,6,1111,removed,Ce-139-9179,,
9402,6,1115,removed,Cd-109-9178,,
9402,6,1116,removed,Cd-109-9178,,
9402,6,1118,removed,Ce-139-9179,,
9402,6,1119,removed,Ce-139-9179,,
9402,7,20,removed,Cd-109-9178,,
9402,7,28,removed,Cd-109-9178,,
9402,7,29,removed,Cd-109-9178,,
9402,7,1047,removed,Bi-207-8890,,
9402,7,1048,removed,Bi-207-8890,,
9402,7,1050,removed,Bi-207-9177,,
9402,7,1051,removed,Bi-207-9177,,
9402,7,1054,removed,Bi-207-9176,,
9402,7,1055,removed,Bi-207-9176,,
9402,7,1059,removed,Bi-207-8890,,
9402,7,1060,removed,Bi-207-8890,,
9402,7,1063,removed,Bi-207-9177,,
9402,7,1064,removed,Bi-207-9177,,
9402,7,1066,removed,Bi-207-9176,,
9402,7,1067,removed,Bi-207-9176,,
9402,7,1068,removed,Bi-207-9176,,
9402,7,1079,removed,Bi-207-9176,,
9402,7,1080,removed,Bi-207-9176,,
9402,7,1098,removed,Cd-109-9178,,
9402,7,1101,removed,Ce-139-9179,,
9402,7,1102,removed,Ce-139-9179,,
9402,7,1107,removed,Cd-109-9178,,
9402,7,1108,removed,Cd-109-9178,,
9402,7,1110,removed,Ce-139-9179,,
9402,7,1111,removed,Ce-139-9179,,
9402,7,1112,removed,Ce-139-9179,,
9402,7,1116,removed,Cd-109-9178,,
9402,7,1119,removed,Ce-139-9179,,
9402,8,29,removed,Cd-109-9178,,
9402,8,54,removed,Bi-207-9176,,
9402,8,66,removed,Bi-207-9176,,
9402,8,79,removed,Bi-207-9176,,
9402,8,1047,removed,Bi-207-8890,,
9402,8,1048,removed,Bi-207-8890,,
9402,8,1055,removed,Bi-207-9176,,
9402,8,1059,removed,Bi-207-8890,,
9402,8,1060,removed,Bi-207-8890,,
9402,8,1061,removed,Bi-207-8890,,
9402,8,1067,removed,Bi-207-9176,,
9402,8,1068,removed,Bi-207-9176,,
9402,8,1080,removed,Bi-207-9176,,
9402,8,1084,removed,Sn-113-9183,,
9402,8,1085,removed,Sn-113-9183,,
9402,8,1094,removed,Sn-113-9183,,
9402,8,1095,removed,Sn-113-9183,,
9402,8,1098,removed,Cd-109-9178,,
9402,8,1099,removed,Cd-109-9178,,
9402,8,1101,removed,Ce-139-9179,,
9402,8,1102,removed,Ce-139-9179,,
9402,8,1107,removed,Cd-109-9178,,
9402,8,1108,removed,Cd-109-9178,,
9402,8,1109,removed,Cd-109-9178,,
9402,8,1110,removed,Ce-139-9179,,
9402,8,1111,removed,Ce-139-9179,,
9402,8,1116,removed,Cd-109-9178,,
9402,8,1117,removed,Cd-109-9178,,
9402,8,1119,removed,Ce-139-9179,,
9402,9,30,removed,Cd-109-9178,,
9402,9,55,removed,Bi-207-9176,,
9402,9,67,removed,Bi-207-9176,,
9402,9,80,removed,Bi-207-9176,,
9402,9,1048,removed,Bi-207-8890,,
9402,9,1049,removed,Bi-207-8890,,
9402,9,1055,removed,Bi-207-9176,,
9402,9,1056,removed,Bi-207-9176,,
9402,9,1060,removed,Bi-207-8890,,
9402,9,1061,removed,Bi-207-8890,,
9402,9,1068,removed,Bi-207-9176,,
9402,9,1069,removed,Bi-207-9176,,
9402,9,1081,removed,Bi-207-9176,,
9402,9,1095,removed,Sn-113-9183,,
9402,9,1096,removed,Sn-113-9183,,
9402,9,1099,removed,Cd-109-9178,,
9402,9,1105,removed,Sn-113-9183,,
9402,9,1108,removed,Cd-109-9178,,
9402,9,1109,removed,Cd-109-9178,,
9402,9,1117,removed,Cd-109-9178,,
9402,10,30,removed,Cd-109-9178,,
9402,10,31,removed,Cd-109-9178,,
9402,10,77,removed,Bi-207-9177,,
9402,10,1048,removed,Bi-207-8890,,
9402,10,1049,removed,Bi-207-8890,,
9402,10,1052,removed,Bi-207-9177,,
9402,10,1053,removed,Bi-207-9177,,
9402,10,1056,removed,Bi-207-9176,,
9402,10,1061,removed,Bi-207-8890,,
9402,10,1062,removed,Bi-207-8890,,
9402,10,1065,removed,Bi-207-9177,,
9402,10,1066,removed,Bi-207-9177,,
9402,10,1068,removed,Bi-207-9176,,
9402,10,1069,removed,Bi-207-9176,,
9402,10,1078,removed,Bi-207-9177,,
9402,10,1081,removed,Bi-207-9176,,
9402,10,1095,removed,Sn-113-9183,,
9402,10,1096,removed,Sn-113-9183,,
9402,10,1100,removed,Cd-109-9178,,
9402,10,1105,removed,Sn-113-9183,,
9402,10,1106,removed,Sn-113-9183,,
9402,10,1109,removed,Cd-109-9178,,
9402,10,1110,removed,Cd-109-9178,,
9402,10,1118,removed,Cd-109-9178,,
9402,11,28,removed,Sn-113-9183,,
9402,11,30,removed,Cd-109-9178,,
9402,11,1049,removed,Bi-207-8890,,
9402,11,1050,removed,Bi-207-8890,,
9402,11,1053,removed,Bi-207-9177,,
9402,11,1054,removed,Bi-207-9177,,
9402,11,1056,removed,Bi-207-9176,,
9402,11,1061,removed,Bi-207-8890,,
9402,11,1062,removed,Bi-207-8890,,
9402,11,1065,removed,Bi-207-9177,,
9402,11,1066,removed,Bi-207-9177,,
9402,11,1068,removed,Bi-207-9176,,
9402,11,1069,removed,Bi-207-9176,,
9402,11,1081,removed,Bi-207-9176,,
9402,11,1096,removed,Sn-113-9183,,
9402,11,1097,removed,Sn-113-9183,,
9402,11,1100,removed,Cd-109-9178,,
9402,11,1101,removed,Cd-109-9178,,
9402,11,1105,removed,Sn-113-9183,,
9402,11,1106,removed,Sn-113-9183,,
9402,11,1109,removed,Cd-109-9178,,
9402,11,1110,removed,Cd-109-9178,,
9402,11,1111,removed,Cd-109-9178,,
9402,11,1118,removed,Cd-109-9178,,
9402,11,1119,removed,Cd-109-9178,,
9402,12,1038,removed,Bi-207-9177,,
9402,12,1039,removed,Bi-207-9177,,
9402,12,1042,removed,Bi-207-9176,,
9402,12,1043,removed,Bi-207-9176,,
9402,12,1050,removed,Bi-207-9177,,
9402,12,1051,removed,Bi-207-9177,,
9402,12,1053,removed,Bi-207-9176,,
9402,12,1054,removed,Bi-207-9176,,
9402,12,1055,removed,Bi-207-9176,,
9402,12,1063,removed,Bi-207-9177,,
9402,12,1066,removed,Bi-207-9176,,
9402,12,1067,removed,Bi-207-9176,,
9402,12,1087,removed,Cd-109-9178,,
9402,12,1090,removed,Ce-139-9179,,
9402,12,1091,removed,Ce-139-9179,,
9402,12,1097,removed,Cd-109-9178,,
9402,12,1098,removed,Cd-109-9178,,
9402,12,1100,removed,Ce-139-9179,,
9402,12,1101,removed,Ce-139-9179,,
9402,12,1102,removed,Ce-139-9179,,
9402,12,1107,removed,Cd-109-9178,,
9402,12,1110,removed,Ce-139-9179,,
9402,12,1111,removed,Ce-139-9179,,
9402,13,60,removed,Bi-207-8890,,
9402,13,78,removed,Bi-207-9176,,
9402,13,1036,removed,Bi-207-8890,,
9402,13,1039,removed,Bi-207-9177,,
9402,13,1040,removed,Bi-207-9177,,
9402,13,1047,removed,Bi-207-8890,,
9402,13,1048,removed,Bi-207-8890,,
9402,13,1050,removed,Bi-207-9177,,
9402,13,1051,removed,Bi-207-9177,,
9402,13,1052,removed,Bi-207-9177,,
9402,13,1054,removed,Bi-207-9176,,
9402,13,1055,removed,Bi-207-9176,,
9402,13,1059,removed,Bi-207-8890,,
9402,13,1060,removed,Bi-207-8890,,
9402,13,1063,removed,Bi-207-9177,,
9402,13,1064,removed,Bi-207-9177,,
9402,13,1067,removed,Bi-207-9176,,
9402,13,1084,removed,Sn-113-9183,,
9402,13,1091,removed,Ce-139-9179,,
9402,13,1094,removed,Sn-113-9183,,
9402,13,1095,removed,Sn-113-9183,,
9402,13,1098,removed,Cd-109-9178,,
9402,13,1099,removed,Cd-109-9178,,
9402,13,1101,removed,Ce-139-9179,,
9402,13,1102,removed,Ce-139-9179,,
9402,13,1107,removed,Cd-109-9178,,
9402,13,1108,removed,Cd-109-9178,,
9402,13,1111,removed,Ce-139-9179,,
9402,14,1036,removed,Bi-207-8890,,
9402,14,1037,removed,Bi-207-8890,,
9402,14,1043,removed,Bi-207-9176,,
9402,14,1044,removed,Bi-207-9176,,
9402,14,1047,removed,Bi-207-8890,,
9402,14,1048,removed,Bi-207-8890,,
9402,14,1054,removed,Bi-207-9176,,
9402,14,1055,removed,Bi-207-9176,,
9402,14,1056,removed,Bi-207-9176,,
9402,14,1060,removed,Bi-207-8890,,
9402,14,1067,removed,Bi-207-9176,,
9402,14,1068,removed,Bi-207-9176,,
9402,14,1088,removed,Cd-109-9178,,
9402,14,1091,removed,Ce-139-9179,,
9402,14,1092,removed,Ce-139-9179,,
9402,14,1098,removed,Cd-109-9178,,
9402,14,1099,removed,Cd-109-9178,,
9402,14,1101,removed,Ce-139-9179,,
9402,14,1102,removed,Ce-139-9179,,
9402,14,1108,removed,Cd-109-9178,,
9402,14,1111,removed,Ce-139-9179,,
9402,14,1112,removed,Ce-139-9179,,
9402,15,27,removed,Sn-113-9183,,
9402,15,29,removed,Cd-109-9178,,
9402,15,37,removed,Sn-113-9183,,
9402,15,67,removed,Bi-207-9176,,
9402,15,80,removed,Bi-207-9176,,
9402,15,1037,removed,Bi-207-8890,,
9402,15,1041,removed,Bi-207-9177,,
9402,15,1048,removed,Bi-207-8890,,
9402,15,1049,removed,Bi-207-8890,,
9402,15,1052,removed,Bi-207-9177,,
9402,15,1053,removed,Bi-207-9177,,
9402,15,1055,removed,Bi-207-9176,,
9402,15,1056,removed,Bi-207-9176,,
9402,15,1060,removed,Bi-207-8890,,
9402,15,1061,removed,Bi-207-8890,,
9402,15,1064,removed,Bi-207-9177,,
9402,15,1065,removed,Bi-207-9177,,
9402,15,1068,removed,Bi-207-9176,,
9402,15,1069,removed,Bi-207-9176,,
9402,15,1084,removed,Sn-113-9183,,
9402,15,1085,removed,Sn-113-9183,,
9402,15,1095,removed,Sn-113-9183,,
9402,15,1096,removed,Sn-113-9183,,
9402,15,1099,removed,Cd-109-9178,,
9402,15,1100,removed,Cd-109-9178,,
9402,15,1105,removed,Sn-113-9183,,
9402,15,1108,removed,Cd-109-9178,,
9402,15,1109,removed,Cd-109-9178,,
9402,16,20,removed,Cd-109-9178,,
9402,16,37,removed,Sn-113-9183,,
9402,16,1037,removed,Bi-207-8890,,
9402,16,1038,removed,Bi-207-8890,,
9402,16,1041,removed,Bi-207-9177,,
9402,16,1048,removed,Bi-207-8890,,
9402,16,1049,removed,Bi-207-8890,,
9402,16,1050,removed,Bi-207-8890,,
9402,16,1052,removed,Bi-207-9177,,
9402,16,1053,removed,Bi-207-9177,,
9402,16,1056,removed,Bi-207-9176,,
9402,16,1061,removed,Bi-207-8890,,
9402,16,1062,removed,Bi-207-8890,,
9402,16,1065,removed,Bi-207-9177,,
9402,16,1066,removed,Bi-207-9177,,
9402,16,1068,removed,Bi-207-9176,,
9402,16,1069,removed,Bi-207-9176,,
9402,16,1085,removed,Sn-113-9183,,
9402,16,1086,removed,Sn-113-9183,,
9402,16,1095,removed,Sn-113-9183,,
9402,16,1096,removed,Sn-113-9183,,
9402,16,1097,removed,Sn-113-9183,,
9402,16,1099,removed,Cd-109-9178,,
9402,16,1100,removed,Cd-109-9178,,
9402,16,1101,removed,Cd-109-9178,,
9402,16,1105,removed,Sn-113-9183,,
9402,16,1106,removed,Sn-113-9183,,
9402,16,1109,removed,Cd-109-9178,,
9402,16,1110,removed,Cd-109-9178,,
9402,17,28,removed,Sn-113-9183,,
9402,17,37,removed,Sn-113-9183,,
9402,17,38,removed,Sn-113-9183,,
9402,17,1038,removed,Bi-207-8890,,
9402,17,1042,removed,Bi-207-9177,,
9402,17,1049,removed,Bi-207-8890,,
9402,17,1050,removed,Bi-207-8890,,
9402,17,1053,removed,Bi-207-9177,,
9402,17,1054,removed,Bi-207-9177,,
9402,17,1056,removed,Bi-207-9176,,
9402,17,1062,removed,Bi-207-8890,,
9402,17,1065,removed,Bi-207-9177,,
9402,17,1066,removed,Bi-207-9177,,
9402,17,1068,removed,Bi-207-9176,,
9402,17,1069,removed,Bi-207-9176,,
9402,17,1086,removed,Sn-113-9183,,
9402,17,1096,removed,Sn-113-9183,,
9402,17,1097,removed,Sn-113-9183,,
9402,17,1099,removed,Cd-109-9178,,
9402,17,1100,removed,Cd-109-9178,,
9402,17,1101,removed,Cd-109-9178,,
9402,17,1106,removed,Sn-113-9183,,
9402,17,1109,removed,Cd-109-9178,,
9402,17,1110,removed,Cd-109-9178,,
9402,18,29,removed,Cd-109-9178,,
9402,18,39,removed,Cd-109-9178,,
9402,18,47,removed,Sn-113-9183,,
9402,18,66,removed,Bi-207-9176,,
9402,18,1038,removed,Bi-207-9177,,
9402,18,1039,removed,Bi-207-9177,,
9402,18,1042,removed,Bi-207-9176,,
9402,18,1043,removed,Bi-207-9176,,
9402,18,1050,removed,Bi-207-9177,,
9402,18,1051,removed,Bi-207-9177,,
9402,18,1053,removed,Bi-207-9176,,
9402,18,1054,removed,Bi-207-9176,,
9402,18,1087,removed,Cd-109-9178,,
9402,18,1090,removed,Ce-139-9179,,
9402,18,1091,removed,Ce-139-9179,,
9402,18,1097,removed,Cd-109-9178,,
9402,18,1098,removed,Cd-109-9178,,
9402,18,1100,removed,Ce-139-9179,,
9402,18,1101,removed,Ce-139-9179,,
9402,18,1102,removed,Ce-139-9179,,
9402,19,38,removed,Cd-109-9178,,
9402,19,47,removed,Sn-113-9183,,
9402,19,59,removed,Bi-207-8890,,
9402,19,63,removed,Bi-207-9177,,
9402,19,1036,removed,Bi-207-8890,,
9402,19,1039,removed,Bi-207-9177,,
9402,19,1040,removed,Bi-207-9177,,
9402,19,1043,removed,Bi-207-9176,,
9402,19,1044,removed,Bi-207-9176,,
9402,19,1047,removed,Bi-207-8890,,
9402,19,1048,removed,Bi-207-8890,,
9402,19,1050,removed,Bi-207-9177,,
9402,19,1051,removed,Bi-207-9177,,
9402,19,1054,removed,Bi-207-9176,,
9402,19,1055,removed,Bi-207-9176,,
9402,19,1060,removed,Bi-207-8890,,
9402,19,1084,removed,Sn-113-9183,,
9402,19,1087,removed,Cd-109-9178,,
9402,19,1088,removed,Cd-109-9178,,
9402,19,1091,removed,Ce-139-9179,,
9402,19,1092,removed,Ce-139-9179,,
9402,19,1094,removed,Sn-113-9183,,
9402,19,1095,removed,Sn-113-9183,,
9402,19,1097,removed,Cd-109-9178,,
9402,19,1098,removed,Cd-109-9178,,
9402,19,1099,removed,Cd-109-9178,,
9402,19,1101,removed,Ce-139-9179,,
9402,19,1102,removed,Ce-139-9179,,
9402,20,37,removed,Sn-113-9183,,
9402,20,43,removed,Ce-139-9179,,
9402,20,47,removed,Sn-113-9183,,
9402,20,48,removed,Sn-113-9183,,
9402,20,67,removed,Bi-207-9176,,
9402,20,1036,removed,Bi-207-8890,,
9402,20,1037,removed,Bi-207-8890,,
9402,20,1040,removed,Bi-207-9177,,
9402,20,1041,removed,Bi-207-9177,,
9402,20,1043,removed,Bi-207-9176,,
9402,20,1044,removed,Bi-207-9176,,
9402,20,1047,removed,Bi-207-8890,,
9402,20,1048,removed,Bi-207-8890,,
9402,20,1051,removed,Bi-207-9177,,
9402,20,1052,removed,Bi-207-9177,,
9402,20,1054,removed,Bi-207-9176,,
9402,20,1055,removed,Bi-207-9176,,
9402,20,1056,removed,Bi-207-9176,,
9402,20,1073,removed,Sn-113-9183,,
9402,20,1084,removed,Sn-113-9183,,
9402,20,1085,removed,Sn-113-9183,,
9402,20,1088,removed,Cd-109-9178,,
9402,20,1089,removed,Cd-109-9178,,
9402,20,1091,removed,Ce-139-9179,,
9402,20,1092,removed,Ce-139-9179,,
9402,20,1094,removed,Sn-113-9183,,
9402,20,1095,removed,Sn-113-9183,,
9402,20,1098,removed,Cd-109-9178,,
9402,20,1099,removed,Cd-109-9178,,
9402,20,1101,removed,Ce-139-9179,,
9402,20,1102,removed,Ce-139-9179,,
9402,21,40,removed,Cd-109-9178,,
9402,21,1036,removed,Bi-207-8890,,
9402,21,1037,removed,Bi-207-8890,,
9402,21,1038,removed,Bi-207-8890,,
9402,21,1040,removed,Bi-207-9177,,
9402,21,1041,removed,Bi-207-9177,,
9402,21,1044,removed,Bi-207-9176,,
9402,21,1045,removed,Bi-207-9176,,
9402,21,1048,removed,Bi-207-8890,,
9402,21,1049,removed,Bi-207-8890,,
9402,21,1052,removed,Bi-207-9177,,
9402,21,1053,removed,Bi-207-9177,,
9402,21,1055,removed,Bi-207-9176,,
9402,21,1056,removed,Bi-207-9176,,
9402,21,1084,removed,Sn-113-9183,,
9402,21,1085,removed,Sn-113-9183,,
9402,21,1088,removed,Cd-109-9178,,
9402,21,1089,removed,Cd-109-9178,,
9402,21,1095,removed,Sn-113-9183,,
9402,21,1096,removed,Sn-113-9183,,
9402,21,1099,removed,Cd-109-9178,,
9402,21,1100,removed,Cd-109-9178,,
9402,21,1109,removed,Cd-109-9178,,
9402,22,38,removed,Sn-113-9183,,
9402,22,40,removed,Cd-109-9178,,
9402,22,61,removed,Bi-207-8890,,
9402,22,92,removed,Bi-207-9176,,
9402,22,1037,removed,Bi-207-8890,,
9402,22,1038,removed,Bi-207-8890,,
9402,22,1041,removed,Bi-207-9177,,
9402,22,1042,removed,Bi-207-9177,,
9402,22,1044,removed,Bi-207-9176,,
9402,22,1045,removed,Bi-207-9176,,
9402,22,1048,removed,Bi-207-8890,,
9402,22,1049,removed,Bi-207-8890,,
9402,22,1052,removed,Bi-207-9177,,
9402,22,1053,removed,Bi-207-9177,,
9402,22,1056,removed,Bi-207-9176,,
9402,22,1085,removed,Sn-113-9183,,
9402,22,1086,removed,Sn-113-9183,,
9402,22,1089,removed,Cd-109-9178,,
9402,22,1090,removed,Cd-109-9178,,
9402,22,1095,removed,Sn-113-9183,,
9402,22,1096,removed,Sn-113-9183,,
9402,22,1099,removed,Cd-109-9178,,
9402,22,1100,removed,Cd-109-9178,,
9402,23,39,removed,Sn-113-9183,,
9402,23,41,removed,Cd-109-9178,,
9402,23,77,removed,Bi-207-9177,,
9402,23,1027,removed,Bi-207-8890,,
9402,23,1028,removed,Bi-207-8890,,
9402,23,1034,removed,Bi-207-9176,,
9402,23,1037,removed,Bi-207-8890,,
9402,23,1038,removed,Bi-207-8890,,
9402,23,1044,removed,Bi-207-9176,,
9402,23,1045,removed,Bi-207-9176,,
9402,23,1056,removed,Bi-207-9176,,
9402,23,1089,removed,Cd-109-9178,,
9402,23,1090,removed,Cd-109-9178,,
9402,23,1100,removed,Cd-109-9178,,
9402,23,1101,removed,Cd-109-9178,,
9402,24,50,removed,Cd-109-9178,,
9402,24,75,removed,Bi-207-9177,,
9402,24,78,removed,Bi-207-9176,,
9402,24,89,removed,Bi-207-9176,,
9402,24,100,removed,Bi-207-9176,,
9402,24,1028,removed,Bi-207-9177,,
9402,24,1029,removed,Bi-207-9177,,
9402,24,1031,removed,Bi-207-9176,,
9402,24,1032,removed,Bi-207-9176,,
9402,24,1038,removed,Bi-207-9177,,
9402,24,1039,removed,Bi-207-9177,,
9402,24,1042,removed,Bi-207-9176,,
9402,24,1043,removed,Bi-207-9176,,
9402,24,1054,removed,Bi-207-9176,,
9402,24,1075,removed,Cd-109-9178,,
9402,24,1076,removed,Cd-109-9178,,
9402,24,1079,removed,Ce-139-9179,,
9402,24,1086,removed,Cd-109-9178,,
9402,24,1087,removed,Cd-109-9178,,
9402,24,1088,removed,Cd-109-9178,,
9402,24,1090,removed,Ce-139-9179,,
9402,24,1091,removed,Ce-139-9179,,
9402,24,1097,removed,Cd-109-9178,,
9402,24,1098,removed,Cd-109-9178,,
9402,24,1101,removed,Ce-139-9179,,
9402,25,40,removed,Cd-109-9178,,
9402,25,48,removed,Sn-113-9183,,
9402,25,51,removed,Cd-109-9178,,
9402,25,75,removed,Bi-207-9177,,
9402,25,76,removed,Bi-207-9177,,
9402,25,1028,removed,Bi-207-9177,,
9402,25,1029,removed,Bi-207-9177,,
9402,25,1032,removed,Bi-207-9176,,
9402,25,1033,removed,Bi-207-9176,,
9402,25,1039,removed,Bi-207-9177,,
9402,25,1040,removed,Bi-207-9177,,
9402,25,1042,removed,Bi-207-9176,,
9402,25,1043,removed,Bi-207-9176,,
9402,25,1044,removed,Bi-207-9176,,
9402,25,1054,removed,Bi-207-9176,,
9402,25,1055,removed,Bi-207-9176,,
9402,25,1072,removed,Sn-113-9183,,
9402,25,1073,removed,Sn-113-9183,,
9402,25,1076,removed,Cd-109-9178,,
9402,25,1079,removed,Ce-139-9179,,
9402,25,1080,removed,Ce-139-9179,,
9402,25,1084,removed,Sn-113-9183,,
9402,25,1087,removed,Cd-109-9178,,
9402,25,1088,removed,Cd-109-9178,,
9402,25,1090,removed,Ce-139-9179,,
9402,25,1091,removed,Ce-139-9179,,
9402,25,1092,removed,Ce-139-9179,,
9402,25,1098,removed,Cd-109-9178,,
9402,25,1101,removed,Ce-139-9179,,
9402,25,1102,removed,Ce-139-9179,,
9402,26,48,removed,Sn-113-9183,,
9402,26,60,removed,Sn-113-9183,,
9402,26,101,removed,Bi-207-9176,,
9402,26,1017,removed,Bi-207-8890,,
9402,26,1026,removed,Bi-207-8890,,
9402,26,1027,removed,Bi-207-8890,,
9402,26,1029,removed,Bi-207-9177,,
9402,26,1030,removed,Bi-207-9177,,
9402,26,1033,removed,Bi-207-9176,,
9402,26,1034,removed,Bi-207-9176,,
9402,26,1037,removed,Bi-207-8890,,
9402,26,1040,removed,Bi-207-9177,,
9402,26,1041,removed,Bi-207-9177,,
9402,26,1043,removed,Bi-207-9176,,
9402,26,1044,removed,Bi-207-9176,,
9402,26,1055,removed,Bi-207-9176,,
9402,26,1072,removed,Sn-113-9183,,
9402,26,1073,removed,Sn-113-9183,,
9402,26,1077,removed,Cd-109-9178,,
9402,26,1080,removed,Ce-139-9179,,
9402,26,1081,removed,Ce-139-9179,,
9402,26,1084,removed,Sn-113-9183,,
9402,26,1085,removed,Sn-113-9183,,
9402,26,1088,removed,Cd-109-9178,,
9402,26,1089,removed,Cd-109-9178,,
9402,26,1091,removed,Ce-139-9179,,
9402,26,1092,removed,Ce-139-9179,,
9402,26,1099,removed,Cd-109-9178,,
9402,26,1102,removed,Ce-139-9179,,
9402,27,51,removed,Cd-109-9178,,
9402,27,73,removed,Bi-207-8890,,
9402,27,1026,removed,Bi-207-8890,,
9402,27,1027,removed,Bi-207-8890,,
9402,27,1030,removed,Bi-207-9177,,
9402,27,1031,removed,Bi-207-9177,,
9402,27,1033,removed,Bi-207-9176,,
9402,27,1034,removed,Bi-207-9176,,
9402,27,1036,removed,Bi-207-8890,,
9402,27,1037,removed,Bi-207-8890,,
9402,27,1040,removed,Bi-207-9177,,
9402,27,1041,removed,Bi-207-9177,,
9402,27,1044,removed,Bi-207-9176,,
9402,27,1045,removed,Bi-207-9176,,
9402,27,1056,removed,Bi-207-9176,,
9402,27,1073,removed,Sn-113-9183,,
9402,27,1074,removed,Sn-113-9183,,
9402,27,1077,removed,Cd-109-9178,,
9402,27,1078,removed,Cd-109-9178,,
9402,27,1080,removed,Ce-139-9179,,
9402,27,1081,removed,Ce-139-9179,,
9402,27,1084,removed,Sn-113-9183,,
9402,27,1085,removed,Sn-113-9183,,
9402,27,1088,removed,Cd-109-9178,,
9402,27,1089,removed,Cd-109-9178,,
9402,27,1090,removed,Cd-109-9178,,
9402,27,1091,removed,Ce-139-9179,,
9402,27,1092,removed,Ce-139-9179,,
9402,27,1099,removed,Cd-109-9178,,
9402,27,1100,removed,Cd-109-9178,,
9402,27,1102,removed,Ce-139-9179,,
9402,28,40,removed,Cd-109-9178,,
9402,28,52,removed,Cd-109-9178,,
9402,28,74,removed,Bi-207-8890,,
9402,28,1027,removed,Bi-207-8890,,
9402,28,1028,removed,Bi-207-8890,,
9402,28,1030,removed,Bi-207-9177,,
9402,28,1031,removed,Bi-207-9177,,
9402,28,1034,removed,Bi-207-9176,,
9402,28,1037,removed,Bi-207-8890,,
9402,28,1038,removed,Bi-207-8890,,
9402,28,1041,removed,Bi-207-9177,,
9402,28,1042,removed,Bi-207-9177,,
9402,28,1044,removed,Bi-207-9176,,
9402,28,1045,removed,Bi-207-9176,,
9402,28,1056,removed,Bi-207-9176,,
9402,28,1073,removed,Sn-113-9183,,
9402,28,1074,removed,Sn-113-9183,,
9402,28,1078,removed,Cd-109-9178,,
9402,28,1085,removed,Sn-113-9183,,
9402,28,1086,removed,Sn-113-9183,,
9402,28,1089,removed,Cd-109-9178,,
9402,28,1090,removed,Cd-109-9178,,
9402,28,1100,removed,Cd-109-9178,,
9402,29,52,removed,Cd-109-9178,,
9402,29,74,removed,Bi-207-8890,,
9402,29,99,removed,Bi-207-9177,,
9402,29,1027,removed,Bi-207-8890,,
9402,29,1028,removed,Bi-207-8890,,
9402,29,1031,removed,Bi-207-9177,,
9402,29,1032,removed,Bi-207-9177,,
9402,29,1034,removed,Bi-207-9176,,
9402,29,1037,removed,Bi-207-8890,,
9402,29,1038,removed,Bi-207-8890,,
9402,29,1041,removed,Bi-207-9177,,
9402,29,1042,removed,Bi-207-9177,,
9402,29,1044,removed,Bi-207-9176,,
9402,29,1045,removed,Bi-207-9176,,
9402,29,1056,removed,Bi-207-9176,,
9402,29,1074,removed,Sn-113-9183,,
9402,29,1075,removed,Sn-113-9183,,
9402,29,1078,removed,Cd-109-9178,,
9402,29,1079,removed,Cd-109-9178,,
9402,29,1085,removed,Sn-113-9183,,
9402,29,1086,removed,Sn-113-9183,,
9402,29,1089,removed,Cd-109-9178,,
9402,29,1090,removed,Cd-109-9178,,
9402,29,1091,removed,Cd-109-9178,,
9402,29,1100,removed,Cd-109-9178,,
9402,29,1101,removed,Cd-109-9178,,
9402,30,51,removed,Cd-109-9178,,
9402,30,62,removed,Cd-109-9178,,
9402,30,86,removed,Bi-207-9177,,
9402,30,87,removed,Bi-207-9177,,
9402,30,110,removed,Bi-207-9176,,
9402,30,111,removed,Bi-207-9176,,
9402,30,1019,removed,Bi-207-9177,,
9402,30,1022,removed,Bi-207-9176,,
9402,30,1023,removed,Bi-207-9176,,
9402,30,1028,removed,Bi-207-9177,,
9402,30,1029,removed,Bi-207-9177,,
9402,30,1031,removed,Bi-207-9176,,
9402,30,1032,removed,Bi-207-9176,,
9402,30,1033,removed,Bi-207-9176,,
9402,30,1042,removed,Bi-207-9176,,
9402,30,1043,removed,Bi-207-9176,,
9402,30,1059,removed,Sn-113-9183,,
9402,30,1060,removed,Sn-113-9183,,
9402,30,1063,removed,Cd-109-9178,,
9402,30,1066,removed,Ce-139-9179,,
9402,30,1067,removed,Ce-139-9179,,
9402,30,1072,removed,Sn-113-9183,,
9402,30,1075,removed,Cd-109-9178,,
9402,30,1076,removed,Cd-109-9178,,
9402,30,1078,removed,Ce-139-9179,,
9402,30,1079,removed,Ce-139-9179,,
9402,30,1080,removed,Ce-139-9179,,
9402,30,1087,removed,Cd-109-9178,,
9402,30,1090,removed,Ce-139-9179,,
9402,30,1091,removed,Ce-139-9179,,
9402,31,100,removed,Bi-207-9176,,
9402,31,110,removed,Bi-207-9176,,
9402,31,111,removed,Bi-207-9176,,
9402,31,1019,removed,Bi-207-9177,,
9402,31,1020,removed,Bi-207-9177,,
9402,31,1028,removed,Bi-207-9177,,
9402,31,1029,removed,Bi-207-9177,,
9402,31,1030,removed,Bi-207-9177,,
9402,31,1039,removed,Bi-207-9177,,
9402,31,1040,removed,Bi-207-9177,,
9402,31,1059,removed,Sn-113-9183,,
9402,31,1060,removed,Sn-113-9183,,
9402,31,1072,removed,Sn-113-9183,,
9402,31,1073,removed,Sn-113-9183,,
9402,31,1084,removed,Sn-113-9183,,
9402,32,60,removed,Sn-113-9183,,
9402,32,1017,removed,Bi-207-8890,,
9402,32,1018,removed,Bi-207-8890,,
9402,32,1020,removed,Bi-207-9177,,
9402,32,1026,removed,Bi-207-8890,,
9402,32,1027,removed,Bi-207-8890,,
9402,32,1029,removed,Bi-207-9177,,
9402,32,1030,removed,Bi-207-9177,,
9402,32,1033,removed,Bi-207-9176,,
9402,32,1034,removed,Bi-207-9176,,
9402,32,1040,removed,Bi-207-9177,,
9402,32,1044,removed,Bi-207-9176,,
9402,32,1045,removed,Bi-207-9176,,
9402,32,1060,removed,Sn-113-9183,,
9402,32,1061,removed,Sn-113-9183,,
9402,32,1064,removed,Cd-109-9178,,
9402,32,1067,removed,Ce-139-9179,,
9402,32,1068,removed,Ce-139-9179,,
9402,32,1072,removed,Sn-113-9183,,
9402,32,1073,removed,Sn-113-9183,,
9402,32,1076,removed,Cd-109-9178,,
9402,32,1077,removed,Cd-109-9178,,
9402,32,1079,removed,Ce-139-9179,,
9402,32,1080,removed,Ce-139-9179,,
9402,32,1081,removed,Ce-139-9179,,
9402,32,1084,removed,Sn-113-9183,,
9402,32,1088,removed,Cd-109-9178,,
9402,32,1091,removed,Ce-139-9179,,
9402,32,1092,removed,Ce-139-9179,,
9402,33,49,removed,Sn-113-9183,,
9402,33,60,removed,Sn-113-9183,,
9402,33,61,removed,Sn-113-9183,,
9402,33,1017,removed,Bi-207-8890,,
9402,33,1018,removed,Bi-207-8890,,
9402,33,1020,removed,Bi-207-9177,,
9402,33,1021,removed,Bi-207-9177,,
9402,33,1024,removed,Bi-207-9176,,
9402,33,1026,removed,Bi-207-8890,,
9402,33,1027,removed,Bi-207-8890,,
9402,33,1030,removed,Bi-207-9177,,
9402,33,1031,removed,Bi-207-9177,,
9402,33,1033,removed,Bi-207-9176,,
9402,33,1034,removed,Bi-207-9176,,
9402,33,1044,removed,Bi-207-9176,,
9402,33,1045,removed,Bi-207-9176,,
9402,33,1065,removed,Cd-109-9178,,
9402,33,1068,removed,Ce-139-9179,,
9402,33,1069,removed,Ce-139-9179,,
9402,33,1077,removed,Cd-109-9178,,
9402,33,1078,removed,Cd-109-9178,,
9402,33,1080,removed,Ce-139-9179,,
9402,33,1081,removed,Ce-139-9179,,
9402,33,1089,removed,Cd-109-9178,,
9402,33,1092,removed,Ce-139-9179,,
9402,34,40,removed,Cd-109-9178,,
9402,34,84,removed,Bi-207-8890,,
9402,34,1017,removed,Bi-207-8890,,
9402,34,1018,removed,Bi-207-8890,,
9402,34,1021,removed,Bi-207-9177,,
9402,34,1022,removed,Bi-207-9177,,
9402,34,1024,removed,Bi-207-9176,,
9402,34,1026,removed,Bi-207-8890,,
9402,34,1027,removed,Bi-207-8890,,
9402,34,1030,removed,Bi-207-9177,,
9402,34,1031,removed,Bi-207-9177,,
9402,34,1033,removed,Bi-207-9176,,
9402,34,1034,removed,Bi-207-9176,,
9402,34,1044,removed,Bi-207-9176,,
9402,34,1045,removed,Bi-207-9176,,
9402,34,1065,removed,Cd-109-9178,,
9402,34,1066,removed,Cd-109-9178,,
9402,34,1068,removed,Ce-139-9179,,
9402,34,1069,removed,Ce-139-9179,,
9402,34,1077,removed,Cd-109-9178,,
9402,34,1078,removed,Cd-109-9178,,
9402,34,1079,removed,Cd-109-9178,,
9402,34,1080,removed,Ce-139-9179,,
9402,34,1081,removed,Ce-139-9179,,
9402,34,1089,removed,Cd-109-9178,,
9402,34,1090,removed,Cd-109-9178,,
9402,34,1092,removed,Ce-139-9179,,
9402,35,61,removed,Sn-113-9183,,
9402,35,1022,removed,Bi-207-9177,,
9402,35,1031,removed,Bi-207-9177,,
9402,35,1032,removed,Bi-207-9177,,
9402,35,1042,removed,Bi-207-9177,,
9402,35,1062,removed,Sn-113-9183,,
9402,35,1074,removed,Sn-113-9183,,
9402,35,1075,removed,Sn-113-9183,,
9402,35,1078,removed,Cd-109-9178,,
9402,35,1079,removed,Cd-109-9178,,
9402,35,1086,removed,Sn-113-9183,,
9402,35,1089,removed,Cd-109-9178,,
9402,35,1090,removed,Cd-109-9178,,
9402,36,98,removed,Bi-207-9177,,
9402,36,1018,removed,Bi-207-9177,,
9402,36,1019,removed,Bi-207-9177,,
9402,36,1020,removed,Bi-207-9177,,
9402,36,1022,removed,Bi-207-9176,,
9402,36,1023,removed,Bi-207-9176,,
9402,36,1028,removed,Bi-207-9177,,
9402,36,1029,removed,Bi-207-9177,,
9402,36,1031,removed,Bi-207-9176,,
9402,36,1032,removed,Bi-207-9176,,
9402,36,1047,removed,Sn-113-9183,,
9402,36,1059,removed,Sn-113-9183,,
9402,36,1060,removed,Sn-113-9183,,
9402,36,1063,removed,Cd-109-9178,,
9402,36,1064,removed,Cd-109-9178,,
9402,36,1066,removed,Ce-139-9179,,
9402,36,1067,removed,Ce-139-9179,,
9402,36,1072,removed,Sn-113-9183,,
9402,36,1075,removed,Cd-109-9178,,
9402,36,1076,removed,Cd-109-9178,,
9402,36,1078,removed,Ce-139-9179,,
9402,36,1079,removed,Ce-139-9179,,
9402,37,1011,removed,Bi-207-9177,,
9402,37,1014,removed,Bi-207-9176,,
9402,37,1015,removed,Bi-207-9176,,
9402,37,1019,removed,Bi-207-9177,,
9402,37,1020,removed,Bi-207-9177,,
9402,37,1022,removed,Bi-207-9176,,
9402,37,1023,removed,Bi-207-9176,,
9402,37,1024,removed,Bi-207-9176,,
9402,37,1029,removed,Bi-207-9177,,
9402,37,1032,removed,Bi-207-9176,,
9402,37,1033,removed,Bi-207-9176,,
9402,37,1047,removed,Sn-113-9183,,
9402,37,1051,removed,Cd-109-9178,,
9402,37,1054,removed,Ce-139-9179,,
9402,37,1055,removed,Ce-139-9179,,
9402,37,1059,removed,Sn-113-9183,,
9402,37,1060,removed,Sn-113-9183,,
9402,37,1063,removed,Cd-109-9178,,
9402,37,1064,removed,Cd-109-9178,,
9402,37,1066,removed,Ce-139-9179,,
9402,37,1067,removed,Ce-139-9179,,
9402,37,1068,removed,Ce-139-9179,,
9402,37,1072,removed,Sn-113-9183,,
9402,37,1076,removed,Cd-109-9178,,
9402,37,1079,removed,Ce-139-9179,,
9402,37,1080,removed,Ce-139-9179,,
9402,38,40,removed,Cd-109-9178,,
9402,38,67,removed,Ce-139-9179,,
9402,38,72,removed,Sn-113-9183,,
9402,38,88,removed,Bi-207-9177,,
9402,38,101,removed,Bi-207-9176,,
9402,38,1017,removed,Bi-207-8890,,
9402,38,1018,removed,Bi-207-8890,,
9402,38,1020,removed,Bi-207-9177,,
9402,38,1021,removed,Bi-207-9177,,
9402,38,1024,removed,Bi-207-9176,,
9402,38,1026,removed,Bi-207-8890,,
9402,38,1027,removed,Bi-207-8890,,
9402,38,1029,removed,Bi-207-9177,,
9402,38,1030,removed,Bi-207-9177,,
9402,38,1033,removed,Bi-207-9176,,
9402,38,1034,removed,Bi-207-9176,,
9402,38,1047,removed,Sn-113-9183,,
9402,38,1048,removed,Sn-113-9183,,
9402,38,1060,removed,Sn-113-9183,,
9402,38,1061,removed,Sn-113-9183,,
9402,38,1064,removed,Cd-109-9178,,
9402,38,1065,removed,Cd-109-9178,,
9402,38,1067,removed,Ce-139-9179,,
9402,38,1068,removed,Ce-139-9179,,
9402,38,1069,removed,Ce-139-9179,,
9402,38,1072,removed,Sn-113-9183,,
9402,38,1073,removed,Sn-113-9183,,
9402,38,1076,removed,Cd-109-9178,,
9402,38,1077,removed,Cd-109-9178,,
9402,38,1080,removed,Ce-139-9179,,
9402,38,1081,removed,Ce-139-9179,,
9402,39,40,removed,Cd-109-9178,,
9402,39,84,removed,Bi-207-8890,,
9402,39,85,removed,Bi-207-8890,,
9402,39,100,removed,Bi-207-9177,,
9402,39,1009,removed,Bi-207-8890,,
9402,39,1017,removed,Bi-207-8890,,
9402,39,1018,removed,Bi-207-8890,,
9402,39,1020,removed,Bi-207-9177,,
9402,39,1021,removed,Bi-207-9177,,
9402,39,1024,removed,Bi-207-9176,,
9402,39,1026,removed,Bi-207-8890,,
9402,39,1027,removed,Bi-207-8890,,
9402,39,1030,removed,Bi-207-9177,,
9402,39,1031,removed,Bi-207-9177,,
9402,39,1033,removed,Bi-207-9176,,
9402,39,1034,removed,Bi-207-9176,,
9402,39,1048,removed,Sn-113-9183,,
9402,39,1049,removed,Sn-113-9183,,
9402,39,1060,removed,Sn-113-9183,,
9402,39,1061,removed,Sn-113-9183,,
9402,39,1062,removed,Sn-113-9183,,
9402,39,1064,removed,Cd-109-9178,,
9402,39,1065,removed,Cd-109-9178,,
9402,39,1068,removed,Ce-139-9179,,
9402,39,1069,removed,Ce-139-9179,,
9402,39,1073,removed,Sn-113-9183,,
9402,39,1074,removed,Sn-113-9183,,
9402,39,1077,removed,Cd-109-9178,,
9402,39,1078,removed,Cd-109-9178,,
9402,39,1080,removed,Ce-139-9179,,
9402,39,1081,removed,Ce-139-9179,,
9402,40,62,removed,Sn-113-9183,,
9402,40,85,removed,Bi-207-8890,,
9402,40,1009,removed,Bi-207-8890,,
9402,40,1017,removed,Bi-207-8890,,
9402,40,1018,removed,Bi-207-8890,,
9402,40,1021,removed,Bi-207-9177,,
9402,40,1022,removed,Bi-207-9177,,
9402,40,1027,removed,Bi-207-8890,,
9402,40,1030,removed,Bi-207-9177,,
9402,40,1031,removed,Bi-207-9177,,
9402,40,1049,removed,Sn-113-9183,,
9402,40,1061,removed,Sn-113-9183,,
9402,40,1062,removed,Sn-113-9183,,
9402,40,1065,removed,Cd-109-9178,,
9402,40,1066,removed,Cd-109-9178,,
9402,40,1073,removed,Sn-113-9183,,
9402,40,1074,removed,Sn-113-9183,,
9402,40,1077,removed,Cd-109-9178,,
9402,40,1078,removed,Cd-109-9178,,
9402,41,52,removed,Cd-109-9178,,
9402,41,86,removed,Bi-207-8890,,
9402,41,1010,removed,Bi-207-8890,,
9402,41,1017,removed,Bi-207-8890,,
9402,41,1018,removed,Bi-207-8890,,
9402,41,1019,removed,Bi-207-8890,,
9402,41,1021,removed,Bi-207-9177,,
9402,41,1022,removed,Bi-207-9177,,
9402,41,1023,removed,Bi-207-9177,,
9402,41,1027,removed,Bi-207-8890,,
9402,41,1028,removed,Bi-207-8890,,
9402,41,1031,removed,Bi-207-9177,,
9402,41,1032,removed,Bi-207-9177,,
9402,41,1049,removed,Sn-113-9183,,
9402,41,1050,removed,Sn-113-9183,,
9402,41,1061,removed,Sn-113-9183,,
9402,41,1062,removed,Sn-113-9183,,
9402,41,1063,removed,Sn-113-9183,,
9402,41,1065,removed,Cd-109-9178,,
9402,41,1066,removed,Cd-109-9178,,
9402,41,1067,removed,Cd-109-9178,,
9402,41,1074,removed,Sn-113-9183,,
9402,41,1075,removed,Sn-113-9183,,
9402,41,1078,removed,Cd-109-9178,,
9402,41,1079,removed,Cd-109-9178,,
9402,42,101,removed,Bi-207-9176,,
9402,42,109,removed,Bi-207-9176,,
9402,42,1010,removed,Bi-207-9177,,
9402,42,1011,removed,Bi-207-9177,,
9402,42,1013,removed,Bi-207-9176,,
9402,42,1014,removed,Bi-207-9176,,
9402,42,1018,removed,Bi-207-9177,,
9402,42,1019,removed,Bi-207-9177,,
9402,42,1022,removed,Bi-207-9176,,
9402,42,1023,removed,Bi-207-9176,,
9402,42,1050,removed,Cd-109-9178,,
9402,42,1051,removed,Cd-109-9178,,
9402,42,1053,removed,Ce-139-9179,,
9402,42,1054,removed,Ce-139-9179,,
9402,42,1062,removed,Cd-109-9178,,
9402,42,1063,removed,Cd-109-9178,,
9402,42,1064,removed,Cd-109-9178,,
9402,42,1066,removed,Ce-139-9179,,
9402,42,1067,removed,Ce-139-9179,,
9402,42,1075,removed,Cd-109-9178,,
9402,42,1076,removed,Cd-109-9178,,
9402,43,98,removed,Bi-207-9177,,
9402,43,1011,removed,Bi-207-9177,,
9402,43,1012,removed,Bi-207-9177,,
9402,43,1014,removed,Bi-207-9176,,
9402,43,1015,removed,Bi-207-9176,,
9402,43,1019,removed,Bi-207-9177,,
9402,43,1020,removed,Bi-207-9177,,
9402,43,1022,removed,Bi-207-9176,,
9402,43,1023,removed,Bi-207-9176,,
9402,43,1024,removed,Bi-207-9176,,
9402,43,1047,removed,Sn-113-9183,,
9402,43,1048,removed,Sn-113-9183,,
9402,43,1051,removed,Cd-109-9178,,
9402,43,1054,removed,Ce-139-9179,,
9402,43,1055,removed,Ce-139-9179,,
9402,43,1059,removed,Sn-113-9183,,
9402,43,1060,removed,Sn-113-9183,,
9402,43,1063,removed,Cd-109-9178,,
9402,43,1064,removed,Cd-109-9178,,
9402,43,1066,removed,Ce-139-9179,,
9402,43,1067,removed,Ce-139-9179,,
9402,43,1068,removed,Ce-139-9179,,
9402,43,1076,removed,Cd-109-9178,,
9402,43,1079,removed,Ce-139-9179,,
9402,43,1080,removed,Ce-139-9179,,
9402,44,73,removed,Sn-113-9183,,
9402,44,1011,removed,Bi-207-9177,,
9402,44,1012,removed,Bi-207-9177,,
9402,44,1015,removed,Bi-207-9176,,
9402,44,1020,removed,Bi-207-9177,,
9402,44,1021,removed,Bi-207-9177,,
9402,44,1023,removed,Bi-207-9176,,
9402,44,1024,removed,Bi-207-9176,,
9402,44,1047,removed,Sn-113-9183,,
9402,44,1048,removed,Sn-113-9183,,
9402,44,1052,removed,Cd-109-9178,,
9402,44,1055,removed,Ce-139-9179,,
9402,44,1056,removed,Ce-139-9179,,
9402,44,1060,removed,Sn-113-9183,,
9402,44,1061,removed,Sn-113-9183,,
9402,44,1064,removed,Cd-109-9178,,
9402,44,1065,removed,Cd-109-9178,,
9402,44,1067,removed,Ce-139-9179,,
9402,44,1068,removed,Ce-139-9179,,
9402,44,1069,removed,Ce-139-9179,,
9402,44,1077,removed,Cd-109-9178,,
9402,44,1080,removed,Ce-139-9179,,
9402,45,51,removed,Cd-109-9178,,
9402,45,74,removed,Sn-113-9183,,
9402,45,1009,removed,Bi-207-8890,,
9402,45,1012,removed,Bi-207-9177,,
9402,45,1013,removed,Bi-207-9177,,
9402,45,1015,removed,Bi-207-9176,,
9402,45,1017,removed,Bi-207-8890,,
9402,45,1018,removed,Bi-207-8890,,
9402,45,1020,removed,Bi-207-9177,,
9402,45,1021,removed,Bi-207-9177,,
9402,45,1023,removed,Bi-207-9176,,
9402,45,1024,removed,Bi-207-9176,,
9402,45,1033,removed,Bi-207-9176,,
9402,45,1048,removed,Sn-113-9183,,
9402,45,1049,removed,Sn-113-9183,,
9402,45,1052,removed,Cd-109-9178,,
9402,45,1053,removed,Cd-109-9178,,
9402,45,1055,removed,Ce-139-9179,,
9402,45,1056,removed,Ce-139-9179,,
9402,45,1060,removed,Sn-113-9183,,
9402,45,1061,removed,Sn-113-9183,,
9402,45,1064,removed,Cd-109-9178,,
9402,45,1065,removed,Cd-109-9178,,
9402,45,1068,removed,Ce-139-9179,,
9402,45,1069,removed,Ce-139-9179,,
9402,45,1077,removed,Cd-109-9178,,
9402,45,1081,removed,Ce-139-9179,,
9402,46,96,removed,Bi-207-8890,,
9402,46,1009,removed,Bi-207-8890,,
9402,46,1010,removed,Bi-207-8890,,
9402,46,1012,removed,Bi-207-9177,,
9402,46,1013,removed,Bi-207-9177,,
9402,46,1017,removed,Bi-207-8890,,
9402,46,1018,removed,Bi-207-8890,,
9402,46,1021,removed,Bi-207-9177,,
9402,46,1022,removed,Bi-207-9177,,
9402,46,1048,removed,Sn-113-9183,,
9402,46,1049,removed,Sn-113-9183,,
9402,46,1050,removed,Sn-113-9183,,
9402,46,1053,removed,Cd-109-9178,,
9402,46,1061,removed,Sn-113-9183,,
9402,46,1062,removed,Sn-113-9183,,
9402,46,1065,removed,Cd-109-9178,,
9402,46,1066,removed,Cd-109-9178,,
9402,46,1078,removed,Cd-109-9178,,
9402,47,77,removed,Cd-109-9178,,
9402,47,96,removed,Bi-207-8890,,
9402,47,1009,removed,Bi-207-8890,,
9402,47,1010,removed,Bi-207-8890,,
9402,47,1013,removed,Bi-207-9177,,
9402,47,1014,removed,Bi-207-9177,,
9402,47,1017,removed,Bi-207-8890,,
9402,47,1018,removed,Bi-207-8890,,
9402,47,1019,removed,Bi-207-8890,,
9402,47,1021,removed,Bi-207-9177,,
9402,47,1022,removed,Bi-207-9177,,
9402,47,1049,removed,Sn-113-9183,,
9402,47,1050,removed,Sn-113-9183,,
9402,47,1053,removed,Cd-109-9178,,
9402,47,1054,removed,Cd-109-9178,,
9402,47,1061,removed,Sn-113-9183,,
9402,47,1062,removed,Sn-113-9183,,
9402,47,1065,removed,Cd-109-9178,,
9402,47,1066,removed,Cd-109-9178,,
9402,47,1067,removed,Cd-109-9178,,
9402,47,1078,removed,Cd-109-9178,,
9402,47,1079,removed,Cd-109-9178,,
9402,48,110,removed,Bi-207-9176,,
9402,48,111,removed,Bi-207-9176,,
9402,48,118,removed,Bi-207-9176,,
9402,48,120,removed,Bi-207-9176,,
9402,48,1007,removed,Bi-207-9176,,
9402,48,1010,removed,Bi-207-9177,,
9402,48,1011,removed,Bi-207-9177,,
9402,48,1014,removed,Bi-207-9176,,
9402,48,1015,removed,Bi-207-9176,,
9402,48,1019,removed,Bi-207-9177,,
9402,48,1020,removed,Bi-207-9177,,
9402,48,1022,removed,Bi-207-9176,,
9402,48,1023,removed,Bi-207-9176,,
9402,48,1039,removed,Cd-109-9178,,
9402,48,1042,removed,Ce-139-9179,,
9402,48,1043,removed,Ce-139-9179,,
9402,48,1050,removed,Cd-109-9178,,
9402,48,1051,removed,Cd-109-9178,,
9402,48,1053,removed,Ce-139-9179,,
9402,48,1054,removed,Ce-139-9179,,
9402,48,1055,removed,Ce-139-9179,,
9402,48,1063,removed,Cd-109-9178,,
9402,48,1066,removed,Ce-139-9179,,
9402,48,1067,removed,Ce-139-9179,,
9402,49,90,removed,Ce-139-9179,,
9402,49,110,removed,Bi-207-9176,,
9402,49,111,removed,Bi-207-9176,,
9402,49,118,removed,Bi-207-9176,,
9402,49,120,removed,Bi-207-9176,,
9402,49,1007,removed,Bi-207-9176,,
9402,49,1011,removed,Bi-207-9177,,
9402,49,1012,removed,Bi-207-9177,,
9402,49,1014,removed,Bi-207-9176,,
9402,49,1015,removed,Bi-207-9176,,
9402,49,1019,removed,Bi-207-9177,,
9402,49,1020,removed,Bi-207-9177,,
9402,49,1023,removed,Bi-207-9176,,
9402,49,1036,removed,Sn-113-9183,,
9402,49,1039,removed,Cd-109-9178,,
9402,49,1040,removed,Cd-109-9178,,
9402,49,1043,removed,Ce-139-9179,,
9402,49,1047,removed,Sn-113-9183,,
9402,49,1048,removed,Sn-113-9183,,
9402,49,1050,removed,Cd-109-9178,,
9402,49,1051,removed,Cd-109-9178,,
9402,49,1052,removed,Cd-109-9178,,
9402,49,1054,removed,Ce-139-9179,,
9402,49,1055,removed,Ce-139-9179,,
9402,49,1060,removed,Sn-113-9183,,
9402,49,1063,removed,Cd-109-9178,,
9402,49,1064,removed,Cd-109-9178,,
9402,49,1067,removed,Ce-139-9179,,
9402,50,1004,removed,Bi-207-9177,,
9402,50,1007,removed,Bi-207-9176,,
9402,50,1011,removed,Bi-207-9177,,
9402,50,1012,removed,Bi-207-9177,,
9402,50,1014,removed,Bi-207-9176,,
9402,50,1015,removed,Bi-207-9176,,
9402,50,1020,removed,Bi-207-9177,,
9402,50,1023,removed,Bi-207-9176,,
9402,50,1024,removed,Bi-207-9176,,
9402,50,1036,removed,Sn-113-9183,,
9402,50,1037,removed,Sn-113-9183,,
9402,50,1040,removed,Cd-109-9178,,
9402,50,1043,removed,Ce-139-9179,,
9402,50,1044,removed,Ce-139-9179,,
9402,50,1047,removed,Sn-113-9183,,
9402,50,1048,removed,Sn-113-9183,,
9402,50,1051,removed,Cd-109-9178,,
9402,50,1052,removed,Cd-109-9178,,
9402,50,1054,removed,Ce-139-9179,,
9402,50,1055,removed,Ce-139-9179,,
9402,50,1056,removed,Ce-139-9179,,
9402,50,1064,removed,Cd-109-9178,,
9402,50,1067,removed,Ce-139-9179,,
9402,50,1068,removed,Ce-139-9179,,
9402,51,60,removed,Sn-113-9183,,
9402,51,61,removed,Sn-113-9183,,
9402,51,80,removed,Ce-139-9179,,
9402,51,1009,removed,Bi-207-8890,,
9402,51,1017,removed,Bi-207-8890,,
9402,51,1018,removed,Bi-207-8890,,
9402,51,1055,removed,Ce-139-9179,,
9402,51,1056,removed,Ce-139-9179,,
9402,51,1068,removed,Ce-139-9179,,
9402,51,1069,removed,Ce-139-9179,,
9402,52,61,removed,Sn-113-9183,,yes
9402,52,73,removed,Sn-113-9183,,yes
9402,52,74,removed,Sn-113-9183,,yes
9402,52,85,removed,Sn-113-9183,,yes
9402,52,1009,removed,Bi-207-8890,,
9402,52,1010,removed,Bi-207-8890,,
9402,52,1012,removed,Bi-207-9177,,
9402,52,1013,removed,Bi-207-9177,,
9402,52,1014,removed,Bi-207-9177,,
9402,52,1017,removed,Bi-207-8890,,
9402,52,1018,removed,Bi-207-8890,,
9402,52,1021,removed,Bi-207-9177,,
9402,52,1022,removed,Bi-207-9177,,
9402,52,1037,removed,Sn-113-9183,,
9402,52,1038,removed,Sn-113-9183,,
9402,52,1048,removed,Sn-113-9183,,
9402,52,1049,removed,Sn-113-9183,,
9402,52,1050,removed,Sn-113-9183,,
9402,52,1052,removed,Cd-109-9178,,
9402,52,1053,removed,Cd-109-9178,,
9402,52,1054,removed,Cd-109-9178,,
9402,52,1055,removed,Ce-139-9179,,
9402,52,1056,removed,Ce-139-9179,,
9402,52,1061,removed,Sn-113-9183,,
9402,52,1062,removed,Sn-113-9183,,
9402,52,1065,removed,Cd-109-9178,,
9402,52,1066,removed,Cd-109-9178,,
9402,52,1068,removed,Ce-139-9179,,
9402,52,1069,removed,Ce-139-9179,,
9402,53,106,removed,Bi-207-8890,,
9402,53,115,removed,Bi-207-8890,,
9402,53,1009,removed,Bi-207-8890,,
9402,53,1010,removed,Bi-207-8890,,
9402,53,1013,removed,Bi-207-9177,,
9402,53,1014,removed,Bi-207-9177,,
9402,53,1018,removed,Bi-207-8890,,
9402,53,1021,removed,Bi-207-9177,,
9402,53,1022,removed,Bi-207-9177,,
9402,53,1038,removed,Sn-113-9183,,
9402,53,1049,removed,Sn-113-9183,,
9402,53,1050,removed,Sn-113-9183,,
9402,53,1053,removed,Cd-109-9178,,
9402,53,1054,removed,Cd-109-9178,,
9402,53,1062,removed,Sn-113-9183,,
9402,53,1065,removed,Cd-109-9178,,
9402,53,1066,removed,Cd-109-9178,,
9402,54,11,removed,Cd-109-9178,,
9402,54,18,removed,Cd-109-9178,,yes
9402,54,1107,removed,Cd-109-9178,,
9402,54,1108,removed,Cd-109-9178,,
9402,54,1110,removed,Ce-139-9179,,
9402,54,1111,removed,Ce-139-9179,,
9402,54,1115,removed,Cd-109-9178,,
9402,54,1116,removed,Cd-109-9178,,
9402,54,1117,removed,Cd-109-9178,,
9402,54,1118,removed,Ce-139-9179,,
9402,54,1119,removed,Ce-139-9179,,
9402,56,17,removed,Sn-113-9183,,
9402,56,21,removed,Cd-109-9178,,
9402,56,1095,removed,Sn-113-9183,,
9402,56,1096,removed,Sn-113-9183,,
9402,56,1105,removed,Sn-113-9183,,
9402,56,1106,removed,Sn-113-9183,,
9402,56,1109,removed,Cd-109-9178,,
9402,56,1110,removed,Cd-109-9178,,
9402,56,1117,removed,Cd-109-9178,,
9402,56,1118,removed,Cd-109-9178,,
9402,57,3,removed,Cd-109-9178,,
9402,57,1084,removed,Sn-113-9183,,
9402,57,1094,removed,Sn-113-9183,,
9402,57,1095,removed,Sn-113-9183,,
9402,57,1098,removed,Cd-109-9178,,
9402,57,1101,removed,Ce-139-9179,,
9402,57,1102,removed,Ce-139-9179,,
9402,57,1107,removed,Cd-109-9178,,
9402,57,1108,removed,Cd-109-9178,,
9402,57,1110,removed,Ce-139-9179,,
9402,57,1111,removed,Ce-139-9179,,
9402,57,1112,removed,Ce-139-9179,,
9402,57,1116,removed,Cd-109-9178,,
9402,58,19,removed,Cd-109-9178,,
9402,59,5,removed,Cd-109-9178,,
9402,59,1095,removed,Sn-113-9183,,
9402,59,1096,removed,Sn-113-9183,,
9402,59,1105,removed,Sn-113-9183,,
9402,59,1106,removed,Sn-113-9183,,
9402,59,1109,removed,Cd-109-9178,,
9402,59,1110,removed,Cd-109-9178,,
9402,59,1117,removed,Cd-109-9178,,
9402,59,1118,removed,Cd-109-9178,,
9402,60,39,removed,Bi-207-9177,,
9402,60,40,removed,Bi-207-9177,,
9402,60,47,removed,Bi-207-8890,,yes
9402,60,1084,removed,Sn-113-9183,,
9402,60,1091,removed,Ce-139-9179,,
9402,60,1094,removed,Sn-113-9183,,
9402,60,1095,removed,Sn-113-9183,,
9402,60,1098,removed,Cd-109-9178,,
9402,60,1099,removed,Cd-109-9178,,
9402,60,1101,removed,Ce-139-9179,,
9402,60,1102,removed,Ce-139-9179,,
9402,60,1107,removed,Cd-109-9178,,
9402,60,1108,removed,Cd-109-9178,,
9402,60,1111,removed,Ce-139-9179,,
9402,61,19,removed,Cd-109-9178,,yes
9402,61,20,removed,Cd-109-9178,,yes
9402,61,24,removed,Ce-139-9179,,yes
9402,61,26,removed,Sn-113-9183,,yes
9402,61,27,removed,Sn-113-9183,,
9402,61,29,removed,Cd-109-9178,,yes
9402,61,30,removed,Cd-109-9178,,
9402,61,33,removed,Ce-139-9179,,yes
9402,61,34,removed,Ce-139-9179,,yes
9402,61,36,removed,Sn-113-9183,,yes
9402,61,37,removed,Sn-113-9183,,
9402,61,44,removed,Ce-139-9179,,yes
9402,61,1084,removed,Sn-113-9183,,
9402,61,1085,removed,Sn-113-9183,,
9402,61,1094,removed,Sn-113-9183,,
9402,61,1095,removed,Sn-113-9183,,
9402,61,1096,removed,Sn-113-9183,,
9402,61,1099,removed,Cd-109-9178,,
9402,61,1100,removed,Cd-109-9178,,
9402,61,1101,removed,Ce-139-9179,,
9402,61,1102,removed,Ce-139-9179,,
9402,61,1108,removed,Cd-109-9178,,
9402,61,1109,removed,Cd-109-9178,,
9402,61,1111,removed,Ce-139-9179,,
9402,61,1112,removed,Ce-139-9179,,
9402,62,1085,removed,Sn-113-9183,,
9402,62,1089,removed,Cd-109-9178,,
9402,62,1095,removed,Sn-113-9183,,
9402,62,1096,removed,Sn-113-9183,,
9402,62,1099,removed,Cd-109-9178,,
9402,62,1100,removed,Cd-109-9178,,
9402,62,1105,removed,Sn-113-9183,,
9402,62,1106,removed,Sn-113-9183,,
9402,62,1109,removed,Cd-109-9178,,
9402,63,26,removed,Sn-113-9183,,
9402,63,1072,removed,Bi-207-8890,,
9402,63,1073,removed,Bi-207-8890,,
9402,63,1075,removed,Bi-207-9177,,
9402,63,1076,removed,Bi-207-9177,,
9402,63,1079,removed,Bi-207-9176,,
9402,63,1080,removed,Bi-207-9176,,
9402,63,1084,removed,Bi-207-8890,,
9402,63,1087,removed,Bi-207-9177,,
9402,63,1088,removed,Bi-207-9177,,
9402,63,1090,removed,Bi-207-9176,,
9402,63,1091,removed,Bi-207-9176,,
9402,63,1092,removed,Bi-207-9176,,
9402,64,29,removed,Bi-207-9177,,yes
9402,64,39,removed,Bi-207-9177,,
9402,64,40,removed,Bi-207-9177,,
9402,64,42,removed,Bi-207-9176,,
9402,64,47,removed,Bi-207-8890,,yes
9402,64,51,removed,Bi-207-9177,,yes
9402,64,54,removed,Bi-207-9176,,yes
9402,64,55,removed,Bi-207-9176,,yes
9402,64,1073,removed,Bi-207-8890,,
9402,64,1076,removed,Bi-207-9177,,
9402,64,1077,removed,Bi-207-9177,,
9402,64,1080,removed,Bi-207-9176,,
9402,64,1081,removed,Bi-207-9176,,
9402,64,1084,removed,Bi-207-8890,,
9402,64,1085,removed,Bi-207-8890,,
9402,64,1088,removed,Bi-207-9177,,
9402,64,1089,removed,Bi-207-9177,,
9402,64,1091,removed,Bi-207-9176,,
9402,64,1092,removed,Bi-207-9176,,
9402,64,1102,removed,Bi-207-9176,,
9402,65,49,removed,Bi-207-8890,,
9402,65,1080,removed,Bi-207-9176,,
9402,65,1081,removed,Bi-207-9176,,
9402,65,1092,removed,Bi-207-9176,,
9402,66,1004,removed,Bi-207-9177,,
9402,66,1011,removed,Bi-207-9177,,
9402,66,1012,removed,Bi-207-9177,,
9402,66,1020,removed,Bi-207-9177,,
9402,67,72,removed,Sn-113-9183,,
9402,67,73,removed,Sn-113-9183,,
9402,67,103,removed,Ce-139-9179,,
9402,67,1004,removed,Bi-207-9177,,
9402,67,1011,removed,Bi-207-9177,,
9402,67,1012,removed,Bi-207-9177,,
9402,67,1020,removed,Bi-207-9177,,
9402,67,1030,removed,Cd-109-9178,,
9402,67,1040,removed,Cd-109-9178,,
9402,67,1041,removed,Cd-109-9178,,
9402,67,1051,removed,Cd-109-9178,,
9402,67,1052,removed,Cd-109-9178,,
9402,68,73,removed,Sn-113-9183,,
9402,68,74,removed,Sn-113-9183,,
9402,68,86,removed,Sn-113-9183,,
9402,68,1030,removed,Cd-109-9178,,
9402,68,1031,removed,Cd-109-9178,,
9402,68,1040,removed,Cd-109-9178,,
9402,68,1041,removed,Cd-109-9178,,
9402,68,1042,removed,Cd-109-9178,,
9402,68,1052,removed,Cd-109-9178,,
9402,68,1053,removed,Cd-109-9178,,
9402,69,1019,removed,Cd-109-9178,,
9402,69,1020,removed,Cd-109-9178,,
9402,69,1028,removed,Cd-109-9178,,
9402,69,1029,removed,Cd-109-9178,,
9402,69,1030,removed,Cd-109-9178,,
9402,69,1039,removed,Cd-109-9178,,
9402,69,1040,removed,Cd-109-9178,,
9402,70,84,removed,Sn-113-9183,,
9402,70,85,removed,Sn-113-9183,,
9402,70,1017,removed,Sn-113-9183,,
9402,70,1018,removed,Sn-113-9183,,
9402,70,1021,removed,Cd-109-9178,,
9402,70,1024,removed,Ce-139-9179,,
9402,70,1026,removed,Sn-113-9183,,
9402,70,1027,removed,Sn-113-9183,,
9402,70,1030,removed,Cd-109-9178,,
9402,70,1031,removed,Cd-109-9178,,
9402,70,1033,removed,Ce-139-9179,,
9402,70,1034,removed,Ce-139-9179,,
9402,70,1041,removed,Cd-109-9178,,
9402,70,1044,removed,Ce-139-9179,,
9402,71,89,removed,Cd-109-9178,,yes
9402,71,94,removed,Sn-113-9183,,
9402,71,99,removed,Cd-109-9178,,yes
9402,71,100,removed,Cd-109-9178,,
9402,71,108,removed,Cd-109-9178,,yes
9402,71,109,removed,Cd-109-9178,,yes
9402,71,1017,removed,Sn-113-9183,,
9402,71,1018,removed,Sn-113-9183,,
9402,71,1021,removed,Cd-109-9178,,
9402,71,1022,removed,Cd-109-9178,,
9402,71,1024,removed,Ce-139-9179,,
9402,71,1026,removed,Sn-113-9183,,
9402,71,1027,removed,Sn-113-9183,,
9402,71,1028,removed,Sn-113-9183,,
9402,71,1030,removed,Cd-109-9178,,
9402,71,1031,removed,Cd-109-9178,,
9402,71,1032,removed,Cd-109-9178,,
9402,71,1033,removed,Ce-139-9179,,
9402,71,1034,removed,Ce-139-9179,,
9402,71,1041,removed,Cd-109-9178,,
9402,71,1042,removed,Cd-109-9178,,
9402,71,1044,removed,Ce-139-9179,,
9402,71,1045,removed,Ce-139-9179,,
9402,72,97,removed,Cd-109-9178,,yes
9402,72,98,removed,Cd-109-9178,,yes
9402,72,108,removed,Cd-109-9178,,
9402,72,1011,removed,Cd-109-9178,,
9402,72,1014,removed,Ce-139-9179,,
9402,72,1015,removed,Ce-139-9179,,
9402,72,1019,removed,Cd-109-9178,,
9402,72,1020,removed,Cd-109-9178,,
9402,72,1023,removed,Ce-139-9179,,
9402,72,1024,removed,Ce-139-9179,,
9402,72,1029,removed,Cd-109-9178,,
9402,72,1032,removed,Ce-139-9179,,
9402,72,1033,removed,Ce-139-9179,,
9402,73,98,removed,Cd-109-9178,,yes
9402,73,99,removed,Cd-109-9178,,yes
9402,73,1012,removed,Cd-109-9178,,
9402,73,1020,removed,Cd-109-9178,,
9402,73,1021,removed,Cd-109-9178,,
9402,73,1030,removed,Cd-109-9178,,
9402,74,1009,removed,Sn-113-9183,,
9402,74,1017,removed,Sn-113-9183,,
9402,74,1018,removed,Sn-113-9183,,
9402,74,1021,removed,Cd-109-9178,,
9402,74,1022,removed,Cd-109-9178,,
9402,74,1030,removed,Cd-109-9178,,
9402,74,1031,removed,Cd-109-9178,,
9402,75,1007,removed,Bi-207-9176,,
9402,75,1014,removed,Bi-207-9176,,
9402,75,1015,removed,Bi-207-9176,,
9402,75,1023,removed,Bi-207-9176,,
9402,76,108,removed,Cd-109-9178,,yes
9402,76,109,removed,Cd-109-9178,,
9402,76,116,removed,Cd-109-9178,,yes
9402,76,117,removed,Cd-109-9178,,yes
9402,76,1012,removed,Cd-109-9178,,
9402,76,1013,removed,Cd-109-9178,,
9402,76,1020,removed,Cd-109-9178,,
9402,76,1021,removed,Cd-109-9178,,
9402,78,12,removed,Cd-109-9178,,
9402,78,26,removed,Sn-113-9183,,
9402,78,37,removed,Sn-113-9183,,
9402,78,45,removed,Ce-139-9179,,
9402,78,52,removed,Bi-207-9177,,
9402,78,56,removed,Bi-207-9176,,
9402,78,61,removed,Bi-207-8890,,
9402,78,1047,removed,Bi-207-8890,,
9402,78,1048,removed,Bi-207-8890,,
9402,78,1051,removed,Bi-207-9177,,
9402,78,1052,removed,Bi-207-9177,,
9402,78,1059,removed,Bi-207-8890,,
9402,78,1060,removed,Bi-207-8890,,
9402,78,1063,removed,Bi-207-9177,,
9402,78,1064,removed,Bi-207-9177,,
9402,78,1067,removed,Bi-207-9176,,
9402,78,1068,removed,Bi-207-9176,,
9402,78,1072,removed,Sn-113-9183,,
9402,78,1073,removed,Sn-113-9183,,
9402,78,1079,removed,Bi-207-9176,,
9402,78,1080,removed,Bi-207-9176,,
9402,78,1084,removed,Sn-113-9183,,
9402,78,1085,removed,Sn-113-9183,,
9402,78,1094,removed,Sn-113-9183,,
9402,78,1095,removed,Sn-113-9183,,
9402,78,1101,removed,Ce-139-9179,,
9402,78,1102,removed,Ce-139-9179,,
9402,78,1108,removed,Cd-109-9178,,
9402,78,1109,removed,Cd-109-9178,,
9402,78,1111,removed,Ce-139-9179,,
9402,78,1112,removed,Ce-139-9179,,
9402,78,1116,removed,Cd-109-9178,,
9402,78,1117,removed,Cd-109-9178,,
9402,79,37,removed,Sn-113-9183,,
9402,79,40,removed,Cd-109-9178,,
9402,79,43,removed,Ce-139-9179,,
9402,79,48,removed,Sn-113-9183,,
9402,79,67,removed,Bi-207-9176,,
9402,79,79,removed,Bi-207-9176,,
9402,79,1036,removed,Bi-207-8890,,
9402,79,1037,removed,Bi-207-8890,,
9402,79,1040,removed,Bi-207-9177,,
9402,79,1041,removed,Bi-207-9177,,
9402,79,1043,removed,Bi-207-9176,,
9402,79,1044,removed,Bi-207-9176,,
9402,79,1047,removed,Bi-207-8890,,
9402,79,1048,removed,Bi-207-8890,,
9402,79,1049,removed,Bi-207-8890,,
9402,79,1051,removed,Bi-207-9177,,
9402,79,1052,removed,Bi-207-9177,,
9402,79,1055,removed,Bi-207-9176,,
9402,79,1056,removed,Bi-207-9176,,
9402,79,1068,removed,Bi-207-9176,,
9402,79,1084,removed,Sn-113-9183,,
9402,79,1085,removed,Sn-113-9183,,
9402,79,1088,removed,Cd-109-9178,,
9402,79,1089,removed,Cd-109-9178,,
9402,79,1091,removed,Ce-139-9179,,
9402,79,1092,removed,Ce-139-9179,,
9402,79,1094,removed,Sn-113-9183,,
9402,79,1095,removed,Sn-113-9183,,
9402,79,1098,removed,Cd-109-9178,,
9402,79,1099,removed,Cd-109-9178,,
9402,79,1100,removed,Cd-109-9178,,
9402,79,1101,removed,Ce-139-9179,,
9402,79,1102,removed,Ce-139-9179,,
9402,79,1108,removed,Cd-109-9178,,
9402,79,1109,removed,Cd-109-9178,,
9402,79,1111,removed,Ce-139-9179,,
9402,79,1112,removed,Ce-139-9179,,
9402,80,61,removed,Sn-113-9183,,
9402,80,67,removed,Ce-139-9179,,
9402,80,101,removed,Bi-207-9176,,
9402,80,111,removed,Bi-207-9176,,
9402,80,1017,removed,Bi-207-8890,,
9402,80,1018,removed,Bi-207-8890,,
9402,80,1020,removed,Bi-207-9177,,
9402,80,1021,removed,Bi-207-9177,,
9402,80,1024,removed,Bi-207-9176,,
9402,80,1026,removed,Bi-207-8890,,
9402,80,1027,removed,Bi-207-8890,,
9402,80,1030,removed,Bi-207-9177,,
9402,80,1031,removed,Bi-207-9177,,
9402,80,1033,removed,Bi-207-9176,,
9402,80,1034,removed,Bi-207-9176,,
9402,80,1044,removed,Bi-207-9176,,
9402,80,1060,removed,Sn-113-9183,,
9402,80,1061,removed,Sn-113-9183,,
9402,80,1064,removed,Cd-109-9178,,
9402,80,1065,removed,Cd-109-9178,,
9402,80,1068,removed,Ce-139-9179,,
9402,80,1073,removed,Sn-113-9183,,
9402,80,1074,removed,Sn-113-9183,,
9402,80,1077,removed,Cd-109-9178,,
9402,80,1078,removed,Cd-109-9178,,
9402,80,1080,removed,Ce-139-9179,,
9402,80,1081,removed,Ce-139-9179,,
9402,80,1088,removed,Cd-109-9178,,
9402,80,1089,removed,Cd-109-9178,,
9402,80,1092,removed,Ce-139-9179,,
9402,81,4,removed,Cd-109-9178,,yes
9402,81,11,removed,Cd-109-9178,,yes
9402,81,12,removed,Cd-109-9178,,yes
9402,81,20,removed,Cd-109-9178,,
9402,81,25,removed,Bi-207-8890,,yes
9402,81,26,removed,Bi-207-8890,,yes
9402,81,29,removed,Bi-207-9177,,yes
9402,81,30,removed,Bi-207-9177,,yes
9402,81,36,removed,Bi-207-8890,,yes
9402,81,37,removed,Bi-207-8890,,
9402,81,39,removed,Bi-207-9177,,yes
9402,81,40,removed,Bi-207-9177,,yes
9402,81,43,removed,Bi-207-9176,,yes
9402,81,44,removed,Bi-207-9176,,yes
9402,81,48,removed,Bi-207-8890,,
9402,81,51,removed,Bi-207-9177,,
9402,81,1084,removed,Sn-113-9183,,
9402,81,1085,removed,Sn-113-9183,,
9402,81,1094,removed,Sn-113-9183,,
9402,81,1095,removed,Sn-113-9183,,
9402,81,1096,removed,Sn-113-9183,,
9402,81,1098,removed,Cd-109-9178,,
9402,81,1099,removed,Cd-109-9178,,
9402,81,1100,removed,Cd-109-9178,,
9402,81,1101,removed,Ce-139-9179,,
9402,81,1102,removed,Ce-139-9179,,
9402,81,1108,removed,Cd-109-9178,,
9402,81,1109,removed,Cd-109-9178,,
9402,81,1111,removed,Ce-139-9179,,
9402,81,1112,removed,Ce-139-9179,,
9407,0,48,removed,Sn-113-9183,,
9407,0,49,removed,Sn-113-9183,,
9407,0,52,removed,Cd-109-9178,,
9407,0,74,removed,Bi-207-8890,,
9407,0,77,removed,Bi-207-9177,,
9407,0,1027,removed,Bi-207-8890,,
9407,0,1028,removed,Bi-207-8890,,
9407,0,1031,removed,Bi-207-9177,,
9407,0,1032,removed,Bi-207-9177,,
9407,0,1034,removed,Bi-207-9176,,
9407,0,1037,removed,Bi-207-8890,,
9407,0,1038,removed,Bi-207-8890,,
9407,0,1041,removed,Bi-207-9177,,
9407,0,1042,removed,Bi-207-9177,,
9407,0,1044,removed,Bi-207-9176,,
9407,0,1045,removed,Bi-207-9176,,
9407,0,1056,removed,Bi-207-9176,,
9407,0,1074,removed,Sn-113-9183,,
9407,0,1075,removed,Sn-113-9183,,
9407,0,1078,removed,Cd-109-9178,,
9407,0,1079,removed,Cd-109-9178,,
9407,0,1085,removed,Sn-113-9183,,
9407,0,1086,removed,Sn-113-9183,,
9407,0,1089,removed,Cd-109-9178,,
9407,0,1090,removed,Cd-109-9178,,
9407,0,1091,removed,Cd-109-9178,,
9407,0,1100,removed,Cd-109-9178,,
9407,0,1101,removed,Cd-109-9178,,
9407,1,23,removed,Ce-139-9179,,
9407,1,32,removed,Ce-139-9179,,
9407,1,43,removed,Ce-139-9179,,
9407,1,66,removed,Bi-207-9176,,
9407,1,1036,removed,Bi-207-8890,,
9407,1,1039,removed,Bi-207-9177,,
9407,1,1040,removed,Bi-207-9177,,
9407,1,1043,removed,Bi-207-9176,,
9407,1,1047,removed,Bi-207-8890,,
9407,1,1048,removed,Bi-207-8890,,
9407,1,1051,removed,Bi-207-9177,,
9407,1,1052,removed,Bi-207-9177,,
9407,1,1054,removed,Bi-207-9176,,
9407,1,1055,removed,Bi-207-9176,,
9407,1,1056,removed,Bi-207-9176,,
9407,1,1060,removed,Bi-207-8890,,
9407,1,1064,removed,Bi-207-9177,,
9407,1,1067,removed,Bi-207-9176,,
9407,1,1068,removed,Bi-207-9176,,
9407,1,1084,removed,Sn-113-9183,,
9407,1,1088,removed,Cd-109-9178,,
9407,1,1091,removed,Ce-139-9179,,
9407,1,1092,removed,Ce-139-9179,,
9407,1,1094,removed,Sn-113-9183,,
9407,1,1095,removed,Sn-113-9183,,
9407,1,1098,removed,Cd-109-9178,,
9407,1,1099,removed,Cd-109-9178,,
9407,1,1101,removed,Ce-139-9179,,
9407,1,1102,removed,Ce-139-9179,,
9407,1,1107,removed,Cd-109-9178,,
9407,1,1108,removed,Cd-109-9178,,
9407,1,1111,removed,Ce-139-9179,,
9407,1,1112,removed,Ce-139-9179,,
9407,2,49,removed,Cd-109-9178,,
9407,2,50,removed,Cd-109-9178,,
9407,2,53,removed,Ce-139-9179,,
9407,2,78,removed,Bi-207-9176,,
9407,2,89,removed,Bi-207-9176,,
9407,2,97,removed,Bi-207-9177,,
9407,2,100,removed,Bi-207-9176,,
9407,2,101,removed,Bi-207-9176,,
9407,2,1028,removed,Bi-207-9177,,
9407,2,1029,removed,Bi-207-9177,,
9407,2,1032,removed,Bi-207-9176,,
9407,2,1039,removed,Bi-207-9177,,
9407,2,1040,removed,Bi-207-9177,,
9407,2,1042,removed,Bi-207-9176,,
9407,2,1043,removed,Bi-207-9176,,
9407,2,1054,removed,Bi-207-9176,,
9407,2,1060,removed,Sn-113-9183,,
9407,2,1072,removed,Sn-113-9183,,
9407,2,1073,removed,Sn-113-9183,,
9407,2,1076,removed,Cd-109-9178,,
9407,2,1079,removed,Ce-139-9179,,
9407,2,1084,removed,Sn-113-9183,,
9407,2,1087,removed,Cd-109-9178,,
9407,2,1088,removed,Cd-109-9178,,
9407,2,1090,removed,Ce-139-9179,,
9407,2,1091,removed,Ce-139-9179,,
9407,2,1098,removed,Cd-109-9178,,
9407,2,1101,removed,Ce-139-9179,,
9407,3,51,removed,Bi-207-9177,,
9407,3,60,removed,Bi-207-8890,,
9407,3,61,removed,Bi-207-8890,,
9407,3,64,removed,Bi-207-9177,,
9407,3,1061,removed,Bi-207-8890,,
9407,3,1062,removed,Bi-207-8890,,
9407,3,1065,removed,Bi-207-9177,,
9407,3,1068,removed,Bi-207-9176,,
9407,3,1069,removed,Bi-207-9176,,
9407,3,1073,removed,Bi-207-8890,,
9407,3,1074,removed,Bi-207-8890,,
9407,3,1077,removed,Bi-207-9177,,
9407,3,1078,removed,Bi-207-9177,,
9407,3,1080,removed,Bi-207-9176,,
9407,3,1081,removed,Bi-207-9176,,
9407,3,1089,removed,Bi-207-9177,,
9407,3,1092,removed,Bi-207-9176,,
9407,3,1095,removed,Sn-113-9183,,
9407,3,1096,removed,Sn-113-9183,,
9407,3,1105,removed,Sn-113-9183,,
9407,3,1106,removed,Sn-113-9183,,
9407,3,1108,removed,Cd-109-9178,,
9407,3,1109,removed,Cd-109-9178,,
9407,3,1117,removed,Cd-109-9178,,
9407,3,1118,removed,Cd-109-9178,,
9407,4,2,removed,Cd-109-9178,,
9407,4,39,removed,Bi-207-9177,,
9407,4,42,removed,Bi-207-9176,,
9407,4,53,removed,Bi-207-9176,,
9407,4,1059,removed,Bi-207-8890,,
9407,4,1060,removed,Bi-207-8890,,
9407,4,1062,removed,Bi-207-9177,,
9407,4,1063,removed,Bi-207-9177,,
9407,4,1066,removed,Bi-207-9176,,
9407,4,1067,removed,Bi-207-9176,,
9407,4,1072,removed,Bi-207-8890,,
9407,4,1075,removed,Bi-207-9177,,
9407,4,1076,removed,Bi-207-9177,,
9407,4,1078,removed,Bi-207-9176,,
9407,4,1079,removed,Bi-207-9176,,
9407,4,1106,removed,Cd-109-9178,,
9407,4,1107,removed,Cd-109-9178,,
9407,4,1110,removed,Ce-139-9179,,
9407,4,1111,removed,Ce-139-9179,,
9407,4,1115,removed,Cd-109-9178,,
9407,4,1116,removed,Cd-109-9178,,
9407,4,1118,removed,Ce-139-9179,,
9407,4,1119,removed,Ce-139-9179,,
9407,5,61,removed,Bi-207-8890,,
9407,5,67,removed,Bi-207-9176,,
9407,5,73,removed,Bi-207-8890,,
9407,5,1048,removed,Bi-207-8890,,
9407,5,1060,removed,Bi-207-8890,,
9407,5,1061,removed,Bi-207-8890,,
9407,5,1064,removed,Bi-207-9177,,
9407,5,1065,removed,Bi-207-9177,,
9407,5,1068,removed,Bi-207-9176,,
9407,5,1069,removed,Bi-207-9176,,
9407,5,1073,removed,Bi-207-8890,,
9407,5,1074,removed,Bi-207-8890,,
9407,5,1077,removed,Bi-207-9177,,
9407,5,1078,removed,Bi-207-9177,,
9407,5,1080,removed,Bi-207-9176,,
9407,5,1081,removed,Bi-207-9176,,
9407,5,1095,removed,Sn-113-9183,,
9407,5,1096,removed,Sn-113-9183,,
9407,5,1105,removed,Sn-113-9183,,
9407,5,1106,removed,Sn-113-9183,,
9407,5,1108,removed,Cd-109-9178,,
9407,5,1109,removed,Cd-109-9178,,
9407,5,1117,removed,Cd-109-9178,,
9407,5,1118,removed,Cd-109-9178,,
9407,6,30,removed,Cd-109-9178,,
9407,6,1049,removed,Bi-207-8890,,
9407,6,1050,removed,Bi-207-8890,,
9407,6,1053,removed,Bi-207-9177,,
9407,6,1054,removed,Bi-207-9177,,
9407,6,1056,removed,Bi-207-9176,,
9407,6,1061,removed,Bi-207-8890,,
9407,6,1062,removed,Bi-207-8890,,
9407,6,1065,removed,Bi-207-9177,,
9407,6,1066,removed,Bi-207-9177,,
9407,6,1068,removed,Bi-207-9176,,
9407,6,1069,removed,Bi-207-9176,,
9407,6,1096,removed,Sn-113-9183,,
9407,6,1097,removed,Sn-113-9183,,
9407,6,1100,removed,Cd-109-9178,,
9407,6,1101,removed,Cd-109-9178,,
9407,6,1105,removed,Sn-113-9183,,
9407,6,1106,removed,Sn-113-9183,,
9407,6,1109,removed,Cd-109-9178,,
9407,6,1110,removed,Cd-109-9178,,
9407,7,49,removed,Sn-113-9183,,
9407,7,51,removed,Cd-109-9178,,
9407,7,73,removed,Bi-207-8890,,
9407,7,1026,removed,Bi-207-8890,,
9407,7,1027,removed,Bi-207-8890,,
9407,7,1030,removed,Bi-207-9177,,
9407,7,1031,removed,Bi-207-9177,,
9407,7,1033,removed,Bi-207-9176,,
9407,7,1034,removed,Bi-207-9176,,
9407,7,1037,removed,Bi-207-8890,,
9407,7,1040,removed,Bi-207-9177,,
9407,7,1041,removed,Bi-207-9177,,
9407,7,1044,removed,Bi-207-9176,,
9407,7,1045,removed,Bi-207-9176,,
9407,7,1073,removed,Sn-113-9183,,
9407,7,1074,removed,Sn-113-9183,,
9407,7,1077,removed,Cd-109-9178,,
9407,7,1078,removed,Cd-109-9178,,
9407,7,1080,removed,Ce-139-9179,,
9407,7,1081,removed,Ce-139-9179,,
9407,7,1084,removed,Sn-113-9183,,
9407,7,1085,removed,Sn-113-9183,,
9407,7,1088,removed,Cd-109-9178,,
9407,7,1089,removed,Cd-109-9178,,
9407,7,1090,removed,Cd-109-9178,,
9407,7,1091,removed,Ce-139-9179,,
9407,7,1092,removed,Ce-139-9179,,
9407,7,1099,removed,Cd-109-9178,,
9407,7,1100,removed,Cd-109-9178,,
9407,8,48,removed,Sn-113-9183,,
9407,8,60,removed,Sn-113-9183,,
9407,8,76,removed,Bi-207-9177,,
9407,8,90,removed,Bi-207-9176,,
9407,8,1017,removed,Bi-207-8890,,
9407,8,1026,removed,Bi-207-8890,,
9407,8,1027,removed,Bi-207-8890,,
9407,8,1029,removed,Bi-207-9177,,
9407,8,1030,removed,Bi-207-9177,,
9407,8,1032,removed,Bi-207-9176,,
9407,8,1033,removed,Bi-207-9176,,
9407,8,1037,removed,Bi-207-8890,,
9407,8,1039,removed,Bi-207-9177,,
9407,8,1040,removed,Bi-207-9177,,
9407,8,1042,removed,Bi-207-9176,,
9407,8,1043,removed,Bi-207-9176,,
9407,8,1044,removed,Bi-207-9176,,
9407,8,1054,removed,Bi-207-9176,,
9407,8,1055,removed,Bi-207-9176,,
9407,8,1060,removed,Sn-113-9183,,
9407,8,1072,removed,Sn-113-9183,,
9407,8,1073,removed,Sn-113-9183,,
9407,8,1076,removed,Cd-109-9178,,
9407,8,1077,removed,Cd-109-9178,,
9407,8,1079,removed,Ce-139-9179,,
9407,8,1080,removed,Ce-139-9179,,
9407,8,1084,removed,Sn-113-9183,,
9407,8,1087,removed,Cd-109-9178,,
9407,8,1088,removed,Cd-109-9178,,
9407,8,1090,removed,Ce-139-9179,,
9407,8,1091,removed,Ce-139-9179,,
9407,8,1092,removed,Ce-139-9179,,
9407,8,1101,removed,Ce-139-9179,,
9407,8,1102,removed,Ce-139-9179,,
9407,9,51,removed,Cd-109-9178,,
9407,9,1010,removed,Bi-207-9177,,
9407,9,1011,removed,Bi-207-9177,,
9407,9,1014,removed,Bi-207-9176,,
9407,9,1015,removed,Bi-207-9176,,
9407,9,1019,removed,Bi-207-9177,,
9407,9,1020,removed,Bi-207-9177,,
9407,9,1022,removed,Bi-207-9176,,
9407,9,1023,removed,Bi-207-9176,,
9407,9,1032,removed,Bi-207-9176,,
9407,9,1047,removed,Sn-113-9183,,
9407,9,1051,removed,Cd-109-9178,,
9407,9,1054,removed,Ce-139-9179,,
9407,9,1055,removed,Ce-139-9179,,
9407,9,1059,removed,Sn-113-9183,,
9407,9,1060,removed,Sn-113-9183,,
9407,9,1063,removed,Cd-109-9178,,
9407,9,1064,removed,Cd-109-9178,,
9407,9,1066,removed,Ce-139-9179,,
9407,9,1067,removed,Ce-139-9179,,
9407,9,1068,removed,Ce-139-9179,,
9407,9,1072,removed,Sn-113-9183,,
9407,9,1076,removed,Cd-109-9178,,
9407,9,1079,removed,Ce-139-9179,,
9407,9,1080,removed,Ce-139-9179,,
9407,10,81,removed,Ce-139-9179,,
9407,10,1009,removed,Bi-207-8890,,
9407,10,1010,removed,Bi-207-8890,,
9407,10,1012,removed,Bi-207-9177,,
9407,10,1013,removed,Bi-207-9177,,
9407,10,1017,removed,Bi-207-8890,,
9407,10,1018,removed,Bi-207-8890,,
9407,10,1021,removed,Bi-207-9177,,
9407,10,1022,removed,Bi-207-9177,,
9407,10,1048,removed,Sn-113-9183,,
9407,10,1049,removed,Sn-113-9183,,
9407,10,1053,removed,Cd-109-9178,,
9407,10,1056,removed,Ce-139-9179,,
9407,10,1061,removed,Sn-113-9183,,
9407,10,1062,removed,Sn-113-9183,,
9407,10,1065,removed,Cd-109-9178,,
9407,10,1066,removed,Cd-109-9178,,
9407,10,1068,removed,Ce-139-9179,,
9407,10,1069,removed,Ce-139-9179,,
9407,10,1078,removed,Cd-109-9178,,
9407,10,1081,removed,Ce-139-9179,,
9407,11,29,removed,Cd-109-9178,,
9407,11,38,removed,Cd-109-9178,,
9407,11,39,removed,Cd-109-9178,,
9407,11,42,removed,Ce-139-9179,,
9407,11,1036,removed,Bi-207-8890,,
9407,11,1039,removed,Bi-207-9177,,
9407,11,1047,removed,Bi-207-8890,,
9407,11,1048,removed,Bi-207-8890,,
9407,11,1050,removed,Bi-207-9177,,
9407,11,1051,removed,Bi-207-9177,,
9407,11,1054,removed,Bi-207-9176,,
9407,11,1055,removed,Bi-207-9176,,
9407,11,1059,removed,Bi-207-8890,,
9407,11,1060,removed,Bi-207-8890,,
9407,11,1063,removed,Bi-207-9177,,
9407,11,1066,removed,Bi-207-9176,,
9407,11,1067,removed,Bi-207-9176,,
9407,11,1084,removed,Sn-113-9183,,
9407,11,1094,removed,Sn-113-9183,,
9407,11,1095,removed,Sn-113-9183,,
9407,11,1097,removed,Cd-109-9178,,
9407,11,1098,removed,Cd-109-9178,,
9407,11,1099,removed,Cd-109-9178,,
9407,11,1101,removed,Ce-139-9179,,
9407,11,1102,removed,Ce-139-9179,,
9407,11,1107,removed,Cd-109-9178,,
9407,11,1108,removed,Cd-109-9178,,
9407,11,1110,removed,Ce-139-9179,,
9407,11,1111,removed,Ce-139-9179,,
9407,12,64,removed,Cd-109-9178,,
9407,12,73,removed,Sn-113-9183,,
9407,12,77,removed,Cd-109-9178,,
9407,12,111,removed,Bi-207-9176,,
9407,12,112,removed,Bi-207-9176,,
9407,12,117,removed,Bi-207-9177,,
9407,12,1004,removed,Bi-207-9177,,
9407,12,1007,removed,Bi-207-9176,,
9407,12,1011,removed,Bi-207-9177,,
9407,12,1012,removed,Bi-207-9177,,
9407,12,1014,removed,Bi-207-9176,,
9407,12,1015,removed,Bi-207-9176,,
9407,12,1020,removed,Bi-207-9177,,
9407,12,1023,removed,Bi-207-9176,,
9407,12,1036,removed,Sn-113-9183,,
9407,12,1039,removed,Cd-109-9178,,
9407,12,1040,removed,Cd-109-9178,,
9407,12,1043,removed,Ce-139-9179,,
9407,12,1044,removed,Ce-139-9179,,
9407,12,1047,removed,Sn-113-9183,,
9407,12,1048,removed,Sn-113-9183,,
9407,12,1051,removed,Cd-109-9178,,
9407,12,1052,removed,Cd-109-9178,,
9407,12,1054,removed,Ce-139-9179,,
9407,12,1055,removed,Ce-139-9179,,
9407,12,1056,removed,Ce-139-9179,,
9407,12,1067,removed,Ce-139-9179,,
9407,12,1068,removed,Ce-139-9179,,
9407,13,48,removed,Sn-113-9183,,
9407,13,67,removed,Ce-139-9179,,
9407,13,80,removed,Ce-139-9179,,
9407,13,101,removed,Bi-207-9176,,
9407,13,1009,removed,Bi-207-8890,,
9407,13,1012,removed,Bi-207-9177,,
9407,13,1017,removed,Bi-207-8890,,
9407,13,1018,removed,Bi-207-8890,,
9407,13,1019,removed,Bi-207-9177,,
9407,13,1020,removed,Bi-207-9177,,
9407,13,1021,removed,Bi-207-9177,,
9407,13,1023,removed,Bi-207-9176,,
9407,13,1024,removed,Bi-207-9176,,
9407,13,1026,removed,Bi-207-8890,,
9407,13,1027,removed,Bi-207-8890,,
9407,13,1029,removed,Bi-207-9177,,
9407,13,1030,removed,Bi-207-9177,,
9407,13,1033,removed,Bi-207-9176,,
9407,13,1034,removed,Bi-207-9176,,
9407,13,1047,removed,Sn-113-9183,,
9407,13,1048,removed,Sn-113-9183,,
9407,13,1059,removed,Sn-113-9183,,
9407,13,1060,removed,Sn-113-9183,,
9407,13,1061,removed,Sn-113-9183,,
9407,13,1063,removed,Cd-109-9178,,
9407,13,1064,removed,Cd-109-9178,,
9407,13,1065,removed,Cd-109-9178,,
9407,13,1067,removed,Ce-139-9179,,
9407,13,1068,removed,Ce-139-9179,,
9407,13,1069,removed,Ce-139-9179,,
9407,13,1072,removed,Sn-113-9183,,
9407,13,1073,removed,Sn-113-9183,,
9407,13,1076,removed,Cd-109-9178,,
9407,13,1077,removed,Cd-109-9178,,
9407,13,1080,removed,Ce-139-9179,,
9407,13,1081,removed,Ce-139-9179,,
9407,14,77,removed,Cd-109-9178,,
9407,14,106,removed,Bi-207-8890,,
9407,14,109,removed,Bi-207-9177,,
9407,14,110,removed,Bi-207-9177,,
9407,14,115,removed,Bi-207-8890,,
9407,14,1009,removed,Bi-207-8890,,
9407,14,1010,removed,Bi-207-8890,,
9407,14,1013,removed,Bi-207-9177,,
9407,14,1014,removed,Bi-207-9177,,
9407,14,1018,removed,Bi-207-8890,,
9407,14,1021,removed,Bi-207-9177,,
9407,14,1022,removed,Bi-207-9177,,
9407,14,1037,removed,Sn-113-9183,,
9407,14,1038,removed,Sn-113-9183,,
9407,14,1049,removed,Sn-113-9183,,
9407,14,1050,removed,Sn-113-9183,,
9407,14,1053,removed,Cd-109-9178,,
9407,14,1054,removed,Cd-109-9178,,
9407,14,1065,removed,Cd-109-9178,,
9407,14,1066,removed,Cd-109-9178,,
9407,15,80,removed,Bi-207-9176,,
9407,15,1037,removed,Bi-207-8890,,
9407,15,1041,removed,Bi-207-9177,,
9407,15,1048,removed,Bi-207-8890,,
9407,15,1049,removed,Bi-207-8890,,
9407,15,1052,removed,Bi-207-9177,,
9407,15,1053,removed,Bi-207-9177,,
9407,15,1055,removed,Bi-207-9176,,
9407,15,1056,removed,Bi-207-9176,,
9407,15,1061,removed,Bi-207-8890,,
9407,15,1064,removed,Bi-207-9177,,
9407,15,1065,removed,Bi-207-9177,,
9407,15,1068,removed,Bi-207-9176,,
9407,15,1069,removed,Bi-207-9176,,
9407,15,1085,removed,Sn-113-9183,,
9407,15,1095,removed,Sn-113-9183,,
9407,15,1096,removed,Sn-113-9183,,
9407,15,1099,removed,Cd-109-9178,,
9407,15,1100,removed,Cd-109-9178,,
9407,15,1105,removed,Sn-113-9183,,
9407,15,1108,removed,Cd-109-9178,,
9407,15,1109,removed,Cd-109-9178,,
9407,16,37,removed,Bi-207-8890,,
9407,16,43,removed,Bi-207-9176,,
9407,16,51,removed,Bi-207-9177,,
9407,16,1084,removed,Sn-113-9183,,
9407,16,1085,removed,Sn-113-9183,,
9407,16,1094,removed,Sn-113-9183,,
9407,16,1095,removed,Sn-113-9183,,
9407,16,1096,removed,Sn-113-9183,,
9407,16,1098,removed,Cd-109-9178,,
9407,16,1099,removed,Cd-109-9178,,
9407,16,1100,removed,Cd-109-9178,,
9407,16,1101,removed,Ce-139-9179,,
9407,16,1102,removed,Ce-139-9179,,
9407,16,1108,removed,Cd-109-9178,,
9407,16,1109,removed,Cd-109-9178,,
9407,16,1111,removed,Ce-139-9179,,
9407,16,1112,removed,Ce-139-9179,,
9407,17,110,removed,Bi-207-9176,,
9407,17,111,removed,Bi-207-9176,,
9407,17,118,removed,Bi-207-9176,,
9407,17,120,removed,Bi-207-9176,,
9407,17,1007,removed,Bi-207-9176,,
9407,17,1010,removed,Bi-207-9177,,
9407,17,1011,removed,Bi-207-9177,,
9407,17,1014,removed,Bi-207-9176,,
9407,17,1015,removed,Bi-207-9176,,
9407,17,1019,removed,Bi-207-9177,,
9407,17,1020,removed,Bi-207-9177,,
9407,17,1022,removed,Bi-207-9176,,
9407,17,1023,removed,Bi-207-9176,,
9407,17,1036,removed,Sn-113-9183,,
9407,17,1039,removed,Cd-109-9178,,
9407,17,1042,removed,Ce-139-9179,,
9407,17,1043,removed,Ce-139-9179,,
9407,17,1047,removed,Sn-113-9183,,
9407,17,1048,removed,Sn-113-9183,,
9407,17,1050,removed,Cd-109-9178,,
9407,17,1051,removed,Cd-109-9178,,
9407,17,1053,removed,Ce-139-9179,,
9407,17,1054,removed,Ce-139-9179,,
9407,17,1055,removed,Ce-139-9179,,
9407,17,1060,removed,Sn-113-9183,,
9407,17,1063,removed,Cd-109-9178,,
9407,17,1066,removed,Ce-139-9179,,
9407,17,1067,removed,Ce-139-9179,,
9407,18,17,removed,Sn-113-9183,,
9407,18,19,removed,Cd-109-9178,,
9407,18,24,removed,Ce-139-9179,,
9407,18,27,removed,Sn-113-9183,,
9407,18,37,removed,Sn-113-9183,,
9407,18,51,removed,Bi-207-9177,,
9407,18,52,removed,Bi-207-9177,,
9407,18,61,removed,Bi-207-8890,,
9407,18,67,removed,Bi-207-9176,,
9407,18,1036,removed,Bi-207-8890,,
9407,18,1037,removed,Bi-207-8890,,
9407,18,1040,removed,Bi-207-9177,,
9407,18,1041,removed,Bi-207-9177,,
9407,18,1044,removed,Bi-207-9176,,
9407,18,1047,removed,Bi-207-8890,,
9407,18,1048,removed,Bi-207-8890,,
9407,18,1049,removed,Bi-207-8890,,
9407,18,1051,removed,Bi-207-9177,,
9407,18,1052,removed,Bi-207-9177,,
9407,18,1055,removed,Bi-207-9176,,
9407,18,1056,removed,Bi-207-9176,,
9407,18,1068,removed,Bi-207-9176,,
9407,18,1084,removed,Sn-113-9183,,
9407,18,1085,removed,Sn-113-9183,,
9407,18,1088,removed,Cd-109-9178,,
9407,18,1089,removed,Cd-109-9178,,
9407,18,1091,removed,Ce-139-9179,,
9407,18,1092,removed,Ce-139-9179,,
9407,18,1094,removed,Sn-113-9183,,
9407,18,1095,removed,Sn-113-9183,,
9407,18,1098,removed,Cd-109-9178,,
9407,18,1099,removed,Cd-109-9178,,
9407,18,1100,removed,Cd-109-9178,,
9407,18,1101,removed,Ce-139-9179,,
9407,18,1102,removed,Ce-139-9179,,
9407,18,1108,removed,Cd-109-9178,,
9407,18,1109,removed,Cd-109-9178,,
9407,18,1111,removed,Ce-139-9179,,
9407,18,1112,removed,Ce-139-9179,,
9409,0,28,removed,Sn-113-9183,,
9409,0,38,removed,Sn-113-9183,,
9409,0,1061,removed,Bi-207-8890,,
9409,0,1062,removed,Bi-207-8890,,
9409,0,1065,removed,Bi-207-9177,,
9409,0,1066,removed,Bi-207-9177,,
9409,0,1068,removed,Bi-207-9176,,
9409,0,1069,removed,Bi-207-9176,,
9409,0,1074,removed,Bi-207-8890,,
9409,0,1077,removed,Bi-207-9177,,
9409,0,1078,removed,Bi-207-9177,,
9409,0,1081,removed,Bi-207-9176,,
9409,0,1096,removed,Sn-113-9183,,
9409,0,1097,removed,Sn-113-9183,,
9409,0,1105,removed,Sn-113-9183,,
9409,0,1106,removed,Sn-113-9183,,
9409,0,1109,removed,Cd-109-9178,,
9409,0,1110,removed,Cd-109-9178,,
9409,0,1117,removed,Cd-109-9178,,
9409,0,1118,removed,Cd-109-9178,,
9409,0,1119,removed,Cd-109-9178,,
9409,1,60,removed,Sn-113-9183,,
9409,1,61,removed,Sn-113-9183,,
9409,1,80,removed,Ce-139-9179,,
9409,1,96,removed,Bi-207-8890,,
9409,1,1012,removed,Bi-207-9177,,
9409,1,1013,removed,Bi-207-9177,,
9409,1,1020,removed,Bi-207-9177,,
9409,1,1021,removed,Bi-207-9177,,
9409,1,1036,removed,Sn-113-9183,,
9409,1,1037,removed,Sn-113-9183,,
9409,1,1048,removed,Sn-113-9183,,
9409,1,1049,removed,Sn-113-9183,,
9409,1,1052,removed,Cd-109-9178,,
9409,1,1053,removed,Cd-109-9178,,
9409,1,1055,removed,Ce-139-9179,,
9409,1,1056,removed,Ce-139-9179,,
9409,1,1064,removed,Cd-109-9178,,
9409,1,1065,removed,Cd-109-9178,,
9409,1,1068,removed,Ce-139-9179,,
9409,1,1069,removed,Ce-139-9179,,
9409,2,98,removed,Bi-207-9177,,
9409,2,1010,removed,Bi-207-9177,,
9409,2,1018,removed,Bi-207-9177,,
9409,2,1019,removed,Bi-207-9177,,
9409,2,1020,removed,Bi-207-9177,,
9409,2,1022,removed,Bi-207-9176,,
9409,2,1023,removed,Bi-207-9176,,
9409,2,1028,removed,Bi-207-9177,,
9409,2,1029,removed,Bi-207-9177,,
9409,2,1031,removed,Bi-207-9176,,
9409,2,1032,removed,Bi-207-9176,,
9409,2,1047,removed,Sn-113-9183,,
9409,2,1059,removed,Sn-113-9183,,
9409,2,1060,removed,Sn-113-9183,,
9409,2,1062,removed,Cd-109-9178,,
9409,2,1063,removed,Cd-109-9178,,
9409,2,1064,removed,Cd-109-9178,,
9409,2,1066,removed,Ce-139-9179,,
9409,2,1067,removed,Ce-139-9179,,
9409,2,1072,removed,Sn-113-9183,,
9409,2,1075,removed,Cd-109-9178,,
9409,2,1076,removed,Cd-109-9178,,
9409,2,1078,removed,Ce-139-9179,,
9409,2,1079,removed,Ce-139-9179,,
9409,3,26,removed,Sn-113-9183,,
9409,3,39,removed,Cd-109-9178,,
9409,3,48,removed,Bi-207-8890,,
9409,3,64,removed,Bi-207-9177,,
9409,3,1059,removed,Bi-207-8890,,
9409,3,1060,removed,Bi-207-8890,,
9409,3,1063,removed,Bi-207-9177,,
9409,3,1064,removed,Bi-207-9177,,
9409,3,1072,removed,Bi-207-8890,,
9409,3,1073,removed,Bi-207-8890,,
9409,3,1075,removed,Bi-207-9177,,
9409,3,1076,removed,Bi-207-9177,,
9409,3,1079,removed,Bi-207-9176,,
9409,3,1080,removed,Bi-207-9176,,
9409,3,1087,removed,Bi-207-9177,,
9409,3,1091,removed,Bi-207-9176,,
9409,3,1107,removed,Cd-109-9178,,
9409,3,1108,removed,Cd-109-9178,,
9409,3,1115,removed,Cd-109-9178,,
9409,3,1116,removed,Cd-109-9178,,
9409,3,1117,removed,Cd-109-9178,,
9409,4,27,removed,Sn-113-9183,,
9409,4,40,removed,Bi-207-9177,,yes
9409,4,41,removed,Bi-207-9177,,yes
9409,4,45,removed,Bi-207-9176,,
9409,4,48,removed,Bi-207-8890,,yes
9409,4,49,removed,Bi-207-8890,,yes
9409,4,51,removed,Bi-207-9177,,
9409,4,52,removed,Bi-207-9177,,yes
9409,4,55,removed,Bi-207-9176,,yes
9409,4,56,removed,Bi-207-9176,,yes
9409,4,1080,removed,Bi-207-9176,,
9409,4,1081,removed,Bi-207-9176,,
9409,4,1084,removed,Sn-113-9183,,
9409,4,1085,removed,Sn-113-9183,,
9409,4,1089,removed,Cd-109-9178,,
9409,4,1091,removed,Bi-207-9176,,
9409,4,1092,removed,Bi-207-9176,,
9409,4,1095,removed,Sn-113-9183,,
9409,4,1096,removed,Sn-113-9183,,
9409,4,1099,removed,Cd-109-9178,,
9409,4,1100,removed,Cd-109-9178,,
9409,4,1101,removed,Ce-139-9179,,
9409,4,1102,removed,Ce-139-9179,,
9409,4,1108,removed,Cd-109-9178,,
9409,4,1109,removed,Cd-109-9178,,
9409,4,1111,removed,Ce-139-9179,,
9409,4,1112,removed,Ce-139-9179,,
9409,5,84,removed,Sn-113-9183,,
9409,5,110,removed,Bi-207-9176,,
9409,5,111,removed,Bi-207-9176,,
9409,5,118,removed,Bi-207-9176,,
9409,5,120,removed,Bi-207-9176,,
9409,5,1010,removed,Bi-207-9177,,
9409,5,1011,removed,Bi-207-9177,,
9409,5,1012,removed,Bi-207-9177,,
9409,5,1014,removed,Bi-207-9176,,
9409,5,1015,removed,Bi-207-9176,,
9409,5,1019,removed,Bi-207-9177,,
9409,5,1020,removed,Bi-207-9177,,
9409,5,1022,removed,Bi-207-9176,,
9409,5,1023,removed,Bi-207-9176,,
9409,5,1036,removed,Sn-113-9183,,
9409,5,1043,removed,Ce-139-9179,,
9409,5,1047,removed,Sn-113-9183,,
9409,5,1048,removed,Sn-113-9183,,
9409,5,1050,removed,Cd-109-9178,,
9409,5,1051,removed,Cd-109-9178,,
9409,5,1052,removed,Cd-109-9178,,
9409,5,1054,removed,Ce-139-9179,,
9409,5,1055,removed,Ce-139-9179,,
9409,5,1059,removed,Sn-113-9183,,
9409,5,1060,removed,Sn-113-9183,,
9409,5,1063,removed,Cd-109-9178,,
9409,5,1064,removed,Cd-109-9178,,
9409,5,1066,removed,Ce-139-9179,,
9409,5,1067,removed,Ce-139-9179,,
9415,0,37,removed,Sn-113-9183,,
9415,0,39,removed,Cd-109-9178,,
9415,0,48,removed,Sn-113-9183,,
9415,0,64,removed,Bi-207-9177,,
9415,0,68,removed,Bi-207-9176,,
9415,0,79,removed,Bi-207-9176,,
9415,0,1026,removed,Bi-207-8890,,
9415,0,1027,removed,Bi-207-8890,,
9415,0,1036,removed,Bi-207-8890,,
9415,0,1037,removed,Bi-207-8890,,
9415,0,1040,removed,Bi-207-9177,,
9415,0,1041,removed,Bi-207-9177,,
9415,0,1043,removed,Bi-207-9176,,
9415,0,1044,removed,Bi-207-9176,,
9415,0,1045,removed,Bi-207-9176,,
9415,0,1051,removed,Bi-207-9177,,
9415,0,1052,removed,Bi-207-9177,,
9415,0,1055,removed,Bi-207-9176,,
9415,0,1056,removed,Bi-207-9176,,
9415,0,1073,removed,Sn-113-9183,,
9415,0,1080,removed,Ce-139-9179,,
9415,0,1081,removed,Ce-139-9179,,
9415,0,1084,removed,Sn-113-9183,,
9415,0,1085,removed,Sn-113-9183,,
9415,0,1088,removed,Cd-109-9178,,
9415,0,1089,removed,Cd-109-9178,,
9415,0,1091,removed,Ce-139-9179,,
9415,0,1092,removed,Ce-139-9179,,
9415,0,1095,removed,Sn-113-9183,,
9415,0,1098,removed,Cd-109-9178,,
9415,0,1099,removed,Cd-109-9178,,
9415,0,1102,removed,Ce-139-9179,,
9415,1,74,removed,Sn-113-9183,,
9415,1,85,removed,Bi-207-8890,,
9415,1,1009,removed,Bi-207-8890,,
9415,1,1010,removed,Bi-207-8890,,
9415,1,1013,removed,Bi-207-9177,,
9415,1,1014,removed,Bi-207-9177,,
9415,1,1017,removed,Bi-207-8890,,
9415,1,1018,removed,Bi-207-8890,,
9415,1,1021,removed,Bi-207-9177,,
9415,1,1022,removed,Bi-207-9177,,
9415,1,1027,removed,Bi-207-8890,,
9415,1,1031,removed,Bi-207-9177,,
9415,1,1049,removed,Sn-113-9183,,
9415,1,1050,removed,Sn-113-9183,,
9415,1,1053,removed,Cd-109-9178,,
9415,1,1056,removed,Ce-139-9179,,
9415,1,1061,removed,Sn-113-9183,,
9415,1,1062,removed,Sn-113-9183,,
9415,1,1065,removed,Cd-109-9178,,
9415,1,1066,removed,Cd-109-9178,,
9415,1,1067,removed,Cd-109-9178,,
9415,1,1068,removed,Ce-139-9179,,
9415,1,1069,removed,Ce-139-9179,,
9415,1,1078,removed,Cd-109-9178,,
9415,1,1079,removed,Cd-109-9178,,
9415,1,1081,removed,Ce-139-9179,,
9415,2,41,removed,Cd-109-9178,,
9415,2,80,removed,Bi-207-9176,,
9415,2,1037,removed,Bi-207-8890,,
9415,2,1038,removed,Bi-207-8890,,
9415,2,1041,removed,Bi-207-9177,,
9415,2,1042,removed,Bi-207-9177,,
9415,2,1044,removed,Bi-207-9176,,
9415,2,1045,removed,Bi-207-9176,,
9415,2,1048,removed,Bi-207-8890,,
9415,2,1049,removed,Bi-207-8890,,
9415,2,1052,removed,Bi-207-9177,,
9415,2,1053,removed,Bi-207-9177,,
9415,2,1055,removed,Bi-207-9176,,
9415,2,1056,removed,Bi-207-9176,,
9415,2,1068,removed,Bi-207-9176,,
9415,2,1069,removed,Bi-207-9176,,
9415,2,1085,removed,Sn-113-9183,,
9415,2,1086,removed,Sn-113-9183,,
9415,2,1089,removed,Cd-109-9178,,
9415,2,1090,removed,Cd-109-9178,,
9415,2,1095,removed,Sn-113-9183,,
9415,2,1096,removed,Sn-113-9183,,
9415,2,1099,removed,Cd-109-9178,,
9415,2,1100,removed,Cd-109-9178,,
9415,2,1101,removed,Cd-109-9178,,
9415,2,1109,removed,Cd-109-9178,,
9415,2,1110,removed,Cd-109-9178,,
9415,3,1029,removed,Cd-109-9178,,
9415,3,1030,removed,Cd-109-9178,,
9415,3,1032,removed,Ce-139-9179,,
9415,3,1033,removed,Ce-139-9179,,
9415,3,1039,removed,Cd-109-9178,,
9415,3,1040,removed,Cd-109-9178,,
9415,3,1042,removed,Ce-139-9179,,
9415,3,1043,removed,Ce-139-9179,,
9415,3,1044,removed,Ce-139-9179,,
9415,4,75,removed,Bi-207-9177,,
9415,4,1028,removed,Bi-207-9177,,
9415,4,1029,removed,Bi-207-9177,,
9415,4,1032,removed,Bi-207-9176,,
9415,4,1033,removed,Bi-207-9176,,
9415,4,1039,removed,Bi-207-9177,,
9415,4,1040,removed,Bi-207-9177,,
9415,4,1042,removed,Bi-207-9176,,
9415,4,1043,removed,Bi-207-9176,,
9415,4,1054,removed,Bi-207-9176,,
9415,4,1059,removed,Sn-113-9183,,
9415,4,1060,removed,Sn-113-9183,,
9415,4,1072,removed,Sn-113-9183,,
9415,4,1073,removed,Sn-113-9183,,
9415,4,1076,removed,Cd-109-9178,,
9415,4,1079,removed,Ce-139-9179,,
9415,4,1080,removed,Ce-139-9179,,
9415,4,1084,removed,Sn-113-9183,,
9415,4,1087,removed,Cd-109-9178,,
9415,4,1088,removed,Cd-109-9178,,
9415,4,1090,removed,Ce-139-9179,,
9415,4,1091,removed,Ce-139-9179,,
9415,4,1098,removed,Cd-109-9178,,
9415,4,1101,removed,Ce-139-9179,,
9415,5,64,removed,Cd-109-9178,,
9415,5,73,removed,Sn-113-9183,,yes
9415,5,74,removed,Sn-113-9183,,yes
9415,5,85,removed,Sn-113-9183,,yes
9415,5,86,removed,Sn-113-9183,,
9415,5,106,removed,Bi-207-8890,,
9415,5,1009,removed,Bi-207-8890,,
9415,5,1010,removed,Bi-207-8890,,
9415,5,1012,removed,Bi-207-9177,,
9415,5,1013,removed,Bi-207-9177,,
9415,5,1014,removed,Bi-207-9177,,
9415,5,1018,removed,Bi-207-8890,,
9415,5,1021,removed,Bi-207-9177,,
9415,5,1022,removed,Bi-207-9177,,
9415,5,1037,removed,Sn-113-9183,,
9415,5,1038,removed,Sn-113-9183,,
9415,5,1048,removed,Sn-113-9183,,
9415,5,1049,removed,Sn-113-9183,,
9415,5,1050,removed,Sn-113-9183,,
9415,5,1052,removed,Cd-109-9178,,
9415,5,1053,removed,Cd-109-9178,,
9415,5,1054,removed,Cd-109-9178,,
9415,5,1061,removed,Sn-113-9183,,
9415,5,1062,removed,Sn-113-9183,,
9415,5,1065,removed,Cd-109-9178,,
9415,5,1066,removed,Cd-109-9178,,
9415,6,29,removed,Cd-109-9178,,
9415,6,38,removed,Cd-109-9178,,
9415,6,39,removed,Cd-109-9178,,
9415,6,48,removed,Sn-113-9183,,
9415,6,1038,removed,Bi-207-9177,,
9415,6,1039,removed,Bi-207-9177,,
9415,6,1042,removed,Bi-207-9176,,
9415,6,1043,removed,Bi-207-9176,,
9415,6,1050,removed,Bi-207-9177,,
9415,6,1051,removed,Bi-207-9177,,
9415,6,1053,removed,Bi-207-9176,,
9415,6,1054,removed,Bi-207-9176,,
9415,6,1066,removed,Bi-207-9176,,
9415,6,1087,removed,Cd-109-9178,,
9415,6,1090,removed,Ce-139-9179,,
9415,6,1091,removed,Ce-139-9179,,
9415,6,1097,removed,Cd-109-9178,,
9415,6,1098,removed,Cd-109-9178,,
9415,6,1100,removed,Ce-139-9179,,
9415,6,1101,removed,Ce-139-9179,,
9415,6,1102,removed,Ce-139-9179,,
9415,6,1107,removed,Cd-109-9178,,
9415,6,1110,removed,Ce-139-9179,,
9415,6,1111,removed,Ce-139-9179,,
9415,7,26,removed,Sn-113-9183,,
9415,7,39,removed,Cd-109-9178,,
9415,7,1067,removed,Bi-207-9176,,
9415,7,1068,removed,Bi-207-9176,,
9415,7,1079,removed,Bi-207-9176,,
9415,7,1080,removed,Bi-207-9176,,
9415,7,1084,removed,Sn-113-9183,,
9415,7,1085,removed,Sn-113-9183,,
9415,7,1091,removed,Bi-207-9176,,
9415,7,1094,removed,Sn-113-9183,,
9415,7,1095,removed,Sn-113-9183,,
9415,7,1107,removed,Cd-109-9178,,
9415,7,1108,removed,Cd-109-9178,,
9415,7,1116,removed,Cd-109-9178,,
9415,7,1117,removed,Cd-109-9178,,
9415,8,11,removed,Cd-109-9178,,
9415,8,19,removed,Cd-109-9178,,
9415,8,40,removed,Bi-207-9177,,
9415,8,47,removed,Bi-207-8890,,
9415,8,51,removed,Bi-207-9177,,
9415,8,1059,removed,Bi-207-8890,,
9415,8,1060,removed,Bi-207-8890,,
9415,8,1072,removed,Bi-207-8890,,
9415,8,1073,removed,Bi-207-8890,,
9415,8,1075,removed,Bi-207-9177,,
9415,8,1076,removed,Bi-207-9177,,
9415,8,1087,removed,Bi-207-9177,,
9415,8,1088,removed,Bi-207-9177,,
9415,8,1090,removed,Bi-207-9176,,
9415,8,1091,removed,Bi-207-9176,,
9415,8,1092,removed,Bi-207-9176,,
9415,8,1101,removed,Bi-207-9176,,
9415,8,1102,removed,Bi-207-9176,,
9415,8,1107,removed,Cd-109-9178,,
9415,8,1108,removed,Cd-109-9178,,
9415,8,1111,removed,Ce-139-9179,,
9415,8,1116,removed,Cd-109-9178,,
9415,8,1118,removed,Ce-139-9179,,
9415,8,1119,removed,Ce-139-9179,,
9415,8,1127,removed,Ce-139-9179,,
9415,9,64,removed,Bi-207-9177,,
9415,9,1059,removed,Bi-207-8890,,
9415,9,1060,removed,Bi-207-8890,,
9415,9,1063,removed,Bi-207-9177,,
9415,9,1064,removed,Bi-207-9177,,
9415,9,1066,removed,Bi-207-9176,,
9415,9,1067,removed,Bi-207-9176,,
9415,9,1072,removed,Bi-207-8890,,
9415,9,1075,removed,Bi-207-9177,,
9415,9,1076,removed,Bi-207-9177,,
9415,9,1079,removed,Bi-207-9176,,
9415,9,1080,removed,Bi-207-9176,,
9415,9,1107,removed,Cd-109-9178,,
9415,9,1108,removed,Cd-109-9178,,
9415,9,1110,removed,Ce-139-9179,,
9415,9,1111,removed,Ce-139-9179,,
9415,9,1115,removed,Cd-109-9178,,
9415,9,1116,removed,Cd-109-9178,,
9415,9,1117,removed,Cd-109-9178,,
9415,9,1119,removed,Ce-139-9179,,
9415,10,49,removed,Sn-113-9183,,
9415,10,60,removed,Sn-113-9183,,
9415,10,61,removed,Sn-113-9183,,
9415,10,1017,removed,Bi-207-8890,,
9415,10,1021,removed,Bi-207-9177,,
9415,10,1026,removed,Bi-207-8890,,
9415,10,1027,removed,Bi-207-8890,,
9415,10,1030,removed,Bi-207-9177,,
9415,10,1031,removed,Bi-207-9177,,
9415,10,1033,removed,Bi-207-9176,,
9415,10,1034,removed,Bi-207-9176,,
9415,10,1037,removed,Bi-207-8890,,
9415,10,1040,removed,Bi-207-9177,,
9415,10,1041,removed,Bi-207-9177,,
9415,10,1044,removed,Bi-207-9176,,
9415,10,1045,removed,Bi-207-9176,,
9415,10,1061,removed,Sn-113-9183,,
9415,10,1068,removed,Ce-139-9179,,
9415,10,1073,removed,Sn-113-9183,,
9415,10,1074,removed,Sn-113-9183,,
9415,10,1077,removed,Cd-109-9178,,
9415,10,1078,removed,Cd-109-9178,,
9415,10,1080,removed,Ce-139-9179,,
9415,10,1081,removed,Ce-139-9179,,
9415,10,1085,removed,Sn-113-9183,,
9415,10,1088,removed,Cd-109-9178,,
9415,10,1089,removed,Cd-109-9178,,
9415,10,1092,removed,Ce-139-9179,,
9415,11,40,removed,Cd-109-9178,,
9415,11,48,removed,Sn-113-9183,,yes
9415,11,49,removed,Sn-113-9183,,yes
9415,11,61,removed,Sn-113-9183,,
9415,11,62,removed,Sn-113-9183,,
9415,11,88,removed,Bi-207-9177,,
9415,11,92,removed,Bi-207-9176,,yes
9415,11,102,removed,Bi-207-9176,,yes
9415,11,103,removed,Bi-207-9176,,yes
9415,11,105,removed,Bi-207-8890,,
9415,11,112,removed,Bi-207-9176,,
9415,11,1018,removed,Bi-207-8890,,
9415,11,1027,removed,Bi-207-8890,,
9415,11,1028,removed,Bi-207-8890,,
9415,11,1030,removed,Bi-207-9177,,
9415,11,1031,removed,Bi-207-9177,,
9415,11,1032,removed,Bi-207-9177,,
9415,11,1034,removed,Bi-207-9176,,
9415,11,1037,removed,Bi-207-8890,,
9415,11,1038,removed,Bi-207-8890,,
9415,11,1041,removed,Bi-207-9177,,
9415,11,1042,removed,Bi-207-9177,,
9415,11,1044,removed,Bi-207-9176,,
9415,11,1045,removed,Bi-207-9176,,
9415,11,1061,removed,Sn-113-9183,,
9415,11,1062,removed,Sn-113-9183,,
9415,11,1073,removed,Sn-113-9183,,
9415,11,1074,removed,Sn-113-9183,,
9415,11,1075,removed,Sn-113-9183,,
9415,11,1077,removed,Cd-109-9178,,
9415,11,1078,removed,Cd-109-9178,,
9415,11,1079,removed,Cd-109-9178,,
9415,11,1085,removed,Sn-113-9183,,
9415,11,1086,removed,Sn-113-9183,,
9415,11,1089,removed,Cd-109-9178,,
9415,11,1090,removed,Cd-109-9178,,
9415,12,1028,removed,Cd-109-9178,,
9415,12,1029,removed,Cd-109-9178,,
9415,12,1030,removed,Cd-109-9178,,
9415,12,1032,removed,Ce-139-9179,,
9415,12,1033,removed,Ce-139-9179,,
9415,12,1039,removed,Cd-109-9178,,
9415,12,1040,removed,Cd-109-9178,,
9415,12,1042,removed,Ce-139-9179,,
9415,12,1043,removed,Ce-139-9179,,
9416,0,47,removed,Bi-207-8890,,
9416,0,51,removed,Bi-207-9177,,
9416,0,1040,removed,Bi-207-9177,,
9416,0,1041,removed,Bi-207-9177,,
9416,0,1051,removed,Bi-207-9177,,
9416,0,1052,removed,Bi-207-9177,,
9416,0,1053,removed,Bi-207-9177,,
9416,0,1064,removed,Bi-207-9177,,
9416,0,1065,removed,Bi-207-9177,,
9416,0,1084,removed,Sn-113-9183,,
9416,0,1085,removed,Sn-113-9183,,
9416,0,1094,removed,Sn-113-9183,,
9416,0,1095,removed,Sn-113-9183,,
9416,0,1096,removed,Sn-113-9183,,
9416,0,1098,removed,Cd-109-9178,,
9416,0,1099,removed,Cd-109-9178,,
9416,0,1100,removed,Cd-109-9178,,
9416,0,1101,removed,Ce-139-9179,,
9416,0,1102,removed,Ce-139-9179,,
9416,0,1108,removed,Cd-109-9178,,
9416,0,1109,removed,Cd-109-9178,,
9416,0,1111,removed,Ce-139-9179,,
9416,0,1112,removed,Ce-139-9179,,
9416,1,49,removed,Sn-113-9183,,
9416,1,62,removed,Bi-207-8890,,
9416,1,1049,removed,Bi-207-8890,,
9416,1,1050,removed,Bi-207-8890,,
9416,1,1053,removed,Bi-207-9177,,
9416,1,1054,removed,Bi-207-9177,,
9416,1,1056,removed,Bi-207-9176,,
9416,1,1061,removed,Bi-207-8890,,
9416,1,1062,removed,Bi-207-8890,,
9416,1,1065,removed,Bi-207-9177,,
9416,1,1066,removed,Bi-207-9177,,
9416,1,1068,removed,Bi-207-9176,,
9416,1,1069,removed,Bi-207-9176,,
9416,1,1081,removed,Bi-207-9176,,
9416,1,1096,removed,Sn-113-9183,,
9416,1,1097,removed,Sn-113-9183,,
9416,1,1100,removed,Cd-109-9178,,
9416,1,1101,removed,Cd-109-9178,,
9416,1,1105,removed,Sn-113-9183,,
9416,1,1106,removed,Sn-113-9183,,
9416,1,1109,removed,Cd-109-9178,,
9416,1,1110,removed,Cd-109-9178,,
9416,1,1111,removed,Cd-109-9178,,
9416,1,1118,removed,Cd-109-9178,,
9416,1,1119,removed,Cd-109-9178,,
9416,2,40,removed,Cd-109-9178,,
9416,2,49,removed,Sn-113-9183,,
9416,2,1027,removed,Bi-207-8890,,
9416,2,1028,removed,Bi-207-8890,,
9416,2,1031,removed,Bi-207-9177,,
9416,2,1032,removed,Bi-207-9177,,
9416,2,1034,removed,Bi-207-9176,,
9416,2,1037,removed,Bi-207-8890,,
9416,2,1038,removed,Bi-207-8890,,
9416,2,1041,removed,Bi-207-9177,,
9416,2,1042,removed,Bi-207-9177,,
9416,2,1044,removed,Bi-207-9176,,
9416,2,1045,removed,Bi-207-9176,,
9416,2,1056,removed,Bi-207-9176,,
9416,2,1074,removed,Sn-113-9183,,
9416,2,1075,removed,Sn-113-9183,,
9416,2,1078,removed,Cd-109-9178,,
9416,2,1079,removed,Cd-109-9178,,
9416,2,1085,removed,Sn-113-9183,,
9416,2,1086,removed,Sn-113-9183,,
9416,2,1089,removed,Cd-109-9178,,
9416,2,1090,removed,Cd-109-9178,,
9416,2,1091,removed,Cd-109-9178,,
9416,2,1100,removed,Cd-109-9178,,
9416,2,1101,removed,Cd-109-9178,,
9416,3,106,removed,Bi-207-8890,,
9416,3,1009,removed,Bi-207-8890,,
9416,3,1010,removed,Bi-207-8890,,
9416,3,1017,removed,Bi-207-8890,,
9416,3,1018,removed,Bi-207-8890,,
9416,3,1019,removed,Bi-207-8890,,
9416,3,1023,removed,Bi-207-9176,,
9416,3,1024,removed,Bi-207-9176,,
9416,3,1033,removed,Bi-207-9176,,
9416,3,1034,removed,Bi-207-9176,,
9464,6,1106,removed,Bi-207-8890,,
9464,6,1107,removed,Bi-207-8890,,
9464,6,1109,removed,Cd-109-9178,,
9464,6,1110,removed,Cd-109-9178,,
9464,6,1115,removed,Bi-207-8890,,
9464,6,1116,removed,Bi-207-8890,,
9464,6,1117,removed,Cd-109-9178,,
9464,6,1118,removed,Cd-109-9178,,
9464,7,1110,removed,Cd-109-9178,,
9464,7,1118,removed,Cd-109-9178,,
9464,7,1119,removed,Cd-109-9178,,
9464,8,1107,removed,Bi-207-8890,,
9464,8,1108,removed,Bi-207-8890,,
9464,8,1110,removed,Cd-109-9178,,
9464,8,1111,removed,Cd-109-9178,,
9464,8,1115,removed,Bi-207-8890,,
9464,8,1116,removed,Bi-207-8890,,
9464,8,1118,removed,Cd-109-9178,,
9464,8,1119,removed,Cd-109-9178,,
9464,9,4,removed,Bi-207-8890,,
9464,9,5,removed,Bi-207-8890,,yes
9464,9,11,removed,Bi-207-8890,,
9464,9,12,removed,Bi-207-8890,,
9464,9,17,removed,Bi-207-9176,,
9464,9,20,removed,Bi-207-8890,,yes
9464,9,27,removed,Bi-207-9176,,
9464,9,28,removed,Bi-207-9176,,
9464,9,1097,removed,Bi-207-8890,,
9464,9,1106,removed,Bi-207-8890,,
9464,9,1107,removed,Bi-207-8890,,
9464,9,1115,removed,Bi-207-8890,,
9464,10,9,removed,Bi-207-9177,,
9464,10,10,removed,Bi-207-9177,,
9464,10,14,removed,Bi-207-8890,,
9464,10,21,removed,Bi-207-8890,,yes
9464,10,22,removed,Bi-207-8890,,yes
9464,10,1097,removed,Bi-207-8890,,
9464,10,1106,removed,Bi-207-8890,,
9464,10,1107,removed,Bi-207-8890,,
9464,10,1110,removed,Cd-109-9178,,
9464,10,1111,removed,Cd-109-9178,,
9464,10,1115,removed,Bi-207-8890,,
9464,10,1118,removed,Cd-109-9178,,
9464,10,1119,removed,Cd-109-9178,,
9464,11,9,removed,Bi-207-9177,,
9464,11,10,removed,Bi-207-9177,,yes
9464,11,17,removed,Bi-207-9177,,
9464,11,18,removed,Bi-207-9177,,
9464,11,19,removed,Bi-207-9177,,yes
9464,11,1107,removed,Bi-207-8890,,
9464,11,1108,removed,Bi-207-8890,,
9464,11,1110,removed,Cd-109-9178,,
9464,11,1111,removed,Cd-109-9178,,
9464,11,1115,removed,Bi-207-8890,,
9464,11,1116,removed,Bi-207-8890,,
9464,11,1119,removed,Cd-109-9178,,
9464,12,12,removed,Bi-207-8890,,yes
9464,12,20,removed,Bi-207-8890,,yes
9464,12,21,removed,Bi-207-8890,,yes
9464,12,29,removed,Bi-207-8890,,
9464,12,30,removed,Bi-207-8890,,yes
9464,12,1086,removed,Bi-207-9176,,
9464,12,1089,removed,Bi-207-8779,,
9464,12,1096,removed,Bi-207-9176,,
9464,12,1097,removed,Bi-207-9176,,
9464,12,1099,removed,Bi-207-8779,,
9464,12,1100,removed,Bi-207-8779,,
9464,12,1105,removed,Bi-207-9176,,
9464,12,1106,removed,Bi-207-9176,,
9464,12,1108,removed,Bi-207-8779,,
9464,12,1109,removed,Bi-207-8779,,
9464,13,13,removed,Bi-207-8890,,
9464,13,1086,removed,Bi-207-9176,,
9464,13,1087,removed,Bi-207-9176,,
9464,13,1096,removed,Bi-207-9176,,
9464,13,1097,removed,Bi-207-9176,,
9464,13,1098,removed,Bi-207-9176,,
9464,13,1100,removed,Bi-207-8779,,
9464,13,1101,removed,Bi-207-8779,,
9464,13,1106,removed,Bi-207-9176,,
9464,13,1107,removed,Bi-207-9176,,
9464,13,1109,removed,Bi-207-8779,,
9464,13,1110,removed,Bi-207-8779,,
9464,14,18,removed,Bi-207-9177,,
9464,14,19,removed,Bi-207-9177,,
9464,14,23,removed,Bi-207-8890,,
9464,14,27,removed,Bi-207-9177,,yes
9464,14,28,removed,Bi-207-9177,,yes
9464,14,1087,removed,Bi-207-9176,,
9464,14,1088,removed,Bi-207-9176,,
9464,14,1097,removed,Bi-207-9176,,
9464,14,1098,removed,Bi-207-9176,,
9464,15,49,removed,Bi-207-9176,,
9464,15,1074,removed,Bi-207-9176,,
9464,15,1085,removed,Bi-207-9176,,
9464,15,1086,removed,Bi-207-9176,,
9464,15,1087,removed,Bi-207-9176,,
9464,15,1089,removed,Bi-207-8779,,
9464,15,1090,removed,Bi-207-8779,,
9464,15,1096,removed,Bi-207-9176,,
9464,15,1097,removed,Bi-207-9176,,
9464,15,1099,removed,Bi-207-8779,,
9464,15,1100,removed,Bi-207-8779,,
9464,16,50,removed,Bi-207-9176,,
9464,16,1075,removed,Bi-207-9176,,
9464,16,1086,removed,Bi-207-9176,,
9464,16,1087,removed,Bi-207-9176,,
9464,16,1089,removed,Bi-207-8779,,
9464,16,1090,removed,Bi-207-8779,,
9464,16,1091,removed,Bi-207-8779,,
9464,16,1097,removed,Bi-207-9176,,
9464,16,1098,removed,Bi-207-9176,,
9464,16,1100,removed,Bi-207-8779,,
9464,16,1101,removed,Bi-207-8779,,
9464,17,1076,removed,Bi-207-9176,,
9464,17,1086,removed,Bi-207-9176,,
9464,17,1087,removed,Bi-207-9176,,
9464,17,1088,removed,Bi-207-9176,,
9464,17,1090,removed,Bi-207-8779,,
9464,17,1091,removed,Bi-207-8779,,
9464,17,1097,removed,Bi-207-9176,,
9464,17,1098,removed,Bi-207-9176,,
9464,17,1100,removed,Bi-207-8779,,
9464,17,1101,removed,Bi-207-8779,,
9464,18,1062,removed,Bi-207-9176,,
9464,18,1074,removed,Bi-207-9176,,
9464,18,1075,removed,Bi-207-9176,,
9464,18,1085,removed,Bi-207-9176,,
9464,18,1086,removed,Bi-207-9176,,
9464,18,1110,removed,Cd-109-9178,,
9464,18,1111,removed,Cd-109-9178,,
9464,18,1118,removed,Cd-109-9178,,
9464,18,1119,removed,Cd-109-9178,,
9464,19,62,removed,Bi-207-9176,,
9464,19,1063,removed,Bi-207-9176,,
9464,19,1075,removed,Bi-207-9176,,
9464,19,1076,removed,Bi-207-9176,,
9464,19,1078,removed,Bi-207-8779,,
9464,19,1079,removed,Bi-207-8779,,
9464,19,1086,removed,Bi-207-9176,,
9464,19,1087,removed,Bi-207-9176,,
9464,19,1089,removed,Bi-207-8779,,
9464,19,1090,removed,Bi-207-8779,,
9464,19,1107,removed,Bi-207-8890,,
9464,19,1108,removed,Bi-207-8890,,
9464,19,1116,removed,Bi-207-8890,,
9464,19,1117,removed,Bi-207-8890,,
9464,20,63,removed,Bi-207-9176,,
9464,20,1063,removed,Bi-207-9176,,
9464,20,1075,removed,Bi-207-9176,,
9464,20,1076,removed,Bi-207-9176,,
9464,20,1078,removed,Bi-207-8779,,
9464,20,1079,removed,Bi-207-8779,,
9464,20,1080,removed,Bi-207-8779,,
9464,20,1087,removed,Bi-207-9176,,
9464,20,1088,removed,Bi-207-9176,,
9464,20,1090,removed,Bi-207-8779,,
9464,20,1091,removed,Bi-207-8779,,
9464,20,1095,removed,Bi-207-9177,,
9464,20,1096,removed,Bi-207-9177,,
9464,20,1101,removed,Cd-109-9178,,
9464,20,1102,removed,Cd-109-9178,,
9464,20,1105,removed,Bi-207-9177,,
9464,20,1106,removed,Bi-207-9177,,
9464,20,1108,removed,Bi-207-8890,,
9464,20,1109,removed,Bi-207-8890,,
9464,20,1111,removed,Cd-109-9178,,
9464,20,1112,removed,Cd-109-9178,,
9464,20,1116,removed,Bi-207-8890,,
9464,20,1117,removed,Bi-207-8890,,
9464,20,1118,removed,Bi-207-8890,,
9464,21,22,removed,Cd-109-9178,,
9464,21,32,removed,Cd-109-9178,,
9464,21,33,removed,Cd-109-9178,,
9464,21,1061,removed,Bi-207-9176,,
9464,21,1062,removed,Bi-207-9176,,
9464,21,1065,removed,Bi-207-8779,,
9464,21,1066,removed,Bi-207-8779,,
9464,21,1074,removed,Bi-207-9176,,
9464,21,1075,removed,Bi-207-9176,,
9464,21,1077,removed,Bi-207-8779,,
9464,21,1078,removed,Bi-207-8779,,
9464,21,1097,removed,Bi-207-8890,,
9464,21,1098,removed,Bi-207-8890,,
9464,21,1101,removed,Cd-109-9178,,
9464,21,1102,removed,Cd-109-9178,,
9464,21,1107,removed,Bi-207-8890,,
9464,21,1108,removed,Bi-207-8890,,
9464,21,1110,removed,Cd-109-9178,,
9464,21,1111,removed,Cd-109-9178,,
9464,21,1112,removed,Cd-109-9178,,
9464,21,1115,removed,Bi-207-8890,,
9464,21,1116,removed,Bi-207-8890,,
9464,21,1119,removed,Cd-109-9178,,
9464,22,29,removed,Bi-207-8890,,
9464,22,52,removed,Bi-207-8779,,
9464,22,65,removed,Bi-207-8779,,
9464,22,1062,removed,Bi-207-9176,,
9464,22,1063,removed,Bi-207-9176,,
9464,22,1065,removed,Bi-207-8779,,
9464,22,1066,removed,Bi-207-8779,,
9464,22,1075,removed,Bi-207-9176,,
9464,22,1076,removed,Bi-207-9176,,
9464,22,1078,removed,Bi-207-8779,,
9464,22,1079,removed,Bi-207-8779,,
9464,22,1095,removed,Bi-207-9177,,
9464,22,1096,removed,Bi-207-9177,,
9464,22,1098,removed,Bi-207-8890,,
9464,22,1099,removed,Bi-207-8890,,
9464,22,1105,removed,Bi-207-9177,,
9464,22,1107,removed,Bi-207-8890,,
9464,22,1108,removed,Bi-207-8890,,
9464,22,1109,removed,Bi-207-8890,,
9464,22,1116,removed,Bi-207-8890,,
9464,22,1117,removed,Bi-207-8890,,
9464,23,55,removed,Bi-207-8779,,
9464,23,66,removed,Bi-207-8779,,
9464,23,67,removed,Bi-207-8779,,
9464,23,1063,removed,Bi-207-9176,,
9464,23,1064,removed,Bi-207-9176,,
9464,23,1066,removed,Bi-207-8779,,
9464,23,1067,removed,Bi-207-8779,,
9464,23,1075,removed,Bi-207-9176,,
9464,23,1076,removed,Bi-207-9176,,
9464,23,1078,removed,Bi-207-8779,,
9464,23,1079,removed,Bi-207-8779,,
9464,23,1080,removed,Bi-207-8779,,
9464,23,1090,removed,Bi-207-8779,,
9464,23,1091,removed,Bi-207-8779,,
9464,23,1095,removed,Bi-207-9177,,
9464,23,1096,removed,Bi-207-9177,,
9464,23,1099,removed,Bi-207-8890,,
9464,23,1100,removed,Bi-207-8890,,
9464,23,1105,removed,Bi-207-9177,,
9464,23,1106,removed,Bi-207-9177,,
9464,23,1108,removed,Bi-207-8890,,
9464,23,1109,removed,Bi-207-8890,,
9464,23,1117,removed,Bi-207-8890,,
9464,23,1118,removed,Bi-207-8890,,
9464,24,33,removed,Cd-109-9178,,
9464,24,37,removed,Bi-207-9177,,
9464,24,1049,removed,Bi-207-9176,,
9464,24,1050,removed,Bi-207-9176,,
9464,24,1052,removed,Bi-207-8779,,
9464,24,1053,removed,Bi-207-8779,,
9464,24,1061,removed,Bi-207-9176,,
9464,24,1062,removed,Bi-207-9176,,
9464,24,1063,removed,Bi-207-9176,,
9464,24,1065,removed,Bi-207-8779,,
9464,24,1066,removed,Bi-207-8779,,
9464,24,1077,removed,Bi-207-8779,,
9464,24,1078,removed,Bi-207-8779,,
9464,24,1084,removed,Bi-207-9177,,
9464,24,1087,removed,Bi-207-8890,,
9464,24,1091,removed,Cd-109-9178,,
9464,24,1094,removed,Bi-207-9177,,
9464,24,1095,removed,Bi-207-9177,,
9464,24,1097,removed,Bi-207-8890,,
9464,24,1098,removed,Bi-207-8890,,
9464,24,1101,removed,Cd-109-9178,,
9464,24,1102,removed,Cd-109-9178,,
9464,24,1107,removed,Bi-207-8890,,
9464,24,1108,removed,Bi-207-8890,,
9464,24,1111,removed,Cd-109-9178,,
9464,25,23,removed,Cd-109-9178,,
9464,25,1050,removed,Bi-207-9176,,
9464,25,1051,removed,Bi-207-9176,,
9464,25,1053,removed,Bi-207-8779,,
9464,25,1054,removed,Bi-207-8779,,
9464,25,1062,removed,Bi-207-9176,,
9464,25,1063,removed,Bi-207-9176,,
9464,25,1065,removed,Bi-207-8779,,
9464,25,1066,removed,Bi-207-8779,,
9464,25,1067,removed,Bi-207-8779,,
9464,25,1078,removed,Bi-207-8779,,
9464,25,1079,removed,Bi-207-8779,,
9464,25,1084,removed,Bi-207-9177,,
9464,25,1085,removed,Bi-207-9177,,
9464,25,1088,removed,Bi-207-8890,,
9464,25,1091,removed,Cd-109-9178,,
9464,25,1092,removed,Cd-109-9178,,
9464,25,1095,removed,Bi-207-9177,,
9464,25,1096,removed,Bi-207-9177,,
9464,25,1098,removed,Bi-207-8890,,
9464,25,1099,removed,Bi-207-8890,,
9464,25,1101,removed,Cd-109-9178,,
9464,25,1102,removed,Cd-109-9178,,
9464,25,1105,removed,Bi-207-9177,,
9464,25,1108,removed,Bi-207-8890,,
9464,25,1109,removed,Bi-207-8890,,
9464,25,1111,removed,Cd-109-9178,,
9464,25,1112,removed,Cd-109-9178,,
9464,26,40,removed,Bi-207-8890,,
9464,26,1050,removed,Bi-207-9176,,
9464,26,1051,removed,Bi-207-9176,,
9464,26,1054,removed,Bi-207-8779,,
9464,26,1063,removed,Bi-207-9176,,
9464,26,1064,removed,Bi-207-9176,,
9464,26,1066,removed,Bi-207-8779,,
9464,26,1067,removed,Bi-207-8779,,
9464,26,1079,removed,Bi-207-8779,,
9464,26,1085,removed,Bi-207-9177,,
9464,26,1089,removed,Bi-207-8890,,
9464,26,1095,removed,Bi-207-9177,,
9464,26,1096,removed,Bi-207-9177,,
9464,26,1098,removed,Bi-207-8890,,
9464,26,1099,removed,Bi-207-8890,,
9464,26,1100,removed,Bi-207-8890,,
9464,26,1105,removed,Bi-207-9177,,
9464,26,1108,removed,Bi-207-8890,,
9464,26,1109,removed,Bi-207-8890,,
9464,27,23,removed,Cd-109-9178,,
9464,27,1041,removed,Bi-207-8779,,
9464,27,1042,removed,Bi-207-8779,,
9464,27,1052,removed,Bi-207-8779,,
9464,27,1053,removed,Bi-207-8779,,
9464,27,1065,removed,Bi-207-8779,,
9464,27,1066,removed,Bi-207-8779,,
9464,27,1073,removed,Bi-207-9177,,
9464,27,1076,removed,Bi-207-8890,,
9464,27,1080,removed,Cd-109-9178,,
9464,27,1084,removed,Bi-207-9177,,
9464,27,1085,removed,Bi-207-9177,,
9464,27,1087,removed,Bi-207-8890,,
9464,27,1088,removed,Bi-207-8890,,
9464,27,1091,removed,Cd-109-9178,,
9464,27,1092,removed,Cd-109-9178,,
9464,27,1094,removed,Bi-207-9177,,
9464,27,1095,removed,Bi-207-9177,,
9464,27,1097,removed,Bi-207-8890,,
9464,27,1098,removed,Bi-207-8890,,
9464,27,1101,removed,Cd-109-9178,,
9464,27,1102,removed,Cd-109-9178,,
9464,28,32,removed,Cd-109-9178,,
9464,28,37,removed,Bi-207-9177,,
9464,28,43,removed,Cd-109-9178,,
9464,28,48,removed,Bi-207-9177,,
9464,28,1038,removed,Bi-207-9176,,
9464,28,1039,removed,Bi-207-9176,,
9464,28,1042,removed,Bi-207-8779,,
9464,28,1050,removed,Bi-207-9176,,
9464,28,1051,removed,Bi-207-9176,,
9464,28,1053,removed,Bi-207-8779,,
9464,28,1054,removed,Bi-207-8779,,
9464,28,1063,removed,Bi-207-9176,,
9464,28,1066,removed,Bi-207-8779,,
9464,28,1073,removed,Bi-207-9177,,
9464,28,1084,removed,Bi-207-9177,,
9464,28,1085,removed,Bi-207-9177,,
9464,28,1087,removed,Bi-207-8890,,
9464,28,1088,removed,Bi-207-8890,,
9464,28,1089,removed,Bi-207-8890,,
9464,28,1095,removed,Bi-207-9177,,
9464,28,1098,removed,Bi-207-8890,,
9464,28,1099,removed,Bi-207-8890,,
9464,29,38,removed,Bi-207-9177,,
9464,29,1039,removed,Bi-207-9176,,
9464,29,1040,removed,Bi-207-9176,,
9464,29,1042,removed,Bi-207-8779,,
9464,29,1043,removed,Bi-207-8779,,
9464,29,1050,removed,Bi-207-9176,,
9464,29,1051,removed,Bi-207-9176,,
9464,29,1052,removed,Bi-207-9176,,
9464,29,1053,removed,Bi-207-8779,,
9464,29,1054,removed,Bi-207-8779,,
9464,29,1055,removed,Bi-207-8779,,
9464,29,1063,removed,Bi-207-9176,,
9464,29,1066,removed,Bi-207-8779,,
9464,29,1067,removed,Bi-207-8779,,
9464,29,1074,removed,Bi-207-9177,,
9464,29,1077,removed,Bi-207-8890,,
9464,29,1080,removed,Cd-109-9178,,
9464,29,1085,removed,Bi-207-9177,,
9464,29,1086,removed,Bi-207-9177,,
9464,29,1088,removed,Bi-207-8890,,
9464,29,1089,removed,Bi-207-8890,,
9464,29,1091,removed,Cd-109-9178,,
9464,29,1092,removed,Cd-109-9178,,
9464,29,1095,removed,Bi-207-9177,,
9464,29,1096,removed,Bi-207-9177,,
9464,29,1099,removed,Bi-207-8890,,
9464,29,1100,removed,Bi-207-8890,,
9464,29,1102,removed,Cd-109-9178,,
9464,30,48,removed,Bi-207-9177,,
9464,30,55,removed,Cd-109-9178,,
9464,30,60,removed,Bi-207-9177,,
9464,30,1027,removed,Bi-207-9176,,
9464,30,1028,removed,Bi-207-9176,,
9464,30,1031,removed,Bi-207-8779,,
9464,30,1037,removed,Bi-207-9176,,
9464,30,1038,removed,Bi-207-9176,,
9464,30,1039,removed,Bi-207-9176,,
9464,30,1041,removed,Bi-207-8779,,
9464,30,1042,removed,Bi-207-8779,,
9464,30,1049,removed,Bi-207-9176,,
9464,30,1050,removed,Bi-207-9176,,
9464,30,1052,removed,Bi-207-8779,,
9464,30,1053,removed,Bi-207-8779,,
9464,30,1060,removed,Bi-207-9177,,
9464,30,1072,removed,Bi-207-9177,,
9464,30,1073,removed,Bi-207-9177,,
9464,30,1075,removed,Bi-207-8890,,
9464,30,1076,removed,Bi-207-8890,,
9464,30,1079,removed,Cd-109-9178,,
9464,30,1080,removed,Cd-109-9178,,
9464,30,1084,removed,Bi-207-9177,,
9464,30,1087,removed,Bi-207-8890,,
9464,30,1088,removed,Bi-207-8890,,
9464,30,1090,removed,Cd-109-9178,,
9464,30,1091,removed,Cd-109-9178,,
9464,30,1092,removed,Cd-109-9178,,
9464,30,1102,removed,Cd-109-9178,,
9464,31,60,removed,Bi-207-9177,,
9464,31,1028,removed,Bi-207-9176,,
9464,31,1029,removed,Bi-207-9176,,
9464,31,1032,removed,Bi-207-8779,,
9464,31,1038,removed,Bi-207-9176,,
9464,31,1039,removed,Bi-207-9176,,
9464,31,1041,removed,Bi-207-8779,,
9464,31,1042,removed,Bi-207-8779,,
9464,31,1043,removed,Bi-207-8779,,
9464,31,1050,removed,Bi-207-9176,,
9464,31,1053,removed,Bi-207-8779,,
9464,31,1054,removed,Bi-207-8779,,
9464,31,1073,removed,Bi-207-9177,,
9464,31,1074,removed,Bi-207-9177,,
9464,31,1076,removed,Bi-207-8890,,
9464,31,1077,removed,Bi-207-8890,,
9464,31,1080,removed,Cd-109-9178,,
9464,31,1081,removed,Cd-109-9178,,
9464,31,1084,removed,Bi-207-9177,,
9464,31,1085,removed,Bi-207-9177,,
9464,31,1088,removed,Bi-207-8890,,
9464,31,1089,removed,Bi-207-8890,,
9464,31,1091,removed,Cd-109-9178,,
9464,31,1092,removed,Cd-109-9178,,
9464,32,38,removed,Bi-207-9177,,
9464,32,66,removed,Bi-207-8779,,
9464,32,67,removed,Bi-207-8779,,
9464,32,75,removed,Bi-207-9176,,
9464,32,76,removed,Bi-207-9176,,
9464,32,78,removed,Bi-207-8779,,yes
9464,32,79,removed,Bi-207-8779,,yes
9464,32,80,removed,Bi-207-8779,,
9464,32,88,removed,Bi-207-9176,,
9464,32,90,removed,Bi-207-8779,,yes
9464,32,91,removed,Bi-207-8779,,yes
9464,32,98,removed,Bi-207-9176,,
9464,32,1029,removed,Bi-207-9176,,
9464,32,1032,removed,Bi-207-8779,,
9464,32,1039,removed,Bi-207-9176,,
9464,32,1040,removed,Bi-207-9176,,
9464,32,1042,removed,Bi-207-8779,,
9464,32,1043,removed,Bi-207-8779,,
9464,32,1051,removed,Bi-207-9176,,
9464,32,1054,removed,Bi-207-8779,,
9464,32,1055,removed,Bi-207-8779,,
9464,32,1068,removed,Cd-109-9178,,
9464,32,1069,removed,Cd-109-9178,,
9464,32,1073,removed,Bi-207-9177,,
9464,32,1074,removed,Bi-207-9177,,
9464,32,1077,removed,Bi-207-8890,,
9464,32,1078,removed,Bi-207-8890,,
9464,32,1080,removed,Cd-109-9178,,
9464,32,1081,removed,Cd-109-9178,,
9464,32,1085,removed,Bi-207-9177,,
9464,32,1086,removed,Bi-207-9177,,
9464,32,1088,removed,Bi-207-8890,,
9464,32,1089,removed,Bi-207-8890,,
9464,32,1092,removed,Cd-109-9178,,
9464,33,1018,removed,Bi-207-9176,,
9464,33,1021,removed,Bi-207-8779,,
9464,33,1027,removed,Bi-207-9176,,
9464,33,1028,removed,Bi-207-9176,,
9464,33,1030,removed,Bi-207-8779,,
9464,33,1031,removed,Bi-207-8779,,
9464,33,1032,removed,Bi-207-8779,,
9464,33,1038,removed,Bi-207-9176,,
9464,33,1041,removed,Bi-207-8779,,
9464,33,1042,removed,Bi-207-8779,,
9464,33,1059,removed,Bi-207-9177,,
9464,33,1060,removed,Bi-207-9177,,
9464,33,1063,removed,Bi-207-8890,,
9464,33,1064,removed,Bi-207-8890,,
9464,33,1066,removed,Cd-109-9178,,
9464,33,1067,removed,Cd-109-9178,,
9464,33,1068,removed,Cd-109-9178,,
9464,33,1072,removed,Bi-207-9177,,
9464,33,1073,removed,Bi-207-9177,,
9464,33,1075,removed,Bi-207-8890,,
9464,33,1076,removed,Bi-207-8890,,
9464,33,1077,removed,Bi-207-8890,,
9464,33,1079,removed,Cd-109-9178,,
9464,33,1080,removed,Cd-109-9178,,
9464,34,61,removed,Bi-207-9177,,
9464,34,1018,removed,Bi-207-9176,,
9464,34,1019,removed,Bi-207-9176,,
9464,34,1028,removed,Bi-207-9176,,
9464,34,1029,removed,Bi-207-9176,,
9464,34,1031,removed,Bi-207-8779,,
9464,34,1032,removed,Bi-207-8779,,
9464,34,1038,removed,Bi-207-9176,,
9464,34,1039,removed,Bi-207-9176,,
9464,34,1042,removed,Bi-207-8779,,
9464,34,1043,removed,Bi-207-8779,,
9464,34,1060,removed,Bi-207-9177,,
9464,34,1061,removed,Bi-207-9177,,
9464,34,1064,removed,Bi-207-8890,,
9464,34,1065,removed,Bi-207-8890,,
9464,34,1067,removed,Cd-109-9178,,
9464,34,1068,removed,Cd-109-9178,,
9464,34,1073,removed,Bi-207-9177,,
9464,34,1074,removed,Bi-207-9177,,
9464,34,1076,removed,Bi-207-8890,,
9464,34,1077,removed,Bi-207-8890,,
9464,34,1080,removed,Cd-109-9178,,
9464,34,1081,removed,Cd-109-9178,,
9464,34,1092,removed,Cd-109-9178,,
9464,35,62,removed,Bi-207-9177,,
9464,35,86,removed,Bi-207-9176,,
9464,35,89,removed,Bi-207-8779,,
9464,35,100,removed,Bi-207-8779,,
9464,35,1019,removed,Bi-207-9176,,
9464,35,1020,removed,Bi-207-9176,,
9464,35,1022,removed,Bi-207-8779,,
9464,35,1023,removed,Bi-207-8779,,
9464,35,1028,removed,Bi-207-9176,,
9464,35,1029,removed,Bi-207-9176,,
9464,35,1030,removed,Bi-207-9176,,
9464,35,1031,removed,Bi-207-8779,,
9464,35,1032,removed,Bi-207-8779,,
9464,35,1033,removed,Bi-207-8779,,
9464,35,1039,removed,Bi-207-9176,,
9464,35,1040,removed,Bi-207-9176,,
9464,35,1042,removed,Bi-207-8779,,
9464,35,1043,removed,Bi-207-8779,,
9464,35,1061,removed,Bi-207-9177,,
9464,35,1062,removed,Bi-207-9177,,
9464,35,1064,removed,Bi-207-8890,,
9464,35,1065,removed,Bi-207-8890,,
9464,35,1068,removed,Cd-109-9178,,
9464,35,1069,removed,Cd-109-9178,,
9464,35,1073,removed,Bi-207-9177,,
9464,35,1074,removed,Bi-207-9177,,
9464,35,1077,removed,Bi-207-8890,,
9464,35,1078,removed,Bi-207-8890,,
9464,35,1080,removed,Cd-109-9178,,
9464,35,1081,removed,Cd-109-9178,,
9464,35,1092,removed,Cd-109-9178,,
9464,36,51,removed,Bi-207-8890,,
9464,36,55,removed,Cd-109-9178,,
9464,36,64,removed,Bi-207-8890,,
9464,36,1009,removed,Bi-207-9176,,
9464,36,1010,removed,Bi-207-9176,,
9464,36,1017,removed,Bi-207-9176,,
9464,36,1018,removed,Bi-207-9176,,
9464,36,1019,removed,Bi-207-9176,,
9464,36,1021,removed,Bi-207-8779,,
9464,36,1022,removed,Bi-207-8779,,
9464,36,1027,removed,Bi-207-9176,,
9464,36,1028,removed,Bi-207-9176,,
9464,36,1030,removed,Bi-207-8779,,
9464,36,1031,removed,Bi-207-8779,,
9464,36,1047,removed,Bi-207-9177,,
9464,36,1048,removed,Bi-207-9177,,
9464,36,1050,removed,Bi-207-8890,,
9464,36,1051,removed,Bi-207-8890,,
9464,36,1054,removed,Cd-109-9178,,
9464,36,1055,removed,Cd-109-9178,,
9464,36,1059,removed,Bi-207-9177,,
9464,36,1060,removed,Bi-207-9177,,
9464,36,1063,removed,Bi-207-8890,,
9464,36,1064,removed,Bi-207-8890,,
9464,36,1067,removed,Cd-109-9178,,
9464,36,1068,removed,Cd-109-9178,,
9464,36,1076,removed,Bi-207-8890,,
9464,36,1079,removed,Cd-109-9178,,
9464,36,1080,removed,Cd-109-9178,,
9464,37,48,removed,Bi-207-9177,,
9464,37,52,removed,Bi-207-8890,,
9464,37,86,removed,Bi-207-9176,,
9464,37,1010,removed,Bi-207-9176,,
9464,37,1018,removed,Bi-207-9176,,
9464,37,1019,removed,Bi-207-9176,,
9464,37,1020,removed,Bi-207-9176,,
9464,37,1022,removed,Bi-207-8779,,
9464,37,1023,removed,Bi-207-8779,,
9464,37,1028,removed,Bi-207-9176,,
9464,37,1029,removed,Bi-207-9176,,
9464,37,1031,removed,Bi-207-8779,,
9464,37,1032,removed,Bi-207-8779,,
9464,37,1048,removed,Bi-207-9177,,
9464,37,1049,removed,Bi-207-9177,,
9464,37,1051,removed,Bi-207-8890,,
9464,37,1052,removed,Bi-207-8890,,
9464,37,1055,removed,Cd-109-9178,,
9464,37,1056,removed,Cd-109-9178,,
9464,37,1060,removed,Bi-207-9177,,
9464,37,1061,removed,Bi-207-9177,,
9464,37,1064,removed,Bi-207-8890,,
9464,37,1065,removed,Bi-207-8890,,
9464,37,1067,removed,Cd-109-9178,,
9464,37,1068,removed,Cd-109-9178,,
9464,37,1069,removed,Cd-109-9178,,
9464,37,1077,removed,Bi-207-8890,,
9464,37,1080,removed,Cd-109-9178,,
9464,37,1081,removed,Cd-109-9178,,
9464,38,49,removed,Bi-207-9177,,
9464,38,62,removed,Bi-207-9177,,
9464,38,87,removed,Bi-207-9176,,
9464,38,1048,removed,Bi-207-9177,,
9464,38,1049,removed,Bi-207-9177,,
9464,38,1052,removed,Bi-207-8890,,
9464,38,1053,removed,Bi-207-8890,,
9464,38,1056,removed,Cd-109-9178,,
9464,38,1061,removed,Bi-207-9177,,
9464,38,1062,removed,Bi-207-9177,,
9464,38,1064,removed,Bi-207-8890,,
9464,38,1065,removed,Bi-207-8890,,
9464,38,1066,removed,Bi-207-8890,,
9464,38,1068,removed,Cd-109-9178,,
9464,38,1069,removed,Cd-109-9178,,
9464,38,1074,removed,Bi-207-9177,,
9464,38,1077,removed,Bi-207-8890,,
9464,38,1081,removed,Cd-109-9178,,
9464,39,73,removed,Bi-207-9177,,
9464,39,1009,removed,Bi-207-9176,,
9464,39,1010,removed,Bi-207-9176,,
9464,39,1012,removed,Bi-207-8779,,
9464,39,1013,removed,Bi-207-8779,,
9464,39,1017,removed,Bi-207-9176,,
9464,39,1018,removed,Bi-207-9176,,
9464,39,1021,removed,Bi-207-8779,,
9464,39,1022,removed,Bi-207-8779,,
9464,39,1036,removed,Bi-207-9177,,
9464,39,1039,removed,Bi-207-8890,,
9464,39,1040,removed,Bi-207-8890,,
9464,39,1043,removed,Cd-109-9178,,
9464,39,1047,removed,Bi-207-9177,,
9464,39,1048,removed,Bi-207-9177,,
9464,39,1050,removed,Bi-207-8890,,
9464,39,1051,removed,Bi-207-8890,,
9464,39,1052,removed,Bi-207-8890,,
9464,39,1054,removed,Cd-109-9178,,
9464,39,1055,removed,Cd-109-9178,,
9464,39,1060,removed,Bi-207-9177,,
9464,39,1063,removed,Bi-207-8890,,
9464,39,1064,removed,Bi-207-8890,,
9464,39,1067,removed,Cd-109-9178,,
9464,40,61,removed,Bi-207-9177,,
9464,40,67,removed,Cd-109-9178,,
9464,40,69,removed,Cd-109-9178,,
9464,40,74,removed,Bi-207-9177,,
9464,40,85,removed,Bi-207-9177,,
9464,40,1010,removed,Bi-207-9176,,
9464,40,1011,removed,Bi-207-9176,,
9464,40,1013,removed,Bi-207-8779,,
9464,40,1014,removed,Bi-207-8779,,
9464,40,1018,removed,Bi-207-9176,,
9464,40,1019,removed,Bi-207-9176,,
9464,40,1021,removed,Bi-207-8779,,
9464,40,1022,removed,Bi-207-8779,,
9464,40,1023,removed,Bi-207-8779,,
9464,40,1032,removed,Bi-207-8779,,
9464,40,1036,removed,Bi-207-9177,,
9464,40,1037,removed,Bi-207-9177,,
9464,40,1040,removed,Bi-207-8890,,
9464,40,1041,removed,Bi-207-8890,,
9464,40,1043,removed,Cd-109-9178,,
9464,40,1044,removed,Cd-109-9178,,
9464,40,1048,removed,Bi-207-9177,,
9464,40,1049,removed,Bi-207-9177,,
9464,40,1051,removed,Bi-207-8890,,
9464,40,1052,removed,Bi-207-8890,,
9464,40,1055,removed,Cd-109-9178,,
9464,40,1056,removed,Cd-109-9178,,
9464,40,1061,removed,Bi-207-9177,,
9464,40,1064,removed,Bi-207-8890,,
9464,40,1067,removed,Cd-109-9178,,
9464,40,1068,removed,Cd-109-9178,,
9464,41,80,removed,Cd-109-9178,,yes
9464,41,81,removed,Cd-109-9178,,yes
9464,41,91,removed,Cd-109-9178,,
9464,41,92,removed,Cd-109-9178,,yes
9464,41,1026,removed,Bi-207-9177,,
9464,41,1027,removed,Bi-207-9177,,
9464,41,1033,removed,Cd-109-9178,,
9464,41,1034,removed,Cd-109-9178,,
9464,41,1036,removed,Bi-207-9177,,
9464,41,1037,removed,Bi-207-9177,,
9464,41,1038,removed,Bi-207-9177,,
9464,41,1044,removed,Cd-109-9178,,
9464,41,1045,removed,Cd-109-9178,,
9464,41,1048,removed,Bi-207-9177,,
9464,41,1049,removed,Bi-207-9177,,
9464,41,1055,removed,Cd-109-9178,,
9464,41,1056,removed,Cd-109-9178,,
9464,42,73,removed,Bi-207-9177,,yes
9464,42,74,removed,Bi-207-9177,,yes
9464,42,84,removed,Bi-207-9177,,
9464,42,85,removed,Bi-207-9177,,yes
9464,42,1004,removed,Bi-207-9176,,
9464,42,1007,removed,Bi-207-8779,,
9464,42,1011,removed,Bi-207-9176,,
9464,42,1012,removed,Bi-207-9176,,
9464,42,1014,removed,Bi-207-8779,,
9464,42,1015,removed,Bi-207-8779,,
9464,42,1020,removed,Bi-207-9176,,
9464,42,1027,removed,Bi-207-9177,,
9464,42,1030,removed,Bi-207-8890,,
9464,42,1031,removed,Bi-207-8890,,
9464,42,1034,removed,Cd-109-9178,,
9464,42,1037,removed,Bi-207-9177,,
9464,42,1038,removed,Bi-207-9177,,
9464,42,1040,removed,Bi-207-8890,,
9464,42,1041,removed,Bi-207-8890,,
9464,42,1042,removed,Bi-207-8890,,
9464,42,1044,removed,Cd-109-9178,,
9464,42,1045,removed,Cd-109-9178,,
9464,42,1049,removed,Bi-207-9177,,
9464,42,1052,removed,Bi-207-8890,,
9464,42,1053,removed,Bi-207-8890,,
9464,42,1056,removed,Cd-109-9178,,
9464,43,88,removed,Bi-207-8890,,
9464,43,1032,removed,Cd-109-9178,,
9464,43,1033,removed,Cd-109-9178,,
9464,43,1042,removed,Cd-109-9178,,
9464,43,1043,removed,Cd-109-9178,,
9464,44,1017,removed,Bi-207-9177,,
9464,44,1020,removed,Bi-207-8890,,
9464,44,1024,removed,Cd-109-9178,,
9464,44,1026,removed,Bi-207-9177,,
9464,44,1027,removed,Bi-207-9177,,
9464,44,1029,removed,Bi-207-8890,,
9464,44,1030,removed,Bi-207-8890,,
9464,44,1033,removed,Cd-109-9178,,
9464,44,1034,removed,Cd-109-9178,,
9464,44,1037,removed,Bi-207-9177,,
9464,44,1040,removed,Bi-207-8890,,
9464,44,1041,removed,Bi-207-8890,,
9464,44,1044,removed,Cd-109-9178,,
9464,44,1045,removed,Cd-109-9178,,
9464,45,91,removed,Cd-109-9178,,
9464,45,100,removed,Bi-207-8890,,
9464,45,1004,removed,Bi-207-9176,,
9464,45,1011,removed,Bi-207-9176,,
9464,45,1012,removed,Bi-207-9176,,
9464,45,1017,removed,Bi-207-9177,,
9464,45,1018,removed,Bi-207-9177,,
9464,45,1020,removed,Bi-207-9176,,
9464,45,1021,removed,Bi-207-8890,,
9464,45,1024,removed,Cd-109-9178,,
9464,45,1026,removed,Bi-207-9177,,
9464,45,1027,removed,Bi-207-9177,,
9464,45,1028,removed,Bi-207-9177,,
9464,45,1030,removed,Bi-207-8890,,
9464,45,1031,removed,Bi-207-8890,,
9464,45,1033,removed,Cd-109-9178,,
9464,45,1034,removed,Cd-109-9178,,
9464,45,1037,removed,Bi-207-9177,,
9464,45,1038,removed,Bi-207-9177,,
9464,45,1041,removed,Bi-207-8890,,
9464,45,1044,removed,Cd-109-9178,,
9464,45,1045,removed,Cd-109-9178,,
9464,46,108,removed,Bi-207-8890,,yes
9464,46,1011,removed,Bi-207-9176,,
9464,46,1014,removed,Bi-207-8779,,
9464,46,1015,removed,Bi-207-8779,,
9464,46,1019,removed,Bi-207-9176,,
9464,46,1020,removed,Bi-207-9176,,
9464,46,1022,removed,Bi-207-8779,,
9464,46,1023,removed,Bi-207-8779,,
9464,46,1029,removed,Bi-207-9176,,
9464,47,88,removed,Bi-207-8890,,yes
9464,47,98,removed,Bi-207-8890,,yes
9464,47,99,removed,Bi-207-8890,,yes
9464,47,107,removed,Bi-207-8890,,
9464,47,108,removed,Bi-207-8890,,yes
9464,47,1009,removed,Bi-207-9177,,
9464,47,1017,removed,Bi-207-9177,,
9464,47,1018,removed,Bi-207-9177,,
9464,47,1020,removed,Bi-207-8890,,
9464,47,1021,removed,Bi-207-8890,,
9464,47,1023,removed,Cd-109-9178,,
9464,47,1024,removed,Cd-109-9178,,
9464,47,1026,removed,Bi-207-9177,,
9464,47,1027,removed,Bi-207-9177,,
9464,47,1029,removed,Bi-207-8890,,
9464,47,1030,removed,Bi-207-8890,,
9464,47,1033,removed,Cd-109-9178,,
9464,47,1034,removed,Cd-109-9178,,
9464,48,1004,removed,Bi-207-9176,,
9464,48,1011,removed,Bi-207-9176,,
9464,48,1012,removed,Bi-207-9176,,
9464,48,1017,removed,Bi-207-9177,,
9464,48,1018,removed,Bi-207-9177,,
9464,48,1020,removed,Bi-207-9176,,
9464,48,1026,removed,Bi-207-9177,,
9464,48,1027,removed,Bi-207-9177,,
9464,49,98,removed,Bi-207-8890,,
9464,49,108,removed,Bi-207-8890,,
9464,50,1004,removed,Bi-207-9176,,
9464,50,1007,removed,Bi-207-8779,,
9464,50,1011,removed,Bi-207-9176,,
9464,50,1012,removed,Bi-207-9176,,
9464,50,1014,removed,Bi-207-8779,,
9464,50,1015,removed,Bi-207-8779,,
9464,50,1020,removed,Bi-207-9176,,
9464,50,1023,removed,Bi-207-8779,,
9464,51,1004,removed,Bi-207-9176,,
9464,51,1011,removed,Bi-207-9176,,
9464,51,1012,removed,Bi-207-9176,,
9464,51,1020,removed,Bi-207-9176,,
9464,52,98,removed,Bi-207-8890,,
9464,52,107,removed,Bi-207-8890,,
9464,52,108,removed,Bi-207-8890,,yes
9464,52,115,removed,Bi-207-8890,,
9464,52,116,removed,Bi-207-8890,,
9464,52,1004,removed,Bi-207-9176,,
9464,52,1007,removed,Bi-207-8779,,
9464,52,1011,removed,Bi-207-9176,,
9464,52,1012,removed,Bi-207-9176,,
9464,52,1014,removed,Bi-207-8779,,
9464,52,1015,removed,Bi-207-8779,,
9464,52,1020,removed,Bi-207-9176,,
9464,53,1004,removed,Bi-207-9176,,
9464,53,1011,removed,Bi-207-9176,,
9464,53,1012,removed,Bi-207-9176,,
9464,53,1020,removed,Bi-207-9176,,
9464,54,1004,removed,Bi-207-9176,,
9464,54,1011,removed,Bi-207-9176,,
9464,54,1012,removed,Bi-207-9176,,
9464,54,1020,removed,Bi-207-9176,,
9464,55,23,removed,Cd-109-9178,,
9464,55,37,removed,Bi-207-9176,,yes
9464,55,48,removed,Bi-207-9176,,yes
9464,55,49,removed,Bi-207-9176,,yes
9464,55,60,removed,Bi-207-9176,,yes
9464,55,61,removed,Bi-207-9176,,
9464,55,1061,removed,Bi-207-9176,,
9464,55,1073,removed,Bi-207-9176,,
9464,55,1074,removed,Bi-207-9176,,
9464,55,1076,removed,Bi-207-8779,,
9464,55,1077,removed,Bi-207-8779,,
9464,55,1078,removed,Bi-207-8779,,
9464,55,1085,removed,Bi-207-9176,,
9464,55,1088,removed,Bi-207-8779,,
9464,55,1089,removed,Bi-207-8779,,
9464,55,1106,removed,Bi-207-8890,,
9464,55,1107,removed,Bi-207-8890,,
9464,55,1110,removed,Cd-109-9178,,
9464,55,1111,removed,Cd-109-9178,,
9464,55,1115,removed,Bi-207-8890,,
9464,55,1116,removed,Bi-207-8890,,
9464,55,1118,removed,Cd-109-9178,,
9464,55,1119,removed,Cd-109-9178,,
9464,56,23,removed,Cd-109-9178,,
9464,56,32,removed,Cd-109-9178,,
9464,56,1049,removed,Bi-207-9176,,
9464,56,1060,removed,Bi-207-9176,,
9464,56,1061,removed,Bi-207-9176,,
9464,56,1062,removed,Bi-207-9176,,
9464,56,1064,removed,Bi-207-8779,,
9464,56,1065,removed,Bi-207-8779,,
9464,56,1073,removed,Bi-207-9176,,
9464,56,1074,removed,Bi-207-9176,,
9464,56,1076,removed,Bi-207-8779,,
9464,56,1077,removed,Bi-207-8779,,
9464,56,1097,removed,Bi-207-8890,,
9464,56,1100,removed,Cd-109-9178,,
9464,56,1101,removed,Cd-109-9178,,
9464,56,1106,removed,Bi-207-8890,,
9464,56,1107,removed,Bi-207-8890,,
9464,56,1109,removed,Cd-109-9178,,
9464,56,1110,removed,Cd-109-9178,,
9464,56,1111,removed,Cd-109-9178,,
9464,56,1115,removed,Bi-207-8890,,
9464,56,1119,removed,Cd-109-9178,,
9464,57,48,removed,Bi-207-9176,,
9464,57,1048,removed,Bi-207-9176,,
9464,57,1049,removed,Bi-207-9176,,
9464,57,1052,removed,Bi-207-8779,,
9464,57,1053,removed,Bi-207-8779,,
9464,57,1061,removed,Bi-207-9176,,
9464,57,1062,removed,Bi-207-9176,,
9464,57,1064,removed,Bi-207-8779,,
9464,57,1065,removed,Bi-207-8779,,
9464,57,1077,removed,Bi-207-8779,,
9464,57,1084,removed,Bi-207-9177,,
9464,57,1086,removed,Bi-207-8890,,
9464,57,1087,removed,Bi-207-8890,,
9464,57,1090,removed,Cd-109-9178,,
9464,57,1091,removed,Cd-109-9178,,
9464,57,1094,removed,Bi-207-9177,,
9464,57,1095,removed,Bi-207-9177,,
9464,57,1096,removed,Bi-207-8890,,
9464,57,1097,removed,Bi-207-8890,,
9464,57,1098,removed,Bi-207-8890,,
9464,57,1100,removed,Cd-109-9178,,
9464,57,1101,removed,Cd-109-9178,,
9464,57,1102,removed,Cd-109-9178,,
9464,57,1106,removed,Bi-207-8890,,
9464,57,1107,removed,Bi-207-8890,,
9464,57,1110,removed,Cd-109-9178,,
9464,58,43,removed,Cd-109-9178,,
9464,58,1037,removed,Bi-207-9176,,
9464,58,1038,removed,Bi-207-9176,,
9464,58,1040,removed,Bi-207-8779,,
9464,58,1041,removed,Bi-207-8779,,
9464,58,1048,removed,Bi-207-9176,,
9464,58,1049,removed,Bi-207-9176,,
9464,58,1051,removed,Bi-207-8779,,
9464,58,1052,removed,Bi-207-8779,,
9464,58,1053,removed,Bi-207-8779,,
9464,58,1065,removed,Bi-207-8779,,
9464,58,1075,removed,Bi-207-8890,,
9464,58,1078,removed,Cd-109-9178,,
9464,58,1079,removed,Cd-109-9178,,
9464,58,1086,removed,Bi-207-8890,,
9464,58,1087,removed,Bi-207-8890,,
9464,58,1090,removed,Cd-109-9178,,
9464,58,1091,removed,Cd-109-9178,,
9464,58,1097,removed,Bi-207-8890,,
9464,58,1101,removed,Cd-109-9178,,
9464,59,51,removed,Bi-207-8890,,
9464,59,63,removed,Bi-207-8890,,
9464,59,1030,removed,Bi-207-8779,,
9464,59,1031,removed,Bi-207-8779,,
9464,59,1040,removed,Bi-207-8779,,
9464,59,1041,removed,Bi-207-8779,,
9464,59,1052,removed,Bi-207-8779,,
9464,59,1059,removed,Bi-207-9177,,
9464,59,1060,removed,Bi-207-9177,,
9464,59,1063,removed,Bi-207-8890,,
9464,59,1066,removed,Cd-109-9178,,
9464,59,1067,removed,Cd-109-9178,,
9464,59,1072,removed,Bi-207-9177,,
9464,59,1073,removed,Bi-207-9177,,
9464,59,1074,removed,Bi-207-8890,,
9464,59,1075,removed,Bi-207-8890,,
9464,59,1076,removed,Bi-207-8890,,
9464,59,1078,removed,Cd-109-9178,,
9464,59,1079,removed,Cd-109-9178,,
9464,59,1080,removed,Cd-109-9178,,
9464,59,1086,removed,Bi-207-8890,,
9464,59,1087,removed,Bi-207-8890,,
9464,59,1090,removed,Cd-109-9178,,
9464,59,1091,removed,Cd-109-9178,,
9464,60,49,removed,Bi-207-8890,,
9464,60,50,removed,Bi-207-8890,,yes
9464,60,62,removed,Bi-207-8890,,yes
9464,60,63,removed,Bi-207-8890,,yes
9464,60,65,removed,Cd-109-9178,,
9464,60,87,removed,Bi-207-8779,,
9464,60,88,removed,Bi-207-8779,,yes
9464,60,98,removed,Bi-207-8779,,yes
9464,60,99,removed,Bi-207-8779,,yes
9464,60,108,removed,Bi-207-8779,,
9464,60,1017,removed,Bi-207-9176,,
9464,60,1018,removed,Bi-207-9176,,
9464,60,1020,removed,Bi-207-8779,,
9464,60,1021,removed,Bi-207-8779,,
9464,60,1026,removed,Bi-207-9176,,
9464,60,1027,removed,Bi-207-9176,,
9464,60,1029,removed,Bi-207-8779,,
9464,60,1030,removed,Bi-207-8779,,
9464,60,1031,removed,Bi-207-8779,,
9464,60,1037,removed,Bi-207-9176,,
9464,60,1040,removed,Bi-207-8779,,
9464,60,1041,removed,Bi-207-8779,,
9464,60,1047,removed,Bi-207-9177,,
9464,60,1059,removed,Bi-207-9177,,
9464,60,1060,removed,Bi-207-9177,,
9464,60,1062,removed,Bi-207-8890,,
9464,60,1063,removed,Bi-207-8890,,
9464,60,1066,removed,Cd-109-9178,,
9464,60,1067,removed,Cd-109-9178,,
9464,60,1072,removed,Bi-207-9177,,
9464,60,1075,removed,Bi-207-8890,,
9464,60,1076,removed,Bi-207-8890,,
9464,60,1078,removed,Cd-109-9178,,
9464,60,1079,removed,Cd-109-9178,,
9464,60,1080,removed,Cd-109-9178,,
9464,61,62,removed,Bi-207-8890,,yes
9464,61,63,removed,Bi-207-8890,,yes
9464,61,65,removed,Cd-109-9178,,
9464,61,74,removed,Bi-207-8890,,
9464,61,75,removed,Bi-207-8890,,yes
9464,61,76,removed,Bi-207-8890,,
9464,61,78,removed,Cd-109-9178,,
9464,61,79,removed,Cd-109-9178,,
9464,61,107,removed,Bi-207-8779,,
9464,61,1009,removed,Bi-207-9176,,
9464,61,1012,removed,Bi-207-8779,,
9464,61,1017,removed,Bi-207-9176,,
9464,61,1018,removed,Bi-207-9176,,
9464,61,1020,removed,Bi-207-8779,,
9464,61,1021,removed,Bi-207-8779,,
9464,61,1027,removed,Bi-207-9176,,
9464,61,1030,removed,Bi-207-8779,,
9464,61,1047,removed,Bi-207-9177,,
9464,61,1050,removed,Bi-207-8890,,
9464,61,1051,removed,Bi-207-8890,,
9464,61,1053,removed,Cd-109-9178,,
9464,61,1054,removed,Cd-109-9178,,
9464,61,1059,removed,Bi-207-9177,,
9464,61,1060,removed,Bi-207-9177,,
9464,61,1062,removed,Bi-207-8890,,
9464,61,1063,removed,Bi-207-8890,,
9464,61,1066,removed,Cd-109-9178,,
9464,61,1067,removed,Cd-109-9178,,
9464,62,76,removed,Bi-207-8890,,
9464,62,1009,removed,Bi-207-9176,,
9464,62,1010,removed,Bi-207-9176,,
9464,62,1012,removed,Bi-207-8779,,
9464,62,1013,removed,Bi-207-8779,,
9464,62,1017,removed,Bi-207-9176,,
9464,62,1018,removed,Bi-207-9176,,
9464,62,1020,removed,Bi-207-8779,,
9464,62,1021,removed,Bi-207-8779,,
9464,62,1036,removed,Bi-207-9177,,
9464,62,1038,removed,Bi-207-8890,,
9464,62,1039,removed,Bi-207-8890,,
9464,62,1042,removed,Cd-109-9178,,
9464,62,1043,removed,Cd-109-9178,,
9464,62,1047,removed,Bi-207-9177,,
9464,62,1048,removed,Bi-207-9177,,
9464,62,1050,removed,Bi-207-8890,,
9464,62,1051,removed,Bi-207-8890,,
9464,62,1053,removed,Cd-109-9178,,
9464,62,1054,removed,Cd-109-9178,,
9464,62,1055,removed,Cd-109-9178,,
9464,62,1059,removed,Bi-207-9177,,
9464,62,1060,removed,Bi-207-9177,,
9464,63,74,removed,Bi-207-8890,,
9464,63,75,removed,Bi-207-8890,,yes
9464,63,76,removed,Bi-207-8890,,
9464,63,86,removed,Bi-207-8890,,yes
9464,63,87,removed,Bi-207-8890,,yes
9464,63,1009,removed,Bi-207-9176,,
9464,63,1010,removed,Bi-207-9176,,
9464,63,1011,removed,Bi-207-8779,,
9464,63,1012,removed,Bi-207-8779,,
9464,63,1013,removed,Bi-207-8779,,
9464,63,1017,removed,Bi-207-9176,,
9464,63,1018,removed,Bi-207-9176,,
9464,63,1020,removed,Bi-207-8779,,
9464,63,1021,removed,Bi-207-8779,,
9464,63,1028,removed,Bi-207-8890,,
9464,63,1031,removed,Cd-109-9178,,
9464,63,1032,removed,Cd-109-9178,,
9464,63,1038,removed,Bi-207-8890,,
9464,63,1039,removed,Bi-207-8890,,
9464,63,1042,removed,Cd-109-9178,,
9464,63,1043,removed,Cd-109-9178,,
9464,63,1050,removed,Bi-207-8890,,
9464,63,1051,removed,Bi-207-8890,,
9464,63,1053,removed,Cd-109-9178,,
9464,63,1054,removed,Cd-109-9178,,
9464,64,10,removed,Bi-207-9177,,
9464,64,19,removed,Bi-207-9177,,
9464,64,27,removed,Bi-207-9177,,
9464,64,28,removed,Bi-207-9177,,
9464,64,1064,removed,Bi-207-9176,,
9464,64,1076,removed,Bi-207-9176,,
9464,64,1077,removed,Bi-207-9176,,
9464,64,1079,removed,Bi-207-8779,,
9464,64,1080,removed,Bi-207-8779,,
9464,64,1081,removed,Bi-207-8779,,
9464,64,1088,removed,Bi-207-9176,,
9464,64,1089,removed,Bi-207-9176,,
9464,64,1091,removed,Bi-207-8779,,
9464,64,1092,removed,Bi-207-8779,,
9464,64,1106,removed,Bi-207-9177,,
9464,64,1107,removed,Bi-207-9177,,
9464,64,1115,removed,Bi-207-9177,,
9464,65,28,removed,Bi-207-9177,,
9464,65,1064,removed,Bi-207-9176,,
9464,65,1065,removed,Bi-207-9176,,
9464,65,1067,removed,Bi-207-8779,,
9464,65,1068,removed,Bi-207-8779,,
9464,65,1076,removed,Bi-207-9176,,
9464,65,1077,removed,Bi-207-9176,,
9464,65,1079,removed,Bi-207-8779,,
9464,65,1080,removed,Bi-207-8779,,
9464,65,1081,removed,Bi-207-8779,,
9464,65,1096,removed,Bi-207-9177,,
9464,65,1097,removed,Bi-207-9177,,
9464,65,1100,removed,Bi-207-8890,,
9464,65,1101,removed,Bi-207-8890,,
9464,65,1106,removed,Bi-207-9177,,
9464,65,1107,removed,Bi-207-9177,,
9464,65,1109,removed,Bi-207-8890,,
9464,65,1110,removed,Bi-207-8890,,
9464,65,1115,removed,Bi-207-9177,,
9464,65,1118,removed,Bi-207-8890,,
9464,66,38,removed,Bi-207-9177,,
9464,66,41,removed,Bi-207-8890,,
9464,66,1051,removed,Bi-207-9176,,
9464,66,1052,removed,Bi-207-9176,,
9464,66,1055,removed,Bi-207-8779,,
9464,66,1056,removed,Bi-207-8779,,
9464,66,1064,removed,Bi-207-9176,,
9464,66,1065,removed,Bi-207-9176,,
9464,66,1067,removed,Bi-207-8779,,
9464,66,1068,removed,Bi-207-8779,,
9464,66,1086,removed,Bi-207-9177,,
9464,66,1087,removed,Bi-207-9177,,
9464,66,1089,removed,Bi-207-8890,,
9464,66,1090,removed,Bi-207-8890,,
9464,66,1096,removed,Bi-207-9177,,
9464,66,1097,removed,Bi-207-9177,,
9464,66,1099,removed,Bi-207-8890,,
9464,66,1100,removed,Bi-207-8890,,
9464,66,1101,removed,Bi-207-8890,,
9464,66,1109,removed,Bi-207-8890,,
9464,66,1110,removed,Bi-207-8890,,
9464,67,39,removed,Bi-207-9177,,
9464,67,49,removed,Bi-207-9177,,
9464,67,53,removed,Bi-207-8890,,
9464,67,67,removed,Bi-207-8779,,
9464,67,68,removed,Bi-207-8779,,
9464,67,79,removed,Bi-207-8779,,
9464,67,1040,removed,Bi-207-9176,,
9464,67,1041,removed,Bi-207-9176,,
9464,67,1043,removed,Bi-207-8779,,
9464,67,1044,removed,Bi-207-8779,,
9464,67,1051,removed,Bi-207-9176,,
9464,67,1052,removed,Bi-207-9176,,
9464,67,1054,removed,Bi-207-8779,,
9464,67,1055,removed,Bi-207-8779,,
9464,67,1056,removed,Bi-207-8779,,
9464,67,1067,removed,Bi-207-8779,,
9464,67,1068,removed,Bi-207-8779,,
9464,67,1075,removed,Bi-207-9177,,
9464,67,1078,removed,Bi-207-8890,,
9464,67,1086,removed,Bi-207-9177,,
9464,67,1087,removed,Bi-207-9177,,
9464,67,1089,removed,Bi-207-8890,,
9464,67,1090,removed,Bi-207-8890,,
9464,67,1096,removed,Bi-207-9177,,
9464,67,1097,removed,Bi-207-9177,,
9464,67,1100,removed,Bi-207-8890,,
9464,67,1101,removed,Bi-207-8890,,
9464,68,62,removed,Bi-207-9177,,
9464,68,1029,removed,Bi-207-9176,,
9464,68,1030,removed,Bi-207-9176,,
9464,68,1033,removed,Bi-207-8779,,
9464,68,1040,removed,Bi-207-9176,,
9464,68,1041,removed,Bi-207-9176,,
9464,68,1043,removed,Bi-207-8779,,
9464,68,1044,removed,Bi-207-8779,,
9464,68,1052,removed,Bi-207-9176,,
9464,68,1055,removed,Bi-207-8779,,
9464,68,1062,removed,Bi-207-9177,,
9464,68,1074,removed,Bi-207-9177,,
9464,68,1075,removed,Bi-207-9177,,
9464,68,1078,removed,Bi-207-8890,,
9464,68,1079,removed,Bi-207-8890,,
9464,68,1086,removed,Bi-207-9177,,
9464,68,1089,removed,Bi-207-8890,,
9464,68,1090,removed,Bi-207-8890,,
9464,69,90,removed,Bi-207-8779,,
9464,69,1020,removed,Bi-207-9176,,
9464,69,1021,removed,Bi-207-9176,,
9464,69,1029,removed,Bi-207-9176,,
9464,69,1030,removed,Bi-207-9176,,
9464,69,1031,removed,Bi-207-9176,,
9464,69,1032,removed,Bi-207-8779,,
9464,69,1033,removed,Bi-207-8779,,
9464,69,1040,removed,Bi-207-9176,,
9464,69,1043,removed,Bi-207-8779,,
9464,69,1044,removed,Bi-207-8779,,
9464,69,1055,removed,Bi-207-8779,,
9464,69,1062,removed,Bi-207-9177,,
9464,69,1063,removed,Bi-207-9177,,
9464,69,1065,removed,Bi-207-8890,,
9464,69,1066,removed,Bi-207-8890,,
9464,69,1074,removed,Bi-207-9177,,
9464,69,1075,removed,Bi-207-9177,,
9464,69,1078,removed,Bi-207-8890,,
9464,69,1079,removed,Bi-207-8890,,
9464,70,63,removed,Bi-207-9177,,
9464,70,1012,removed,Bi-207-9176,,
9464,70,1015,removed,Bi-207-8779,,
9464,70,1020,removed,Bi-207-9176,,
9464,70,1021,removed,Bi-207-9176,,
9464,70,1023,removed,Bi-207-8779,,
9464,70,1024,removed,Bi-207-8779,,
9464,70,1030,removed,Bi-207-9176,,
9464,70,1033,removed,Bi-207-8779,,
9464,70,1049,removed,Bi-207-9177,,
9464,70,1050,removed,Bi-207-9177,,
9464,70,1056,removed,Cd-109-9178,,
9464,70,1062,removed,Bi-207-9177,,
9464,70,1063,removed,Bi-207-9177,,
9464,70,1068,removed,Cd-109-9178,,
9464,70,1069,removed,Cd-109-9178,,
9464,70,1081,removed,Cd-109-9178,,
9464,71,1011,removed,Bi-207-9176,,
9464,71,1012,removed,Bi-207-9176,,
9464,71,1013,removed,Bi-207-9176,,
9464,71,1015,removed,Bi-207-8779,,
9464,71,1020,removed,Bi-207-9176,,
9464,71,1021,removed,Bi-207-9176,,
9464,71,1023,removed,Bi-207-8779,,
9464,71,1024,removed,Bi-207-8779,,
9464,71,1038,removed,Bi-207-9177,,
9464,71,1039,removed,Bi-207-9177,,
9464,71,1041,removed,Bi-207-8890,,
9464,71,1042,removed,Bi-207-8890,,
9464,71,1049,removed,Bi-207-9177,,
9464,71,1050,removed,Bi-207-9177,,
9464,71,1053,removed,Bi-207-8890,,
9464,71,1054,removed,Bi-207-8890,,
9464,71,1066,removed,Bi-207-8890,,
9464,72,1007,removed,Bi-207-8779,,
9464,72,1011,removed,Bi-207-9176,,
9464,72,1012,removed,Bi-207-9176,,
9464,72,1013,removed,Bi-207-9176,,
9464,72,1014,removed,Bi-207-8779,,
9464,72,1015,removed,Bi-207-8779,,
9464,72,1020,removed,Bi-207-9176,,
9464,72,1021,removed,Bi-207-9176,,
9464,72,1023,removed,Bi-207-8779,,
9464,72,1024,removed,Bi-207-8779,,
9464,72,1027,removed,Bi-207-9177,,
9464,72,1028,removed,Bi-207-9177,,
9464,72,1031,removed,Bi-207-8890,,
9464,72,1032,removed,Bi-207-8890,,
9464,72,1034,removed,Cd-109-9178,,
9464,72,1038,removed,Bi-207-9177,,
9464,72,1039,removed,Bi-207-9177,,
9464,72,1041,removed,Bi-207-8890,,
9464,72,1042,removed,Bi-207-8890,,
9464,72,1044,removed,Cd-109-9178,,
9464,72,1045,removed,Cd-109-9178,,
9464,72,1049,removed,Bi-207-9177,,
9464,72,1050,removed,Bi-207-9177,,
9464,72,1053,removed,Bi-207-8890,,
9464,72,1054,removed,Bi-207-8890,,
9464,72,1056,removed,Cd-109-9178,,
9464,74,1004,removed,Bi-207-9176,,
9464,74,1011,removed,Bi-207-9176,,
9464,74,1012,removed,Bi-207-9176,,
9464,74,1020,removed,Bi-207-9176,,
9464,75,1009,removed,Bi-207-9177,,
9464,75,1017,removed,Bi-207-9177,,
9464,75,1018,removed,Bi-207-9177,,
9464,75,1027,removed,Bi-207-9177,,
9469,0,38,removed,Bi-207-9177,,
9469,0,87,removed,Bi-207-9176,,
9469,0,1050,removed,Bi-207-9176,,
9469,0,1051,removed,Bi-207-9176,,
9469,0,1052,removed,Bi-207-9176,,
9469,0,1054,removed,Bi-207-8779,,
9469,0,1055,removed,Bi-207-8779,,
9469,0,1063,removed,Bi-207-9176,,
9469,0,1064,removed,Bi-207-9176,,
9469,0,1066,removed,Bi-207-8779,,
9469,0,1067,removed,Bi-207-8779,,
9469,0,1080,removed,Cd-109-9178,,
9469,0,1081,removed,Cd-109-9178,,
9469,0,1085,removed,Bi-207-9177,,
9469,0,1086,removed,Bi-207-9177,,
9469,0,1088,removed,Bi-207-8890,,
9469,0,1089,removed,Bi-207-8890,,
9469,0,1091,removed,Cd-109-9178,,
9469,0,1092,removed,Cd-109-9178,,
9469,0,1095,removed,Bi-207-9177,,
9469,0,1096,removed,Bi-207-9177,,
9469,0,1099,removed,Bi-207-8890,,
9469,0,1100,removed,Bi-207-8890,,
9469,0,1109,removed,Bi-207-8890,,
9469,1,28,removed,Bi-207-9177,,
9469,1,1064,removed,Bi-207-9176,,
9469,1,1065,removed,Bi-207-9176,,
9469,1,1067,removed,Bi-207-8779,,
9469,1,1068,removed,Bi-207-8779,,
9469,1,1076,removed,Bi-207-9176,,
9469,1,1077,removed,Bi-207-9176,,
9469,1,1079,removed,Bi-207-8779,,
9469,1,1080,removed,Bi-207-8779,,
9469,1,1096,removed,Bi-207-9177,,
9469,1,1097,removed,Bi-207-9177,,
9469,1,1100,removed,Bi-207-8890,,
9469,1,1101,removed,Cd-109-9178,,
9469,1,1102,removed,Cd-109-9178,,
9469,1,1105,removed,Bi-207-9177,,
9469,1,1106,removed,Bi-207-9177,,
9469,1,1109,removed,Bi-207-8890,,
9469,1,1110,removed,Bi-207-8890,,
9469,1,1111,removed,Cd-109-9178,,
9469,1,1112,removed,Cd-109-9178,,
9469,1,1118,removed,Bi-207-8890,,
9469,2,50,removed,Bi-207-9177,,
9469,2,55,removed,Cd-109-9178,,
9469,2,62,removed,Bi-207-9177,,
9469,2,65,removed,Bi-207-8890,,
9469,2,79,removed,Bi-207-8779,,yes
9469,2,80,removed,Bi-207-8779,,yes
9469,2,90,removed,Bi-207-8779,,
9469,2,91,removed,Bi-207-8779,,yes
9469,2,92,removed,Bi-207-8779,,yes
9469,2,101,removed,Bi-207-8779,,
9469,2,102,removed,Bi-207-8779,,yes
9469,2,1029,removed,Bi-207-9176,,
9469,2,1030,removed,Bi-207-9176,,
9469,2,1033,removed,Bi-207-8779,,
9469,2,1039,removed,Bi-207-9176,,
9469,2,1040,removed,Bi-207-9176,,
9469,2,1041,removed,Bi-207-9176,,
9469,2,1043,removed,Bi-207-8779,,
9469,2,1044,removed,Bi-207-8779,,
9469,2,1054,removed,Bi-207-8779,,
9469,2,1055,removed,Bi-207-8779,,
9469,2,1062,removed,Bi-207-9177,,
9469,2,1068,removed,Cd-109-9178,,
9469,2,1074,removed,Bi-207-9177,,
9469,2,1075,removed,Bi-207-9177,,
9469,2,1080,removed,Cd-109-9178,,
9469,2,1081,removed,Cd-109-9178,,
9469,2,1085,removed,Bi-207-9177,,
9469,2,1086,removed,Bi-207-9177,,
9469,2,1092,removed,Cd-109-9178,,
9469,3,26,removed,Bi-207-9177,,
9469,3,39,removed,Bi-207-8890,,
9469,3,1049,removed,Bi-207-9176,,
9469,3,1050,removed,Bi-207-9176,,
9469,3,1053,removed,Bi-207-8779,,
9469,3,1054,removed,Bi-207-8779,,
9469,3,1062,removed,Bi-207-9176,,
9469,3,1063,removed,Bi-207-9176,,
9469,3,1065,removed,Bi-207-8779,,
9469,3,1066,removed,Bi-207-8779,,
9469,3,1084,removed,Bi-207-9177,,
9469,3,1085,removed,Bi-207-9177,,
9469,3,1087,removed,Bi-207-8890,,
9469,3,1088,removed,Bi-207-8890,,
9469,3,1091,removed,Cd-109-9178,,
9469,3,1092,removed,Cd-109-9178,,
9469,3,1094,removed,Bi-207-9177,,
9469,3,1095,removed,Bi-207-9177,,
9469,3,1097,removed,Bi-207-8890,,
9469,3,1098,removed,Bi-207-8890,,
9469,3,1099,removed,Bi-207-8890,,
9469,3,1101,removed,Cd-109-9178,,
9469,3,1102,removed,Cd-109-9178,,
9469,3,1107,removed,Bi-207-8890,,
9469,3,1108,removed,Bi-207-8890,,
9469,3,1111,removed,Cd-109-9178,,
9469,3,1112,removed,Cd-109-9178,,
9469,4,17,removed,Bi-207-9177,,
9469,4,40,removed,Bi-207-8890,,
9469,4,1062,removed,Bi-207-9176,,
9469,4,1063,removed,Bi-207-9176,,
9469,4,1066,removed,Bi-207-8779,,
9469,4,1067,removed,Bi-207-8779,,
9469,4,1075,removed,Bi-207-9176,,
9469,4,1076,removed,Bi-207-9176,,
9469,4,1078,removed,Bi-207-8779,,
9469,4,1079,removed,Bi-207-8779,,
9469,4,1095,removed,Bi-207-9177,,
9469,4,1096,removed,Bi-207-9177,,
9469,4,1101,removed,Cd-109-9178,,
9469,4,1102,removed,Cd-109-9178,,
9469,4,1105,removed,Bi-207-9177,,
9469,4,1108,removed,Bi-207-8890,,
9469,4,1109,removed,Bi-207-8890,,
9469,4,1111,removed,Cd-109-9178,,
9469,4,1112,removed,Cd-109-9178,,
9469,4,1116,removed,Bi-207-8890,,
9469,4,1117,removed,Bi-207-8890,,
9469,5,48,removed,Bi-207-9177,,
9469,5,60,removed,Bi-207-9177,,
9469,5,73,removed,Bi-207-9176,,
9469,5,76,removed,Bi-207-8779,,
9469,5,1027,removed,Bi-207-9176,,
9469,5,1028,removed,Bi-207-9176,,
9469,5,1037,removed,Bi-207-9176,,
9469,5,1038,removed,Bi-207-9176,,
9469,5,1040,removed,Bi-207-8779,,
9469,5,1041,removed,Bi-207-8779,,
9469,5,1042,removed,Bi-207-8779,,
9469,5,1049,removed,Bi-207-9176,,
9469,5,1052,removed,Bi-207-8779,,
9469,5,1053,removed,Bi-207-8779,,
9469,5,1060,removed,Bi-207-9177,,
9469,5,1072,removed,Bi-207-9177,,
9469,5,1073,removed,Bi-207-9177,,
9469,5,1075,removed,Bi-207-8890,,
9469,5,1076,removed,Bi-207-8890,,
9469,5,1079,removed,Cd-109-9178,,
9469,5,1080,removed,Cd-109-9178,,
9469,5,1084,removed,Bi-207-9177,,
9469,5,1086,removed,Bi-207-8890,,
9469,5,1087,removed,Bi-207-8890,,
9469,5,1088,removed,Bi-207-8890,,
9469,5,1090,removed,Cd-109-9178,,
9469,5,1091,removed,Cd-109-9178,,
9469,5,1092,removed,Cd-109-9178,,
9469,5,1101,removed,Cd-109-9178,,
9469,5,1102,removed,Cd-109-9178,,
9469,6,68,removed,Cd-109-9178,,
9469,6,95,removed,Bi-207-9177,,
9469,6,109,removed,Bi-207-8779,,
9469,6,110,removed,Bi-207-8779,,
9469,6,118,removed,Bi-207-8779,,yes
9469,6,119,removed,Bi-207-8779,,yes
9469,6,1010,removed,Bi-207-9176,,
9469,6,1011,removed,Bi-207-9176,,
9469,6,1013,removed,Bi-207-8779,,
9469,6,1014,removed,Bi-207-8779,,
9469,6,1018,removed,Bi-207-9176,,
9469,6,1019,removed,Bi-207-9176,,
9469,6,1022,removed,Bi-207-8779,,
9469,6,1023,removed,Bi-207-8779,,
9469,6,1036,removed,Bi-207-9177,,
9469,6,1037,removed,Bi-207-9177,,
9469,6,1040,removed,Bi-207-8890,,
9469,6,1041,removed,Bi-207-8890,,
9469,6,1043,removed,Cd-109-9178,,
9469,6,1044,removed,Cd-109-9178,,
9469,6,1048,removed,Bi-207-9177,,
9469,6,1049,removed,Bi-207-9177,,
9469,6,1051,removed,Bi-207-8890,,
9469,6,1052,removed,Bi-207-8890,,
9469,6,1055,removed,Cd-109-9178,,
9469,6,1056,removed,Cd-109-9178,,
9469,7,49,removed,Bi-207-9177,,
9469,7,62,removed,Bi-207-9177,,
9469,7,74,removed,Bi-207-9177,,
9469,7,87,removed,Bi-207-9176,,
9469,7,90,removed,Bi-207-8779,,yes
9469,7,91,removed,Bi-207-8779,,yes
9469,7,100,removed,Bi-207-8779,,yes
9469,7,101,removed,Bi-207-8779,,yes
9469,7,102,removed,Bi-207-8779,,yes
9469,7,110,removed,Bi-207-8779,,
9469,7,111,removed,Bi-207-8779,,yes
9469,7,1019,removed,Bi-207-9176,,
9469,7,1020,removed,Bi-207-9176,,
9469,7,1022,removed,Bi-207-8779,,
9469,7,1023,removed,Bi-207-8779,,
9469,7,1028,removed,Bi-207-9176,,
9469,7,1029,removed,Bi-207-9176,,
9469,7,1031,removed,Bi-207-8779,,
9469,7,1032,removed,Bi-207-8779,,
9469,7,1033,removed,Bi-207-8779,,
9469,7,1043,removed,Bi-207-8779,,
9469,7,1048,removed,Bi-207-9177,,
9469,7,1049,removed,Bi-207-9177,,
9469,7,1052,removed,Bi-207-8890,,
9469,7,1053,removed,Bi-207-8890,,
9469,7,1056,removed,Cd-109-9178,,
9469,7,1061,removed,Bi-207-9177,,
9469,7,1062,removed,Bi-207-9177,,
9469,7,1064,removed,Bi-207-8890,,
9469,7,1065,removed,Bi-207-8890,,
9469,7,1068,removed,Cd-109-9178,,
9469,7,1069,removed,Cd-109-9178,,
9469,7,1074,removed,Bi-207-9177,,
9469,7,1077,removed,Bi-207-8890,,
9469,7,1078,removed,Bi-207-8890,,
9469,7,1081,removed,Cd-109-9178,,
9469,8,49,removed,Bi-207-9177,,
9469,8,60,removed,Bi-207-9177,,
9469,8,61,removed,Bi-207-9177,,
9469,8,64,removed,Bi-207-8890,,
9469,8,77,removed,Bi-207-8779,,
9469,8,1028,removed,Bi-207-9176,,
9469,8,1029,removed,Bi-207-9176,,
9469,8,1031,removed,Bi-207-8779,,
9469,8,1032,removed,Bi-207-8779,,
9469,8,1038,removed,Bi-207-9176,,
9469,8,1039,removed,Bi-207-9176,,
9469,8,1041,removed,Bi-207-8779,,
9469,8,1042,removed,Bi-207-8779,,
9469,8,1043,removed,Bi-207-8779,,
9469,8,1050,removed,Bi-207-9176,,
9469,8,1053,removed,Bi-207-8779,,
9469,8,1054,removed,Bi-207-8779,,
9469,8,1073,removed,Bi-207-9177,,
9469,8,1074,removed,Bi-207-9177,,
9469,8,1080,removed,Cd-109-9178,,
9469,8,1081,removed,Cd-109-9178,,
9469,8,1084,removed,Bi-207-9177,,
9469,8,1085,removed,Bi-207-9177,,
9469,8,1091,removed,Cd-109-9178,,
9469,8,1092,removed,Cd-109-9178,,
9469,9,18,removed,Bi-207-9177,,yes
9469,9,22,removed,Bi-207-8890,,
9469,9,27,removed,Bi-207-9177,,yes
9469,9,28,removed,Bi-207-9177,,
9469,9,33,removed,Bi-207-8779,,
9469,9,38,removed,Bi-207-9176,,yes
9469,9,39,removed,Bi-207-9176,,yes
9469,9,40,removed,Bi-207-9176,,
9469,9,50,removed,Bi-207-9176,,yes
9469,9,51,removed,Bi-207-9176,,yes
9469,9,1075,removed,Bi-207-9176,,
9469,9,1076,removed,Bi-207-9176,,
9469,9,1079,removed,Bi-207-8779,,
9469,9,1080,removed,Bi-207-8779,,
9469,9,1087,removed,Bi-207-9176,,
9469,9,1088,removed,Bi-207-9176,,
9469,9,1090,removed,Bi-207-8779,,
9469,9,1091,removed,Bi-207-8779,,
9469,9,1095,removed,Bi-207-9177,,
9469,9,1096,removed,Bi-207-9177,,
9469,9,1098,removed,Bi-207-8890,,
9469,9,1099,removed,Bi-207-8890,,
9469,9,1101,removed,Cd-109-9178,,
9469,9,1102,removed,Cd-109-9178,,
9469,9,1105,removed,Bi-207-9177,,
9469,9,1106,removed,Bi-207-9177,,
9469,9,1107,removed,Bi-207-8890,,
9469,9,1108,removed,Bi-207-8890,,
9469,9,1111,removed,Cd-109-9178,,
9469,9,1112,removed,Cd-109-9178,,
9469,10,1018,removed,Bi-207-9176,,
9469,10,1019,removed,Bi-207-9176,,
9469,10,1021,removed,Bi-207-8779,,
9469,10,1022,removed,Bi-207-8779,,
9469,10,1027,removed,Bi-207-9176,,
9469,10,1028,removed,Bi-207-9176,,
9469,10,1030,removed,Bi-207-8779,,
9469,10,1031,removed,Bi-207-8779,,
9469,10,1032,removed,Bi-207-8779,,
9469,10,1047,removed,Bi-207-9177,,
9469,10,1048,removed,Bi-207-9177,,
9469,10,1051,removed,Bi-207-8890,,
9469,10,1054,removed,Cd-109-9178,,
9469,10,1055,removed,Cd-109-9178,,
9469,10,1059,removed,Bi-207-9177,,
9469,10,1060,removed,Bi-207-9177,,
9469,10,1061,removed,Bi-207-9177,,
9469,10,1063,removed,Bi-207-8890,,
9469,10,1064,removed,Bi-207-8890,,
9469,10,1066,removed,Cd-109-9178,,
9469,10,1067,removed,Cd-109-9178,,
9469,10,1068,removed,Cd-109-9178,,
9469,10,1072,removed,Bi-207-9177,,
9469,10,1073,removed,Bi-207-9177,,
9469,10,1076,removed,Bi-207-8890,,
9469,10,1079,removed,Cd-109-9178,,
9469,10,1080,removed,Cd-109-9178,,
9469,11,84,removed,Bi-207-9177,,yes
9469,11,85,removed,Bi-207-9177,,yes
9469,11,88,removed,Bi-207-8890,,yes
9469,11,89,removed,Bi-207-8890,,
9469,11,92,removed,Cd-109-9178,,yes
9469,11,94,removed,Bi-207-9177,,yes
9469,11,95,removed,Bi-207-9177,,yes
9469,11,96,removed,Bi-207-9177,,
9469,11,98,removed,Bi-207-8890,,yes
9469,11,99,removed,Bi-207-8890,,yes
9469,11,100,removed,Bi-207-8890,,
9469,11,102,removed,Cd-109-9178,,yes
9469,11,103,removed,Cd-109-9178,,yes
9469,11,108,removed,Bi-207-8890,,yes
9469,11,1011,removed,Bi-207-9176,,
9469,11,1012,removed,Bi-207-9176,,
9469,11,1019,removed,Bi-207-9176,,
9469,11,1020,removed,Bi-207-9176,,
9469,11,1024,removed,Cd-109-9178,,
9469,11,1026,removed,Bi-207-9177,,
9469,11,1027,removed,Bi-207-9177,,
9469,11,1030,removed,Bi-207-8890,,
9469,11,1031,removed,Bi-207-8890,,
9469,11,1033,removed,Cd-109-9178,,
9469,11,1034,removed,Cd-109-9178,,
9469,11,1037,removed,Bi-207-9177,,
9469,11,1038,removed,Bi-207-9177,,
9469,11,1040,removed,Bi-207-8890,,
9469,11,1041,removed,Bi-207-8890,,
9469,11,1044,removed,Cd-109-9178,,
9469,11,1045,removed,Cd-109-9178,,
9469,12,97,removed,Bi-207-8890,,
9469,12,104,removed,Bi-207-9176,,
9469,12,107,removed,Bi-207-8779,,
9469,12,1009,removed,Bi-207-9176,,
9469,12,1010,removed,Bi-207-9176,,
9469,12,1012,removed,Bi-207-8779,,
9469,12,1013,removed,Bi-207-8779,,
9469,12,1018,removed,Bi-207-9176,,
9469,12,1019,removed,Bi-207-9176,,
9469,12,1021,removed,Bi-207-8779,,
9469,12,1022,removed,Bi-207-8779,,
9469,12,1026,removed,Bi-207-9177,,
9469,12,1027,removed,Bi-207-9177,,
9469,12,1029,removed,Bi-207-8890,,
9469,12,1030,removed,Bi-207-8890,,
9469,12,1036,removed,Bi-207-9177,,
9469,12,1037,removed,Bi-207-9177,,
9469,12,1039,removed,Bi-207-8890,,
9469,12,1040,removed,Bi-207-8890,,
9469,12,1043,removed,Cd-109-9178,,
9469,12,1044,removed,Cd-109-9178,,
9469,12,1055,removed,Cd-109-9178,,
9469,12,1056,removed,Cd-109-9178,,
9469,12,1067,removed,Cd-109-9178,,
9469,12,1068,removed,Cd-109-9178,,
9469,13,9,removed,Bi-207-9177,,
9469,13,10,removed,Bi-207-9177,,yes
9469,13,13,removed,Bi-207-8890,,
9469,13,14,removed,Bi-207-8890,,yes
9469,13,17,removed,Bi-207-9177,,
9469,13,18,removed,Bi-207-9177,,
9469,13,19,removed,Bi-207-9176,,yes
9469,13,23,removed,Bi-207-8779,,
9469,13,29,removed,Bi-207-9176,,
9469,13,33,removed,Bi-207-8779,,
9469,13,1086,removed,Bi-207-9176,,
9469,13,1087,removed,Bi-207-9176,,
9469,13,1096,removed,Bi-207-9176,,
9469,13,1097,removed,Bi-207-9176,,
9469,13,1098,removed,Bi-207-8890,,
9469,13,1101,removed,Cd-109-9178,,
9469,13,1107,removed,Bi-207-8890,,
9469,13,1108,removed,Bi-207-8890,,
9469,13,1110,removed,Cd-109-9178,,
9469,13,1111,removed,Cd-109-9178,,
9469,13,1115,removed,Bi-207-8890,,
9469,13,1116,removed,Bi-207-8890,,
9469,13,1118,removed,Cd-109-9178,,
9469,13,1119,removed,Cd-109-9178,,
9469,14,111,removed,Cd-109-9178,,
9469,14,1004,removed,Bi-207-9176,,
9469,14,1007,removed,Bi-207-8779,,
9469,14,1011,removed,Bi-207-9176,,
9469,14,1012,removed,Bi-207-9176,,
9469,14,1014,removed,Bi-207-8779,,
9469,14,1015,removed,Bi-207-8779,,
9469,14,1020,removed,Bi-207-9176,,
9469,14,1021,removed,Bi-207-8890,,
9469,14,1022,removed,Bi-207-8890,,
9469,14,1023,removed,Bi-207-8779,,
9469,14,1024,removed,Cd-109-9178,,
9469,14,1030,removed,Bi-207-8890,,
9469,14,1031,removed,Bi-207-8890,,
9469,14,1032,removed,Bi-207-8890,,
9469,14,1033,removed,Cd-109-9178,,
9469,14,1034,removed,Cd-109-9178,,
9469,14,1041,removed,Bi-207-8890,,
9469,14,1042,removed,Bi-207-8890,,
9469,15,27,removed,Bi-207-9177,,
9469,15,31,removed,Bi-207-8890,,
9469,15,33,removed,Cd-109-9178,,
9469,15,37,removed,Bi-207-9177,,
9469,15,38,removed,Bi-207-9177,,
9469,15,42,removed,Bi-207-8779,,
9469,15,50,removed,Bi-207-9176,,
9469,15,1062,removed,Bi-207-9176,,
9469,15,1065,removed,Bi-207-8779,,
9469,15,1066,removed,Bi-207-8779,,
9469,15,1074,removed,Bi-207-9176,,
9469,15,1075,removed,Bi-207-9176,,
9469,15,1077,removed,Bi-207-8779,,
9469,15,1078,removed,Bi-207-8779,,
9469,15,1084,removed,Bi-207-9177,,
9469,15,1085,removed,Bi-207-9177,,
9469,15,1094,removed,Bi-207-9177,,
9469,15,1095,removed,Bi-207-9177,,
9469,15,1101,removed,Cd-109-9178,,
9469,15,1102,removed,Cd-109-9178,,
9469,15,1107,removed,Bi-207-8890,,
9469,15,1108,removed,Bi-207-8890,,
9469,15,1110,removed,Cd-109-9178,,
9469,15,1111,removed,Cd-109-9178,,
9469,15,1112,removed,Cd-109-9178,,
9469,15,1115,removed,Bi-207-8890,,
9469,15,1116,removed,Bi-207-8890,,
9469,15,1119,removed,Cd-109-9178,,
9469,16,14,removed,Cd-109-9178,,yes
9469,16,15,removed,Cd-109-9178,,yes
9469,16,23,removed,Cd-109-9178,,yes
9469,16,24,removed,Cd-109-9178,,yes
9469,16,51,removed,Bi-207-9176,,
9469,16,1075,removed,Bi-207-9176,,
9469,16,1078,removed,Bi-207-8779,,
9469,16,1079,removed,Bi-207-8779,,
9469,16,1086,removed,Bi-207-9176,,
9469,16,1087,removed,Bi-207-9176,,
9469,16,1089,removed,Bi-207-8779,,
9469,16,1090,removed,Bi-207-8779,,
9469,16,1097,removed,Bi-207-9176,,
9469,16,1098,removed,Bi-207-8890,,
9469,16,1099,removed,Bi-207-8890,,
9469,16,1101,removed,Cd-109-9178,,
9469,16,1102,removed,Cd-109-9178,,
9469,16,1108,removed,Bi-207-8890,,
9469,16,1109,removed,Bi-207-8890,,
9469,16,1111,removed,Cd-109-9178,,
9469,16,1112,removed,Cd-109-9178,,
9469,17,91,removed,Cd-109-9178,,
9469,17,101,removed,Cd-109-9178,,
9469,17,107,removed,Bi-207-8890,,
9469,17,113,removed,Bi-207-9176,,
9469,17,114,removed,Bi-207-9176,,
9469,17,116,removed,Bi-207-8779,,
9469,17,117,removed,Bi-207-8779,,
9469,17,121,removed,Bi-207-9176,,
9469,17,1004,removed,Bi-207-9176,,
9469,17,1007,removed,Bi-207-8779,,
9469,17,1011,removed,Bi-207-9176,,
9469,17,1012,removed,Bi-207-9176,,
9469,17,1014,removed,Bi-207-8779,,
9469,17,1015,removed,Bi-207-8779,,
9469,17,1017,removed,Bi-207-9177,,
9469,17,1018,removed,Bi-207-9177,,
9469,17,1020,removed,Bi-207-8890,,
9469,17,1021,removed,Bi-207-8890,,
9469,17,1023,removed,Bi-207-8779,,
9469,17,1024,removed,Cd-109-9178,,
9469,17,1026,removed,Bi-207-9177,,
9469,17,1027,removed,Bi-207-9177,,
9469,17,1029,removed,Bi-207-8890,,
9469,17,1030,removed,Bi-207-8890,,
9469,17,1033,removed,Cd-109-9178,,
9469,17,1034,removed,Cd-109-9178,,
9469,18,13,removed,Bi-207-8890,,
9469,18,22,removed,Bi-207-8779,,
9469,18,23,removed,Cd-109-9178,,
9469,18,28,removed,Bi-207-9176,,
9469,18,1085,removed,Bi-207-9176,,
9469,18,1086,removed,Bi-207-9176,,
9469,18,1095,removed,Bi-207-9176,,
9469,18,1096,removed,Bi-207-9176,,
9469,18,1097,removed,Bi-207-8890,,
9469,18,1106,removed,Bi-207-8890,,
9469,18,1107,removed,Bi-207-8890,,
9469,18,1109,removed,Cd-109-9178,,
9469,18,1110,removed,Cd-109-9178,,
9469,18,1115,removed,Bi-207-8890,,
9469,18,1117,removed,Cd-109-9178,,
9469,18,1118,removed,Cd-109-9178,,
9469,19,49,removed,Bi-207-9177,,
9469,19,62,removed,Bi-207-9177,,
9469,19,87,removed,Bi-207-9176,,
9469,19,89,removed,Bi-207-8779,,
9469,19,1019,removed,Bi-207-9176,,
9469,19,1020,removed,Bi-207-9176,,
9469,19,1022,removed,Bi-207-8779,,
9469,19,1023,removed,Bi-207-8779,,
9469,19,1028,removed,Bi-207-9176,,
9469,19,1029,removed,Bi-207-9176,,
9469,19,1031,removed,Bi-207-8779,,
9469,19,1032,removed,Bi-207-8779,,
9469,19,1033,removed,Bi-207-8779,,
9469,19,1042,removed,Bi-207-8779,,
9469,19,1043,removed,Bi-207-8779,,
9469,19,1048,removed,Bi-207-9177,,
9469,19,1049,removed,Bi-207-9177,,
9469,19,1052,removed,Bi-207-8890,,
9469,19,1055,removed,Cd-109-9178,,
9469,19,1056,removed,Cd-109-9178,,
9469,19,1060,removed,Bi-207-9177,,
9469,19,1061,removed,Bi-207-9177,,
9469,19,1062,removed,Bi-207-9177,,
9469,19,1064,removed,Bi-207-8890,,
9469,19,1065,removed,Bi-207-8890,,
9469,19,1067,removed,Cd-109-9178,,
9469,19,1068,removed,Cd-109-9178,,
9469,19,1069,removed,Cd-109-9178,,
9469,19,1073,removed,Bi-207-9177,,
9469,19,1074,removed,Bi-207-9177,,
9469,19,1077,removed,Bi-207-8890,,
9469,19,1078,removed,Bi-207-8890,,
9469,19,1080,removed,Cd-109-9178,,
9469,19,1081,removed,Cd-109-9178,,
9469,20,110,removed,Bi-207-8779,,
9469,20,111,removed,Bi-207-8779,,
9469,20,120,removed,Bi-207-8779,,
9469,20,1011,removed,Bi-207-9176,,
9469,20,1012,removed,Bi-207-9176,,
9469,20,1014,removed,Bi-207-8779,,
9469,20,1015,removed,Bi-207-8779,,
9469,20,1019,removed,Bi-207-9176,,
9469,20,1020,removed,Bi-207-9176,,
9469,20,1021,removed,Bi-207-9176,,
9469,20,1022,removed,Bi-207-8779,,
9469,20,1023,removed,Bi-207-8779,,
9469,20,1024,removed,Bi-207-8779,,
9469,20,1034,removed,Cd-109-9178,,
9469,20,1037,removed,Bi-207-9177,,
9469,20,1038,removed,Bi-207-9177,,
9469,20,1041,removed,Bi-207-8890,,
9469,20,1042,removed,Bi-207-8890,,
9469,20,1044,removed,Cd-109-9178,,
9469,20,1045,removed,Cd-109-9178,,
9469,20,1049,removed,Bi-207-9177,,
9469,20,1052,removed,Bi-207-8890,,
9469,20,1053,removed,Bi-207-8890,,
9469,20,1056,removed,Cd-109-9178,,
9469,21,61,removed,Bi-207-9177,,
9469,21,67,removed,Cd-109-9178,,
9469,21,69,removed,Cd-109-9178,,
9469,21,74,removed,Bi-207-9177,,
9469,21,85,removed,Bi-207-9177,,
9469,21,100,removed,Bi-207-8779,,
9469,21,101,removed,Bi-207-8779,,
9469,21,1010,removed,Bi-207-9176,,
9469,21,1011,removed,Bi-207-9176,,
9469,21,1013,removed,Bi-207-8779,,
9469,21,1014,removed,Bi-207-8779,,
9469,21,1018,removed,Bi-207-9176,,
9469,21,1019,removed,Bi-207-9176,,
9469,21,1022,removed,Bi-207-8779,,
9469,21,1023,removed,Bi-207-8779,,
9469,21,1036,removed,Bi-207-9177,,
9469,21,1037,removed,Bi-207-9177,,
9469,21,1040,removed,Bi-207-8890,,
9469,21,1041,removed,Bi-207-8890,,
9469,21,1044,removed,Cd-109-9178,,
9469,21,1048,removed,Bi-207-9177,,
9469,21,1049,removed,Bi-207-9177,,
9469,21,1051,removed,Bi-207-8890,,
9469,21,1052,removed,Bi-207-8890,,
9469,21,1055,removed,Cd-109-9178,,
9469,21,1056,removed,Cd-109-9178,,
9469,21,1061,removed,Bi-207-9177,,
9469,21,1064,removed,Bi-207-8890,,
9469,21,1068,removed,Cd-109-9178,,
9469,22,1011,removed,Bi-207-9176,,
9469,22,1012,removed,Bi-207-9176,,
9469,22,1014,removed,Bi-207-8779,,
9469,22,1015,removed,Bi-207-8779,,
9469,22,1020,removed,Bi-207-9176,,
9469,22,1021,removed,Bi-207-9176,,
9469,22,1023,removed,Bi-207-8779,,
9469,22,1024,removed,Bi-207-8779,,
9469,22,1038,removed,Bi-207-9177,,
9469,22,1041,removed,Bi-207-8890,,
9469,22,1042,removed,Bi-207-8890,,
9469,22,1044,removed,Cd-109-9178,,
9469,22,1049,removed,Bi-207-9177,,
9469,22,1050,removed,Bi-207-9177,,
9469,22,1052,removed,Bi-207-8890,,
9469,22,1053,removed,Bi-207-8890,,
9469,22,1054,removed,Bi-207-8890,,
9469,22,1055,removed,Cd-109-9178,,
9469,22,1056,removed,Cd-109-9178,,
9469,22,1062,removed,Bi-207-9177,,
9469,22,1065,removed,Bi-207-8890,,
9469,22,1066,removed,Bi-207-8890,,
9469,22,1068,removed,Cd-109-9178,,
9469,23,84,removed,Bi-207-9177,,
9469,23,98,removed,Bi-207-8890,,
9469,23,107,removed,Bi-207-8890,,
9469,23,113,removed,Bi-207-9176,,
9469,23,114,removed,Bi-207-9176,,
9469,23,121,removed,Bi-207-9176,,
9469,23,1004,removed,Bi-207-9176,,
9469,23,1007,removed,Bi-207-8779,,
9469,23,1011,removed,Bi-207-9176,,
9469,23,1012,removed,Bi-207-9176,,
9469,23,1014,removed,Bi-207-8779,,
9469,23,1015,removed,Bi-207-8779,,
9469,23,1017,removed,Bi-207-9177,,
9469,23,1018,removed,Bi-207-9177,,
9469,23,1020,removed,Bi-207-8890,,
9469,23,1021,removed,Bi-207-8890,,
9469,23,1023,removed,Bi-207-8779,,
9469,23,1026,removed,Bi-207-9177,,
9469,23,1027,removed,Bi-207-9177,,
9469,23,1029,removed,Bi-207-8890,,
9469,23,1030,removed,Bi-207-8890,,
9469,23,1033,removed,Cd-109-9178,,
9469,23,1034,removed,Cd-109-9178,,
9469,23,1043,removed,Cd-109-9178,,
9469,23,1044,removed,Cd-109-9178,,
9469,23,1045,removed,Cd-109-9178,,
9469,24,2,removed,Bi-207-9177,,
9469,24,6,removed,Bi-207-8890,,
9469,24,7,removed,Bi-207-8890,,
9469,24,9,removed,Bi-207-9177,,
9469,24,10,removed,Bi-207-9177,,
9469,24,13,removed,Bi-207-8890,,yes
9469,24,14,removed,Bi-207-8890,,
9469,24,18,removed,Bi-207-9177,,yes
9469,24,23,removed,Bi-207-8779,,
9469,24,24,removed,Bi-207-8779,,
9469,24,33,removed,Bi-207-8779,,
9469,24,34,removed,Bi-207-8779,,
9469,24,44,removed,Bi-207-8779,,
9469,24,1107,removed,Bi-207-8890,,
9469,24,1108,removed,Bi-207-8890,,
9469,24,1111,removed,Cd-109-9178,,
9469,24,1115,removed,Bi-207-8890,,
9469,24,1116,removed,Bi-207-8890,,
9469,24,1117,removed,Bi-207-8890,,
9469,24,1118,removed,Cd-109-9178,,
9469,24,1119,removed,Cd-109-9178,,
9469,24,1127,removed,Cd-109-9178,,
9469,25,1097,removed,Bi-207-9176,,
9469,25,1101,removed,Bi-207-8779,,
9469,25,1106,removed,Bi-207-9176,,
9469,25,1107,removed,Bi-207-9176,,
9469,25,1108,removed,Bi-207-9176,,
9469,25,1110,removed,Bi-207-8779,,
9469,25,1111,removed,Bi-207-8779,,
9469,25,1115,removed,Bi-207-9176,,
9469,25,1116,removed,Bi-207-9176,,
9469,25,1118,removed,Bi-207-8779,,
9469,25,1119,removed,Bi-207-8779,,
9469,26,49,removed,Bi-207-9177,,
9469,26,61,removed,Bi-207-9177,,
9469,26,64,removed,Bi-207-8890,,
9469,26,89,removed,Bi-207-8779,,
9469,26,100,removed,Bi-207-8779,,
9469,26,1028,removed,Bi-207-9176,,
9469,26,1029,removed,Bi-207-9176,,
9469,26,1032,removed,Bi-207-8779,,
9469,26,1038,removed,Bi-207-9176,,
9469,26,1039,removed,Bi-207-9176,,
9469,26,1040,removed,Bi-207-9176,,
9469,26,1042,removed,Bi-207-8779,,
9469,26,1043,removed,Bi-207-8779,,
9469,26,1050,removed,Bi-207-9176,,
9469,26,1053,removed,Bi-207-8779,,
9469,26,1054,removed,Bi-207-8779,,
9469,26,1073,removed,Bi-207-9177,,
9469,26,1074,removed,Bi-207-9177,,
9469,26,1076,removed,Bi-207-8890,,
9469,26,1077,removed,Bi-207-8890,,
9469,26,1080,removed,Cd-109-9178,,
9469,26,1081,removed,Cd-109-9178,,
9469,26,1084,removed,Bi-207-9177,,
9469,26,1085,removed,Bi-207-9177,,
9469,26,1088,removed,Bi-207-8890,,
9469,26,1089,removed,Bi-207-8890,,
9469,26,1091,removed,Cd-109-9178,,
9469,26,1092,removed,Cd-109-9178,,
9469,27,52,removed,Bi-207-8890,,
9469,27,64,removed,Bi-207-8890,,
9469,27,67,removed,Cd-109-9178,,
9469,27,77,removed,Bi-207-8779,,
9469,27,78,removed,Bi-207-8779,,
9469,27,97,removed,Bi-207-9176,,
9469,27,106,removed,Bi-207-9176,,
9469,27,1027,removed,Bi-207-9176,,
9469,27,1028,removed,Bi-207-9176,,
9469,27,1030,removed,Bi-207-8779,,
9469,27,1031,removed,Bi-207-8779,,
9469,27,1037,removed,Bi-207-9176,,
9469,27,1038,removed,Bi-207-9176,,
9469,27,1041,removed,Bi-207-8779,,
9469,27,1042,removed,Bi-207-8779,,
9469,27,1059,removed,Bi-207-9177,,
9469,27,1060,removed,Bi-207-9177,,
9469,27,1063,removed,Bi-207-8890,,
9469,27,1064,removed,Bi-207-8890,,
9469,27,1067,removed,Cd-109-9178,,
9469,27,1072,removed,Bi-207-9177,,
9469,27,1073,removed,Bi-207-9177,,
9469,27,1075,removed,Bi-207-8890,,
9469,27,1076,removed,Bi-207-8890,,
9469,27,1077,removed,Bi-207-8890,,
9469,27,1079,removed,Cd-109-9178,,
9469,27,1080,removed,Cd-109-9178,,
9469,27,1084,removed,Bi-207-9177,,
9469,27,1087,removed,Bi-207-8890,,
9469,27,1088,removed,Bi-207-8890,,
9469,27,1091,removed,Cd-109-9178,,
9469,28,51,removed,Bi-207-8890,,
9469,28,64,removed,Bi-207-8890,,
9469,28,67,removed,Cd-109-9178,,
9469,28,88,removed,Bi-207-8779,,yes
9469,28,89,removed,Bi-207-8779,,yes
9469,28,98,removed,Bi-207-8779,,yes
9469,28,99,removed,Bi-207-8779,,yes
9469,28,100,removed,Bi-207-8779,,
9469,28,108,removed,Bi-207-8779,,yes
9469,28,109,removed,Bi-207-8779,,yes
9469,28,1017,removed,Bi-207-9176,,
9469,28,1018,removed,Bi-207-9176,,
9469,28,1020,removed,Bi-207-8779,,
9469,28,1021,removed,Bi-207-8779,,
9469,28,1026,removed,Bi-207-9176,,
9469,28,1027,removed,Bi-207-9176,,
9469,28,1028,removed,Bi-207-9176,,
9469,28,1030,removed,Bi-207-8779,,
9469,28,1031,removed,Bi-207-8779,,
9469,28,1037,removed,Bi-207-9176,,
9469,28,1040,removed,Bi-207-8779,,
9469,28,1041,removed,Bi-207-8779,,
9469,28,1047,removed,Bi-207-9177,,
9469,28,1050,removed,Bi-207-8890,,
9469,28,1059,removed,Bi-207-9177,,
9469,28,1060,removed,Bi-207-9177,,
9469,28,1062,removed,Bi-207-8890,,
9469,28,1063,removed,Bi-207-8890,,
9469,28,1066,removed,Cd-109-9178,,
9469,28,1067,removed,Cd-109-9178,,
9469,28,1072,removed,Bi-207-9177,,
9469,28,1075,removed,Bi-207-8890,,
9469,28,1076,removed,Bi-207-8890,,
9469,28,1079,removed,Cd-109-9178,,
9469,28,1080,removed,Cd-109-9178,,
9469,29,1101,removed,Bi-207-8779,,
9469,29,1110,removed,Bi-207-8779,,
9469,29,1111,removed,Bi-207-8779,,
9469,29,1118,removed,Bi-207-8779,,
9469,29,1119,removed,Bi-207-8779,,
9469,30,49,removed,Bi-207-9177,,
9469,30,53,removed,Bi-207-8890,,
9469,30,90,removed,Bi-207-8779,,
9469,30,91,removed,Bi-207-8779,,
9469,30,92,removed,Bi-207-8779,,
9469,30,99,removed,Bi-207-9176,,
9469,30,1011,removed,Bi-207-9176,,
9469,30,1012,removed,Bi-207-9176,,
9469,30,1015,removed,Bi-207-8779,,
9469,30,1020,removed,Bi-207-9176,,
9469,30,1021,removed,Bi-207-9176,,
9469,30,1023,removed,Bi-207-8779,,
9469,30,1024,removed,Bi-207-8779,,
9469,30,1029,removed,Bi-207-9176,,
9469,30,1030,removed,Bi-207-9176,,
9469,30,1033,removed,Bi-207-8779,,
9469,30,1049,removed,Bi-207-9177,,
9469,30,1050,removed,Bi-207-9177,,
9469,30,1056,removed,Cd-109-9178,,
9469,30,1061,removed,Bi-207-9177,,
9469,30,1062,removed,Bi-207-9177,,
9469,30,1068,removed,Cd-109-9178,,
9469,30,1069,removed,Cd-109-9178,,
9469,30,1081,removed,Cd-109-9178,,
9469,31,78,removed,Cd-109-9178,,
9469,31,86,removed,Bi-207-8890,,
9469,31,95,removed,Bi-207-9176,,
9469,31,104,removed,Bi-207-9176,,
9469,31,1009,removed,Bi-207-9176,,
9469,31,1010,removed,Bi-207-9176,,
9469,31,1012,removed,Bi-207-8779,,
9469,31,1013,removed,Bi-207-8779,,
9469,31,1017,removed,Bi-207-9176,,
9469,31,1018,removed,Bi-207-9176,,
9469,31,1020,removed,Bi-207-8779,,
9469,31,1021,removed,Bi-207-8779,,
9469,31,1022,removed,Bi-207-8779,,
9469,31,1036,removed,Bi-207-9177,,
9469,31,1039,removed,Bi-207-8890,,
9469,31,1040,removed,Bi-207-8890,,
9469,31,1047,removed,Bi-207-9177,,
9469,31,1048,removed,Bi-207-9177,,
9469,31,1050,removed,Bi-207-8890,,
9469,31,1051,removed,Bi-207-8890,,
9469,31,1054,removed,Cd-109-9178,,
9469,31,1055,removed,Cd-109-9178,,
9469,31,1060,removed,Bi-207-9177,,
9469,31,1063,removed,Bi-207-8890,,
9469,31,1066,removed,Cd-109-9178,,
9469,31,1067,removed,Cd-109-9178,,
9469,32,50,removed,Bi-207-9177,,
9469,32,55,removed,Cd-109-9178,,
9469,32,1029,removed,Bi-207-9176,,
9469,32,1039,removed,Bi-207-9176,,
9469,32,1040,removed,Bi-207-9176,,
9469,32,1041,removed,Bi-207-9176,,
9469,32,1043,removed,Bi-207-8779,,
9469,32,1044,removed,Bi-207-8779,,
9469,32,1051,removed,Bi-207-9176,,
9469,32,1052,removed,Bi-207-9176,,
9469,32,1054,removed,Bi-207-8779,,
9469,32,1055,removed,Bi-207-8779,,
9469,32,1074,removed,Bi-207-9177,,
9469,32,1075,removed,Bi-207-9177,,
9469,32,1077,removed,Bi-207-8890,,
9469,32,1078,removed,Bi-207-8890,,
9469,32,1085,removed,Bi-207-9177,,
9469,32,1086,removed,Bi-207-9177,,
9469,32,1089,removed,Bi-207-8890,,
9469,32,1090,removed,Bi-207-8890,,
9469,32,1100,removed,Bi-207-8890,,
9469,33,1062,removed,Bi-207-9176,,
9469,33,1063,removed,Bi-207-9176,,
9469,33,1064,removed,Bi-207-9176,,
9469,33,1066,removed,Bi-207-8779,,
9469,33,1067,removed,Bi-207-8779,,
9469,33,1075,removed,Bi-207-9176,,
9469,33,1076,removed,Bi-207-9176,,
9469,33,1078,removed,Bi-207-8779,,
9469,33,1079,removed,Bi-207-8779,,
9469,33,1095,removed,Bi-207-9177,,
9469,33,1096,removed,Bi-207-9177,,
9469,33,1099,removed,Bi-207-8890,,
9469,33,1105,removed,Bi-207-9177,,
9469,33,1106,removed,Bi-207-9177,,
9469,33,1108,removed,Bi-207-8890,,
9469,33,1109,removed,Bi-207-8890,,
9469,34,30,removed,Bi-207-8890,,
9469,34,43,removed,Bi-207-8779,,
9469,34,1086,removed,Bi-207-9176,,
9469,34,1087,removed,Bi-207-9176,,
9469,34,1089,removed,Bi-207-8779,,
9469,34,1090,removed,Bi-207-8779,,
9469,34,1096,removed,Bi-207-9176,,
9469,34,1097,removed,Bi-207-9176,,
9469,34,1098,removed,Bi-207-8890,,
9469,34,1099,removed,Bi-207-8779,,
9469,34,1100,removed,Bi-207-8779,,
9469,34,1101,removed,Cd-109-9178,,
9469,34,1107,removed,Bi-207-8890,,
9469,34,1108,removed,Bi-207-8890,,
9469,34,1110,removed,Cd-109-9178,,
9469,34,1111,removed,Cd-109-9178,,
9469,34,1115,removed,Bi-207-8890,,
9469,34,1116,removed,Bi-207-8890,,
9469,34,1118,removed,Cd-109-9178,,
9469,34,1119,removed,Cd-109-9178,,
9469,35,83,removed,Bi-207-9177,,
9469,35,84,removed,Bi-207-9177,,
9469,35,94,removed,Bi-207-9177,,
9469,35,95,removed,Bi-207-9177,,yes
9469,35,105,removed,Bi-207-9176,,yes
9469,35,113,removed,Bi-207-9176,,yes
9469,35,114,removed,Bi-207-9176,,yes
9469,35,121,removed,Bi-207-9176,,
9469,35,1009,removed,Bi-207-9177,,
9469,35,1011,removed,Bi-207-8890,,
9469,35,1012,removed,Bi-207-8890,,
9469,35,1015,removed,Cd-109-9178,,
9469,35,1017,removed,Bi-207-9177,,
9469,35,1018,removed,Bi-207-9177,,
9469,35,1020,removed,Bi-207-8890,,
9469,35,1021,removed,Bi-207-8890,,
9469,35,1023,removed,Cd-109-9178,,
9469,35,1024,removed,Cd-109-9178,,
9469,35,1027,removed,Bi-207-9177,,
9469,35,1033,removed,Cd-109-9178,,
9469,36,105,removed,Bi-207-9176,,
9469,36,108,removed,Bi-207-8779,,yes
9469,36,109,removed,Bi-207-8779,,yes
9469,36,116,removed,Bi-207-8779,,yes
9469,36,117,removed,Bi-207-8779,,yes
9469,36,1017,removed,Bi-207-9177,,
9469,36,1018,removed,Bi-207-9177,,
9469,36,1020,removed,Bi-207-8890,,
9469,36,1021,removed,Bi-207-8890,,
9469,36,1026,removed,Bi-207-9177,,
9469,36,1027,removed,Bi-207-9177,,
9469,36,1029,removed,Bi-207-8890,,
9469,36,1030,removed,Bi-207-8890,,
9469,36,1033,removed,Cd-109-9178,,
9469,36,1034,removed,Cd-109-9178,,
9469,36,1043,removed,Cd-109-9178,,
9469,36,1044,removed,Cd-109-9178,,
9469,37,40,removed,Bi-207-8890,,
9469,37,48,removed,Bi-207-9177,,
9469,37,50,removed,Bi-207-8890,,
9469,37,51,removed,Bi-207-8779,,
9469,37,63,removed,Bi-207-8779,,
9469,37,1049,removed,Bi-207-9176,,
9469,37,1052,removed,Bi-207-8779,,
9469,37,1053,removed,Bi-207-8779,,
9469,37,1061,removed,Bi-207-9176,,
9469,37,1062,removed,Bi-207-9176,,
9469,37,1064,removed,Bi-207-8779,,
9469,37,1065,removed,Bi-207-8779,,
9469,37,1074,removed,Bi-207-9176,,
9469,37,1077,removed,Bi-207-8779,,
9469,37,1078,removed,Bi-207-8779,,
9469,37,1084,removed,Bi-207-9177,,
9469,37,1090,removed,Cd-109-9178,,
9469,37,1091,removed,Cd-109-9178,,
9469,37,1094,removed,Bi-207-9177,,
9469,37,1095,removed,Bi-207-9177,,
9469,37,1097,removed,Bi-207-8890,,
9469,37,1098,removed,Bi-207-8890,,
9469,37,1100,removed,Cd-109-9178,,
9469,37,1101,removed,Cd-109-9178,,
9469,37,1102,removed,Cd-109-9178,,
9469,37,1106,removed,Bi-207-8890,,
9469,37,1107,removed,Bi-207-8890,,
9469,37,1110,removed,Cd-109-9178,,
9469,37,1111,removed,Cd-109-9178,,
9469,38,27,removed,Bi-207-9177,,
9469,38,32,removed,Bi-207-8779,,
9469,38,1063,removed,Bi-207-9176,,
9469,38,1064,removed,Bi-207-9176,,
9469,38,1067,removed,Bi-207-8779,,
9469,38,1076,removed,Bi-207-9176,,
9469,38,1077,removed,Bi-207-9176,,
9469,38,1079,removed,Bi-207-8779,,
9469,38,1080,removed,Bi-207-8779,,
9469,38,1087,removed,Bi-207-9176,,
9469,38,1088,removed,Bi-207-9176,,
9469,38,1091,removed,Bi-207-8779,,
9469,38,1096,removed,Bi-207-9177,,
9469,38,1101,removed,Cd-109-9178,,
9469,38,1102,removed,Cd-109-9178,,
9469,38,1105,removed,Bi-207-9177,,
9469,38,1106,removed,Bi-207-9177,,
9469,38,1109,removed,Bi-207-8890,,
9469,38,1110,removed,Bi-207-8890,,
9469,38,1111,removed,Cd-109-9178,,
9469,38,1112,removed,Cd-109-9178,,
9469,38,1117,removed,Bi-207-8890,,
9469,38,1118,removed,Bi-207-8890,,
9469,39,48,removed,Bi-207-9177,,
9469,39,52,removed,Bi-207-8890,,
9469,39,61,removed,Bi-207-9177,,
9469,39,73,removed,Bi-207-9177,,
9469,39,86,removed,Bi-207-9176,,
9469,39,1018,removed,Bi-207-9176,,
9469,39,1019,removed,Bi-207-9176,,
9469,39,1021,removed,Bi-207-8779,,
9469,39,1022,removed,Bi-207-8779,,
9469,39,1027,removed,Bi-207-9176,,
9469,39,1028,removed,Bi-207-9176,,
9469,39,1030,removed,Bi-207-8779,,
9469,39,1031,removed,Bi-207-8779,,
9469,39,1032,removed,Bi-207-8779,,
9469,39,1042,removed,Bi-207-8779,,
9469,39,1047,removed,Bi-207-9177,,
9469,39,1048,removed,Bi-207-9177,,
9469,39,1051,removed,Bi-207-8890,,
9469,39,1052,removed,Bi-207-8890,,
9469,39,1055,removed,Cd-109-9178,,
9469,39,1060,removed,Bi-207-9177,,
9469,39,1061,removed,Bi-207-9177,,
9469,39,1063,removed,Bi-207-8890,,
9469,39,1064,removed,Bi-207-8890,,
9469,39,1067,removed,Cd-109-9178,,
9469,39,1068,removed,Cd-109-9178,,
9469,39,1073,removed,Bi-207-9177,,
9469,39,1076,removed,Bi-207-8890,,
9469,39,1080,removed,Cd-109-9178,,
9469,40,23,removed,Cd-109-9178,,
9469,40,32,removed,Cd-109-9178,,
9469,40,37,removed,Bi-207-9177,,
9469,40,43,removed,Cd-109-9178,,
9469,40,48,removed,Bi-207-9177,,
9469,40,51,removed,Bi-207-8890,,
9469,40,52,removed,Bi-207-8890,,
9469,40,1038,removed,Bi-207-9176,,
9469,40,1049,removed,Bi-207-9176,,
9469,40,1050,removed,Bi-207-9176,,
9469,40,1051,removed,Bi-207-9176,,
9469,40,1053,removed,Bi-207-8779,,
9469,40,1054,removed,Bi-207-8779,,
9469,40,1062,removed,Bi-207-9176,,
9469,40,1063,removed,Bi-207-9176,,
9469,40,1065,removed,Bi-207-8779,,
9469,40,1066,removed,Bi-207-8779,,
9469,40,1084,removed,Bi-207-9177,,
9469,40,1085,removed,Bi-207-9177,,
9469,40,1087,removed,Bi-207-8890,,
9469,40,1088,removed,Bi-207-8890,,
9469,40,1091,removed,Cd-109-9178,,
9469,40,1092,removed,Cd-109-9178,,
9469,40,1094,removed,Bi-207-9177,,
9469,40,1095,removed,Bi-207-9177,,
9469,40,1098,removed,Bi-207-8890,,
9469,40,1099,removed,Bi-207-8890,,
9469,40,1101,removed,Cd-109-9178,,
9469,40,1102,removed,Cd-109-9178,,
9469,40,1108,removed,Bi-207-8890,,
9469,40,1111,removed,Cd-109-9178,,
9469,40,1112,removed,Cd-109-9178,,
9469,41,76,removed,Bi-207-8890,,
9469,41,87,removed,Bi-207-8890,,
9469,41,91,removed,Cd-109-9178,,
9469,41,98,removed,Bi-207-8890,,
9469,41,105,removed,Bi-207-9176,,
9469,41,109,removed,Bi-207-8779,,
9469,41,110,removed,Bi-207-8779,,
9469,41,114,removed,Bi-207-9176,,
9469,41,1007,removed,Bi-207-8779,,
9469,41,1010,removed,Bi-207-9176,,
9469,41,1011,removed,Bi-207-9176,,
9469,41,1013,removed,Bi-207-8779,,
9469,41,1014,removed,Bi-207-8779,,
9469,41,1015,removed,Bi-207-8779,,
9469,41,1019,removed,Bi-207-9176,,
9469,41,1020,removed,Bi-207-9176,,
9469,41,1022,removed,Bi-207-8779,,
9469,41,1023,removed,Bi-207-8779,,
9469,41,1026,removed,Bi-207-9177,,
9469,41,1027,removed,Bi-207-9177,,
9469,41,1030,removed,Bi-207-8890,,
9469,41,1033,removed,Cd-109-9178,,
9469,41,1034,removed,Cd-109-9178,,
9469,41,1036,removed,Bi-207-9177,,
9469,41,1037,removed,Bi-207-9177,,
9469,41,1038,removed,Bi-207-9177,,
9469,41,1040,removed,Bi-207-8890,,
9469,41,1041,removed,Bi-207-8890,,
9469,41,1043,removed,Cd-109-9178,,
9469,41,1044,removed,Cd-109-9178,,
9469,41,1045,removed,Cd-109-9178,,
9469,41,1048,removed,Bi-207-9177,,
9469,41,1049,removed,Bi-207-9177,,
9469,41,1052,removed,Bi-207-8890,,
9469,41,1055,removed,Cd-109-9178,,
9469,41,1056,removed,Cd-109-9178,,
9469,42,85,removed,Bi-207-9177,,yes
9469,42,91,removed,Cd-109-9178,,yes
9469,42,92,removed,Cd-109-9178,,yes
9469,42,95,removed,Bi-207-9177,,yes
9469,42,96,removed,Bi-207-9177,,yes
9469,42,99,removed,Bi-207-8890,,yes
9469,42,100,removed,Bi-207-8890,,yes
9469,42,102,removed,Cd-109-9178,,yes
9469,42,103,removed,Cd-109-9178,,yes
9469,42,104,removed,Bi-207-9177,,yes
9469,42,108,removed,Bi-207-8890,,yes
9469,42,1004,removed,Bi-207-9176,,
9469,42,1007,removed,Bi-207-8779,,
9469,42,1011,removed,Bi-207-9176,,
9469,42,1012,removed,Bi-207-9176,,
9469,42,1014,removed,Bi-207-8779,,
9469,42,1015,removed,Bi-207-8779,,
9469,42,1017,removed,Bi-207-9177,,
9469,42,1018,removed,Bi-207-9177,,
9469,42,1020,removed,Bi-207-9176,,
9469,42,1021,removed,Bi-207-8890,,
9469,42,1022,removed,Bi-207-8890,,
9469,42,1023,removed,Bi-207-8779,,
9469,42,1024,removed,Cd-109-9178,,
9469,42,1026,removed,Bi-207-9177,,
9469,42,1027,removed,Bi-207-9177,,
9469,42,1030,removed,Bi-207-8890,,
9469,42,1031,removed,Bi-207-8890,,
9469,42,1033,removed,Cd-109-9178,,
9469,42,1034,removed,Cd-109-9178,,
9469,42,1044,removed,Cd-109-9178,,
9469,43,3,removed,Bi-207-9177,,
9469,43,7,removed,Bi-207-8890,,
9469,43,11,removed,Bi-207-9177,,
9469,43,20,removed,Bi-207-9176,,
9469,43,1107,removed,Bi-207-8890,,
9469,43,1108,removed,Bi-207-8890,,
9469,43,1115,removed,Bi-207-8890,,
9469,43,1116,removed,Bi-207-8890,,
9469,44,55,removed,Cd-109-9178,,
9469,44,65,removed,Bi-207-8890,,
9469,44,76,removed,Bi-207-9176,,
9469,44,101,removed,Bi-207-8779,,
9469,44,1029,removed,Bi-207-9176,,
9469,44,1030,removed,Bi-207-9176,,
9469,44,1032,removed,Bi-207-8779,,
9469,44,1033,removed,Bi-207-8779,,
9469,44,1040,removed,Bi-207-9176,,
9469,44,1041,removed,Bi-207-9176,,
9469,44,1043,removed,Bi-207-8779,,
9469,44,1044,removed,Bi-207-8779,,
9469,44,1055,removed,Bi-207-8779,,
9469,44,1062,removed,Bi-207-9177,,
9469,44,1065,removed,Bi-207-8890,,
9469,44,1066,removed,Bi-207-8890,,
9469,44,1068,removed,Cd-109-9178,,
9469,44,1069,removed,Cd-109-9178,,
9469,44,1074,removed,Bi-207-9177,,
9469,44,1075,removed,Bi-207-9177,,
9469,44,1077,removed,Bi-207-8890,,
9469,44,1078,removed,Bi-207-8890,,
9469,44,1079,removed,Bi-207-8890,,
9469,44,1080,removed,Cd-109-9178,,
9469,44,1081,removed,Cd-109-9178,,
9469,44,1086,removed,Bi-207-9177,,
9469,44,1089,removed,Bi-207-8890,,
9469,44,1090,removed,Bi-207-8890,,
9469,45,111,removed,Cd-109-9178,,
9469,45,119,removed,Bi-207-8779,,yes
9469,45,126,removed,Bi-207-8779,,yes
9469,45,1017,removed,Bi-207-9177,,
9469,45,1024,removed,Cd-109-9178,,
9469,45,1026,removed,Bi-207-9177,,
9469,45,1027,removed,Bi-207-9177,,
9469,45,1033,removed,Cd-109-9178,,
9469,45,1034,removed,Cd-109-9178,,
9469,47,76,removed,Bi-207-8890,,
9469,47,1009,removed,Bi-207-9176,,
9469,47,1010,removed,Bi-207-9176,,
9469,47,1012,removed,Bi-207-8779,,
9469,47,1013,removed,Bi-207-8779,,
9469,47,1017,removed,Bi-207-9176,,
9469,47,1018,removed,Bi-207-9176,,
9469,47,1020,removed,Bi-207-8779,,
9469,47,1021,removed,Bi-207-8779,,
9469,47,1036,removed,Bi-207-9177,,
9469,47,1042,removed,Cd-109-9178,,
9469,47,1043,removed,Cd-109-9178,,
9469,47,1047,removed,Bi-207-9177,,
9469,47,1048,removed,Bi-207-9177,,
9469,47,1053,removed,Cd-109-9178,,
9469,47,1054,removed,Cd-109-9178,,
9469,47,1055,removed,Cd-109-9178,,
9469,47,1059,removed,Bi-207-9177,,
9469,47,1060,removed,Bi-207-9177,,
9469,47,1066,removed,Cd-109-9178,,
9469,47,1067,removed,Cd-109-9178,,
9469,48,41,removed,Bi-207-8890,,
9469,48,54,removed,Bi-207-8779,,
9469,48,1051,removed,Bi-207-9176,,
9469,48,1052,removed,Bi-207-9176,,
9469,48,1054,removed,Bi-207-8779,,
9469,48,1055,removed,Bi-207-8779,,
9469,48,1064,removed,Bi-207-9176,,
9469,48,1065,removed,Bi-207-9176,,
9469,48,1067,removed,Bi-207-8779,,
9469,48,1068,removed,Bi-207-8779,,
9469,48,1086,removed,Bi-207-9177,,
9469,48,1089,removed,Bi-207-8890,,
9469,48,1090,removed,Bi-207-8890,,
9469,48,1096,removed,Bi-207-9177,,
9469,48,1097,removed,Bi-207-9177,,
9469,48,1099,removed,Bi-207-8890,,
9469,48,1100,removed,Bi-207-8890,,
9469,48,1101,removed,Bi-207-8890,,
9469,48,1109,removed,Bi-207-8890,,
9469,48,1110,removed,Bi-207-8890,,
9469,49,12,removed,Bi-207-8890,,yes
9469,50,1097,removed,Bi-207-9176,,
9469,50,1106,removed,Bi-207-9176,,
9469,50,1107,removed,Bi-207-9176,,
9469,50,1115,removed,Bi-207-9176,,
9469,51,38,removed,Bi-207-9177,,
9469,51,41,removed,Bi-207-8890,,
9469,51,1051,removed,Bi-207-9176,,
9469,51,1052,removed,Bi-207-9176,,
9469,51,1055,removed,Bi-207-8779,,
9469,51,1064,removed,Bi-207-9176,,
9469,51,1065,removed,Bi-207-9176,,
9469,51,1067,removed,Bi-207-8779,,
9469,51,1068,removed,Bi-207-8779,,
9469,51,1086,removed,Bi-207-9177,,
9469,51,1087,removed,Bi-207-9177,,
9469,51,1089,removed,Bi-207-8890,,
9469,51,1090,removed,Bi-207-8890,,
9469,51,1096,removed,Bi-207-9177,,
9469,51,1097,removed,Bi-207-9177,,
9469,51,1099,removed,Bi-207-8890,,
9469,51,1100,removed,Bi-207-8890,,
9469,51,1101,removed,Bi-207-8890,,
9469,51,1109,removed,Bi-207-8890,,
9469,51,1110,removed,Bi-207-8890,,
9469,52,85,removed,Bi-207-9177,,
9469,52,88,removed,Bi-207-8890,,
9469,52,99,removed,Bi-207-8890,,
9469,52,105,removed,Bi-207-9176,,
9469,52,116,removed,Bi-207-8779,,
9469,52,1026,removed,Bi-207-9177,,
9469,52,1027,removed,Bi-207-9177,,
9469,52,1028,removed,Bi-207-8890,,
9469,52,1029,removed,Bi-207-8890,,
9469,52,1032,removed,Cd-109-9178,,
9469,52,1033,removed,Cd-109-9178,,
9469,52,1036,removed,Bi-207-9177,,
9469,52,1037,removed,Bi-207-9177,,
9469,52,1039,removed,Bi-207-8890,,
9469,52,1040,removed,Bi-207-8890,,
9469,52,1042,removed,Cd-109-9178,,
9469,52,1043,removed,Cd-109-9178,,
9469,53,83,removed,Bi-207-9177,,
9469,53,84,removed,Bi-207-9177,,
9469,53,88,removed,Bi-207-8890,,
9469,53,94,removed,Bi-207-9177,,
9469,53,95,removed,Bi-207-9177,,
9469,53,98,removed,Bi-207-8890,,
9469,53,99,removed,Bi-207-8890,,
9469,53,121,removed,Bi-207-9176,,
9469,53,1004,removed,Bi-207-9176,,
9469,53,1007,removed,Bi-207-8779,,
9469,53,1011,removed,Bi-207-9176,,
9469,53,1012,removed,Bi-207-9176,,
9469,53,1014,removed,Bi-207-8779,,
9469,53,1015,removed,Bi-207-8779,,
9469,53,1020,removed,Bi-207-8890,,
9469,53,1021,removed,Bi-207-8890,,
9469,53,1023,removed,Bi-207-8779,,
9469,53,1024,removed,Cd-109-9178,,
9469,53,1029,removed,Bi-207-8890,,
9469,53,1030,removed,Bi-207-8890,,
9469,53,1031,removed,Bi-207-8890,,
9469,53,1033,removed,Cd-109-9178,,
9469,53,1034,removed,Cd-109-9178,,
9469,53,1044,removed,Cd-109-9178,,
8627,0,108,changed,Bi-207-9177,Bi-207-8890,
8717,0,107,changed,Bi-207-8890,Bi-207-9177,
8718,0,108,changed,Bi-207-9177,Bi-207-8890,
8829,0,108,changed,Bi-207-8890,Bi-207-9177,
8830,0,108,changed,Bi-207-9177,Bi-207-8890,
8864,0,107,changed,Bi-207-8890,Bi-207-9177,
9367,1,47,changed,Bi-207-8890,Sn-113-9183,
9367,2,47,changed,Bi-207-8890,Sn-113-9183,
9368,6,56,changed,Bi-207-9176,Ce-139-9179,
9370,0,29,changed,Cd-109-9178,Bi-207-9177,
9370,13,94,changed,Sn-113-9183,Bi-207-8890,
9370,13,95,changed,Sn-113-9183,Bi-207-8890,
9370,13,98,changed,Cd-109-9178,Bi-207-9177,
9370,13,99,changed,Cd-109-9178,Bi-207-9177,
9370,13,102,changed,Ce-139-9179,Bi-207-9176,
9370,13,103,changed,Ce-139-9179,Bi-207-9176,
9371,4,33,changed,Ce-139-9179,Bi-207-9176,
9377,0,19,changed,Cd-109-9178,Bi-207-9177,
9377,6,28,changed,Cd-109-9178,Bi-207-9177,
9377,15,97,changed,Cd-109-9178,Bi-207-9177,
9377,15,98,changed,Cd-109-9178,Bi-207-9177,
9377,18,111,changed,Ce-139-9179,Bi-207-9176,
9377,18,112,changed,Ce-139-9179,Bi-207-9176,
9402,60,25,changed,Bi-207-8890,Sn-113-9183,
9402,60,28,changed,Bi-207-9177,Cd-109-9178,
9402,60,29,changed,Bi-207-9177,Cd-109-9178,
9402,60,35,changed,Bi-207-8890,Sn-113-9183,
9402,60,36,changed,Bi-207-8890,Sn-113-9183,
9402,64,25,changed,Bi-207-8890,Sn-113-9183,
9402,64,32,changed,Bi-207-9176,Ce-139-9179,
9402,64,33,changed,Bi-207-9176,Ce-139-9179,
9402,64,35,changed,Bi-207-8890,Sn-113-9183,
9402,64,36,changed,Bi-207-8890,Sn-113-9183,
9402,64,43,changed,Bi-207-9176,Ce-139-9179,
9402,64,44,changed,Bi-207-9176,Ce-139-9179,
9402,71,104,changed,Sn-113-9183,Bi-207-8890,
9402,71,105,changed,Sn-113-9183,Bi-207-8890,
9402,72,107,changed,Cd-109-9178,Bi-207-9177,
9402,72,115,changed,Cd-109-9178,Bi-207-9177,
9402,72,116,changed,Cd-109-9178,Bi-207-9177,
9402,73,107,changed,Cd-109-9178,Bi-207-9177,
9402,73,108,changed,Cd-109-9178,Bi-207-9177,
9402,81,33,changed,Bi-207-9176,Ce-139-9179,
9402,81,34,changed,Bi-207-9176,Ce-139-9179,
9407,3,36,changed,Sn-113-9183,Bi-207-8890,
9407,3,37,changed,Sn-113-9183,Bi-207-8890,
9407,3,44,changed,Ce-139-9179,Bi-207-9176,
9407,3,45,changed,Ce-139-9179,Bi-207-9176,
9409,4,44,changed,Bi-207-9176,Ce-139-9179,
9464,9,18,changed,Bi-207-9176,Bi-207-8890,
9464,10,17,changed,Bi-207-9177,Bi-207-9176,
9464,10,18,changed,Bi-207-9177,Bi-207-9176,
9464,13,21,changed,Bi-207-8890,Bi-207-8779,
9464,13,22,changed,Bi-207-8890,Bi-207-8779,
9464,13,30,changed,Bi-207-8890,Bi-207-8779,
9464,13,31,changed,Bi-207-8890,Bi-207-8779,
9464,14,21,changed,Bi-207-8890,Bi-207-8779,
9464,14,22,changed,Bi-207-8890,Bi-207-8779,
9464,14,31,changed,Bi-207-8890,Bi-207-8779,
9464,14,32,changed,Bi-207-8890,Bi-207-8779,
9464,49,107,changed,Bi-207-8890,Bi-207-9176,
9464,49,115,changed,Bi-207-8890,Bi-207-9176,
9464,49,116,changed,Bi-207-8890,Bi-207-9176,
9469,4,41,changed,Bi-207-8890,Bi-207-8779,
9469,9,19,changed,Bi-207-9177,Bi-207-8890,
9469,9,23,changed,Bi-207-8890,Cd-109-9178,
9469,9,29,changed,Bi-207-9176,Bi-207-8890,
9469,9,31,changed,Bi-207-8890,Bi-207-8779,
9469,9,32,changed,Bi-207-8890,Bi-207-8779,
9469,12,98,changed,Bi-207-8779,Bi-207-8890,
9469,12,99,changed,Bi-207-8779,Bi-207-8890,
9469,13,21,changed,Bi-207-8890,Bi-207-8779,
9469,13,22,changed,Bi-207-8890,Bi-207-8779,
9469,14,118,changed,Bi-207-8779,Bi-207-8890,
9469,15,40,changed,Bi-207-8890,Bi-207-8779,
9469,15,41,changed,Bi-207-8890,Bi-207-8779,
9469,16,31,changed,Bi-207-8890,Bi-207-8779,
9469,17,105,changed,Bi-207-9176,Bi-207-9177,
9469,17,108,changed,Bi-207-8779,Bi-207-8890,
9469,17,109,changed,Bi-207-8779,Bi-207-8890,
9469,23,105,changed,Bi-207-9176,Bi-207-9177,
9469,24,3,changed,Bi-207-9177,Bi-207-8890,
9469,35,108,changed,Bi-207-8779,Bi-207-8890,
9469,35,109,changed,Bi-207-8779,Bi-207-8890,
9469,35,117,changed,Bi-207-8779,Bi-207-8890,
9469,35,118,changed,Bi-207-8779,Bi-207-8890,
9469,43,22,changed,Bi-207-8890,Bi-207-8779,
9469,45,118,changed,Bi-207-8779,Bi-207-8890,
9469,53,105,changed,Bi-207-9176,Bi-207-9177,
9469,53,108,changed,Bi-207-8779,Bi-207-8890,
9469,53,109,changed,Bi-207-8779,Bi-207-8890,
9469,53,113,changed,Bi-207-9176,Bi-207-9177,
9469,53,114,changed,Bi-207-9176,Bi-207-9177,
9469,53,117,changed,Bi-207-8779,Bi-207-8890,
9469,53,118,changed,Bi-207-8779,Bi-207-8890,
