run_number,board_channel,pixel_number
8622,0,51
8622,1,63
8622,2,75
8622,3,50
8622,4,62
8622,5,64
8622,6,40
8622,7,58
8622,8,66
8622,9,53
8622,10,41
8622,11,65
8622,12,76
8622,13,89
8622,14,78
8622,15,88
8622,16,87
8622,17,77
8622,18,30
8622,19,39
8622,20,28
8622,21,20
8622,22,29
8622,23,38
8622,24,58
8622,25,42
8622,26,32
8622,27,67
8622,28,43
8622,29,31
8622,30,80
8622,31,90
8622,32,100
8622,33,91
8622,34,79
8622,35,101
8622,36,108
8622,37,98
8622,38,107
8622,39,99
8622,40,106
8622,41,96
8622,42,85
8622,43,97
8622,44,74
8622,45,86
8622,46,48
8622,47,37
8622,48,26
8622,49,61
8622,50,49
8622,51,27
8622,52,19
8622,53,10
8622,54,17
8622,55,11
8622,56,9
8622,57,18
8622,58,44
8622,59,33
8622,60,22
8622,61,56
8622,62,69
8622,63,23
8622,64,55
8622,65,92
8622,66,81
8622,67,68
8622,68,109
8622,69,118
8622,70,102
8622,71,117
8622,72,110
8622,73,111
8622,74,95
8622,75,116
8622,76,84
8622,77,105
8622,78,115
8622,79,94
8622,80,12
8622,81,21
8622,82,4
8622,83,13
8622,84,72
8622,85,47
8622,86,73
8622,87,60
8622,88,59
8622,89,36
8622,90,15
8622,91,14
8622,92,45
8622,93,24
8622,94,7
8622,95,34
8622,96,126
8622,97,112
8622,98,127
8622,99,119
8622,100,103
8622,101,120
8622,102,71
8622,103,114
8622,104,113
8622,105,83
8622,106,104
8622,107,121
8622,108,35
8622,109,25
8622,110,54
8622,111,52
8622,112,0
8622,113,0
8622,114,2
8622,115,3
8622,116,6
8622,117,5
8622,118,0
8622,119,0
8622,0,0
8622,0,0
8622,0,0
8622,0,0
8622,0,0
8622,0,0
8622,0,0
8622,0,0
8622,128,1051
8622,129,1063
8622,130,1075
8622,131,1050
8622,132,1062
8622,133,1064
8622,134,1040
8622,135,1052
8622,136,1066
8622,137,1053
8622,138,1041
8622,139,1065
8622,140,1076
8622,141,1089
8622,142,1078
8622,143,1088
8622,144,1087
8622,145,1077
8622,146,1030
8622,147,1039
8622,148,1028
8622,149,1020
8622,150,1029
8622,151,1038
8622,152,1054
8622,153,1042
8622,154,1032
8622,155,1067
8622,156,1043
8622,157,1031
8622,158,1080
8622,159,1090
8622,160,1100
8622,161,1091
8622,162,1079
8622,163,1101
8622,164,1108
8622,165,1098
8622,166,1107
8622,167,1099
8622,168,1106
8622,169,1096
8622,170,1085
8622,171,1097
8622,172,1074
8622,173,1086
8622,174,1048
8622,175,1037
8622,176,1026
8622,177,1061
8622,178,1049
8622,179,1027
8622,180,1019
8622,181,1010
8622,182,1017
8622,183,1011
8622,184,1009
8622,185,1018
8622,186,1044
8622,187,1033
8622,188,1022
8622,189,1056
8622,190,1069
8622,191,1023
8622,192,1055
8622,193,1092
8622,194,1081
8622,195,1068
8622,196,1109
8622,197,1118
8622,198,1102
8622,199,1117
8622,200,1110
8622,201,1111
8622,202,1095
8622,203,1116
8622,204,1084
8622,205,1105
8622,206,1115
8622,207,1094
8622,208,1012
8622,209,1021
8622,210,1004
8622,211,1013
8622,212,1072
8622,213,1047
8622,214,1073
8622,215,1060
8622,216,1059
8622,217,1036
8622,218,1014
8622,219,1112
8622,220,1114
8622,221,58
8622,222,58
8622,223,0
8622,224,58
8622,225,58
8622,226,58
8622,227,0
8622,228,0
8622,229,58
8622,230,0
8622,231,58
8622,0,0
8622,0,0
8622,0,0
8622,0,0
8622,0,0
8622,0,0
8622,0,0
8622,0,0
8622,0,0
8622,0,0
8622,0,0
8622,0,0
8622,0,0
8622,0,0
8622,0,0
8622,0,0
8622,0,0
8622,0,0
8622,0,0
8622,0,0
8622,0,0
8622,0,0
8622,0,0
8622,0,0
8623,0,51
8623,1,63
8623,2,75
8623,3,50
8623,4,62
8623,5,64
8623,6,40
8623,7,58
8623,8,66
8623,9,53
8623,10,41
8623,11,65
8623,12,76
8623,13,89
8623,14,78
8623,15,88
8623,16,87
8623,17,77
8623,18,30
8623,19,39
8623,20,28
8623,21,20
8623,22,29
8623,23,38
8623,24,58
8623,25,42
8623,26,32
8623,27,67
8623,28,43
8623,29,31
8623,30,80
8623,31,90
8623,32,100
8623,33,91
8623,34,79
8623,35,101
8623,36,108
8623,37,98
8623,38,107
8623,39,99
8623,40,106
8623,41,96
8623,42,85
8623,43,97
8623,44,74
8623,45,86
8623,46,48
8623,47,37
8623,48,26
8623,49,61
8623,50,49
8623,51,27
8623,52,19
8623,53,10
8623,54,17
8623,55,11
8623,56,9
8623,57,18
8623,58,44
8623,59,33
8623,60,22
8623,61,56
8623,62,69
8623,63,23
8623,64,55
8623,65,92
8623,66,81
8623,67,68
8623,68,109
8623,69,118
8623,70,102
8623,71,117
8623,72,110
8623,73,111
8623,74,95
8623,75,116
8623,76,84
8623,77,105
8623,78,115
8623,79,94
8623,80,12
8623,81,21
8623,82,4
8623,83,13
8623,84,72
8623,85,47
8623,86,73
8623,87,60
8623,88,59
8623,89,36
8623,90,15
8623,91,14
8623,92,45
8623,93,24
8623,94,7
8623,95,34
8623,96,126
8623,97,112
8623,98,127
8623,99,119
8623,100,103
8623,101,120
8623,102,71
8623,103,114
8623,104,113
8623,105,83
8623,106,104
8623,107,121
8623,108,35
8623,109,25
8623,110,54
8623,111,52
8623,112,0
8623,113,0
8623,114,2
8623,115,3
8623,116,6
8623,117,5
8623,118,0
8623,119,0
8623,0,0
8623,0,0
8623,0,0
8623,0,0
8623,0,0
8623,0,0
8623,0,0
8623,0,0
8623,128,1051
8623,129,1063
8623,130,1075
8623,131,1050
8623,132,1062
8623,133,1064
8623,134,1040
8623,135,1052
8623,136,1066
8623,137,1053
8623,138,1041
8623,139,1065
8623,140,1076
8623,141,1089
8623,142,1078
8623,143,1088
8623,144,1087
8623,145,1077
8623,146,1030
8623,147,1039
8623,148,1028
8623,149,1020
8623,150,1029
8623,151,1038
8623,152,1054
8623,153,1042
8623,154,1032
8623,155,1067
8623,156,1043
8623,157,1031
8623,158,1080
8623,159,1090
8623,160,1100
8623,161,1091
8623,162,1079
8623,163,1101
8623,164,1108
8623,165,1098
8623,166,1107
8623,167,1099
8623,168,1106
8623,169,1096
8623,170,1085
8623,171,1097
8623,172,1074
8623,173,1086
8623,174,1048
8623,175,1037
8623,176,1026
8623,177,1061
8623,178,1049
8623,179,1027
8623,180,1019
8623,181,1010
8623,182,1017
8623,183,1011
8623,184,1009
8623,185,1018
8623,186,1044
8623,187,1033
8623,188,1022
8623,189,1056
8623,190,1069
8623,191,1023
8623,192,1055
8623,193,1092
8623,194,1081
8623,195,1068
8623,196,1109
8623,197,1118
8623,198,1102
8623,199,1117
8623,200,1110
8623,201,1111
8623,202,1095
8623,203,1116
8623,204,1084
8623,205,1105
8623,206,1115
8623,207,1094
8623,208,1012
8623,209,1021
8623,210,1004
8623,211,1013
8623,212,1072
8623,213,1047
8623,214,1073
8623,215,1060
8623,216,1059
8623,217,1036
8623,218,1014
8623,219,1112
8623,220,1114
8623,221,58
8623,222,58
8623,223,0
8623,224,58
8623,225,58
8623,226,58
8623,227,0
8623,228,0
8623,229,58
8623,230,0
8623,231,58
8623,0,0
8623,0,0
8623,0,0
8623,0,0
8623,0,0
8623,0,0
8623,0,0
8623,0,0
8623,0,0
8623,0,0
8623,0,0
8623,0,0
8623,0,0
8623,0,0
8623,0,0
8623,0,0
8623,0,0
8623,0,0
8623,0,0
8623,0,0
8623,0,0
8623,0,0
8623,0,0
8623,0,0
8624,0,51
8624,1,63
8624,2,75
8624,3,50
8624,4,62
8624,5,64
8624,6,40
8624,7,58
8624,8,66
8624,9,53
8624,10,41
8624,11,65
8624,12,76
8624,13,89
8624,14,78
8624,15,88
8624,16,87
8624,17,77
8624,18,30
8624,19,39
8624,20,28
8624,21,20
8624,22,29
8624,23,38
8624,24,58
8624,25,42
8624,26,32
8624,27,67
8624,28,43
8624,29,31
8624,30,80
8624,31,90
8624,32,100
8624,33,91
8624,34,79
8624,35,101
8624,36,108
8624,37,98
8624,38,107
8624,39,99
8624,40,106
8624,41,96
8624,42,85
8624,43,97
8624,44,74
8624,45,86
8624,46,48
8624,47,37
8624,48,26
8624,49,61
8624,50,49
8624,51,27
8624,52,19
8624,53,10
8624,54,17
8624,55,11
8624,56,9
8624,57,18
8624,58,44
8624,59,33
8624,60,22
8624,61,56
8624,62,69
8624,63,23
8624,64,55
8624,65,92
8624,66,81
8624,67,68
8624,68,109
8624,69,118
8624,70,102
8624,71,117
8624,72,110
8624,73,111
8624,74,95
8624,75,116
8624,76,84
8624,77,105
8624,78,115
8624,79,94
8624,80,12
8624,81,21
8624,82,4
8624,83,13
8624,84,72
8624,85,47
8624,86,73
8624,87,60
8624,88,59
8624,89,36
8624,90,15
8624,91,14
8624,92,45
8624,93,24
8624,94,7
8624,95,34
8624,96,126
8624,97,112
8624,98,127
8624,99,119
8624,100,103
8624,101,120
8624,102,71
8624,103,114
8624,104,113
8624,105,83
8624,106,104
8624,107,121
8624,108,35
8624,109,25
8624,110,54
8624,111,52
8624,112,0
8624,113,0
8624,114,2
8624,115,3
8624,116,6
8624,117,5
8624,118,0
8624,119,0
8624,0,0
8624,0,0
8624,0,0
8624,0,0
8624,0,0
8624,0,0
8624,0,0
8624,0,0
8624,128,1051
8624,129,1063
8624,130,1075
8624,131,1050
8624,132,1062
8624,133,1064
8624,134,1040
8624,135,1052
8624,136,1066
8624,137,1053
8624,138,1041
8624,139,1065
8624,140,1076
8624,141,1089
8624,142,1078
8624,143,1088
8624,144,1087
8624,145,1077
8624,146,1030
8624,147,1039
8624,148,1028
8624,149,1020
8624,150,1029
8624,151,1038
8624,152,1054
8624,153,1042
8624,154,1032
8624,155,1067
8624,156,1043
8624,157,1031
8624,158,1080
8624,159,1090
8624,160,1100
8624,161,1091
8624,162,1079
8624,163,1101
8624,164,1108
8624,165,1098
8624,166,1107
8624,167,1099
8624,168,1106
8624,169,1096
8624,170,1085
8624,171,1097
8624,172,1074
8624,173,1086
8624,174,1048
8624,175,1037
8624,176,1026
8624,177,1061
8624,178,1049
8624,179,1027
8624,180,1019
8624,181,1010
8624,182,1017
8624,183,1011
8624,184,1009
8624,185,1018
8624,186,1044
8624,187,1033
8624,188,1022
8624,189,1056
8624,190,1069
8624,191,1023
8624,192,1055
8624,193,1092
8624,194,1081
8624,195,1068
8624,196,1109
8624,197,1118
8624,198,1102
8624,199,1117
8624,200,1110
8624,201,1111
8624,202,1095
8624,203,1116
8624,204,1084
8624,205,1105
8624,206,1115
8624,207,1094
8624,208,1012
8624,209,1021
8624,210,1004
8624,211,1013
8624,212,1072
8624,213,1047
8624,214,1073
8624,215,1060
8624,216,1059
8624,217,1036
8624,218,1014
8624,219,1112
8624,220,1114
8624,221,58
8624,222,58
8624,223,0
8624,224,58
8624,225,58
8624,226,58
8624,227,0
8624,228,0
8624,229,58
8624,230,0
8624,231,58
8624,0,0
8624,0,0
8624,0,0
8624,0,0
8624,0,0
8624,0,0
8624,0,0
8624,0,0
8624,0,0
8624,0,0
8624,0,0
8624,0,0
8624,0,0
8624,0,0
8624,0,0
8624,0,0
8624,0,0
8624,0,0
8624,0,0
8624,0,0
8624,0,0
8624,0,0
8624,0,0
8624,0,0
8625,0,51
8625,1,63
8625,2,75
8625,3,50
8625,4,62
8625,5,64
8625,6,40
8625,7,58
8625,8,66
8625,9,53
8625,10,41
8625,11,65
8625,12,76
8625,13,89
8625,14,78
8625,15,88
8625,16,87
8625,17,77
8625,18,30
8625,19,39
8625,20,28
8625,21,20
8625,22,29
8625,23,38
8625,24,58
8625,25,42
8625,26,32
8625,27,67
8625,28,43
8625,29,31
8625,30,80
8625,31,90
8625,32,100
8625,33,91
8625,34,79
8625,35,101
8625,36,108
8625,37,98
8625,38,107
8625,39,99
8625,40,106
8625,41,96
8625,42,85
8625,43,97
8625,44,74
8625,45,86
8625,46,48
8625,47,37
8625,48,26
8625,49,61
8625,50,49
8625,51,27
8625,52,19
8625,53,10
8625,54,17
8625,55,11
8625,56,9
8625,57,18
8625,58,44
8625,59,33
8625,60,22
8625,61,56
8625,62,69
8625,63,23
8625,64,55
8625,65,92
8625,66,81
8625,67,68
8625,68,109
8625,69,118
8625,70,102
8625,71,117
8625,72,110
8625,73,111
8625,74,95
8625,75,116
8625,76,84
8625,77,105
8625,78,115
8625,79,94
8625,80,12
8625,81,21
8625,82,4
8625,83,13
8625,84,72
8625,85,47
8625,86,73
8625,87,60
8625,88,59
8625,89,36
8625,90,15
8625,91,14
8625,92,45
8625,93,24
8625,94,7
8625,95,34
8625,96,126
8625,97,112
8625,98,127
8625,99,119
8625,100,103
8625,101,120
8625,102,71
8625,103,114
8625,104,113
8625,105,83
8625,106,104
8625,107,121
8625,108,35
8625,109,25
8625,110,54
8625,111,52
8625,112,0
8625,113,0
8625,114,2
8625,115,3
8625,116,6
8625,117,5
8625,118,0
8625,119,0
8625,0,0
8625,0,0
8625,0,0
8625,0,0
8625,0,0
8625,0,0
8625,0,0
8625,0,0
8625,128,1051
8625,129,1063
8625,130,1075
8625,131,1050
8625,132,1062
8625,133,1064
8625,134,1040
8625,135,1052
8625,136,1066
8625,137,1053
8625,138,1041
8625,139,1065
8625,140,1076
8625,141,1089
8625,142,1078
8625,143,1088
8625,144,1087
8625,145,1077
8625,146,1030
8625,147,1039
8625,148,1028
8625,149,1020
8625,150,1029
8625,151,1038
8625,152,1054
8625,153,1042
8625,154,1032
8625,155,1067
8625,156,1043
8625,157,1031
8625,158,1080
8625,159,1090
8625,160,1100
8625,161,1091
8625,162,1079
8625,163,1101
8625,164,1108
8625,165,1098
8625,166,1107
8625,167,1099
8625,168,1106
8625,169,1096
8625,170,1085
8625,171,1097
8625,172,1074
8625,173,1086
8625,174,1048
8625,175,1037
8625,176,1026
8625,177,1061
8625,178,1049
8625,179,1027
8625,180,1019
8625,181,1010
8625,182,1017
8625,183,1011
8625,184,1009
8625,185,1018
8625,186,1044
8625,187,1033
8625,188,1022
8625,189,1056
8625,190,1069
8625,191,1023
8625,192,1055
8625,193,1092
8625,194,1081
8625,195,1068
8625,196,1109
8625,197,1118
8625,198,1102
8625,199,1117
8625,200,1110
8625,201,1111
8625,202,1095
8625,203,1116
8625,204,1084
8625,205,1105
8625,206,1115
8625,207,1094
8625,208,1012
8625,209,1021
8625,210,1004
8625,211,1013
8625,212,1072
8625,213,1047
8625,214,1073
8625,215,1060
8625,216,1059
8625,217,1036
8625,218,1014
8625,219,1112
8625,220,1114
8625,221,58
8625,222,58
8625,223,0
8625,224,58
8625,225,58
8625,226,58
8625,227,0
8625,228,0
8625,229,58
8625,230,0
8625,231,58
8625,0,0
8625,0,0
8625,0,0
8625,0,0
8625,0,0
8625,0,0
8625,0,0
8625,0,0
8625,0,0
8625,0,0
8625,0,0
8625,0,0
8625,0,0
8625,0,0
8625,0,0
8625,0,0
8625,0,0
8625,0,0
8625,0,0
8625,0,0
8625,0,0
8625,0,0
8625,0,0
8625,0,0
8626,0,51
8626,1,63
8626,2,75
8626,3,50
8626,4,62
8626,5,64
8626,6,40
8626,7,58
8626,8,66
8626,9,53
8626,10,41
8626,11,65
8626,12,76
8626,13,89
8626,14,78
8626,15,88
8626,16,87
8626,17,77
8626,18,30
8626,19,39
8626,20,28
8626,21,20
8626,22,29
8626,23,38
8626,24,58
8626,25,42
8626,26,32
8626,27,67
8626,28,43
8626,29,31
8626,30,80
8626,31,90
8626,32,100
8626,33,91
8626,34,79
8626,35,101
8626,36,108
8626,37,98
8626,38,107
8626,39,99
8626,40,106
8626,41,96
8626,42,85
8626,43,97
8626,44,74
8626,45,86
8626,46,48
8626,47,37
8626,48,26
8626,49,61
8626,50,49
8626,51,27
8626,52,19
8626,53,10
8626,54,17
8626,55,11
8626,56,9
8626,57,18
8626,58,44
8626,59,33
8626,60,22
8626,61,56
8626,62,69
8626,63,23
8626,64,55
8626,65,92
8626,66,81
8626,67,68
8626,68,109
8626,69,118
8626,70,102
8626,71,117
8626,72,110
8626,73,111
8626,74,95
8626,75,116
8626,76,84
8626,77,105
8626,78,115
8626,79,94
8626,80,12
8626,81,21
8626,82,4
8626,83,13
8626,84,72
8626,85,47
8626,86,73
8626,87,60
8626,88,59
8626,89,36
8626,90,15
8626,91,14
8626,92,45
8626,93,24
8626,94,7
8626,95,34
8626,96,126
8626,97,112
8626,98,127
8626,99,119
8626,100,103
8626,101,120
8626,102,71
8626,103,114
8626,104,113
8626,105,83
8626,106,104
8626,107,121
8626,108,35
8626,109,25
8626,110,54
8626,111,52
8626,112,0
8626,113,0
8626,114,2
8626,115,3
8626,116,6
8626,117,5
8626,118,0
8626,119,0
8626,0,0
8626,0,0
8626,0,0
8626,0,0
8626,0,0
8626,0,0
8626,0,0
8626,0,0
8626,128,1051
8626,129,1063
8626,130,1075
8626,131,1050
8626,132,1062
8626,133,1064
8626,134,1040
8626,135,1052
8626,136,1066
8626,137,1053
8626,138,1041
8626,139,1065
8626,140,1076
8626,141,1089
8626,142,1078
8626,143,1088
8626,144,1087
8626,145,1077
8626,146,1030
8626,147,1039
8626,148,1028
8626,149,1020
8626,150,1029
8626,151,1038
8626,152,1054
8626,153,1042
8626,154,1032
8626,155,1067
8626,156,1043
8626,157,1031
8626,158,1080
8626,159,1090
8626,160,1100
8626,161,1091
8626,162,1079
8626,163,1101
8626,164,1108
8626,165,1098
8626,166,1107
8626,167,1099
8626,168,1106
8626,169,1096
8626,170,1085
8626,171,1097
8626,172,1074
8626,173,1086
8626,174,1048
8626,175,1037
8626,176,1026
8626,177,1061
8626,178,1049
8626,179,1027
8626,180,1019
8626,181,1010
8626,182,1017
8626,183,1011
8626,184,1009
8626,185,1018
8626,186,1044
8626,187,1033
8626,188,1022
8626,189,1056
8626,190,1069
8626,191,1023
8626,192,1055
8626,193,1092
8626,194,1081
8626,195,1068
8626,196,1109
8626,197,1118
8626,198,1102
8626,199,1117
8626,200,1110
8626,201,1111
8626,202,1095
8626,203,1116
8626,204,1084
8626,205,1105
8626,206,1115
8626,207,1094
8626,208,1012
8626,209,1021
8626,210,1004
8626,211,1013
8626,212,1072
8626,213,1047
8626,214,1073
8626,215,1060
8626,216,1059
8626,217,1036
8626,218,1014
8626,219,1112
8626,220,1114
8626,221,58
8626,222,58
8626,223,0
8626,224,58
8626,225,58
8626,226,58
8626,227,0
8626,228,0
8626,229,58
8626,230,0
8626,231,58
8626,0,0
8626,0,0
8626,0,0
8626,0,0
8626,0,0
8626,0,0
8626,0,0
8626,0,0
8626,0,0
8626,0,0
8626,0,0
8626,0,0
8626,0,0
8626,0,0
8626,0,0
8626,0,0
8626,0,0
8626,0,0
8626,0,0
8626,0,0
8626,0,0
8626,0,0
8626,0,0
8626,0,0
8627,0,51
8627,1,63
8627,2,75
8627,3,50
8627,4,62
8627,5,64
8627,6,40
8627,7,58
8627,8,66
8627,9,53
8627,10,41
8627,11,65
8627,12,76
8627,13,89
8627,14,78
8627,15,88
8627,16,87
8627,17,77
8627,18,30
8627,19,39
8627,20,28
8627,21,20
8627,22,29
8627,23,38
8627,24,58
8627,25,42
8627,26,32
8627,27,67
8627,28,43
8627,29,31
8627,30,80
8627,31,90
8627,32,100
8627,33,91
8627,34,79
8627,35,101
8627,36,108
8627,37,98
8627,38,107
8627,39,99
8627,40,106
8627,41,96
8627,42,85
8627,43,97
8627,44,74
8627,45,86
8627,46,48
8627,47,37
8627,48,26
8627,49,61
8627,50,49
8627,51,27
8627,52,19
8627,53,10
8627,54,17
8627,55,11
8627,56,9
8627,57,18
8627,58,44
8627,59,33
8627,60,22
8627,61,56
8627,62,69
8627,63,23
8627,64,55
8627,65,92
8627,66,81
8627,67,68
8627,68,109
8627,69,118
8627,70,102
8627,71,117
8627,72,110
8627,73,111
8627,74,95
8627,75,116
8627,76,84
8627,77,105
8627,78,115
8627,79,94
8627,80,12
8627,81,21
8627,82,4
8627,83,13
8627,84,72
8627,85,47
8627,86,73
8627,87,60
8627,88,59
8627,89,36
8627,90,15
8627,91,14
8627,92,45
8627,93,24
8627,94,7
8627,95,34
8627,96,126
8627,97,112
8627,98,127
8627,99,119
8627,100,103
8627,101,120
8627,102,71
8627,103,114
8627,104,113
8627,105,83
8627,106,104
8627,107,121
8627,108,35
8627,109,25
8627,110,54
8627,111,52
8627,112,0
8627,113,0
8627,114,2
8627,115,3
8627,116,6
8627,117,5
8627,118,0
8627,119,0
8627,0,0
8627,0,0
8627,0,0
8627,0,0
8627,0,0
8627,0,0
8627,0,0
8627,0,0
8627,128,1051
8627,129,1063
8627,130,1075
8627,131,1050
8627,132,1062
8627,133,1064
8627,134,1040
8627,135,1052
8627,136,1066
8627,137,1053
8627,138,1041
8627,139,1065
8627,140,1076
8627,141,1089
8627,142,1078
8627,143,1088
8627,144,1087
8627,145,1077
8627,146,1030
8627,147,1039
8627,148,1028
8627,149,1020
8627,150,1029
8627,151,1038
8627,152,1054
8627,153,1042
8627,154,1032
8627,155,1067
8627,156,1043
8627,157,1031
8627,158,1080
8627,159,1090
8627,160,1100
8627,161,1091
8627,162,1079
8627,163,1101
8627,164,1108
8627,165,1098
8627,166,1107
8627,167,1099
8627,168,1106
8627,169,1096
8627,170,1085
8627,171,1097
8627,172,1074
8627,173,1086
8627,174,1048
8627,175,1037
8627,176,1026
8627,177,1061
8627,178,1049
8627,179,1027
8627,180,1019
8627,181,1010
8627,182,1017
8627,183,1011
8627,184,1009
8627,185,1018
8627,186,1044
8627,187,1033
8627,188,1022
8627,189,1056
8627,190,1069
8627,191,1023
8627,192,1055
8627,193,1092
8627,194,1081
8627,195,1068
8627,196,1109
8627,197,1118
8627,198,1102
8627,199,1117
8627,200,1110
8627,201,1111
8627,202,1095
8627,203,1116
8627,204,1084
8627,205,1105
8627,206,1115
8627,207,1094
8627,208,1012
8627,209,1021
8627,210,1004
8627,211,1013
8627,212,1072
8627,213,1047
8627,214,1073
8627,215,1060
8627,216,1059
8627,217,1036
8627,218,1014
8627,219,1112
8627,220,1114
8627,221,58
8627,222,58
8627,223,0
8627,224,58
8627,225,58
8627,226,58
8627,227,0
8627,228,0
8627,229,58
8627,230,0
8627,231,58
8627,0,0
8627,0,0
8627,0,0
8627,0,0
8627,0,0
8627,0,0
8627,0,0
8627,0,0
8627,0,0
8627,0,0
8627,0,0
8627,0,0
8627,0,0
8627,0,0
8627,0,0
8627,0,0
8627,0,0
8627,0,0
8627,0,0
8627,0,0
8627,0,0
8627,0,0
8627,0,0
8627,0,0
8628,0,51
8628,1,63
8628,2,75
8628,3,50
8628,4,62
8628,5,64
8628,6,40
8628,7,58
8628,8,66
8628,9,53
8628,10,41
8628,11,65
8628,12,76
8628,13,89
8628,14,78
8628,15,88
8628,16,87
8628,17,77
8628,18,30
8628,19,39
8628,20,28
8628,21,20
8628,22,29
8628,23,38
8628,24,58
8628,25,42
8628,26,32
8628,27,67
8628,28,43
8628,29,31
8628,30,80
8628,31,90
8628,32,100
8628,33,91
8628,34,79
8628,35,101
8628,36,108
8628,37,98
8628,38,107
8628,39,99
8628,40,106
8628,41,96
8628,42,85
8628,43,97
8628,44,74
8628,45,86
8628,46,48
8628,47,37
8628,48,26
8628,49,61
8628,50,49
8628,51,27
8628,52,19
8628,53,10
8628,54,17
8628,55,11
8628,56,9
8628,57,18
8628,58,44
8628,59,33
8628,60,22
8628,61,56
8628,62,69
8628,63,23
8628,64,55
8628,65,92
8628,66,81
8628,67,68
8628,68,109
8628,69,118
8628,70,102
8628,71,117
8628,72,110
8628,73,111
8628,74,95
8628,75,116
8628,76,84
8628,77,105
8628,78,115
8628,79,94
8628,80,12
8628,81,21
8628,82,4
8628,83,13
8628,84,72
8628,85,47
8628,86,73
8628,87,60
8628,88,59
8628,89,36
8628,90,15
8628,91,14
8628,92,45
8628,93,24
8628,94,7
8628,95,34
8628,96,126
8628,97,112
8628,98,127
8628,99,119
8628,100,103
8628,101,120
8628,102,71
8628,103,114
8628,104,113
8628,105,83
8628,106,104
8628,107,121
8628,108,35
8628,109,25
8628,110,54
8628,111,52
8628,112,0
8628,113,0
8628,114,2
8628,115,3
8628,116,6
8628,117,5
8628,118,0
8628,119,0
8628,0,0
8628,0,0
8628,0,0
8628,0,0
8628,0,0
8628,0,0
8628,0,0
8628,0,0
8628,128,1051
8628,129,1063
8628,130,1075
8628,131,1050
8628,132,1062
8628,133,1064
8628,134,1040
8628,135,1052
8628,136,1066
8628,137,1053
8628,138,1041
8628,139,1065
8628,140,1076
8628,141,1089
8628,142,1078
8628,143,1088
8628,144,1087
8628,145,1077
8628,146,1030
8628,147,1039
8628,148,1028
8628,149,1020
8628,150,1029
8628,151,1038
8628,152,1054
8628,153,1042
8628,154,1032
8628,155,1067
8628,156,1043
8628,157,1031
8628,158,1080
8628,159,1090
8628,160,1100
8628,161,1091
8628,162,1079
8628,163,1101
8628,164,1108
8628,165,1098
8628,166,1107
8628,167,1099
8628,168,1106
8628,169,1096
8628,170,1085
8628,171,1097
8628,172,1074
8628,173,1086
8628,174,1048
8628,175,1037
8628,176,1026
8628,177,1061
8628,178,1049
8628,179,1027
8628,180,1019
8628,181,1010
8628,182,1017
8628,183,1011
8628,184,1009
8628,185,1018
8628,186,1044
8628,187,1033
8628,188,1022
8628,189,1056
8628,190,1069
8628,191,1023
8628,192,1055
8628,193,1092
8628,194,1081
8628,195,1068
8628,196,1109
8628,197,1118
8628,198,1102
8628,199,1117
8628,200,1110
8628,201,1111
8628,202,1095
8628,203,1116
8628,204,1084
8628,205,1105
8628,206,1115
8628,207,1094
8628,208,1012
8628,209,1021
8628,210,1004
8628,211,1013
8628,212,1072
8628,213,1047
8628,214,1073
8628,215,1060
8628,216,1059
8628,217,1036
8628,218,1014
8628,219,1112
8628,220,1114
8628,221,58
8628,222,58
8628,223,0
8628,224,58
8628,225,58
8628,226,58
8628,227,0
8628,228,0
8628,229,58
8628,230,0
8628,231,58
8628,0,0
8628,0,0
8628,0,0
8628,0,0
8628,0,0
8628,0,0
8628,0,0
8628,0,0
8628,0,0
8628,0,0
8628,0,0
8628,0,0
8628,0,0
8628,0,0
8628,0,0
8628,0,0
8628,0,0
8628,0,0
8628,0,0
8628,0,0
8628,0,0
8628,0,0
8628,0,0
8628,0,0
8629,0,51
8629,1,63
8629,2,75
8629,3,50
8629,4,62
8629,5,64
8629,6,40
8629,7,58
8629,8,66
8629,9,53
8629,10,41
8629,11,65
8629,12,76
8629,13,89
8629,14,78
8629,15,88
8629,16,87
8629,17,77
8629,18,30
8629,19,39
8629,20,28
8629,21,20
8629,22,29
8629,23,38
8629,24,58
8629,25,42
8629,26,32
8629,27,67
8629,28,43
8629,29,31
8629,30,80
8629,31,90
8629,32,100
8629,33,91
8629,34,79
8629,35,101
8629,36,108
8629,37,98
8629,38,107
8629,39,99
8629,40,106
8629,41,96
8629,42,85
8629,43,97
8629,44,74
8629,45,86
8629,46,48
8629,47,37
8629,48,26
8629,49,61
8629,50,49
8629,51,27
8629,52,19
8629,53,10
8629,54,17
8629,55,11
8629,56,9
8629,57,18
8629,58,44
8629,59,33
8629,60,22
8629,61,56
8629,62,69
8629,63,23
8629,64,55
8629,65,92
8629,66,81
8629,67,68
8629,68,109
8629,69,118
8629,70,102
8629,71,117
8629,72,110
8629,73,111
8629,74,95
8629,75,116
8629,76,84
8629,77,105
8629,78,115
8629,79,94
8629,80,12
8629,81,21
8629,82,4
8629,83,13
8629,84,72
8629,85,47
8629,86,73
8629,87,60
8629,88,59
8629,89,36
8629,90,15
8629,91,14
8629,92,45
8629,93,24
8629,94,7
8629,95,34
8629,96,126
8629,97,112
8629,98,127
8629,99,119
8629,100,103
8629,101,120
8629,102,71
8629,103,114
8629,104,113
8629,105,83
8629,106,104
8629,107,121
8629,108,35
8629,109,25
8629,110,54
8629,111,52
8629,112,0
8629,113,0
8629,114,2
8629,115,3
8629,116,6
8629,117,5
8629,118,0
8629,119,0
8629,0,0
8629,0,0
8629,0,0
8629,0,0
8629,0,0
8629,0,0
8629,0,0
8629,0,0
8629,128,1051
8629,129,1063
8629,130,1075
8629,131,1050
8629,132,1062
8629,133,1064
8629,134,1040
8629,135,1052
8629,136,1066
8629,137,1053
8629,138,1041
8629,139,1065
8629,140,1076
8629,141,1089
8629,142,1078
8629,143,1088
8629,144,1087
8629,145,1077
8629,146,1030
8629,147,1039
8629,148,1028
8629,149,1020
8629,150,1029
8629,151,1038
8629,152,1054
8629,153,1042
8629,154,1032
8629,155,1067
8629,156,1043
8629,157,1031
8629,158,1080
8629,159,1090
8629,160,1100
8629,161,1091
8629,162,1079
8629,163,1101
8629,164,1108
8629,165,1098
8629,166,1107
8629,167,1099
8629,168,1106
8629,169,1096
8629,170,1085
8629,171,1097
8629,172,1074
8629,173,1086
8629,174,1048
8629,175,1037
8629,176,1026
8629,177,1061
8629,178,1049
8629,179,1027
8629,180,1019
8629,181,1010
8629,182,1017
8629,183,1011
8629,184,1009
8629,185,1018
8629,186,1044
8629,187,1033
8629,188,1022
8629,189,1056
8629,190,1069
8629,191,1023
8629,192,1055
8629,193,1092
8629,194,1081
8629,195,1068
8629,196,1109
8629,197,1118
8629,198,1102
8629,199,1117
8629,200,1110
8629,201,1111
8629,202,1095
8629,203,1116
8629,204,1084
8629,205,1105
8629,206,1115
8629,207,1094
8629,208,1012
8629,209,1021
8629,210,1004
8629,211,1013
8629,212,1072
8629,213,1047
8629,214,1073
8629,215,1060
8629,216,1059
8629,217,1036
8629,218,1014
8629,219,1112
8629,220,1114
8629,221,58
8629,222,58
8629,223,0
8629,224,58
8629,225,58
8629,226,58
8629,227,0
8629,228,0
8629,229,58
8629,230,0
8629,231,58
8629,0,0
8629,0,0
8629,0,0
8629,0,0
8629,0,0
8629,0,0
8629,0,0
8629,0,0
8629,0,0
8629,0,0
8629,0,0
8629,0,0
8629,0,0
8629,0,0
8629,0,0
8629,0,0
8629,0,0
8629,0,0
8629,0,0
8629,0,0
8629,0,0
8629,0,0
8629,0,0
8629,0,0
8630,0,51
8630,1,63
8630,2,75
8630,3,50
8630,4,62
8630,5,64
8630,6,40
8630,7,58
8630,8,66
8630,9,53
8630,10,41
8630,11,65
8630,12,76
8630,13,89
8630,14,78
8630,15,88
8630,16,87
8630,17,77
8630,18,30
8630,19,39
8630,20,28
8630,21,20
8630,22,29
8630,23,38
8630,24,58
8630,25,42
8630,26,32
8630,27,67
8630,28,43
8630,29,31
8630,30,80
8630,31,90
8630,32,100
8630,33,91
8630,34,79
8630,35,101
8630,36,108
8630,37,98
8630,38,107
8630,39,99
8630,40,106
8630,41,96
8630,42,85
8630,43,97
8630,44,74
8630,45,86
8630,46,48
8630,47,37
8630,48,26
8630,49,61
8630,50,49
8630,51,27
8630,52,19
8630,53,10
8630,54,17
8630,55,11
8630,56,9
8630,57,18
8630,58,44
8630,59,33
8630,60,22
8630,61,56
8630,62,69
8630,63,23
8630,64,55
8630,65,92
8630,66,81
8630,67,68
8630,68,109
8630,69,118
8630,70,102
8630,71,117
8630,72,110
8630,73,111
8630,74,95
8630,75,116
8630,76,84
8630,77,105
8630,78,115
8630,79,94
8630,80,12
8630,81,21
8630,82,4
8630,83,13
8630,84,72
8630,85,47
8630,86,73
8630,87,60
8630,88,59
8630,89,36
8630,90,15
8630,91,14
8630,92,45
8630,93,24
8630,94,7
8630,95,34
8630,96,126
8630,97,112
8630,98,127
8630,99,119
8630,100,103
8630,101,120
8630,102,71
8630,103,114
8630,104,113
8630,105,83
8630,106,104
8630,107,121
8630,108,35
8630,109,25
8630,110,54
8630,111,52
8630,112,0
8630,113,0
8630,114,2
8630,115,3
8630,116,6
8630,117,5
8630,118,0
8630,119,0
8630,0,0
8630,0,0
8630,0,0
8630,0,0
8630,0,0
8630,0,0
8630,0,0
8630,0,0
8630,128,1051
8630,129,1063
8630,130,1075
8630,131,1050
8630,132,1062
8630,133,1064
8630,134,1040
8630,135,1052
8630,136,1066
8630,137,1053
8630,138,1041
8630,139,1065
8630,140,1076
8630,141,1089
8630,142,1078
8630,143,1088
8630,144,1087
8630,145,1077
8630,146,1030
8630,147,1039
8630,148,1028
8630,149,1020
8630,150,1029
8630,151,1038
8630,152,1054
8630,153,1042
8630,154,1032
8630,155,1067
8630,156,1043
8630,157,1031
8630,158,1080
8630,159,1090
8630,160,1100
8630,161,1091
8630,162,1079
8630,163,1101
8630,164,1108
8630,165,1098
8630,166,1107
8630,167,1099
8630,168,1106
8630,169,1096
8630,170,1085
8630,171,1097
8630,172,1074
8630,173,1086
8630,174,1048
8630,175,1037
8630,176,1026
8630,177,1061
8630,178,1049
8630,179,1027
8630,180,1019
8630,181,1010
8630,182,1017
8630,183,1011
8630,184,1009
8630,185,1018
8630,186,1044
8630,187,1033
8630,188,1022
8630,189,1056
8630,190,1069
8630,191,1023
8630,192,1055
8630,193,1092
8630,194,1081
8630,195,1068
8630,196,1109
8630,197,1118
8630,198,1102
8630,199,1117
8630,200,1110
8630,201,1111
8630,202,1095
8630,203,1116
8630,204,1084
8630,205,1105
8630,206,1115
8630,207,1094
8630,208,1012
8630,209,1021
8630,210,1004
8630,211,1013
8630,212,1072
8630,213,1047
8630,214,1073
8630,215,1060
8630,216,1059
8630,217,1036
8630,218,1014
8630,219,1112
8630,220,1114
8630,221,58
8630,222,58
8630,223,0
8630,224,58
8630,225,58
8630,226,58
8630,227,0
8630,228,0
8630,229,58
8630,230,0
8630,231,58
8630,0,0
8630,0,0
8630,0,0
8630,0,0
8630,0,0
8630,0,0
8630,0,0
8630,0,0
8630,0,0
8630,0,0
8630,0,0
8630,0,0
8630,0,0
8630,0,0
8630,0,0
8630,0,0
8630,0,0
8630,0,0
8630,0,0
8630,0,0
8630,0,0
8630,0,0
8630,0,0
8630,0,0
8631,0,51
8631,1,63
8631,2,75
8631,3,50
8631,4,62
8631,5,64
8631,6,40
8631,7,58
8631,8,66
8631,9,53
8631,10,41
8631,11,65
8631,12,76
8631,13,89
8631,14,78
8631,15,88
8631,16,87
8631,17,77
8631,18,30
8631,19,39
8631,20,28
8631,21,20
8631,22,29
8631,23,38
8631,24,58
8631,25,42
8631,26,32
8631,27,67
8631,28,43
8631,29,31
8631,30,80
8631,31,90
8631,32,100
8631,33,91
8631,34,79
8631,35,101
8631,36,108
8631,37,98
8631,38,107
8631,39,99
8631,40,106
8631,41,96
8631,42,85
8631,43,97
8631,44,74
8631,45,86
8631,46,48
8631,47,37
8631,48,26
8631,49,61
8631,50,49
8631,51,27
8631,52,19
8631,53,10
8631,54,17
8631,55,11
8631,56,9
8631,57,18
8631,58,44
8631,59,33
8631,60,22
8631,61,56
8631,62,69
8631,63,23
8631,64,55
8631,65,92
8631,66,81
8631,67,68
8631,68,109
8631,69,118
8631,70,102
8631,71,117
8631,72,110
8631,73,111
8631,74,95
8631,75,116
8631,76,84
8631,77,105
8631,78,115
8631,79,94
8631,80,12
8631,81,21
8631,82,4
8631,83,13
8631,84,72
8631,85,47
8631,86,73
8631,87,60
8631,88,59
8631,89,36
8631,90,15
8631,91,14
8631,92,45
8631,93,24
8631,94,7
8631,95,34
8631,96,126
8631,97,112
8631,98,127
8631,99,119
8631,100,103
8631,101,120
8631,102,71
8631,103,114
8631,104,113
8631,105,83
8631,106,104
8631,107,121
8631,108,35
8631,109,25
8631,110,54
8631,111,52
8631,112,0
8631,113,0
8631,114,2
8631,115,3
8631,116,6
8631,117,5
8631,118,0
8631,119,0
8631,0,0
8631,0,0
8631,0,0
8631,0,0
8631,0,0
8631,0,0
8631,0,0
8631,0,0
8631,128,1051
8631,129,1063
8631,130,1075
8631,131,1050
8631,132,1062
8631,133,1064
8631,134,1040
8631,135,1052
8631,136,1066
8631,137,1053
8631,138,1041
8631,139,1065
8631,140,1076
8631,141,1089
8631,142,1078
8631,143,1088
8631,144,1087
8631,145,1077
8631,146,1030
8631,147,1039
8631,148,1028
8631,149,1020
8631,150,1029
8631,151,1038
8631,152,1054
8631,153,1042
8631,154,1032
8631,155,1067
8631,156,1043
8631,157,1031
8631,158,1080
8631,159,1090
8631,160,1100
8631,161,1091
8631,162,1079
8631,163,1101
8631,164,1108
8631,165,1098
8631,166,1107
8631,167,1099
8631,168,1106
8631,169,1096
8631,170,1085
8631,171,1097
8631,172,1074
8631,173,1086
8631,174,1048
8631,175,1037
8631,176,1026
8631,177,1061
8631,178,1049
8631,179,1027
8631,180,1019
8631,181,1010
8631,182,1017
8631,183,1011
8631,184,1009
8631,185,1018
8631,186,1044
8631,187,1033
8631,188,1022
8631,189,1056
8631,190,1069
8631,191,1023
8631,192,1055
8631,193,1092
8631,194,1081
8631,195,1068
8631,196,1109
8631,197,1118
8631,198,1102
8631,199,1117
8631,200,1110
8631,201,1111
8631,202,1095
8631,203,1116
8631,204,1084
8631,205,1105
8631,206,1115
8631,207,1094
8631,208,1012
8631,209,1021
8631,210,1004
8631,211,1013
8631,212,1072
8631,213,1047
8631,214,1073
8631,215,1060
8631,216,1059
8631,217,1036
8631,218,1014
8631,219,1112
8631,220,1114
8631,221,58
8631,222,58
8631,223,0
8631,224,58
8631,225,58
8631,226,58
8631,227,0
8631,228,0
8631,229,58
8631,230,0
8631,231,58
8631,0,0
8631,0,0
8631,0,0
8631,0,0
8631,0,0
8631,0,0
8631,0,0
8631,0,0
8631,0,0
8631,0,0
8631,0,0
8631,0,0
8631,0,0
8631,0,0
8631,0,0
8631,0,0
8631,0,0
8631,0,0
8631,0,0
8631,0,0
8631,0,0
8631,0,0
8631,0,0
8631,0,0
8632,0,51
8632,1,63
8632,2,75
8632,3,50
8632,4,62
8632,5,64
8632,6,40
8632,7,58
8632,8,66
8632,9,53
8632,10,41
8632,11,65
8632,12,76
8632,13,89
8632,14,78
8632,15,88
8632,16,87
8632,17,77
8632,18,30
8632,19,39
8632,20,28
8632,21,20
8632,22,29
8632,23,38
8632,24,58
8632,25,42
8632,26,32
8632,27,67
8632,28,43
8632,29,31
8632,30,80
8632,31,90
8632,32,100
8632,33,91
8632,34,79
8632,35,101
8632,36,108
8632,37,98
8632,38,107
8632,39,99
8632,40,106
8632,41,96
8632,42,85
8632,43,97
8632,44,74
8632,45,86
8632,46,48
8632,47,37
8632,48,26
8632,49,61
8632,50,49
8632,51,27
8632,52,19
8632,53,10
8632,54,17
8632,55,11
8632,56,9
8632,57,18
8632,58,44
8632,59,33
8632,60,22
8632,61,56
8632,62,69
8632,63,23
8632,64,55
8632,65,92
8632,66,81
8632,67,68
8632,68,109
8632,69,118
8632,70,102
8632,71,117
8632,72,110
8632,73,111
8632,74,95
8632,75,116
8632,76,84
8632,77,105
8632,78,115
8632,79,94
8632,80,12
8632,81,21
8632,82,4
8632,83,13
8632,84,72
8632,85,47
8632,86,73
8632,87,60
8632,88,59
8632,89,36
8632,90,15
8632,91,14
8632,92,45
8632,93,24
8632,94,7
8632,95,34
8632,96,126
8632,97,112
8632,98,127
8632,99,119
8632,100,103
8632,101,120
8632,102,71
8632,103,114
8632,104,113
8632,105,83
8632,106,104
8632,107,121
8632,108,35
8632,109,25
8632,110,54
8632,111,52
8632,112,0
8632,113,0
8632,114,2
8632,115,3
8632,116,6
8632,117,5
8632,118,0
8632,119,0
8632,0,0
8632,0,0
8632,0,0
8632,0,0
8632,0,0
8632,0,0
8632,0,0
8632,0,0
8632,128,1051
8632,129,1063
8632,130,1075
8632,131,1050
8632,132,1062
8632,133,1064
8632,134,1040
8632,135,1052
8632,136,1066
8632,137,1053
8632,138,1041
8632,139,1065
8632,140,1076
8632,141,1089
8632,142,1078
8632,143,1088
8632,144,1087
8632,145,1077
8632,146,1030
8632,147,1039
8632,148,1028
8632,149,1020
8632,150,1029
8632,151,1038
8632,152,1054
8632,153,1042
8632,154,1032
8632,155,1067
8632,156,1043
8632,157,1031
8632,158,1080
8632,159,1090
8632,160,1100
8632,161,1091
8632,162,1079
8632,163,1101
8632,164,1108
8632,165,1098
8632,166,1107
8632,167,1099
8632,168,1106
8632,169,1096
8632,170,1085
8632,171,1097
8632,172,1074
8632,173,1086
8632,174,1048
8632,175,1037
8632,176,1026
8632,177,1061
8632,178,1049
8632,179,1027
8632,180,1019
8632,181,1010
8632,182,1017
8632,183,1011
8632,184,1009
8632,185,1018
8632,186,1044
8632,187,1033
8632,188,1022
8632,189,1056
8632,190,1069
8632,191,1023
8632,192,1055
8632,193,1092
8632,194,1081
8632,195,1068
8632,196,1109
8632,197,1118
8632,198,1102
8632,199,1117
8632,200,1110
8632,201,1111
8632,202,1095
8632,203,1116
8632,204,1084
8632,205,1105
8632,206,1115
8632,207,1094
8632,208,1012
8632,209,1021
8632,210,1004
8632,211,1013
8632,212,1072
8632,213,1047
8632,214,1073
8632,215,1060
8632,216,1059
8632,217,1036
8632,218,1014
8632,219,1112
8632,220,1114
8632,221,58
8632,222,58
8632,223,0
8632,224,58
8632,225,58
8632,226,58
8632,227,0
8632,228,0
8632,229,58
8632,230,0
8632,231,58
8632,0,0
8632,0,0
8632,0,0
8632,0,0
8632,0,0
8632,0,0
8632,0,0
8632,0,0
8632,0,0
8632,0,0
8632,0,0
8632,0,0
8632,0,0
8632,0,0
8632,0,0
8632,0,0
8632,0,0
8632,0,0
8632,0,0
8632,0,0
8632,0,0
8632,0,0
8632,0,0
8632,0,0
8635,0,51
8635,1,63
8635,2,75
8635,3,50
8635,4,62
8635,5,64
8635,6,40
8635,7,58
8635,8,66
8635,9,53
8635,10,41
8635,11,65
8635,12,76
8635,13,89
8635,14,78
8635,15,88
8635,16,87
8635,17,77
8635,18,30
8635,19,39
8635,20,28
8635,21,20
8635,22,29
8635,23,38
8635,24,58
8635,25,42
8635,26,32
8635,27,67
8635,28,43
8635,29,31
8635,30,80
8635,31,90
8635,32,100
8635,33,91
8635,34,79
8635,35,101
8635,36,108
8635,37,98
8635,38,107
8635,39,99
8635,40,106
8635,41,96
8635,42,85
8635,43,97
8635,44,74
8635,45,86
8635,46,48
8635,47,37
8635,48,26
8635,49,61
8635,50,49
8635,51,27
8635,52,19
8635,53,10
8635,54,17
8635,55,11
8635,56,9
8635,57,18
8635,58,44
8635,59,33
8635,60,22
8635,61,56
8635,62,69
8635,63,23
8635,64,55
8635,65,92
8635,66,81
8635,67,68
8635,68,109
8635,69,118
8635,70,102
8635,71,117
8635,72,110
8635,73,111
8635,74,95
8635,75,116
8635,76,84
8635,77,105
8635,78,115
8635,79,94
8635,80,12
8635,81,21
8635,82,4
8635,83,13
8635,84,72
8635,85,47
8635,86,73
8635,87,60
8635,88,59
8635,89,36
8635,90,15
8635,91,14
8635,92,45
8635,93,24
8635,94,7
8635,95,34
8635,96,126
8635,97,112
8635,98,127
8635,99,119
8635,100,103
8635,101,120
8635,102,71
8635,103,114
8635,104,113
8635,105,83
8635,106,104
8635,107,121
8635,108,35
8635,109,25
8635,110,54
8635,111,52
8635,112,0
8635,113,0
8635,114,2
8635,115,3
8635,116,6
8635,117,5
8635,118,0
8635,119,0
8635,0,0
8635,0,0
8635,0,0
8635,0,0
8635,0,0
8635,0,0
8635,0,0
8635,0,0
8635,128,1051
8635,129,1063
8635,130,1075
8635,131,1050
8635,132,1062
8635,133,1064
8635,134,1040
8635,135,1052
8635,136,1066
8635,137,1053
8635,138,1041
8635,139,1065
8635,140,1076
8635,141,1089
8635,142,1078
8635,143,1088
8635,144,1087
8635,145,1077
8635,146,1030
8635,147,1039
8635,148,1028
8635,149,1020
8635,150,1029
8635,151,1038
8635,152,1054
8635,153,1042
8635,154,1032
8635,155,1067
8635,156,1043
8635,157,1031
8635,158,1080
8635,159,1090
8635,160,1100
8635,161,1091
8635,162,1079
8635,163,1101
8635,164,1108
8635,165,1098
8635,166,1107
8635,167,1099
8635,168,1106
8635,169,1096
8635,170,1085
8635,171,1097
8635,172,1074
8635,173,1086
8635,174,1048
8635,175,1037
8635,176,1026
8635,177,1061
8635,178,1049
8635,179,1027
8635,180,1019
8635,181,1010
8635,182,1017
8635,183,1011
8635,184,1009
8635,185,1018
8635,186,1044
8635,187,1033
8635,188,1022
8635,189,1056
8635,190,1069
8635,191,1023
8635,192,1055
8635,193,1092
8635,194,1081
8635,195,1068
8635,196,1109
8635,197,1118
8635,198,1102
8635,199,1117
8635,200,1110
8635,201,1111
8635,202,1095
8635,203,1116
8635,204,1084
8635,205,1105
8635,206,1115
8635,207,1094
8635,208,1012
8635,209,1021
8635,210,1004
8635,211,1013
8635,212,1072
8635,213,1047
8635,214,1073
8635,215,1060
8635,216,1059
8635,217,1036
8635,218,1014
8635,219,1112
8635,220,1114
8635,221,58
8635,222,58
8635,223,0
8635,224,58
8635,225,58
8635,226,58
8635,227,0
8635,228,0
8635,229,58
8635,230,0
8635,231,58
8635,0,0
8635,0,0
8635,0,0
8635,0,0
8635,0,0
8635,0,0
8635,0,0
8635,0,0
8635,0,0
8635,0,0
8635,0,0
8635,0,0
8635,0,0
8635,0,0
8635,0,0
8635,0,0
8635,0,0
8635,0,0
8635,0,0
8635,0,0
8635,0,0
8635,0,0
8635,0,0
8635,0,0
8636,0,51
8636,1,63
8636,2,75
8636,3,50
8636,4,62
8636,5,64
8636,6,40
8636,7,58
8636,8,66
8636,9,53
8636,10,41
8636,11,65
8636,12,76
8636,13,89
8636,14,78
8636,15,88
8636,16,87
8636,17,77
8636,18,30
8636,19,39
8636,20,28
8636,21,20
8636,22,29
8636,23,38
8636,24,58
8636,25,42
8636,26,32
8636,27,67
8636,28,43
8636,29,31
8636,30,80
8636,31,90
8636,32,100
8636,33,91
8636,34,79
8636,35,101
8636,36,108
8636,37,98
8636,38,107
8636,39,99
8636,40,106
8636,41,96
8636,42,85
8636,43,97
8636,44,74
8636,45,86
8636,46,48
8636,47,37
8636,48,26
8636,49,61
8636,50,49
8636,51,27
8636,52,19
8636,53,10
8636,54,17
8636,55,11
8636,56,9
8636,57,18
8636,58,44
8636,59,33
8636,60,22
8636,61,56
8636,62,69
8636,63,23
8636,64,55
8636,65,92
8636,66,81
8636,67,68
8636,68,109
8636,69,118
8636,70,102
8636,71,117
8636,72,110
8636,73,111
8636,74,95
8636,75,116
8636,76,84
8636,77,105
8636,78,115
8636,79,94
8636,80,12
8636,81,21
8636,82,4
8636,83,13
8636,84,72
8636,85,47
8636,86,73
8636,87,60
8636,88,59
8636,89,36
8636,90,15
8636,91,14
8636,92,45
8636,93,24
8636,94,7
8636,95,34
8636,96,126
8636,97,112
8636,98,127
8636,99,119
8636,100,103
8636,101,120
8636,102,71
8636,103,114
8636,104,113
8636,105,83
8636,106,104
8636,107,121
8636,108,35
8636,109,25
8636,110,54
8636,111,52
8636,112,0
8636,113,0
8636,114,2
8636,115,3
8636,116,6
8636,117,5
8636,118,0
8636,119,0
8636,0,0
8636,0,0
8636,0,0
8636,0,0
8636,0,0
8636,0,0
8636,0,0
8636,0,0
8636,128,1051
8636,129,1063
8636,130,1075
8636,131,1050
8636,132,1062
8636,133,1064
8636,134,1040
8636,135,1052
8636,136,1066
8636,137,1053
8636,138,1041
8636,139,1065
8636,140,1076
8636,141,1089
8636,142,1078
8636,143,1088
8636,144,1087
8636,145,1077
8636,146,1030
8636,147,1039
8636,148,1028
8636,149,1020
8636,150,1029
8636,151,1038
8636,152,1054
8636,153,1042
8636,154,1032
8636,155,1067
8636,156,1043
8636,157,1031
8636,158,1080
8636,159,1090
8636,160,1100
8636,161,1091
8636,162,1079
8636,163,1101
8636,164,1108
8636,165,1098
8636,166,1107
8636,167,1099
8636,168,1106
8636,169,1096
8636,170,1085
8636,171,1097
8636,172,1074
8636,173,1086
8636,174,1048
8636,175,1037
8636,176,1026
8636,177,1061
8636,178,1049
8636,179,1027
8636,180,1019
8636,181,1010
8636,182,1017
8636,183,1011
8636,184,1009
8636,185,1018
8636,186,1044
8636,187,1033
8636,188,1022
8636,189,1056
8636,190,1069
8636,191,1023
8636,192,1055
8636,193,1092
8636,194,1081
8636,195,1068
8636,196,1109
8636,197,1118
8636,198,1102
8636,199,1117
8636,200,1110
8636,201,1111
8636,202,1095
8636,203,1116
8636,204,1084
8636,205,1105
8636,206,1115
8636,207,1094
8636,208,1012
8636,209,1021
8636,210,1004
8636,211,1013
8636,212,1072
8636,213,1047
8636,214,1073
8636,215,1060
8636,216,1059
8636,217,1036
8636,218,1014
8636,219,1112
8636,220,1114
8636,221,58
8636,222,58
8636,223,0
8636,224,58
8636,225,58
8636,226,58
8636,227,0
8636,228,0
8636,229,58
8636,230,0
8636,231,58
8636,0,0
8636,0,0
8636,0,0
8636,0,0
8636,0,0
8636,0,0
8636,0,0
8636,0,0
8636,0,0
8636,0,0
8636,0,0
8636,0,0
8636,0,0
8636,0,0
8636,0,0
8636,0,0
8636,0,0
8636,0,0
8636,0,0
8636,0,0
8636,0,0
8636,0,0
8636,0,0
8636,0,0
8637,0,51
8637,1,63
8637,2,75
8637,3,50
8637,4,62
8637,5,64
8637,6,40
8637,7,58
8637,8,66
8637,9,53
8637,10,41
8637,11,65
8637,12,76
8637,13,89
8637,14,78
8637,15,88
8637,16,87
8637,17,77
8637,18,30
8637,19,39
8637,20,28
8637,21,20
8637,22,29
8637,23,38
8637,24,58
8637,25,42
8637,26,32
8637,27,67
8637,28,43
8637,29,31
8637,30,80
8637,31,90
8637,32,100
8637,33,91
8637,34,79
8637,35,101
8637,36,108
8637,37,98
8637,38,107
8637,39,99
8637,40,106
8637,41,96
8637,42,85
8637,43,97
8637,44,74
8637,45,86
8637,46,48
8637,47,37
8637,48,26
8637,49,61
8637,50,49
8637,51,27
8637,52,19
8637,53,10
8637,54,17
8637,55,11
8637,56,9
8637,57,18
8637,58,44
8637,59,33
8637,60,22
8637,61,56
8637,62,69
8637,63,23
8637,64,55
8637,65,92
8637,66,81
8637,67,68
8637,68,109
8637,69,118
8637,70,102
8637,71,117
8637,72,110
8637,73,111
8637,74,95
8637,75,116
8637,76,84
8637,77,105
8637,78,115
8637,79,94
8637,80,12
8637,81,21
8637,82,4
8637,83,13
8637,84,72
8637,85,47
8637,86,73
8637,87,60
8637,88,59
8637,89,36
8637,90,15
8637,91,14
8637,92,45
8637,93,24
8637,94,7
8637,95,34
8637,96,126
8637,97,112
8637,98,127
8637,99,119
8637,100,103
8637,101,120
8637,102,71
8637,103,114
8637,104,113
8637,105,83
8637,106,104
8637,107,121
8637,108,35
8637,109,25
8637,110,54
8637,111,52
8637,112,0
8637,113,0
8637,114,2
8637,115,3
8637,116,6
8637,117,5
8637,118,0
8637,119,0
8637,0,0
8637,0,0
8637,0,0
8637,0,0
8637,0,0
8637,0,0
8637,0,0
8637,0,0
8637,128,1051
8637,129,1063
8637,130,1075
8637,131,1050
8637,132,1062
8637,133,1064
8637,134,1040
8637,135,1052
8637,136,1066
8637,137,1053
8637,138,1041
8637,139,1065
8637,140,1076
8637,141,1089
8637,142,1078
8637,143,1088
8637,144,1087
8637,145,1077
8637,146,1030
8637,147,1039
8637,148,1028
8637,149,1020
8637,150,1029
8637,151,1038
8637,152,1054
8637,153,1042
8637,154,1032
8637,155,1067
8637,156,1043
8637,157,1031
8637,158,1080
8637,159,1090
8637,160,1100
8637,161,1091
8637,162,1079
8637,163,1101
8637,164,1108
8637,165,1098
8637,166,1107
8637,167,1099
8637,168,1106
8637,169,1096
8637,170,1085
8637,171,1097
8637,172,1074
8637,173,1086
8637,174,1048
8637,175,1037
8637,176,1026
8637,177,1061
8637,178,1049
8637,179,1027
8637,180,1019
8637,181,1010
8637,182,1017
8637,183,1011
8637,184,1009
8637,185,1018
8637,186,1044
8637,187,1033
8637,188,1022
8637,189,1056
8637,190,1069
8637,191,1023
8637,192,1055
8637,193,1092
8637,194,1081
8637,195,1068
8637,196,1109
8637,197,1118
8637,198,1102
8637,199,1117
8637,200,1110
8637,201,1111
8637,202,1095
8637,203,1116
8637,204,1084
8637,205,1105
8637,206,1115
8637,207,1094
8637,208,1012
8637,209,1021
8637,210,1004
8637,211,1013
8637,212,1072
8637,213,1047
8637,214,1073
8637,215,1060
8637,216,1059
8637,217,1036
8637,218,1014
8637,219,1112
8637,220,1114
8637,221,58
8637,222,58
8637,223,0
8637,224,58
8637,225,58
8637,226,58
8637,227,0
8637,228,0
8637,229,58
8637,230,0
8637,231,58
8637,0,0
8637,0,0
8637,0,0
8637,0,0
8637,0,0
8637,0,0
8637,0,0
8637,0,0
8637,0,0
8637,0,0
8637,0,0
8637,0,0
8637,0,0
8637,0,0
8637,0,0
8637,0,0
8637,0,0
8637,0,0
8637,0,0
8637,0,0
8637,0,0
8637,0,0
8637,0,0
8637,0,0
8643,0,51
8643,1,63
8643,2,75
8643,3,50
8643,4,62
8643,5,64
8643,6,40
8643,7,58
8643,8,66
8643,9,53
8643,10,41
8643,11,65
8643,12,76
8643,13,89
8643,14,78
8643,15,88
8643,16,87
8643,17,77
8643,18,30
8643,19,39
8643,20,28
8643,21,20
8643,22,29
8643,23,38
8643,24,58
8643,25,42
8643,26,32
8643,27,67
8643,28,43
8643,29,31
8643,30,80
8643,31,90
8643,32,100
8643,33,91
8643,34,79
8643,35,101
8643,36,108
8643,37,98
8643,38,107
8643,39,99
8643,40,106
8643,41,96
8643,42,85
8643,43,97
8643,44,74
8643,45,86
8643,46,48
8643,47,37
8643,48,26
8643,49,61
8643,50,49
8643,51,27
8643,52,19
8643,53,10
8643,54,17
8643,55,11
8643,56,9
8643,57,18
8643,58,44
8643,59,33
8643,60,22
8643,61,56
8643,62,69
8643,63,23
8643,64,55
8643,65,92
8643,66,81
8643,67,68
8643,68,109
8643,69,118
8643,70,102
8643,71,117
8643,72,110
8643,73,111
8643,74,95
8643,75,116
8643,76,84
8643,77,105
8643,78,115
8643,79,94
8643,80,12
8643,81,21
8643,82,4
8643,83,13
8643,84,72
8643,85,47
8643,86,73
8643,87,60
8643,88,59
8643,89,36
8643,90,15
8643,91,14
8643,92,45
8643,93,24
8643,94,7
8643,95,34
8643,96,126
8643,97,112
8643,98,127
8643,99,119
8643,100,103
8643,101,120
8643,102,71
8643,103,114
8643,104,113
8643,105,83
8643,106,104
8643,107,121
8643,108,35
8643,109,25
8643,110,54
8643,111,52
8643,112,0
8643,113,0
8643,114,2
8643,115,3
8643,116,6
8643,117,5
8643,118,0
8643,119,0
8643,0,0
8643,0,0
8643,0,0
8643,0,0
8643,0,0
8643,0,0
8643,0,0
8643,0,0
8643,128,1051
8643,129,1063
8643,130,1075
8643,131,1050
8643,132,1062
8643,133,1064
8643,134,1040
8643,135,1052
8643,136,1066
8643,137,1053
8643,138,1041
8643,139,1065
8643,140,1076
8643,141,1089
8643,142,1078
8643,143,1088
8643,144,1087
8643,145,1077
8643,146,1030
8643,147,1039
8643,148,1028
8643,149,1020
8643,150,1029
8643,151,1038
8643,152,1054
8643,153,1042
8643,154,1032
8643,155,1067
8643,156,1043
8643,157,1031
8643,158,1080
8643,159,1090
8643,160,1100
8643,161,1091
8643,162,1079
8643,163,1101
8643,164,1108
8643,165,1098
8643,166,1107
8643,167,1099
8643,168,1106
8643,169,1096
8643,170,1085
8643,171,1097
8643,172,1074
8643,173,1086
8643,174,1048
8643,175,1037
8643,176,1026
8643,177,1061
8643,178,1049
8643,179,1027
8643,180,1019
8643,181,1010
8643,182,1017
8643,183,1011
8643,184,1009
8643,185,1018
8643,186,1044
8643,187,1033
8643,188,1022
8643,189,1056
8643,190,1069
8643,191,1023
8643,192,1055
8643,193,1092
8643,194,1081
8643,195,1068
8643,196,1109
8643,197,1118
8643,198,1102
8643,199,1117
8643,200,1110
8643,201,1111
8643,202,1095
8643,203,1116
8643,204,1084
8643,205,1105
8643,206,1115
8643,207,1094
8643,208,1012
8643,209,1021
8643,210,1004
8643,211,1013
8643,212,1072
8643,213,1047
8643,214,1073
8643,215,1060
8643,216,1059
8643,217,1036
8643,218,1014
8643,219,1112
8643,220,1114
8643,221,58
8643,222,58
8643,223,0
8643,224,58
8643,225,58
8643,226,58
8643,227,0
8643,228,0
8643,229,58
8643,230,0
8643,231,58
8643,0,0
8643,0,0
8643,0,0
8643,0,0
8643,0,0
8643,0,0
8643,0,0
8643,0,0
8643,0,0
8643,0,0
8643,0,0
8643,0,0
8643,0,0
8643,0,0
8643,0,0
8643,0,0
8643,0,0
8643,0,0
8643,0,0
8643,0,0
8643,0,0
8643,0,0
8643,0,0
8643,0,0
8644,0,51
8644,1,63
8644,2,75
8644,3,50
8644,4,62
8644,5,64
8644,6,40
8644,7,58
8644,8,66
8644,9,53
8644,10,41
8644,11,65
8644,12,76
8644,13,89
8644,14,78
8644,15,88
8644,16,87
8644,17,77
8644,18,30
8644,19,39
8644,20,28
8644,21,20
8644,22,29
8644,23,38
8644,24,58
8644,25,42
8644,26,32
8644,27,67
8644,28,43
8644,29,31
8644,30,80
8644,31,90
8644,32,100
8644,33,91
8644,34,79
8644,35,101
8644,36,108
8644,37,98
8644,38,107
8644,39,99
8644,40,106
8644,41,96
8644,42,85
8644,43,97
8644,44,74
8644,45,86
8644,46,48
8644,47,37
8644,48,26
8644,49,61
8644,50,49
8644,51,27
8644,52,19
8644,53,10
8644,54,17
8644,55,11
8644,56,9
8644,57,18
8644,58,44
8644,59,33
8644,60,22
8644,61,56
8644,62,69
8644,63,23
8644,64,55
8644,65,92
8644,66,81
8644,67,68
8644,68,109
8644,69,118
8644,70,102
8644,71,117
8644,72,110
8644,73,111
8644,74,95
8644,75,116
8644,76,84
8644,77,105
8644,78,115
8644,79,94
8644,80,12
8644,81,21
8644,82,4
8644,83,13
8644,84,72
8644,85,47
8644,86,73
8644,87,60
8644,88,59
8644,89,36
8644,90,15
8644,91,14
8644,92,45
8644,93,24
8644,94,7
8644,95,34
8644,96,126
8644,97,112
8644,98,127
8644,99,119
8644,100,103
8644,101,120
8644,102,71
8644,103,114
8644,104,113
8644,105,83
8644,106,104
8644,107,121
8644,108,35
8644,109,25
8644,110,54
8644,111,52
8644,112,0
8644,113,0
8644,114,2
8644,115,3
8644,116,6
8644,117,5
8644,118,0
8644,119,0
8644,0,0
8644,0,0
8644,0,0
8644,0,0
8644,0,0
8644,0,0
8644,0,0
8644,0,0
8644,128,1051
8644,129,1063
8644,130,1075
8644,131,1050
8644,132,1062
8644,133,1064
8644,134,1040
8644,135,1052
8644,136,1066
8644,137,1053
8644,138,1041
8644,139,1065
8644,140,1076
8644,141,1089
8644,142,1078
8644,143,1088
8644,144,1087
8644,145,1077
8644,146,1030
8644,147,1039
8644,148,1028
8644,149,1020
8644,150,1029
8644,151,1038
8644,152,1054
8644,153,1042
8644,154,1032
8644,155,1067
8644,156,1043
8644,157,1031
8644,158,1080
8644,159,1090
8644,160,1100
8644,161,1091
8644,162,1079
8644,163,1101
8644,164,1108
8644,165,1098
8644,166,1107
8644,167,1099
8644,168,1106
8644,169,1096
8644,170,1085
8644,171,1097
8644,172,1074
8644,173,1086
8644,174,1048
8644,175,1037
8644,176,1026
8644,177,1061
8644,178,1049
8644,179,1027
8644,180,1019
8644,181,1010
8644,182,1017
8644,183,1011
8644,184,1009
8644,185,1018
8644,186,1044
8644,187,1033
8644,188,1022
8644,189,1056
8644,190,1069
8644,191,1023
8644,192,1055
8644,193,1092
8644,194,1081
8644,195,1068
8644,196,1109
8644,197,1118
8644,198,1102
8644,199,1117
8644,200,1110
8644,201,1111
8644,202,1095
8644,203,1116
8644,204,1084
8644,205,1105
8644,206,1115
8644,207,1094
8644,208,1012
8644,209,1021
8644,210,1004
8644,211,1013
8644,212,1072
8644,213,1047
8644,214,1073
8644,215,1060
8644,216,1059
8644,217,1036
8644,218,1014
8644,219,1112
8644,220,1114
8644,221,58
8644,222,58
8644,223,0
8644,224,58
8644,225,58
8644,226,58
8644,227,0
8644,228,0
8644,229,58
8644,230,0
8644,231,58
8644,0,0
8644,0,0
8644,0,0
8644,0,0
8644,0,0
8644,0,0
8644,0,0
8644,0,0
8644,0,0
8644,0,0
8644,0,0
8644,0,0
8644,0,0
8644,0,0
8644,0,0
8644,0,0
8644,0,0
8644,0,0
8644,0,0
8644,0,0
8644,0,0
8644,0,0
8644,0,0
8644,0,0
8645,0,51
8645,1,63
8645,2,75
8645,3,50
8645,4,62
8645,5,64
8645,6,40
8645,7,58
8645,8,66
8645,9,53
8645,10,41
8645,11,65
8645,12,76
8645,13,89
8645,14,78
8645,15,88
8645,16,87
8645,17,77
8645,18,30
8645,19,39
8645,20,28
8645,21,20
8645,22,29
8645,23,38
8645,24,58
8645,25,42
8645,26,32
8645,27,67
8645,28,43
8645,29,31
8645,30,80
8645,31,90
8645,32,100
8645,33,91
8645,34,79
8645,35,101
8645,36,108
8645,37,98
8645,38,107
8645,39,99
8645,40,106
8645,41,96
8645,42,85
8645,43,97
8645,44,74
8645,45,86
8645,46,48
8645,47,37
8645,48,26
8645,49,61
8645,50,49
8645,51,27
8645,52,19
8645,53,10
8645,54,17
8645,55,11
8645,56,9
8645,57,18
8645,58,44
8645,59,33
8645,60,22
8645,61,56
8645,62,69
8645,63,23
8645,64,55
8645,65,92
8645,66,81
8645,67,68
8645,68,109
8645,69,118
8645,70,102
8645,71,117
8645,72,110
8645,73,111
8645,74,95
8645,75,116
8645,76,84
8645,77,105
8645,78,115
8645,79,94
8645,80,12
8645,81,21
8645,82,4
8645,83,13
8645,84,72
8645,85,47
8645,86,73
8645,87,60
8645,88,59
8645,89,36
8645,90,15
8645,91,14
8645,92,45
8645,93,24
8645,94,7
8645,95,34
8645,96,126
8645,97,112
8645,98,127
8645,99,119
8645,100,103
8645,101,120
8645,102,71
8645,103,114
8645,104,113
8645,105,83
8645,106,104
8645,107,121
8645,108,35
8645,109,25
8645,110,54
8645,111,52
8645,112,0
8645,113,0
8645,114,2
8645,115,3
8645,116,6
8645,117,5
8645,118,0
8645,119,0
8645,0,0
8645,0,0
8645,0,0
8645,0,0
8645,0,0
8645,0,0
8645,0,0
8645,0,0
8645,128,1051
8645,129,1063
8645,130,1075
8645,131,1050
8645,132,1062
8645,133,1064
8645,134,1040
8645,135,1052
8645,136,1066
8645,137,1053
8645,138,1041
8645,139,1065
8645,140,1076
8645,141,1089
8645,142,1078
8645,143,1088
8645,144,1087
8645,145,1077
8645,146,1030
8645,147,1039
8645,148,1028
8645,149,1020
8645,150,1029
8645,151,1038
8645,152,1054
8645,153,1042
8645,154,1032
8645,155,1067
8645,156,1043
8645,157,1031
8645,158,1080
8645,159,1090
8645,160,1100
8645,161,1091
8645,162,1079
8645,163,1101
8645,164,1108
8645,165,1098
8645,166,1107
8645,167,1099
8645,168,1106
8645,169,1096
8645,170,1085
8645,171,1097
8645,172,1074
8645,173,1086
8645,174,1048
8645,175,1037
8645,176,1026
8645,177,1061
8645,178,1049
8645,179,1027
8645,180,1019
8645,181,1010
8645,182,1017
8645,183,1011
8645,184,1009
8645,185,1018
8645,186,1044
8645,187,1033
8645,188,1022
8645,189,1056
8645,190,1069
8645,191,1023
8645,192,1055
8645,193,1092
8645,194,1081
8645,195,1068
8645,196,1109
8645,197,1118
8645,198,1102
8645,199,1117
8645,200,1110
8645,201,1111
8645,202,1095
8645,203,1116
8645,204,1084
8645,205,1105
8645,206,1115
8645,207,1094
8645,208,1012
8645,209,1021
8645,210,1004
8645,211,1013
8645,212,1072
8645,213,1047
8645,214,1073
8645,215,1060
8645,216,1059
8645,217,1036
8645,218,1014
8645,219,1112
8645,220,1114
8645,221,58
8645,222,58
8645,223,0
8645,224,58
8645,225,58
8645,226,58
8645,227,0
8645,228,0
8645,229,58
8645,230,0
8645,231,58
8645,0,0
8645,0,0
8645,0,0
8645,0,0
8645,0,0
8645,0,0
8645,0,0
8645,0,0
8645,0,0
8645,0,0
8645,0,0
8645,0,0
8645,0,0
8645,0,0
8645,0,0
8645,0,0
8645,0,0
8645,0,0
8645,0,0
8645,0,0
8645,0,0
8645,0,0
8645,0,0
8645,0,0
8646,0,51
8646,1,63
8646,2,75
8646,3,50
8646,4,62
8646,5,64
8646,6,40
8646,7,58
8646,8,66
8646,9,53
8646,10,41
8646,11,65
8646,12,76
8646,13,89
8646,14,78
8646,15,88
8646,16,87
8646,17,77
8646,18,30
8646,19,39
8646,20,28
8646,21,20
8646,22,29
8646,23,38
8646,24,58
8646,25,42
8646,26,32
8646,27,67
8646,28,43
8646,29,31
8646,30,80
8646,31,90
8646,32,100
8646,33,91
8646,34,79
8646,35,101
8646,36,108
8646,37,98
8646,38,107
8646,39,99
8646,40,106
8646,41,96
8646,42,85
8646,43,97
8646,44,74
8646,45,86
8646,46,48
8646,47,37
8646,48,26
8646,49,61
8646,50,49
8646,51,27
8646,52,19
8646,53,10
8646,54,17
8646,55,11
8646,56,9
8646,57,18
8646,58,44
8646,59,33
8646,60,22
8646,61,56
8646,62,69
8646,63,23
8646,64,55
8646,65,92
8646,66,81
8646,67,68
8646,68,109
8646,69,118
8646,70,102
8646,71,117
8646,72,110
8646,73,111
8646,74,95
8646,75,116
8646,76,84
8646,77,105
8646,78,115
8646,79,94
8646,80,12
8646,81,21
8646,82,4
8646,83,13
8646,84,72
8646,85,47
8646,86,73
8646,87,60
8646,88,59
8646,89,36
8646,90,15
8646,91,14
8646,92,45
8646,93,24
8646,94,7
8646,95,34
8646,96,126
8646,97,112
8646,98,127
8646,99,119
8646,100,103
8646,101,120
8646,102,71
8646,103,114
8646,104,113
8646,105,83
8646,106,104
8646,107,121
8646,108,35
8646,109,25
8646,110,54
8646,111,52
8646,112,0
8646,113,0
8646,114,2
8646,115,3
8646,116,6
8646,117,5
8646,118,0
8646,119,0
8646,0,0
8646,0,0
8646,0,0
8646,0,0
8646,0,0
8646,0,0
8646,0,0
8646,0,0
8646,128,1051
8646,129,1063
8646,130,1075
8646,131,1050
8646,132,1062
8646,133,1064
8646,134,1040
8646,135,1052
8646,136,1066
8646,137,1053
8646,138,1041
8646,139,1065
8646,140,1076
8646,141,1089
8646,142,1078
8646,143,1088
8646,144,1087
8646,145,1077
8646,146,1030
8646,147,1039
8646,148,1028
8646,149,1020
8646,150,1029
8646,151,1038
8646,152,1054
8646,153,1042
8646,154,1032
8646,155,1067
8646,156,1043
8646,157,1031
8646,158,1080
8646,159,1090
8646,160,1100
8646,161,1091
8646,162,1079
8646,163,1101
8646,164,1108
8646,165,1098
8646,166,1107
8646,167,1099
8646,168,1106
8646,169,1096
8646,170,1085
8646,171,1097
8646,172,1074
8646,173,1086
8646,174,1048
8646,175,1037
8646,176,1026
8646,177,1061
8646,178,1049
8646,179,1027
8646,180,1019
8646,181,1010
8646,182,1017
8646,183,1011
8646,184,1009
8646,185,1018
8646,186,1044
8646,187,1033
8646,188,1022
8646,189,1056
8646,190,1069
8646,191,1023
8646,192,1055
8646,193,1092
8646,194,1081
8646,195,1068
8646,196,1109
8646,197,1118
8646,198,1102
8646,199,1117
8646,200,1110
8646,201,1111
8646,202,1095
8646,203,1116
8646,204,1084
8646,205,1105
8646,206,1115
8646,207,1094
8646,208,1012
8646,209,1021
8646,210,1004
8646,211,1013
8646,212,1072
8646,213,1047
8646,214,1073
8646,215,1060
8646,216,1059
8646,217,1036
8646,218,1014
8646,219,1112
8646,220,1114
8646,221,58
8646,222,58
8646,223,0
8646,224,58
8646,225,58
8646,226,58
8646,227,0
8646,228,0
8646,229,58
8646,230,0
8646,231,58
8646,0,0
8646,0,0
8646,0,0
8646,0,0
8646,0,0
8646,0,0
8646,0,0
8646,0,0
8646,0,0
8646,0,0
8646,0,0
8646,0,0
8646,0,0
8646,0,0
8646,0,0
8646,0,0
8646,0,0
8646,0,0
8646,0,0
8646,0,0
8646,0,0
8646,0,0
8646,0,0
8646,0,0
8647,0,51
8647,1,63
8647,2,75
8647,3,50
8647,4,62
8647,5,64
8647,6,40
8647,7,58
8647,8,66
8647,9,53
8647,10,41
8647,11,65
8647,12,76
8647,13,89
8647,14,78
8647,15,88
8647,16,87
8647,17,77
8647,18,30
8647,19,39
8647,20,28
8647,21,20
8647,22,29
8647,23,38
8647,24,58
8647,25,42
8647,26,32
8647,27,67
8647,28,43
8647,29,31
8647,30,80
8647,31,90
8647,32,100
8647,33,91
8647,34,79
8647,35,101
8647,36,108
8647,37,98
8647,38,107
8647,39,99
8647,40,106
8647,41,96
8647,42,85
8647,43,97
8647,44,74
8647,45,86
8647,46,48
8647,47,37
8647,48,26
8647,49,61
8647,50,49
8647,51,27
8647,52,19
8647,53,10
8647,54,17
8647,55,11
8647,56,9
8647,57,18
8647,58,44
8647,59,33
8647,60,22
8647,61,56
8647,62,69
8647,63,23
8647,64,55
8647,65,92
8647,66,81
8647,67,68
8647,68,109
8647,69,118
8647,70,102
8647,71,117
8647,72,110
8647,73,111
8647,74,95
8647,75,116
8647,76,84
8647,77,105
8647,78,115
8647,79,94
8647,80,12
8647,81,21
8647,82,4
8647,83,13
8647,84,72
8647,85,47
8647,86,73
8647,87,60
8647,88,59
8647,89,36
8647,90,15
8647,91,14
8647,92,45
8647,93,24
8647,94,7
8647,95,34
8647,96,126
8647,97,112
8647,98,127
8647,99,119
8647,100,103
8647,101,120
8647,102,71
8647,103,114
8647,104,113
8647,105,83
8647,106,104
8647,107,121
8647,108,35
8647,109,25
8647,110,54
8647,111,52
8647,112,0
8647,113,0
8647,114,2
8647,115,3
8647,116,6
8647,117,5
8647,118,0
8647,119,0
8647,0,0
8647,0,0
8647,0,0
8647,0,0
8647,0,0
8647,0,0
8647,0,0
8647,0,0
8647,128,1051
8647,129,1063
8647,130,1075
8647,131,1050
8647,132,1062
8647,133,1064
8647,134,1040
8647,135,1052
8647,136,1066
8647,137,1053
8647,138,1041
8647,139,1065
8647,140,1076
8647,141,1089
8647,142,1078
8647,143,1088
8647,144,1087
8647,145,1077
8647,146,1030
8647,147,1039
8647,148,1028
8647,149,1020
8647,150,1029
8647,151,1038
8647,152,1054
8647,153,1042
8647,154,1032
8647,155,1067
8647,156,1043
8647,157,1031
8647,158,1080
8647,159,1090
8647,160,1100
8647,161,1091
8647,162,1079
8647,163,1101
8647,164,1108
8647,165,1098
8647,166,1107
8647,167,1099
8647,168,1106
8647,169,1096
8647,170,1085
8647,171,1097
8647,172,1074
8647,173,1086
8647,174,1048
8647,175,1037
8647,176,1026
8647,177,1061
8647,178,1049
8647,179,1027
8647,180,1019
8647,181,1010
8647,182,1017
8647,183,1011
8647,184,1009
8647,185,1018
8647,186,1044
8647,187,1033
8647,188,1022
8647,189,1056
8647,190,1069
8647,191,1023
8647,192,1055
8647,193,1092
8647,194,1081
8647,195,1068
8647,196,1109
8647,197,1118
8647,198,1102
8647,199,1117
8647,200,1110
8647,201,1111
8647,202,1095
8647,203,1116
8647,204,1084
8647,205,1105
8647,206,1115
8647,207,1094
8647,208,1012
8647,209,1021
8647,210,1004
8647,211,1013
8647,212,1072
8647,213,1047
8647,214,1073
8647,215,1060
8647,216,1059
8647,217,1036
8647,218,1014
8647,219,1112
8647,220,1114
8647,221,58
8647,222,58
8647,223,0
8647,224,58
8647,225,58
8647,226,58
8647,227,0
8647,228,0
8647,229,58
8647,230,0
8647,231,58
8647,0,0
8647,0,0
8647,0,0
8647,0,0
8647,0,0
8647,0,0
8647,0,0
8647,0,0
8647,0,0
8647,0,0
8647,0,0
8647,0,0
8647,0,0
8647,0,0
8647,0,0
8647,0,0
8647,0,0
8647,0,0
8647,0,0
8647,0,0
8647,0,0
8647,0,0
8647,0,0
8647,0,0
8648,0,51
8648,1,63
8648,2,75
8648,3,50
8648,4,62
8648,5,64
8648,6,40
8648,7,58
8648,8,66
8648,9,53
8648,10,41
8648,11,65
8648,12,76
8648,13,89
8648,14,78
8648,15,88
8648,16,87
8648,17,77
8648,18,30
8648,19,39
8648,20,28
8648,21,20
8648,22,29
8648,23,38
8648,24,58
8648,25,42
8648,26,32
8648,27,67
8648,28,43
8648,29,31
8648,30,80
8648,31,90
8648,32,100
8648,33,91
8648,34,79
8648,35,101
8648,36,108
8648,37,98
8648,38,107
8648,39,99
8648,40,106
8648,41,96
8648,42,85
8648,43,97
8648,44,74
8648,45,86
8648,46,48
8648,47,37
8648,48,26
8648,49,61
8648,50,49
8648,51,27
8648,52,19
8648,53,10
8648,54,17
8648,55,11
8648,56,9
8648,57,18
8648,58,44
8648,59,33
8648,60,22
8648,61,56
8648,62,69
8648,63,23
8648,64,55
8648,65,92
8648,66,81
8648,67,68
8648,68,109
8648,69,118
8648,70,102
8648,71,117
8648,72,110
8648,73,111
8648,74,95
8648,75,116
8648,76,84
8648,77,105
8648,78,115
8648,79,94
8648,80,12
8648,81,21
8648,82,4
8648,83,13
8648,84,72
8648,85,47
8648,86,73
8648,87,60
8648,88,59
8648,89,36
8648,90,15
8648,91,14
8648,92,45
8648,93,24
8648,94,7
8648,95,34
8648,96,126
8648,97,112
8648,98,127
8648,99,119
8648,100,103
8648,101,120
8648,102,71
8648,103,114
8648,104,113
8648,105,83
8648,106,104
8648,107,121
8648,108,35
8648,109,25
8648,110,54
8648,111,52
8648,112,0
8648,113,0
8648,114,2
8648,115,3
8648,116,6
8648,117,5
8648,118,0
8648,119,0
8648,0,0
8648,0,0
8648,0,0
8648,0,0
8648,0,0
8648,0,0
8648,0,0
8648,0,0
8648,128,1051
8648,129,1063
8648,130,1075
8648,131,1050
8648,132,1062
8648,133,1064
8648,134,1040
8648,135,1052
8648,136,1066
8648,137,1053
8648,138,1041
8648,139,1065
8648,140,1076
8648,141,1089
8648,142,1078
8648,143,1088
8648,144,1087
8648,145,1077
8648,146,1030
8648,147,1039
8648,148,1028
8648,149,1020
8648,150,1029
8648,151,1038
8648,152,1054
8648,153,1042
8648,154,1032
8648,155,1067
8648,156,1043
8648,157,1031
8648,158,1080
8648,159,1090
8648,160,1100
8648,161,1091
8648,162,1079
8648,163,1101
8648,164,1108
8648,165,1098
8648,166,1107
8648,167,1099
8648,168,1106
8648,169,1096
8648,170,1085
8648,171,1097
8648,172,1074
8648,173,1086
8648,174,1048
8648,175,1037
8648,176,1026
8648,177,1061
8648,178,1049
8648,179,1027
8648,180,1019
8648,181,1010
8648,182,1017
8648,183,1011
8648,184,1009
8648,185,1018
8648,186,1044
8648,187,1033
8648,188,1022
8648,189,1056
8648,190,1069
8648,191,1023
8648,192,1055
8648,193,1092
8648,194,1081
8648,195,1068
8648,196,1109
8648,197,1118
8648,198,1102
8648,199,1117
8648,200,1110
8648,201,1111
8648,202,1095
8648,203,1116
8648,204,1084
8648,205,1105
8648,206,1115
8648,207,1094
8648,208,1012
8648,209,1021
8648,210,1004
8648,211,1013
8648,212,1072
8648,213,1047
8648,214,1073
8648,215,1060
8648,216,1059
8648,217,1036
8648,218,1014
8648,219,1112
8648,220,1114
8648,221,58
8648,222,58
8648,223,0
8648,224,58
8648,225,58
8648,226,58
8648,227,0
8648,228,0
8648,229,58
8648,230,0
8648,231,58
8648,0,0
8648,0,0
8648,0,0
8648,0,0
8648,0,0
8648,0,0
8648,0,0
8648,0,0
8648,0,0
8648,0,0
8648,0,0
8648,0,0
8648,0,0
8648,0,0
8648,0,0
8648,0,0
8648,0,0
8648,0,0
8648,0,0
8648,0,0
8648,0,0
8648,0,0
8648,0,0
8648,0,0
8649,0,51
8649,1,63
8649,2,75
8649,3,50
8649,4,62
8649,5,64
8649,6,40
8649,7,58
8649,8,66
8649,9,53
8649,10,41
8649,11,65
8649,12,76
8649,13,89
8649,14,78
8649,15,88
8649,16,87
8649,17,77
8649,18,30
8649,19,39
8649,20,28
8649,21,20
8649,22,29
8649,23,38
8649,24,58
8649,25,42
8649,26,32
8649,27,67
8649,28,43
8649,29,31
8649,30,80
8649,31,90
8649,32,100
8649,33,91
8649,34,79
8649,35,101
8649,36,108
8649,37,98
8649,38,107
8649,39,99
8649,40,106
8649,41,96
8649,42,85
8649,43,97
8649,44,74
8649,45,86
8649,46,48
8649,47,37
8649,48,26
8649,49,61
8649,50,49
8649,51,27
8649,52,19
8649,53,10
8649,54,17
8649,55,11
8649,56,9
8649,57,18
8649,58,44
8649,59,33
8649,60,22
8649,61,56
8649,62,69
8649,63,23
8649,64,55
8649,65,92
8649,66,81
8649,67,68
8649,68,109
8649,69,118
8649,70,102
8649,71,117
8649,72,110
8649,73,111
8649,74,95
8649,75,116
8649,76,84
8649,77,105
8649,78,115
8649,79,94
8649,80,12
8649,81,21
8649,82,4
8649,83,13
8649,84,72
8649,85,47
8649,86,73
8649,87,60
8649,88,59
8649,89,36
8649,90,15
8649,91,14
8649,92,45
8649,93,24
8649,94,7
8649,95,34
8649,96,126
8649,97,112
8649,98,127
8649,99,119
8649,100,103
8649,101,120
8649,102,71
8649,103,114
8649,104,113
8649,105,83
8649,106,104
8649,107,121
8649,108,35
8649,109,25
8649,110,54
8649,111,52
8649,112,0
8649,113,0
8649,114,2
8649,115,3
8649,116,6
8649,117,5
8649,118,0
8649,119,0
8649,0,0
8649,0,0
8649,0,0
8649,0,0
8649,0,0
8649,0,0
8649,0,0
8649,0,0
8649,128,1051
8649,129,1063
8649,130,1075
8649,131,1050
8649,132,1062
8649,133,1064
8649,134,1040
8649,135,1052
8649,136,1066
8649,137,1053
8649,138,1041
8649,139,1065
8649,140,1076
8649,141,1089
8649,142,1078
8649,143,1088
8649,144,1087
8649,145,1077
8649,146,1030
8649,147,1039
8649,148,1028
8649,149,1020
8649,150,1029
8649,151,1038
8649,152,1054
8649,153,1042
8649,154,1032
8649,155,1067
8649,156,1043
8649,157,1031
8649,158,1080
8649,159,1090
8649,160,1100
8649,161,1091
8649,162,1079
8649,163,1101
8649,164,1108
8649,165,1098
8649,166,1107
8649,167,1099
8649,168,1106
8649,169,1096
8649,170,1085
8649,171,1097
8649,172,1074
8649,173,1086
8649,174,1048
8649,175,1037
8649,176,1026
8649,177,1061
8649,178,1049
8649,179,1027
8649,180,1019
8649,181,1010
8649,182,1017
8649,183,1011
8649,184,1009
8649,185,1018
8649,186,1044
8649,187,1033
8649,188,1022
8649,189,1056
8649,190,1069
8649,191,1023
8649,192,1055
8649,193,1092
8649,194,1081
8649,195,1068
8649,196,1109
8649,197,1118
8649,198,1102
8649,199,1117
8649,200,1110
8649,201,1111
8649,202,1095
8649,203,1116
8649,204,1084
8649,205,1105
8649,206,1115
8649,207,1094
8649,208,1012
8649,209,1021
8649,210,1004
8649,211,1013
8649,212,1072
8649,213,1047
8649,214,1073
8649,215,1060
8649,216,1059
8649,217,1036
8649,218,1014
8649,219,1112
8649,220,1114
8649,221,58
8649,222,58
8649,223,0
8649,224,58
8649,225,58
8649,226,58
8649,227,0
8649,228,0
8649,229,58
8649,230,0
8649,231,58
8649,0,0
8649,0,0
8649,0,0
8649,0,0
8649,0,0
8649,0,0
8649,0,0
8649,0,0
8649,0,0
8649,0,0
8649,0,0
8649,0,0
8649,0,0
8649,0,0
8649,0,0
8649,0,0
8649,0,0
8649,0,0
8649,0,0
8649,0,0
8649,0,0
8649,0,0
8649,0,0
8649,0,0
8650,0,51
8650,1,63
8650,2,75
8650,3,50
8650,4,62
8650,5,64
8650,6,40
8650,7,58
8650,8,66
8650,9,53
8650,10,41
8650,11,65
8650,12,76
8650,13,89
8650,14,78
8650,15,88
8650,16,87
8650,17,77
8650,18,30
8650,19,39
8650,20,28
8650,21,20
8650,22,29
8650,23,38
8650,24,58
8650,25,42
8650,26,32
8650,27,67
8650,28,43
8650,29,31
8650,30,80
8650,31,90
8650,32,100
8650,33,91
8650,34,79
8650,35,101
8650,36,108
8650,37,98
8650,38,107
8650,39,99
8650,40,106
8650,41,96
8650,42,85
8650,43,97
8650,44,74
8650,45,86
8650,46,48
8650,47,37
8650,48,26
8650,49,61
8650,50,49
8650,51,27
8650,52,19
8650,53,10
8650,54,17
8650,55,11
8650,56,9
8650,57,18
8650,58,44
8650,59,33
8650,60,22
8650,61,56
8650,62,69
8650,63,23
8650,64,55
8650,65,92
8650,66,81
8650,67,68
8650,68,109
8650,69,118
8650,70,102
8650,71,117
8650,72,110
8650,73,111
8650,74,95
8650,75,116
8650,76,84
8650,77,105
8650,78,115
8650,79,94
8650,80,12
8650,81,21
8650,82,4
8650,83,13
8650,84,72
8650,85,47
8650,86,73
8650,87,60
8650,88,59
8650,89,36
8650,90,15
8650,91,14
8650,92,45
8650,93,24
8650,94,7
8650,95,34
8650,96,126
8650,97,112
8650,98,127
8650,99,119
8650,100,103
8650,101,120
8650,102,71
8650,103,114
8650,104,113
8650,105,83
8650,106,104
8650,107,121
8650,108,35
8650,109,25
8650,110,54
8650,111,52
8650,112,0
8650,113,0
8650,114,2
8650,115,3
8650,116,6
8650,117,5
8650,118,0
8650,119,0
8650,0,0
8650,0,0
8650,0,0
8650,0,0
8650,0,0
8650,0,0
8650,0,0
8650,0,0
8650,128,1051
8650,129,1063
8650,130,1075
8650,131,1050
8650,132,1062
8650,133,1064
8650,134,1040
8650,135,1052
8650,136,1066
8650,137,1053
8650,138,1041
8650,139,1065
8650,140,1076
8650,141,1089
8650,142,1078
8650,143,1088
8650,144,1087
8650,145,1077
8650,146,1030
8650,147,1039
8650,148,1028
8650,149,1020
8650,150,1029
8650,151,1038
8650,152,1054
8650,153,1042
8650,154,1032
8650,155,1067
8650,156,1043
8650,157,1031
8650,158,1080
8650,159,1090
8650,160,1100
8650,161,1091
8650,162,1079
8650,163,1101
8650,164,1108
8650,165,1098
8650,166,1107
8650,167,1099
8650,168,1106
8650,169,1096
8650,170,1085
8650,171,1097
8650,172,1074
8650,173,1086
8650,174,1048
8650,175,1037
8650,176,1026
8650,177,1061
8650,178,1049
8650,179,1027
8650,180,1019
8650,181,1010
8650,182,1017
8650,183,1011
8650,184,1009
8650,185,1018
8650,186,1044
8650,187,1033
8650,188,1022
8650,189,1056
8650,190,1069
8650,191,1023
8650,192,1055
8650,193,1092
8650,194,1081
8650,195,1068
8650,196,1109
8650,197,1118
8650,198,1102
8650,199,1117
8650,200,1110
8650,201,1111
8650,202,1095
8650,203,1116
8650,204,1084
8650,205,1105
8650,206,1115
8650,207,1094
8650,208,1012
8650,209,1021
8650,210,1004
8650,211,1013
8650,212,1072
8650,213,1047
8650,214,1073
8650,215,1060
8650,216,1059
8650,217,1036
8650,218,1014
8650,219,1112
8650,220,1114
8650,221,58
8650,222,58
8650,223,0
8650,224,58
8650,225,58
8650,226,58
8650,227,0
8650,228,0
8650,229,58
8650,230,0
8650,231,58
8650,0,0
8650,0,0
8650,0,0
8650,0,0
8650,0,0
8650,0,0
8650,0,0
8650,0,0
8650,0,0
8650,0,0
8650,0,0
8650,0,0
8650,0,0
8650,0,0
8650,0,0
8650,0,0
8650,0,0
8650,0,0
8650,0,0
8650,0,0
8650,0,0
8650,0,0
8650,0,0
8650,0,0
8651,0,51
8651,1,63
8651,2,75
8651,3,50
8651,4,62
8651,5,64
8651,6,40
8651,7,58
8651,8,66
8651,9,53
8651,10,41
8651,11,65
8651,12,76
8651,13,89
8651,14,78
8651,15,88
8651,16,87
8651,17,77
8651,18,30
8651,19,39
8651,20,28
8651,21,20
8651,22,29
8651,23,38
8651,24,58
8651,25,42
8651,26,32
8651,27,67
8651,28,43
8651,29,31
8651,30,80
8651,31,90
8651,32,100
8651,33,91
8651,34,79
8651,35,101
8651,36,108
8651,37,98
8651,38,107
8651,39,99
8651,40,106
8651,41,96
8651,42,85
8651,43,97
8651,44,74
8651,45,86
8651,46,48
8651,47,37
8651,48,26
8651,49,61
8651,50,49
8651,51,27
8651,52,19
8651,53,10
8651,54,17
8651,55,11
8651,56,9
8651,57,18
8651,58,44
8651,59,33
8651,60,22
8651,61,56
8651,62,69
8651,63,23
8651,64,55
8651,65,92
8651,66,81
8651,67,68
8651,68,109
8651,69,118
8651,70,102
8651,71,117
8651,72,110
8651,73,111
8651,74,95
8651,75,116
8651,76,84
8651,77,105
8651,78,115
8651,79,94
8651,80,12
8651,81,21
8651,82,4
8651,83,13
8651,84,72
8651,85,47
8651,86,73
8651,87,60
8651,88,59
8651,89,36
8651,90,15
8651,91,14
8651,92,45
8651,93,24
8651,94,7
8651,95,34
8651,96,126
8651,97,112
8651,98,127
8651,99,119
8651,100,103
8651,101,120
8651,102,71
8651,103,114
8651,104,113
8651,105,83
8651,106,104
8651,107,121
8651,108,35
8651,109,25
8651,110,54
8651,111,52
8651,112,0
8651,113,0
8651,114,2
8651,115,3
8651,116,6
8651,117,5
8651,118,0
8651,119,0
8651,0,0
8651,0,0
8651,0,0
8651,0,0
8651,0,0
8651,0,0
8651,0,0
8651,0,0
8651,128,1051
8651,129,1063
8651,130,1075
8651,131,1050
8651,132,1062
8651,133,1064
8651,134,1040
8651,135,1052
8651,136,1066
8651,137,1053
8651,138,1041
8651,139,1065
8651,140,1076
8651,141,1089
8651,142,1078
8651,143,1088
8651,144,1087
8651,145,1077
8651,146,1030
8651,147,1039
8651,148,1028
8651,149,1020
8651,150,1029
8651,151,1038
8651,152,1054
8651,153,1042
8651,154,1032
8651,155,1067
8651,156,1043
8651,157,1031
8651,158,1080
8651,159,1090
8651,160,1100
8651,161,1091
8651,162,1079
8651,163,1101
8651,164,1108
8651,165,1098
8651,166,1107
8651,167,1099
8651,168,1106
8651,169,1096
8651,170,1085
8651,171,1097
8651,172,1074
8651,173,1086
8651,174,1048
8651,175,1037
8651,176,1026
8651,177,1061
8651,178,1049
8651,179,1027
8651,180,1019
8651,181,1010
8651,182,1017
8651,183,1011
8651,184,1009
8651,185,1018
8651,186,1044
8651,187,1033
8651,188,1022
8651,189,1056
8651,190,1069
8651,191,1023
8651,192,1055
8651,193,1092
8651,194,1081
8651,195,1068
8651,196,1109
8651,197,1118
8651,198,1102
8651,199,1117
8651,200,1110
8651,201,1111
8651,202,1095
8651,203,1116
8651,204,1084
8651,205,1105
8651,206,1115
8651,207,1094
8651,208,1012
8651,209,1021
8651,210,1004
8651,211,1013
8651,212,1072
8651,213,1047
8651,214,1073
8651,215,1060
8651,216,1059
8651,217,1036
8651,218,1014
8651,219,1112
8651,220,1114
8651,221,58
8651,222,58
8651,223,0
8651,224,58
8651,225,58
8651,226,58
8651,227,0
8651,228,0
8651,229,58
8651,230,0
8651,231,58
8651,0,0
8651,0,0
8651,0,0
8651,0,0
8651,0,0
8651,0,0
8651,0,0
8651,0,0
8651,0,0
8651,0,0
8651,0,0
8651,0,0
8651,0,0
8651,0,0
8651,0,0
8651,0,0
8651,0,0
8651,0,0
8651,0,0
8651,0,0
8651,0,0
8651,0,0
8651,0,0
8651,0,0
8652,0,51
8652,1,63
8652,2,75
8652,3,50
8652,4,62
8652,5,64
8652,6,40
8652,7,58
8652,8,66
8652,9,53
8652,10,41
8652,11,65
8652,12,76
8652,13,89
8652,14,78
8652,15,88
8652,16,87
8652,17,77
8652,18,30
8652,19,39
8652,20,28
8652,21,20
8652,22,29
8652,23,38
8652,24,58
8652,25,42
8652,26,32
8652,27,67
8652,28,43
8652,29,31
8652,30,80
8652,31,90
8652,32,100
8652,33,91
8652,34,79
8652,35,101
8652,36,108
8652,37,98
8652,38,107
8652,39,99
8652,40,106
8652,41,96
8652,42,85
8652,43,97
8652,44,74
8652,45,86
8652,46,48
8652,47,37
8652,48,26
8652,49,61
8652,50,49
8652,51,27
8652,52,19
8652,53,10
8652,54,17
8652,55,11
8652,56,9
8652,57,18
8652,58,44
8652,59,33
8652,60,22
8652,61,56
8652,62,69
8652,63,23
8652,64,55
8652,65,92
8652,66,81
8652,67,68
8652,68,109
8652,69,118
8652,70,102
8652,71,117
8652,72,110
8652,73,111
8652,74,95
8652,75,116
8652,76,84
8652,77,105
8652,78,115
8652,79,94
8652,80,12
8652,81,21
8652,82,4
8652,83,13
8652,84,72
8652,85,47
8652,86,73
8652,87,60
8652,88,59
8652,89,36
8652,90,15
8652,91,14
8652,92,45
8652,93,24
8652,94,7
8652,95,34
8652,96,126
8652,97,112
8652,98,127
8652,99,119
8652,100,103
8652,101,120
8652,102,71
8652,103,114
8652,104,113
8652,105,83
8652,106,104
8652,107,121
8652,108,35
8652,109,25
8652,110,54
8652,111,52
8652,112,0
8652,113,0
8652,114,2
8652,115,3
8652,116,6
8652,117,5
8652,118,0
8652,119,0
8652,0,0
8652,0,0
8652,0,0
8652,0,0
8652,0,0
8652,0,0
8652,0,0
8652,0,0
8652,128,1051
8652,129,1063
8652,130,1075
8652,131,1050
8652,132,1062
8652,133,1064
8652,134,1040
8652,135,1052
8652,136,1066
8652,137,1053
8652,138,1041
8652,139,1065
8652,140,1076
8652,141,1089
8652,142,1078
8652,143,1088
8652,144,1087
8652,145,1077
8652,146,1030
8652,147,1039
8652,148,1028
8652,149,1020
8652,150,1029
8652,151,1038
8652,152,1054
8652,153,1042
8652,154,1032
8652,155,1067
8652,156,1043
8652,157,1031
8652,158,1080
8652,159,1090
8652,160,1100
8652,161,1091
8652,162,1079
8652,163,1101
8652,164,1108
8652,165,1098
8652,166,1107
8652,167,1099
8652,168,1106
8652,169,1096
8652,170,1085
8652,171,1097
8652,172,1074
8652,173,1086
8652,174,1048
8652,175,1037
8652,176,1026
8652,177,1061
8652,178,1049
8652,179,1027
8652,180,1019
8652,181,1010
8652,182,1017
8652,183,1011
8652,184,1009
8652,185,1018
8652,186,1044
8652,187,1033
8652,188,1022
8652,189,1056
8652,190,1069
8652,191,1023
8652,192,1055
8652,193,1092
8652,194,1081
8652,195,1068
8652,196,1109
8652,197,1118
8652,198,1102
8652,199,1117
8652,200,1110
8652,201,1111
8652,202,1095
8652,203,1116
8652,204,1084
8652,205,1105
8652,206,1115
8652,207,1094
8652,208,1012
8652,209,1021
8652,210,1004
8652,211,1013
8652,212,1072
8652,213,1047
8652,214,1073
8652,215,1060
8652,216,1059
8652,217,1036
8652,218,1014
8652,219,1112
8652,220,1114
8652,221,58
8652,222,58
8652,223,0
8652,224,58
8652,225,58
8652,226,58
8652,227,0
8652,228,0
8652,229,58
8652,230,0
8652,231,58
8652,0,0
8652,0,0
8652,0,0
8652,0,0
8652,0,0
8652,0,0
8652,0,0
8652,0,0
8652,0,0
8652,0,0
8652,0,0
8652,0,0
8652,0,0
8652,0,0
8652,0,0
8652,0,0
8652,0,0
8652,0,0
8652,0,0
8652,0,0
8652,0,0
8652,0,0
8652,0,0
8652,0,0
8653,0,51
8653,1,63
8653,2,75
8653,3,50
8653,4,62
8653,5,64
8653,6,40
8653,7,58
8653,8,66
8653,9,53
8653,10,41
8653,11,65
8653,12,76
8653,13,89
8653,14,78
8653,15,88
8653,16,87
8653,17,77
8653,18,30
8653,19,39
8653,20,28
8653,21,20
8653,22,29
8653,23,38
8653,24,58
8653,25,42
8653,26,32
8653,27,67
8653,28,43
8653,29,31
8653,30,80
8653,31,90
8653,32,100
8653,33,91
8653,34,79
8653,35,101
8653,36,108
8653,37,98
8653,38,107
8653,39,99
8653,40,106
8653,41,96
8653,42,85
8653,43,97
8653,44,74
8653,45,86
8653,46,48
8653,47,37
8653,48,26
8653,49,61
8653,50,49
8653,51,27
8653,52,19
8653,53,10
8653,54,17
8653,55,11
8653,56,9
8653,57,18
8653,58,44
8653,59,33
8653,60,22
8653,61,56
8653,62,69
8653,63,23
8653,64,55
8653,65,92
8653,66,81
8653,67,68
8653,68,109
8653,69,118
8653,70,102
8653,71,117
8653,72,110
8653,73,111
8653,74,95
8653,75,116
8653,76,84
8653,77,105
8653,78,115
8653,79,94
8653,80,12
8653,81,21
8653,82,4
8653,83,13
8653,84,72
8653,85,47
8653,86,73
8653,87,60
8653,88,59
8653,89,36
8653,90,15
8653,91,14
8653,92,45
8653,93,24
8653,94,7
8653,95,34
8653,96,126
8653,97,112
8653,98,127
8653,99,119
8653,100,103
8653,101,120
8653,102,71
8653,103,114
8653,104,113
8653,105,83
8653,106,104
8653,107,121
8653,108,35
8653,109,25
8653,110,54
8653,111,52
8653,112,0
8653,113,0
8653,114,2
8653,115,3
8653,116,6
8653,117,5
8653,118,0
8653,119,0
8653,0,0
8653,0,0
8653,0,0
8653,0,0
8653,0,0
8653,0,0
8653,0,0
8653,0,0
8653,128,1051
8653,129,1063
8653,130,1075
8653,131,1050
8653,132,1062
8653,133,1064
8653,134,1040
8653,135,1052
8653,136,1066
8653,137,1053
8653,138,1041
8653,139,1065
8653,140,1076
8653,141,1089
8653,142,1078
8653,143,1088
8653,144,1087
8653,145,1077
8653,146,1030
8653,147,1039
8653,148,1028
8653,149,1020
8653,150,1029
8653,151,1038
8653,152,1054
8653,153,1042
8653,154,1032
8653,155,1067
8653,156,1043
8653,157,1031
8653,158,1080
8653,159,1090
8653,160,1100
8653,161,1091
8653,162,1079
8653,163,1101
8653,164,1108
8653,165,1098
8653,166,1107
8653,167,1099
8653,168,1106
8653,169,1096
8653,170,1085
8653,171,1097
8653,172,1074
8653,173,1086
8653,174,1048
8653,175,1037
8653,176,1026
8653,177,1061
8653,178,1049
8653,179,1027
8653,180,1019
8653,181,1010
8653,182,1017
8653,183,1011
8653,184,1009
8653,185,1018
8653,186,1044
8653,187,1033
8653,188,1022
8653,189,1056
8653,190,1069
8653,191,1023
8653,192,1055
8653,193,1092
8653,194,1081
8653,195,1068
8653,196,1109
8653,197,1118
8653,198,1102
8653,199,1117
8653,200,1110
8653,201,1111
8653,202,1095
8653,203,1116
8653,204,1084
8653,205,1105
8653,206,1115
8653,207,1094
8653,208,1012
8653,209,1021
8653,210,1004
8653,211,1013
8653,212,1072
8653,213,1047
8653,214,1073
8653,215,1060
8653,216,1059
8653,217,1036
8653,218,1014
8653,219,1112
8653,220,1114
8653,221,58
8653,222,58
8653,223,0
8653,224,58
8653,225,58
8653,226,58
8653,227,0
8653,228,0
8653,229,58
8653,230,0
8653,231,58
8653,0,0
8653,0,0
8653,0,0
8653,0,0
8653,0,0
8653,0,0
8653,0,0
8653,0,0
8653,0,0
8653,0,0
8653,0,0
8653,0,0
8653,0,0
8653,0,0
8653,0,0
8653,0,0
8653,0,0
8653,0,0
8653,0,0
8653,0,0
8653,0,0
8653,0,0
8653,0,0
8653,0,0
8654,0,51
8654,1,63
8654,2,75
8654,3,50
8654,4,62
8654,5,64
8654,6,40
8654,7,58
8654,8,66
8654,9,53
8654,10,41
8654,11,65
8654,12,76
8654,13,89
8654,14,78
8654,15,88
8654,16,87
8654,17,77
8654,18,30
8654,19,39
8654,20,28
8654,21,20
8654,22,29
8654,23,38
8654,24,58
8654,25,42
8654,26,32
8654,27,67
8654,28,43
8654,29,31
8654,30,80
8654,31,90
8654,32,100
8654,33,91
8654,34,79
8654,35,101
8654,36,108
8654,37,98
8654,38,107
8654,39,99
8654,40,106
8654,41,96
8654,42,85
8654,43,97
8654,44,74
8654,45,86
8654,46,48
8654,47,37
8654,48,26
8654,49,61
8654,50,49
8654,51,27
8654,52,19
8654,53,10
8654,54,17
8654,55,11
8654,56,9
8654,57,18
8654,58,44
8654,59,33
8654,60,22
8654,61,56
8654,62,69
8654,63,23
8654,64,55
8654,65,92
8654,66,81
8654,67,68
8654,68,109
8654,69,118
8654,70,102
8654,71,117
8654,72,110
8654,73,111
8654,74,95
8654,75,116
8654,76,84
8654,77,105
8654,78,115
8654,79,94
8654,80,12
8654,81,21
8654,82,4
8654,83,13
8654,84,72
8654,85,47
8654,86,73
8654,87,60
8654,88,59
8654,89,36
8654,90,15
8654,91,14
8654,92,45
8654,93,24
8654,94,7
8654,95,34
8654,96,126
8654,97,112
8654,98,127
8654,99,119
8654,100,103
8654,101,120
8654,102,71
8654,103,114
8654,104,113
8654,105,83
8654,106,104
8654,107,121
8654,108,35
8654,109,25
8654,110,54
8654,111,52
8654,112,0
8654,113,0
8654,114,2
8654,115,3
8654,116,6
8654,117,5
8654,118,0
8654,119,0
8654,0,0
8654,0,0
8654,0,0
8654,0,0
8654,0,0
8654,0,0
8654,0,0
8654,0,0
8654,128,1051
8654,129,1063
8654,130,1075
8654,131,1050
8654,132,1062
8654,133,1064
8654,134,1040
8654,135,1052
8654,136,1066
8654,137,1053
8654,138,1041
8654,139,1065
8654,140,1076
8654,141,1089
8654,142,1078
8654,143,1088
8654,144,1087
8654,145,1077
8654,146,1030
8654,147,1039
8654,148,1028
8654,149,1020
8654,150,1029
8654,151,1038
8654,152,1054
8654,153,1042
8654,154,1032
8654,155,1067
8654,156,1043
8654,157,1031
8654,158,1080
8654,159,1090
8654,160,1100
8654,161,1091
8654,162,1079
8654,163,1101
8654,164,1108
8654,165,1098
8654,166,1107
8654,167,1099
8654,168,1106
8654,169,1096
8654,170,1085
8654,171,1097
8654,172,1074
8654,173,1086
8654,174,1048
8654,175,1037
8654,176,1026
8654,177,1061
8654,178,1049
8654,179,1027
8654,180,1019
8654,181,1010
8654,182,1017
8654,183,1011
8654,184,1009
8654,185,1018
8654,186,1044
8654,187,1033
8654,188,1022
8654,189,1056
8654,190,1069
8654,191,1023
8654,192,1055
8654,193,1092
8654,194,1081
8654,195,1068
8654,196,1109
8654,197,1118
8654,198,1102
8654,199,1117
8654,200,1110
8654,201,1111
8654,202,1095
8654,203,1116
8654,204,1084
8654,205,1105
8654,206,1115
8654,207,1094
8654,208,1012
8654,209,1021
8654,210,1004
8654,211,1013
8654,212,1072
8654,213,1047
8654,214,1073
8654,215,1060
8654,216,1059
8654,217,1036
8654,218,1014
8654,219,1112
8654,220,1114
8654,221,58
8654,222,58
8654,223,0
8654,224,58
8654,225,58
8654,226,58
8654,227,0
8654,228,0
8654,229,58
8654,230,0
8654,231,58
8654,0,0
8654,0,0
8654,0,0
8654,0,0
8654,0,0
8654,0,0
8654,0,0
8654,0,0
8654,0,0
8654,0,0
8654,0,0
8654,0,0
8654,0,0
8654,0,0
8654,0,0
8654,0,0
8654,0,0
8654,0,0
8654,0,0
8654,0,0
8654,0,0
8654,0,0
8654,0,0
8654,0,0
8655,0,51
8655,1,63
8655,2,75
8655,3,50
8655,4,62
8655,5,64
8655,6,40
8655,7,58
8655,8,66
8655,9,53
8655,10,41
8655,11,65
8655,12,76
8655,13,89
8655,14,78
8655,15,88
8655,16,87
8655,17,77
8655,18,30
8655,19,39
8655,20,28
8655,21,20
8655,22,29
8655,23,38
8655,24,58
8655,25,42
8655,26,32
8655,27,67
8655,28,43
8655,29,31
8655,30,80
8655,31,90
8655,32,100
8655,33,91
8655,34,79
8655,35,101
8655,36,108
8655,37,98
8655,38,107
8655,39,99
8655,40,106
8655,41,96
8655,42,85
8655,43,97
8655,44,74
8655,45,86
8655,46,48
8655,47,37
8655,48,26
8655,49,61
8655,50,49
8655,51,27
8655,52,19
8655,53,10
8655,54,17
8655,55,11
8655,56,9
8655,57,18
8655,58,44
8655,59,33
8655,60,22
8655,61,56
8655,62,69
8655,63,23
8655,64,55
8655,65,92
8655,66,81
8655,67,68
8655,68,109
8655,69,118
8655,70,102
8655,71,117
8655,72,110
8655,73,111
8655,74,95
8655,75,116
8655,76,84
8655,77,105
8655,78,115
8655,79,94
8655,80,12
8655,81,21
8655,82,4
8655,83,13
8655,84,72
8655,85,47
8655,86,73
8655,87,60
8655,88,59
8655,89,36
8655,90,15
8655,91,14
8655,92,45
8655,93,24
8655,94,7
8655,95,34
8655,96,126
8655,97,112
8655,98,127
8655,99,119
8655,100,103
8655,101,120
8655,102,71
8655,103,114
8655,104,113
8655,105,83
8655,106,104
8655,107,121
8655,108,35
8655,109,25
8655,110,54
8655,111,52
8655,112,0
8655,113,0
8655,114,2
8655,115,3
8655,116,6
8655,117,5
8655,118,0
8655,119,0
8655,0,0
8655,0,0
8655,0,0
8655,0,0
8655,0,0
8655,0,0
8655,0,0
8655,0,0
8655,128,1051
8655,129,1063
8655,130,1075
8655,131,1050
8655,132,1062
8655,133,1064
8655,134,1040
8655,135,1052
8655,136,1066
8655,137,1053
8655,138,1041
8655,139,1065
8655,140,1076
8655,141,1089
8655,142,1078
8655,143,1088
8655,144,1087
8655,145,1077
8655,146,1030
8655,147,1039
8655,148,1028
8655,149,1020
8655,150,1029
8655,151,1038
8655,152,1054
8655,153,1042
8655,154,1032
8655,155,1067
8655,156,1043
8655,157,1031
8655,158,1080
8655,159,1090
8655,160,1100
8655,161,1091
8655,162,1079
8655,163,1101
8655,164,1108
8655,165,1098
8655,166,1107
8655,167,1099
8655,168,1106
8655,169,1096
8655,170,1085
8655,171,1097
8655,172,1074
8655,173,1086
8655,174,1048
8655,175,1037
8655,176,1026
8655,177,1061
8655,178,1049
8655,179,1027
8655,180,1019
8655,181,1010
8655,182,1017
8655,183,1011
8655,184,1009
8655,185,1018
8655,186,1044
8655,187,1033
8655,188,1022
8655,189,1056
8655,190,1069
8655,191,1023
8655,192,1055
8655,193,1092
8655,194,1081
8655,195,1068
8655,196,1109
8655,197,1118
8655,198,1102
8655,199,1117
8655,200,1110
8655,201,1111
8655,202,1095
8655,203,1116
8655,204,1084
8655,205,1105
8655,206,1115
8655,207,1094
8655,208,1012
8655,209,1021
8655,210,1004
8655,211,1013
8655,212,1072
8655,213,1047
8655,214,1073
8655,215,1060
8655,216,1059
8655,217,1036
8655,218,1014
8655,219,1112
8655,220,1114
8655,221,58
8655,222,58
8655,223,0
8655,224,58
8655,225,58
8655,226,58
8655,227,0
8655,228,0
8655,229,58
8655,230,0
8655,231,58
8655,0,0
8655,0,0
8655,0,0
8655,0,0
8655,0,0
8655,0,0
8655,0,0
8655,0,0
8655,0,0
8655,0,0
8655,0,0
8655,0,0
8655,0,0
8655,0,0
8655,0,0
8655,0,0
8655,0,0
8655,0,0
8655,0,0
8655,0,0
8655,0,0
8655,0,0
8655,0,0
8655,0,0
8656,0,51
8656,1,63
8656,2,75
8656,3,50
8656,4,62
8656,5,64
8656,6,40
8656,7,58
8656,8,66
8656,9,53
8656,10,41
8656,11,65
8656,12,76
8656,13,89
8656,14,78
8656,15,88
8656,16,87
8656,17,77
8656,18,30
8656,19,39
8656,20,28
8656,21,20
8656,22,29
8656,23,38
8656,24,58
8656,25,42
8656,26,32
8656,27,67
8656,28,43
8656,29,31
8656,30,80
8656,31,90
8656,32,100
8656,33,91
8656,34,79
8656,35,101
8656,36,108
8656,37,98
8656,38,107
8656,39,99
8656,40,106
8656,41,96
8656,42,85
8656,43,97
8656,44,74
8656,45,86
8656,46,48
8656,47,37
8656,48,26
8656,49,61
8656,50,49
8656,51,27
8656,52,19
8656,53,10
8656,54,17
8656,55,11
8656,56,9
8656,57,18
8656,58,44
8656,59,33
8656,60,22
8656,61,56
8656,62,69
8656,63,23
8656,64,55
8656,65,92
8656,66,81
8656,67,68
8656,68,109
8656,69,118
8656,70,102
8656,71,117
8656,72,110
8656,73,111
8656,74,95
8656,75,116
8656,76,84
8656,77,105
8656,78,115
8656,79,94
8656,80,12
8656,81,21
8656,82,4
8656,83,13
8656,84,72
8656,85,47
8656,86,73
8656,87,60
8656,88,59
8656,89,36
8656,90,15
8656,91,14
8656,92,45
8656,93,24
8656,94,7
8656,95,34
8656,96,126
8656,97,112
8656,98,127
8656,99,119
8656,100,103
8656,101,120
8656,102,71
8656,103,114
8656,104,113
8656,105,83
8656,106,104
8656,107,121
8656,108,35
8656,109,25
8656,110,54
8656,111,52
8656,112,0
8656,113,0
8656,114,2
8656,115,3
8656,116,6
8656,117,5
8656,118,0
8656,119,0
8656,0,0
8656,0,0
8656,0,0
8656,0,0
8656,0,0
8656,0,0
8656,0,0
8656,0,0
8656,128,1051
8656,129,1063
8656,130,1075
8656,131,1050
8656,132,1062
8656,133,1064
8656,134,1040
8656,135,1052
8656,136,1066
8656,137,1053
8656,138,1041
8656,139,1065
8656,140,1076
8656,141,1089
8656,142,1078
8656,143,1088
8656,144,1087
8656,145,1077
8656,146,1030
8656,147,1039
8656,148,1028
8656,149,1020
8656,150,1029
8656,151,1038
8656,152,1054
8656,153,1042
8656,154,1032
8656,155,1067
8656,156,1043
8656,157,1031
8656,158,1080
8656,159,1090
8656,160,1100
8656,161,1091
8656,162,1079
8656,163,1101
8656,164,1108
8656,165,1098
8656,166,1107
8656,167,1099
8656,168,1106
8656,169,1096
8656,170,1085
8656,171,1097
8656,172,1074
8656,173,1086
8656,174,1048
8656,175,1037
8656,176,1026
8656,177,1061
8656,178,1049
8656,179,1027
8656,180,1019
8656,181,1010
8656,182,1017
8656,183,1011
8656,184,1009
8656,185,1018
8656,186,1044
8656,187,1033
8656,188,1022
8656,189,1056
8656,190,1069
8656,191,1023
8656,192,1055
8656,193,1092
8656,194,1081
8656,195,1068
8656,196,1109
8656,197,1118
8656,198,1102
8656,199,1117
8656,200,1110
8656,201,1111
8656,202,1095
8656,203,1116
8656,204,1084
8656,205,1105
8656,206,1115
8656,207,1094
8656,208,1012
8656,209,1021
8656,210,1004
8656,211,1013
8656,212,1072
8656,213,1047
8656,214,1073
8656,215,1060
8656,216,1059
8656,217,1036
8656,218,1014
8656,219,1112
8656,220,1114
8656,221,58
8656,222,58
8656,223,0
8656,224,58
8656,225,58
8656,226,58
8656,227,0
8656,228,0
8656,229,58
8656,230,0
8656,231,58
8656,0,0
8656,0,0
8656,0,0
8656,0,0
8656,0,0
8656,0,0
8656,0,0
8656,0,0
8656,0,0
8656,0,0
8656,0,0
8656,0,0
8656,0,0
8656,0,0
8656,0,0
8656,0,0
8656,0,0
8656,0,0
8656,0,0
8656,0,0
8656,0,0
8656,0,0
8656,0,0
8656,0,0
8657,0,51
8657,1,63
8657,2,75
8657,3,50
8657,4,62
8657,5,64
8657,6,40
8657,7,58
8657,8,66
8657,9,53
8657,10,41
8657,11,65
8657,12,76
8657,13,89
8657,14,78
8657,15,88
8657,16,87
8657,17,77
8657,18,30
8657,19,39
8657,20,28
8657,21,20
8657,22,29
8657,23,38
8657,24,58
8657,25,42
8657,26,32
8657,27,67
8657,28,43
8657,29,31
8657,30,80
8657,31,90
8657,32,100
8657,33,91
8657,34,79
8657,35,101
8657,36,108
8657,37,98
8657,38,107
8657,39,99
8657,40,106
8657,41,96
8657,42,85
8657,43,97
8657,44,74
8657,45,86
8657,46,48
8657,47,37
8657,48,26
8657,49,61
8657,50,49
8657,51,27
8657,52,19
8657,53,10
8657,54,17
8657,55,11
8657,56,9
8657,57,18
8657,58,44
8657,59,33
8657,60,22
8657,61,56
8657,62,69
8657,63,23
8657,64,55
8657,65,92
8657,66,81
8657,67,68
8657,68,109
8657,69,118
8657,70,102
8657,71,117
8657,72,110
8657,73,111
8657,74,95
8657,75,116
8657,76,84
8657,77,105
8657,78,115
8657,79,94
8657,80,12
8657,81,21
8657,82,4
8657,83,13
8657,84,72
8657,85,47
8657,86,73
8657,87,60
8657,88,59
8657,89,36
8657,90,15
8657,91,14
8657,92,45
8657,93,24
8657,94,7
8657,95,34
8657,96,126
8657,97,112
8657,98,127
8657,99,119
8657,100,103
8657,101,120
8657,102,71
8657,103,114
8657,104,113
8657,105,83
8657,106,104
8657,107,121
8657,108,35
8657,109,25
8657,110,54
8657,111,52
8657,112,0
8657,113,0
8657,114,2
8657,115,3
8657,116,6
8657,117,5
8657,118,0
8657,119,0
8657,0,0
8657,0,0
8657,0,0
8657,0,0
8657,0,0
8657,0,0
8657,0,0
8657,0,0
8657,128,1051
8657,129,1063
8657,130,1075
8657,131,1050
8657,132,1062
8657,133,1064
8657,134,1040
8657,135,1052
8657,136,1066
8657,137,1053
8657,138,1041
8657,139,1065
8657,140,1076
8657,141,1089
8657,142,1078
8657,143,1088
8657,144,1087
8657,145,1077
8657,146,1030
8657,147,1039
8657,148,1028
8657,149,1020
8657,150,1029
8657,151,1038
8657,152,1054
8657,153,1042
8657,154,1032
8657,155,1067
8657,156,1043
8657,157,1031
8657,158,1080
8657,159,1090
8657,160,1100
8657,161,1091
8657,162,1079
8657,163,1101
8657,164,1108
8657,165,1098
8657,166,1107
8657,167,1099
8657,168,1106
8657,169,1096
8657,170,1085
8657,171,1097
8657,172,1074
8657,173,1086
8657,174,1048
8657,175,1037
8657,176,1026
8657,177,1061
8657,178,1049
8657,179,1027
8657,180,1019
8657,181,1010
8657,182,1017
8657,183,1011
8657,184,1009
8657,185,1018
8657,186,1044
8657,187,1033
8657,188,1022
8657,189,1056
8657,190,1069
8657,191,1023
8657,192,1055
8657,193,1092
8657,194,1081
8657,195,1068
8657,196,1109
8657,197,1118
8657,198,1102
8657,199,1117
8657,200,1110
8657,201,1111
8657,202,1095
8657,203,1116
8657,204,1084
8657,205,1105
8657,206,1115
8657,207,1094
8657,208,1012
8657,209,1021
8657,210,1004
8657,211,1013
8657,212,1072
8657,213,1047
8657,214,1073
8657,215,1060
8657,216,1059
8657,217,1036
8657,218,1014
8657,219,1112
8657,220,1114
8657,221,58
8657,222,58
8657,223,0
8657,224,58
8657,225,58
8657,226,58
8657,227,0
8657,228,0
8657,229,58
8657,230,0
8657,231,58
8657,0,0
8657,0,0
8657,0,0
8657,0,0
8657,0,0
8657,0,0
8657,0,0
8657,0,0
8657,0,0
8657,0,0
8657,0,0
8657,0,0
8657,0,0
8657,0,0
8657,0,0
8657,0,0
8657,0,0
8657,0,0
8657,0,0
8657,0,0
8657,0,0
8657,0,0
8657,0,0
8657,0,0
8658,0,51
8658,1,63
8658,2,75
8658,3,50
8658,4,62
8658,5,64
8658,6,40
8658,7,58
8658,8,66
8658,9,53
8658,10,41
8658,11,65
8658,12,76
8658,13,89
8658,14,78
8658,15,88
8658,16,87
8658,17,77
8658,18,30
8658,19,39
8658,20,28
8658,21,20
8658,22,29
8658,23,38
8658,24,58
8658,25,42
8658,26,32
8658,27,67
8658,28,43
8658,29,31
8658,30,80
8658,31,90
8658,32,100
8658,33,91
8658,34,79
8658,35,101
8658,36,108
8658,37,98
8658,38,107
8658,39,99
8658,40,106
8658,41,96
8658,42,85
8658,43,97
8658,44,74
8658,45,86
8658,46,48
8658,47,37
8658,48,26
8658,49,61
8658,50,49
8658,51,27
8658,52,19
8658,53,10
8658,54,17
8658,55,11
8658,56,9
8658,57,18
8658,58,44
8658,59,33
8658,60,22
8658,61,56
8658,62,69
8658,63,23
8658,64,55
8658,65,92
8658,66,81
8658,67,68
8658,68,109
8658,69,118
8658,70,102
8658,71,117
8658,72,110
8658,73,111
8658,74,95
8658,75,116
8658,76,84
8658,77,105
8658,78,115
8658,79,94
8658,80,12
8658,81,21
8658,82,4
8658,83,13
8658,84,72
8658,85,47
8658,86,73
8658,87,60
8658,88,59
8658,89,36
8658,90,15
8658,91,14
8658,92,45
8658,93,24
8658,94,7
8658,95,34
8658,96,126
8658,97,112
8658,98,127
8658,99,119
8658,100,103
8658,101,120
8658,102,71
8658,103,114
8658,104,113
8658,105,83
8658,106,104
8658,107,121
8658,108,35
8658,109,25
8658,110,54
8658,111,52
8658,112,0
8658,113,0
8658,114,2
8658,115,3
8658,116,6
8658,117,5
8658,118,0
8658,119,0
8658,0,0
8658,0,0
8658,0,0
8658,0,0
8658,0,0
8658,0,0
8658,0,0
8658,0,0
8658,128,1051
8658,129,1063
8658,130,1075
8658,131,1050
8658,132,1062
8658,133,1064
8658,134,1040
8658,135,1052
8658,136,1066
8658,137,1053
8658,138,1041
8658,139,1065
8658,140,1076
8658,141,1089
8658,142,1078
8658,143,1088
8658,144,1087
8658,145,1077
8658,146,1030
8658,147,1039
8658,148,1028
8658,149,1020
8658,150,1029
8658,151,1038
8658,152,1054
8658,153,1042
8658,154,1032
8658,155,1067
8658,156,1043
8658,157,1031
8658,158,1080
8658,159,1090
8658,160,1100
8658,161,1091
8658,162,1079
8658,163,1101
8658,164,1108
8658,165,1098
8658,166,1107
8658,167,1099
8658,168,1106
8658,169,1096
8658,170,1085
8658,171,1097
8658,172,1074
8658,173,1086
8658,174,1048
8658,175,1037
8658,176,1026
8658,177,1061
8658,178,1049
8658,179,1027
8658,180,1019
8658,181,1010
8658,182,1017
8658,183,1011
8658,184,1009
8658,185,1018
8658,186,1044
8658,187,1033
8658,188,1022
8658,189,1056
8658,190,1069
8658,191,1023
8658,192,1055
8658,193,1092
8658,194,1081
8658,195,1068
8658,196,1109
8658,197,1118
8658,198,1102
8658,199,1117
8658,200,1110
8658,201,1111
8658,202,1095
8658,203,1116
8658,204,1084
8658,205,1105
8658,206,1115
8658,207,1094
8658,208,1012
8658,209,1021
8658,210,1004
8658,211,1013
8658,212,1072
8658,213,1047
8658,214,1073
8658,215,1060
8658,216,1059
8658,217,1036
8658,218,1014
8658,219,1112
8658,220,1114
8658,221,58
8658,222,58
8658,223,0
8658,224,58
8658,225,58
8658,226,58
8658,227,0
8658,228,0
8658,229,58
8658,230,0
8658,231,58
8658,0,0
8658,0,0
8658,0,0
8658,0,0
8658,0,0
8658,0,0
8658,0,0
8658,0,0
8658,0,0
8658,0,0
8658,0,0
8658,0,0
8658,0,0
8658,0,0
8658,0,0
8658,0,0
8658,0,0
8658,0,0
8658,0,0
8658,0,0
8658,0,0
8658,0,0
8658,0,0
8658,0,0
8659,0,51
8659,1,63
8659,2,75
8659,3,50
8659,4,62
8659,5,64
8659,6,40
8659,7,58
8659,8,66
8659,9,53
8659,10,41
8659,11,65
8659,12,76
8659,13,89
8659,14,78
8659,15,88
8659,16,87
8659,17,77
8659,18,30
8659,19,39
8659,20,28
8659,21,20
8659,22,29
8659,23,38
8659,24,58
8659,25,42
8659,26,32
8659,27,67
8659,28,43
8659,29,31
8659,30,80
8659,31,90
8659,32,100
8659,33,91
8659,34,79
8659,35,101
8659,36,108
8659,37,98
8659,38,107
8659,39,99
8659,40,106
8659,41,96
8659,42,85
8659,43,97
8659,44,74
8659,45,86
8659,46,48
8659,47,37
8659,48,26
8659,49,61
8659,50,49
8659,51,27
8659,52,19
8659,53,10
8659,54,17
8659,55,11
8659,56,9
8659,57,18
8659,58,44
8659,59,33
8659,60,22
8659,61,56
8659,62,69
8659,63,23
8659,64,55
8659,65,92
8659,66,81
8659,67,68
8659,68,109
8659,69,118
8659,70,102
8659,71,117
8659,72,110
8659,73,111
8659,74,95
8659,75,116
8659,76,84
8659,77,105
8659,78,115
8659,79,94
8659,80,12
8659,81,21
8659,82,4
8659,83,13
8659,84,72
8659,85,47
8659,86,73
8659,87,60
8659,88,59
8659,89,36
8659,90,15
8659,91,14
8659,92,45
8659,93,24
8659,94,7
8659,95,34
8659,96,126
8659,97,112
8659,98,127
8659,99,119
8659,100,103
8659,101,120
8659,102,71
8659,103,114
8659,104,113
8659,105,83
8659,106,104
8659,107,121
8659,108,35
8659,109,25
8659,110,54
8659,111,52
8659,112,0
8659,113,0
8659,114,2
8659,115,3
8659,116,6
8659,117,5
8659,118,0
8659,119,0
8659,0,0
8659,0,0
8659,0,0
8659,0,0
8659,0,0
8659,0,0
8659,0,0
8659,0,0
8659,128,1051
8659,129,1063
8659,130,1075
8659,131,1050
8659,132,1062
8659,133,1064
8659,134,1040
8659,135,1052
8659,136,1066
8659,137,1053
8659,138,1041
8659,139,1065
8659,140,1076
8659,141,1089
8659,142,1078
8659,143,1088
8659,144,1087
8659,145,1077
8659,146,1030
8659,147,1039
8659,148,1028
8659,149,1020
8659,150,1029
8659,151,1038
8659,152,1054
8659,153,1042
8659,154,1032
8659,155,1067
8659,156,1043
8659,157,1031
8659,158,1080
8659,159,1090
8659,160,1100
8659,161,1091
8659,162,1079
8659,163,1101
8659,164,1108
8659,165,1098
8659,166,1107
8659,167,1099
8659,168,1106
8659,169,1096
8659,170,1085
8659,171,1097
8659,172,1074
8659,173,1086
8659,174,1048
8659,175,1037
8659,176,1026
8659,177,1061
8659,178,1049
8659,179,1027
8659,180,1019
8659,181,1010
8659,182,1017
8659,183,1011
8659,184,1009
8659,185,1018
8659,186,1044
8659,187,1033
8659,188,1022
8659,189,1056
8659,190,1069
8659,191,1023
8659,192,1055
8659,193,1092
8659,194,1081
8659,195,1068
8659,196,1109
8659,197,1118
8659,198,1102
8659,199,1117
8659,200,1110
8659,201,1111
8659,202,1095
8659,203,1116
8659,204,1084
8659,205,1105
8659,206,1115
8659,207,1094
8659,208,1012
8659,209,1021
8659,210,1004
8659,211,1013
8659,212,1072
8659,213,1047
8659,214,1073
8659,215,1060
8659,216,1059
8659,217,1036
8659,218,1014
8659,219,1112
8659,220,1114
8659,221,58
8659,222,58
8659,223,0
8659,224,58
8659,225,58
8659,226,58
8659,227,0
8659,228,0
8659,229,58
8659,230,0
8659,231,58
8659,0,0
8659,0,0
8659,0,0
8659,0,0
8659,0,0
8659,0,0
8659,0,0
8659,0,0
8659,0,0
8659,0,0
8659,0,0
8659,0,0
8659,0,0
8659,0,0
8659,0,0
8659,0,0
8659,0,0
8659,0,0
8659,0,0
8659,0,0
8659,0,0
8659,0,0
8659,0,0
8659,0,0
8681,0,51
8681,1,63
8681,2,75
8681,3,50
8681,4,62
8681,5,64
8681,6,40
8681,7,58
8681,8,66
8681,9,53
8681,10,41
8681,11,65
8681,12,76
8681,13,89
8681,14,78
8681,15,88
8681,16,87
8681,17,77
8681,18,30
8681,19,39
8681,20,28
8681,21,20
8681,22,29
8681,23,38
8681,24,58
8681,25,42
8681,26,32
8681,27,67
8681,28,43
8681,29,31
8681,30,80
8681,31,90
8681,32,100
8681,33,91
8681,34,79
8681,35,101
8681,36,108
8681,37,98
8681,38,107
8681,39,99
8681,40,106
8681,41,96
8681,42,85
8681,43,97
8681,44,74
8681,45,86
8681,46,48
8681,47,37
8681,48,26
8681,49,61
8681,50,49
8681,51,27
8681,52,19
8681,53,10
8681,54,17
8681,55,11
8681,56,9
8681,57,18
8681,58,44
8681,59,33
8681,60,22
8681,61,56
8681,62,69
8681,63,23
8681,64,55
8681,65,92
8681,66,81
8681,67,68
8681,68,109
8681,69,118
8681,70,102
8681,71,117
8681,72,110
8681,73,111
8681,74,95
8681,75,116
8681,76,84
8681,77,105
8681,78,115
8681,79,94
8681,80,12
8681,81,21
8681,82,4
8681,83,13
8681,84,72
8681,85,47
8681,86,73
8681,87,60
8681,88,59
8681,89,36
8681,90,15
8681,91,14
8681,92,45
8681,93,24
8681,94,7
8681,95,34
8681,96,126
8681,97,112
8681,98,127
8681,99,119
8681,100,103
8681,101,120
8681,102,71
8681,103,114
8681,104,113
8681,105,83
8681,106,104
8681,107,121
8681,108,35
8681,109,25
8681,110,54
8681,111,52
8681,112,0
8681,113,0
8681,114,2
8681,115,3
8681,116,6
8681,117,5
8681,118,0
8681,119,0
8681,0,0
8681,0,0
8681,0,0
8681,0,0
8681,0,0
8681,0,0
8681,0,0
8681,0,0
8681,128,1051
8681,129,1063
8681,130,1075
8681,131,1050
8681,132,1062
8681,133,1064
8681,134,1040
8681,135,1052
8681,136,1066
8681,137,1053
8681,138,1041
8681,139,1065
8681,140,1076
8681,141,1089
8681,142,1078
8681,143,1088
8681,144,1087
8681,145,1077
8681,146,1030
8681,147,1039
8681,148,1028
8681,149,1020
8681,150,1029
8681,151,1038
8681,152,1054
8681,153,1042
8681,154,1032
8681,155,1067
8681,156,1043
8681,157,1031
8681,158,1080
8681,159,1090
8681,160,1100
8681,161,1091
8681,162,1079
8681,163,1101
8681,164,1108
8681,165,1098
8681,166,1107
8681,167,1099
8681,168,1106
8681,169,1096
8681,170,1085
8681,171,1097
8681,172,1074
8681,173,1086
8681,174,1048
8681,175,1037
8681,176,1026
8681,177,1061
8681,178,1049
8681,179,1027
8681,180,1019
8681,181,1010
8681,182,1017
8681,183,1011
8681,184,1009
8681,185,1018
8681,186,1044
8681,187,1033
8681,188,1022
8681,189,1056
8681,190,1069
8681,191,1023
8681,192,1055
8681,193,1092
8681,194,1081
8681,195,1068
8681,196,1109
8681,197,1118
8681,198,1102
8681,199,1117
8681,200,1110
8681,201,1111
8681,202,1095
8681,203,1116
8681,204,1084
8681,205,1105
8681,206,1115
8681,207,1094
8681,208,1012
8681,209,1021
8681,210,1004
8681,211,1013
8681,212,1072
8681,213,1047
8681,214,1073
8681,215,1060
8681,216,1059
8681,217,1036
8681,218,1014
8681,219,1112
8681,220,1114
8681,221,58
8681,222,58
8681,223,0
8681,224,58
8681,225,58
8681,226,58
8681,227,0
8681,228,0
8681,229,58
8681,230,0
8681,231,58
8681,0,0
8681,0,0
8681,0,0
8681,0,0
8681,0,0
8681,0,0
8681,0,0
8681,0,0
8681,0,0
8681,0,0
8681,0,0
8681,0,0
8681,0,0
8681,0,0
8681,0,0
8681,0,0
8681,0,0
8681,0,0
8681,0,0
8681,0,0
8681,0,0
8681,0,0
8681,0,0
8681,0,0
8682,0,51
8682,1,63
8682,2,75
8682,3,50
8682,4,62
8682,5,64
8682,6,40
8682,7,58
8682,8,66
8682,9,53
8682,10,41
8682,11,65
8682,12,76
8682,13,89
8682,14,78
8682,15,88
8682,16,87
8682,17,77
8682,18,30
8682,19,39
8682,20,28
8682,21,20
8682,22,29
8682,23,38
8682,24,58
8682,25,42
8682,26,32
8682,27,67
8682,28,43
8682,29,31
8682,30,80
8682,31,90
8682,32,100
8682,33,91
8682,34,79
8682,35,101
8682,36,108
8682,37,98
8682,38,107
8682,39,99
8682,40,106
8682,41,96
8682,42,85
8682,43,97
8682,44,74
8682,45,86
8682,46,48
8682,47,37
8682,48,26
8682,49,61
8682,50,49
8682,51,27
8682,52,19
8682,53,10
8682,54,17
8682,55,11
8682,56,9
8682,57,18
8682,58,44
8682,59,33
8682,60,22
8682,61,56
8682,62,69
8682,63,23
8682,64,55
8682,65,92
8682,66,81
8682,67,68
8682,68,109
8682,69,118
8682,70,102
8682,71,117
8682,72,110
8682,73,111
8682,74,95
8682,75,116
8682,76,84
8682,77,105
8682,78,115
8682,79,94
8682,80,12
8682,81,21
8682,82,4
8682,83,13
8682,84,72
8682,85,47
8682,86,73
8682,87,60
8682,88,59
8682,89,36
8682,90,15
8682,91,14
8682,92,45
8682,93,24
8682,94,7
8682,95,34
8682,96,126
8682,97,112
8682,98,127
8682,99,119
8682,100,103
8682,101,120
8682,102,71
8682,103,114
8682,104,113
8682,105,83
8682,106,104
8682,107,121
8682,108,35
8682,109,25
8682,110,54
8682,111,52
8682,112,0
8682,113,0
8682,114,2
8682,115,3
8682,116,6
8682,117,5
8682,118,0
8682,119,0
8682,0,0
8682,0,0
8682,0,0
8682,0,0
8682,0,0
8682,0,0
8682,0,0
8682,0,0
8682,128,1051
8682,129,1063
8682,130,1075
8682,131,1050
8682,132,1062
8682,133,1064
8682,134,1040
8682,135,1052
8682,136,1066
8682,137,1053
8682,138,1041
8682,139,1065
8682,140,1076
8682,141,1089
8682,142,1078
8682,143,1088
8682,144,1087
8682,145,1077
8682,146,1030
8682,147,1039
8682,148,1028
8682,149,1020
8682,150,1029
8682,151,1038
8682,152,1054
8682,153,1042
8682,154,1032
8682,155,1067
8682,156,1043
8682,157,1031
8682,158,1080
8682,159,1090
8682,160,1100
8682,161,1091
8682,162,1079
8682,163,1101
8682,164,1108
8682,165,1098
8682,166,1107
8682,167,1099
8682,168,1106
8682,169,1096
8682,170,1085
8682,171,1097
8682,172,1074
8682,173,1086
8682,174,1048
8682,175,1037
8682,176,1026
8682,177,1061
8682,178,1049
8682,179,1027
8682,180,1019
8682,181,1010
8682,182,1017
8682,183,1011
8682,184,1009
8682,185,1018
8682,186,1044
8682,187,1033
8682,188,1022
8682,189,1056
8682,190,1069
8682,191,1023
8682,192,1055
8682,193,1092
8682,194,1081
8682,195,1068
8682,196,1109
8682,197,1118
8682,198,1102
8682,199,1117
8682,200,1110
8682,201,1111
8682,202,1095
8682,203,1116
8682,204,1084
8682,205,1105
8682,206,1115
8682,207,1094
8682,208,1012
8682,209,1021
8682,210,1004
8682,211,1013
8682,212,1072
8682,213,1047
8682,214,1073
8682,215,1060
8682,216,1059
8682,217,1036
8682,218,1014
8682,219,1112
8682,220,1114
8682,221,58
8682,222,58
8682,223,0
8682,224,58
8682,225,58
8682,226,58
8682,227,0
8682,228,0
8682,229,58
8682,230,0
8682,231,58
8682,0,0
8682,0,0
8682,0,0
8682,0,0
8682,0,0
8682,0,0
8682,0,0
8682,0,0
8682,0,0
8682,0,0
8682,0,0
8682,0,0
8682,0,0
8682,0,0
8682,0,0
8682,0,0
8682,0,0
8682,0,0
8682,0,0
8682,0,0
8682,0,0
8682,0,0
8682,0,0
8682,0,0
8683,0,51
8683,1,63
8683,2,75
8683,3,50
8683,4,62
8683,5,64
8683,6,40
8683,7,58
8683,8,66
8683,9,53
8683,10,41
8683,11,65
8683,12,76
8683,13,89
8683,14,78
8683,15,88
8683,16,87
8683,17,77
8683,18,30
8683,19,39
8683,20,28
8683,21,20
8683,22,29
8683,23,38
8683,24,58
8683,25,42
8683,26,32
8683,27,67
8683,28,43
8683,29,31
8683,30,80
8683,31,90
8683,32,100
8683,33,91
8683,34,79
8683,35,101
8683,36,108
8683,37,98
8683,38,107
8683,39,99
8683,40,106
8683,41,96
8683,42,85
8683,43,97
8683,44,74
8683,45,86
8683,46,48
8683,47,37
8683,48,26
8683,49,61
8683,50,49
8683,51,27
8683,52,19
8683,53,10
8683,54,17
8683,55,11
8683,56,9
8683,57,18
8683,58,44
8683,59,33
8683,60,22
8683,61,56
8683,62,69
8683,63,23
8683,64,55
8683,65,92
8683,66,81
8683,67,68
8683,68,109
8683,69,118
8683,70,102
8683,71,117
8683,72,110
8683,73,111
8683,74,95
8683,75,116
8683,76,84
8683,77,105
8683,78,115
8683,79,94
8683,80,12
8683,81,21
8683,82,4
8683,83,13
8683,84,72
8683,85,47
8683,86,73
8683,87,60
8683,88,59
8683,89,36
8683,90,15
8683,91,14
8683,92,45
8683,93,24
8683,94,7
8683,95,34
8683,96,126
8683,97,112
8683,98,127
8683,99,119
8683,100,103
8683,101,120
8683,102,71
8683,103,114
8683,104,113
8683,105,83
8683,106,104
8683,107,121
8683,108,35
8683,109,25
8683,110,54
8683,111,52
8683,112,0
8683,113,0
8683,114,2
8683,115,3
8683,116,6
8683,117,5
8683,118,0
8683,119,0
8683,0,0
8683,0,0
8683,0,0
8683,0,0
8683,0,0
8683,0,0
8683,0,0
8683,0,0
8683,128,1051
8683,129,1063
8683,130,1075
8683,131,1050
8683,132,1062
8683,133,1064
8683,134,1040
8683,135,1052
8683,136,1066
8683,137,1053
8683,138,1041
8683,139,1065
8683,140,1076
8683,141,1089
8683,142,1078
8683,143,1088
8683,144,1087
8683,145,1077
8683,146,1030
8683,147,1039
8683,148,1028
8683,149,1020
8683,150,1029
8683,151,1038
8683,152,1054
8683,153,1042
8683,154,1032
8683,155,1067
8683,156,1043
8683,157,1031
8683,158,1080
8683,159,1090
8683,160,1100
8683,161,1091
8683,162,1079
8683,163,1101
8683,164,1108
8683,165,1098
8683,166,1107
8683,167,1099
8683,168,1106
8683,169,1096
8683,170,1085
8683,171,1097
8683,172,1074
8683,173,1086
8683,174,1048
8683,175,1037
8683,176,1026
8683,177,1061
8683,178,1049
8683,179,1027
8683,180,1019
8683,181,1010
8683,182,1017
8683,183,1011
8683,184,1009
8683,185,1018
8683,186,1044
8683,187,1033
8683,188,1022
8683,189,1056
8683,190,1069
8683,191,1023
8683,192,1055
8683,193,1092
8683,194,1081
8683,195,1068
8683,196,1109
8683,197,1118
8683,198,1102
8683,199,1117
8683,200,1110
8683,201,1111
8683,202,1095
8683,203,1116
8683,204,1084
8683,205,1105
8683,206,1115
8683,207,1094
8683,208,1012
8683,209,1021
8683,210,1004
8683,211,1013
8683,212,1072
8683,213,1047
8683,214,1073
8683,215,1060
8683,216,1059
8683,217,1036
8683,218,1014
8683,219,1112
8683,220,1114
8683,221,58
8683,222,58
8683,223,0
8683,224,58
8683,225,58
8683,226,58
8683,227,0
8683,228,0
8683,229,58
8683,230,0
8683,231,58
8683,0,0
8683,0,0
8683,0,0
8683,0,0
8683,0,0
8683,0,0
8683,0,0
8683,0,0
8683,0,0
8683,0,0
8683,0,0
8683,0,0
8683,0,0
8683,0,0
8683,0,0
8683,0,0
8683,0,0
8683,0,0
8683,0,0
8683,0,0
8683,0,0
8683,0,0
8683,0,0
8683,0,0
8684,0,51
8684,1,63
8684,2,75
8684,3,50
8684,4,62
8684,5,64
8684,6,40
8684,7,58
8684,8,66
8684,9,53
8684,10,41
8684,11,65
8684,12,76
8684,13,89
8684,14,78
8684,15,88
8684,16,87
8684,17,77
8684,18,30
8684,19,39
8684,20,28
8684,21,20
8684,22,29
8684,23,38
8684,24,58
8684,25,42
8684,26,32
8684,27,67
8684,28,43
8684,29,31
8684,30,80
8684,31,90
8684,32,100
8684,33,91
8684,34,79
8684,35,101
8684,36,108
8684,37,98
8684,38,107
8684,39,99
8684,40,106
8684,41,96
8684,42,85
8684,43,97
8684,44,74
8684,45,86
8684,46,48
8684,47,37
8684,48,26
8684,49,61
8684,50,49
8684,51,27
8684,52,19
8684,53,10
8684,54,17
8684,55,11
8684,56,9
8684,57,18
8684,58,44
8684,59,33
8684,60,22
8684,61,56
8684,62,69
8684,63,23
8684,64,55
8684,65,92
8684,66,81
8684,67,68
8684,68,109
8684,69,118
8684,70,102
8684,71,117
8684,72,110
8684,73,111
8684,74,95
8684,75,116
8684,76,84
8684,77,105
8684,78,115
8684,79,94
8684,80,12
8684,81,21
8684,82,4
8684,83,13
8684,84,72
8684,85,47
8684,86,73
8684,87,60
8684,88,59
8684,89,36
8684,90,15
8684,91,14
8684,92,45
8684,93,24
8684,94,7
8684,95,34
8684,96,126
8684,97,112
8684,98,127
8684,99,119
8684,100,103
8684,101,120
8684,102,71
8684,103,114
8684,104,113
8684,105,83
8684,106,104
8684,107,121
8684,108,35
8684,109,25
8684,110,54
8684,111,52
8684,112,0
8684,113,0
8684,114,2
8684,115,3
8684,116,6
8684,117,5
8684,118,0
8684,119,0
8684,0,0
8684,0,0
8684,0,0
8684,0,0
8684,0,0
8684,0,0
8684,0,0
8684,0,0
8684,128,1051
8684,129,1063
8684,130,1075
8684,131,1050
8684,132,1062
8684,133,1064
8684,134,1040
8684,135,1052
8684,136,1066
8684,137,1053
8684,138,1041
8684,139,1065
8684,140,1076
8684,141,1089
8684,142,1078
8684,143,1088
8684,144,1087
8684,145,1077
8684,146,1030
8684,147,1039
8684,148,1028
8684,149,1020
8684,150,1029
8684,151,1038
8684,152,1054
8684,153,1042
8684,154,1032
8684,155,1067
8684,156,1043
8684,157,1031
8684,158,1080
8684,159,1090
8684,160,1100
8684,161,1091
8684,162,1079
8684,163,1101
8684,164,1108
8684,165,1098
8684,166,1107
8684,167,1099
8684,168,1106
8684,169,1096
8684,170,1085
8684,171,1097
8684,172,1074
8684,173,1086
8684,174,1048
8684,175,1037
8684,176,1026
8684,177,1061
8684,178,1049
8684,179,1027
8684,180,1019
8684,181,1010
8684,182,1017
8684,183,1011
8684,184,1009
8684,185,1018
8684,186,1044
8684,187,1033
8684,188,1022
8684,189,1056
8684,190,1069
8684,191,1023
8684,192,1055
8684,193,1092
8684,194,1081
8684,195,1068
8684,196,1109
8684,197,1118
8684,198,1102
8684,199,1117
8684,200,1110
8684,201,1111
8684,202,1095
8684,203,1116
8684,204,1084
8684,205,1105
8684,206,1115
8684,207,1094
8684,208,1012
8684,209,1021
8684,210,1004
8684,211,1013
8684,212,1072
8684,213,1047
8684,214,1073
8684,215,1060
8684,216,1059
8684,217,1036
8684,218,1014
8684,219,1112
8684,220,1114
8684,221,58
8684,222,58
8684,223,0
8684,224,58
8684,225,58
8684,226,58
8684,227,0
8684,228,0
8684,229,58
8684,230,0
8684,231,58
8684,0,0
8684,0,0
8684,0,0
8684,0,0
8684,0,0
8684,0,0
8684,0,0
8684,0,0
8684,0,0
8684,0,0
8684,0,0
8684,0,0
8684,0,0
8684,0,0
8684,0,0
8684,0,0
8684,0,0
8684,0,0
8684,0,0
8684,0,0
8684,0,0
8684,0,0
8684,0,0
8684,0,0
8685,0,51
8685,1,63
8685,2,75
8685,3,50
8685,4,62
8685,5,64
8685,6,40
8685,7,58
8685,8,66
8685,9,53
8685,10,41
8685,11,65
8685,12,76
8685,13,89
8685,14,78
8685,15,88
8685,16,87
8685,17,77
8685,18,30
8685,19,39
8685,20,28
8685,21,20
8685,22,29
8685,23,38
8685,24,58
8685,25,42
8685,26,32
8685,27,67
8685,28,43
8685,29,31
8685,30,80
8685,31,90
8685,32,100
8685,33,91
8685,34,79
8685,35,101
8685,36,108
8685,37,98
8685,38,107
8685,39,99
8685,40,106
8685,41,96
8685,42,85
8685,43,97
8685,44,74
8685,45,86
8685,46,48
8685,47,37
8685,48,26
8685,49,61
8685,50,49
8685,51,27
8685,52,19
8685,53,10
8685,54,17
8685,55,11
8685,56,9
8685,57,18
8685,58,44
8685,59,33
8685,60,22
8685,61,56
8685,62,69
8685,63,23
8685,64,55
8685,65,92
8685,66,81
8685,67,68
8685,68,109
8685,69,118
8685,70,102
8685,71,117
8685,72,110
8685,73,111
8685,74,95
8685,75,116
8685,76,84
8685,77,105
8685,78,115
8685,79,94
8685,80,12
8685,81,21
8685,82,4
8685,83,13
8685,84,72
8685,85,47
8685,86,73
8685,87,60
8685,88,59
8685,89,36
8685,90,15
8685,91,14
8685,92,45
8685,93,24
8685,94,7
8685,95,34
8685,96,126
8685,97,112
8685,98,127
8685,99,119
8685,100,103
8685,101,120
8685,102,71
8685,103,114
8685,104,113
8685,105,83
8685,106,104
8685,107,121
8685,108,35
8685,109,25
8685,110,54
8685,111,52
8685,112,0
8685,113,0
8685,114,2
8685,115,3
8685,116,6
8685,117,5
8685,118,0
8685,119,0
8685,0,0
8685,0,0
8685,0,0
8685,0,0
8685,0,0
8685,0,0
8685,0,0
8685,0,0
8685,128,1051
8685,129,1063
8685,130,1075
8685,131,1050
8685,132,1062
8685,133,1064
8685,134,1040
8685,135,1052
8685,136,1066
8685,137,1053
8685,138,1041
8685,139,1065
8685,140,1076
8685,141,1089
8685,142,1078
8685,143,1088
8685,144,1087
8685,145,1077
8685,146,1030
8685,147,1039
8685,148,1028
8685,149,1020
8685,150,1029
8685,151,1038
8685,152,1054
8685,153,1042
8685,154,1032
8685,155,1067
8685,156,1043
8685,157,1031
8685,158,1080
8685,159,1090
8685,160,1100
8685,161,1091
8685,162,1079
8685,163,1101
8685,164,1108
8685,165,1098
8685,166,1107
8685,167,1099
8685,168,1106
8685,169,1096
8685,170,1085
8685,171,1097
8685,172,1074
8685,173,1086
8685,174,1048
8685,175,1037
8685,176,1026
8685,177,1061
8685,178,1049
8685,179,1027
8685,180,1019
8685,181,1010
8685,182,1017
8685,183,1011
8685,184,1009
8685,185,1018
8685,186,1044
8685,187,1033
8685,188,1022
8685,189,1056
8685,190,1069
8685,191,1023
8685,192,1055
8685,193,1092
8685,194,1081
8685,195,1068
8685,196,1109
8685,197,1118
8685,198,1102
8685,199,1117
8685,200,1110
8685,201,1111
8685,202,1095
8685,203,1116
8685,204,1084
8685,205,1105
8685,206,1115
8685,207,1094
8685,208,1012
8685,209,1021
8685,210,1004
8685,211,1013
8685,212,1072
8685,213,1047
8685,214,1073
8685,215,1060
8685,216,1059
8685,217,1036
8685,218,1014
8685,219,1112
8685,220,1114
8685,221,58
8685,222,58
8685,223,0
8685,224,58
8685,225,58
8685,226,58
8685,227,0
8685,228,0
8685,229,58
8685,230,0
8685,231,58
8685,0,0
8685,0,0
8685,0,0
8685,0,0
8685,0,0
8685,0,0
8685,0,0
8685,0,0
8685,0,0
8685,0,0
8685,0,0
8685,0,0
8685,0,0
8685,0,0
8685,0,0
8685,0,0
8685,0,0
8685,0,0
8685,0,0
8685,0,0
8685,0,0
8685,0,0
8685,0,0
8685,0,0
8686,0,51
8686,1,63
8686,2,75
8686,3,50
8686,4,62
8686,5,64
8686,6,40
8686,7,58
8686,8,66
8686,9,53
8686,10,41
8686,11,65
8686,12,76
8686,13,89
8686,14,78
8686,15,88
8686,16,87
8686,17,77
8686,18,30
8686,19,39
8686,20,28
8686,21,20
8686,22,29
8686,23,38
8686,24,58
8686,25,42
8686,26,32
8686,27,67
8686,28,43
8686,29,31
8686,30,80
8686,31,90
8686,32,100
8686,33,91
8686,34,79
8686,35,101
8686,36,108
8686,37,98
8686,38,107
8686,39,99
8686,40,106
8686,41,96
8686,42,85
8686,43,97
8686,44,74
8686,45,86
8686,46,48
8686,47,37
8686,48,26
8686,49,61
8686,50,49
8686,51,27
8686,52,19
8686,53,10
8686,54,17
8686,55,11
8686,56,9
8686,57,18
8686,58,44
8686,59,33
8686,60,22
8686,61,56
8686,62,69
8686,63,23
8686,64,55
8686,65,92
8686,66,81
8686,67,68
8686,68,109
8686,69,118
8686,70,102
8686,71,117
8686,72,110
8686,73,111
8686,74,95
8686,75,116
8686,76,84
8686,77,105
8686,78,115
8686,79,94
8686,80,12
8686,81,21
8686,82,4
8686,83,13
8686,84,72
8686,85,47
8686,86,73
8686,87,60
8686,88,59
8686,89,36
8686,90,15
8686,91,14
8686,92,45
8686,93,24
8686,94,7
8686,95,34
8686,96,126
8686,97,112
8686,98,127
8686,99,119
8686,100,103
8686,101,120
8686,102,71
8686,103,114
8686,104,113
8686,105,83
8686,106,104
8686,107,121
8686,108,35
8686,109,25
8686,110,54
8686,111,52
8686,112,0
8686,113,0
8686,114,2
8686,115,3
8686,116,6
8686,117,5
8686,118,0
8686,119,0
8686,0,0
8686,0,0
8686,0,0
8686,0,0
8686,0,0
8686,0,0
8686,0,0
8686,0,0
8686,128,1051
8686,129,1063
8686,130,1075
8686,131,1050
8686,132,1062
8686,133,1064
8686,134,1040
8686,135,1052
8686,136,1066
8686,137,1053
8686,138,1041
8686,139,1065
8686,140,1076
8686,141,1089
8686,142,1078
8686,143,1088
8686,144,1087
8686,145,1077
8686,146,1030
8686,147,1039
8686,148,1028
8686,149,1020
8686,150,1029
8686,151,1038
8686,152,1054
8686,153,1042
8686,154,1032
8686,155,1067
8686,156,1043
8686,157,1031
8686,158,1080
8686,159,1090
8686,160,1100
8686,161,1091
8686,162,1079
8686,163,1101
8686,164,1108
8686,165,1098
8686,166,1107
8686,167,1099
8686,168,1106
8686,169,1096
8686,170,1085
8686,171,1097
8686,172,1074
8686,173,1086
8686,174,1048
8686,175,1037
8686,176,1026
8686,177,1061
8686,178,1049
8686,179,1027
8686,180,1019
8686,181,1010
8686,182,1017
8686,183,1011
8686,184,1009
8686,185,1018
8686,186,1044
8686,187,1033
8686,188,1022
8686,189,1056
8686,190,1069
8686,191,1023
8686,192,1055
8686,193,1092
8686,194,1081
8686,195,1068
8686,196,1109
8686,197,1118
8686,198,1102
8686,199,1117
8686,200,1110
8686,201,1111
8686,202,1095
8686,203,1116
8686,204,1084
8686,205,1105
8686,206,1115
8686,207,1094
8686,208,1012
8686,209,1021
8686,210,1004
8686,211,1013
8686,212,1072
8686,213,1047
8686,214,1073
8686,215,1060
8686,216,1059
8686,217,1036
8686,218,1014
8686,219,1112
8686,220,1114
8686,221,58
8686,222,58
8686,223,0
8686,224,58
8686,225,58
8686,226,58
8686,227,0
8686,228,0
8686,229,58
8686,230,0
8686,231,58
8686,0,0
8686,0,0
8686,0,0
8686,0,0
8686,0,0
8686,0,0
8686,0,0
8686,0,0
8686,0,0
8686,0,0
8686,0,0
8686,0,0
8686,0,0
8686,0,0
8686,0,0
8686,0,0
8686,0,0
8686,0,0
8686,0,0
8686,0,0
8686,0,0
8686,0,0
8686,0,0
8686,0,0
8687,0,51
8687,1,63
8687,2,75
8687,3,50
8687,4,62
8687,5,64
8687,6,40
8687,7,58
8687,8,66
8687,9,53
8687,10,41
8687,11,65
8687,12,76
8687,13,89
8687,14,78
8687,15,88
8687,16,87
8687,17,77
8687,18,30
8687,19,39
8687,20,28
8687,21,20
8687,22,29
8687,23,38
8687,24,58
8687,25,42
8687,26,32
8687,27,67
8687,28,43
8687,29,31
8687,30,80
8687,31,90
8687,32,100
8687,33,91
8687,34,79
8687,35,101
8687,36,108
8687,37,98
8687,38,107
8687,39,99
8687,40,106
8687,41,96
8687,42,85
8687,43,97
8687,44,74
8687,45,86
8687,46,48
8687,47,37
8687,48,26
8687,49,61
8687,50,49
8687,51,27
8687,52,19
8687,53,10
8687,54,17
8687,55,11
8687,56,9
8687,57,18
8687,58,44
8687,59,33
8687,60,22
8687,61,56
8687,62,69
8687,63,23
8687,64,55
8687,65,92
8687,66,81
8687,67,68
8687,68,109
8687,69,118
8687,70,102
8687,71,117
8687,72,110
8687,73,111
8687,74,95
8687,75,116
8687,76,84
8687,77,105
8687,78,115
8687,79,94
8687,80,12
8687,81,21
8687,82,4
8687,83,13
8687,84,72
8687,85,47
8687,86,73
8687,87,60
8687,88,59
8687,89,36
8687,90,15
8687,91,14
8687,92,45
8687,93,24
8687,94,7
8687,95,34
8687,96,126
8687,97,112
8687,98,127
8687,99,119
8687,100,103
8687,101,120
8687,102,71
8687,103,114
8687,104,113
8687,105,83
8687,106,104
8687,107,121
8687,108,35
8687,109,25
8687,110,54
8687,111,52
8687,112,0
8687,113,0
8687,114,2
8687,115,3
8687,116,6
8687,117,5
8687,118,0
8687,119,0
8687,0,0
8687,0,0
8687,0,0
8687,0,0
8687,0,0
8687,0,0
8687,0,0
8687,0,0
8687,128,1051
8687,129,1063
8687,130,1075
8687,131,1050
8687,132,1062
8687,133,1064
8687,134,1040
8687,135,1052
8687,136,1066
8687,137,1053
8687,138,1041
8687,139,1065
8687,140,1076
8687,141,1089
8687,142,1078
8687,143,1088
8687,144,1087
8687,145,1077
8687,146,1030
8687,147,1039
8687,148,1028
8687,149,1020
8687,150,1029
8687,151,1038
8687,152,1054
8687,153,1042
8687,154,1032
8687,155,1067
8687,156,1043
8687,157,1031
8687,158,1080
8687,159,1090
8687,160,1100
8687,161,1091
8687,162,1079
8687,163,1101
8687,164,1108
8687,165,1098
8687,166,1107
8687,167,1099
8687,168,1106
8687,169,1096
8687,170,1085
8687,171,1097
8687,172,1074
8687,173,1086
8687,174,1048
8687,175,1037
8687,176,1026
8687,177,1061
8687,178,1049
8687,179,1027
8687,180,1019
8687,181,1010
8687,182,1017
8687,183,1011
8687,184,1009
8687,185,1018
8687,186,1044
8687,187,1033
8687,188,1022
8687,189,1056
8687,190,1069
8687,191,1023
8687,192,1055
8687,193,1092
8687,194,1081
8687,195,1068
8687,196,1109
8687,197,1118
8687,198,1102
8687,199,1117
8687,200,1110
8687,201,1111
8687,202,1095
8687,203,1116
8687,204,1084
8687,205,1105
8687,206,1115
8687,207,1094
8687,208,1012
8687,209,1021
8687,210,1004
8687,211,1013
8687,212,1072
8687,213,1047
8687,214,1073
8687,215,1060
8687,216,1059
8687,217,1036
8687,218,1014
8687,219,1112
8687,220,1114
8687,221,58
8687,222,58
8687,223,0
8687,224,58
8687,225,58
8687,226,58
8687,227,0
8687,228,0
8687,229,58
8687,230,0
8687,231,58
8687,0,0
8687,0,0
8687,0,0
8687,0,0
8687,0,0
8687,0,0
8687,0,0
8687,0,0
8687,0,0
8687,0,0
8687,0,0
8687,0,0
8687,0,0
8687,0,0
8687,0,0
8687,0,0
8687,0,0
8687,0,0
8687,0,0
8687,0,0
8687,0,0
8687,0,0
8687,0,0
8687,0,0
8688,0,51
8688,1,63
8688,2,75
8688,3,50
8688,4,62
8688,5,64
8688,6,40
8688,7,58
8688,8,66
8688,9,53
8688,10,41
8688,11,65
8688,12,76
8688,13,89
8688,14,78
8688,15,88
8688,16,87
8688,17,77
8688,18,30
8688,19,39
8688,20,28
8688,21,20
8688,22,29
8688,23,38
8688,24,58
8688,25,42
8688,26,32
8688,27,67
8688,28,43
8688,29,31
8688,30,80
8688,31,90
8688,32,100
8688,33,91
8688,34,79
8688,35,101
8688,36,108
8688,37,98
8688,38,107
8688,39,99
8688,40,106
8688,41,96
8688,42,85
8688,43,97
8688,44,74
8688,45,86
8688,46,48
8688,47,37
8688,48,26
8688,49,61
8688,50,49
8688,51,27
8688,52,19
8688,53,10
8688,54,17
8688,55,11
8688,56,9
8688,57,18
8688,58,44
8688,59,33
8688,60,22
8688,61,56
8688,62,69
8688,63,23
8688,64,55
8688,65,92
8688,66,81
8688,67,68
8688,68,109
8688,69,118
8688,70,102
8688,71,117
8688,72,110
8688,73,111
8688,74,95
8688,75,116
8688,76,84
8688,77,105
8688,78,115
8688,79,94
8688,80,12
8688,81,21
8688,82,4
8688,83,13
8688,84,72
8688,85,47
8688,86,73
8688,87,60
8688,88,59
8688,89,36
8688,90,15
8688,91,14
8688,92,45
8688,93,24
8688,94,7
8688,95,34
8688,96,126
8688,97,112
8688,98,127
8688,99,119
8688,100,103
8688,101,120
8688,102,71
8688,103,114
8688,104,113
8688,105,83
8688,106,104
8688,107,121
8688,108,35
8688,109,25
8688,110,54
8688,111,52
8688,112,0
8688,113,0
8688,114,2
8688,115,3
8688,116,6
8688,117,5
8688,118,0
8688,119,0
8688,0,0
8688,0,0
8688,0,0
8688,0,0
8688,0,0
8688,0,0
8688,0,0
8688,0,0
8688,128,1051
8688,129,1063
8688,130,1075
8688,131,1050
8688,132,1062
8688,133,1064
8688,134,1040
8688,135,1052
8688,136,1066
8688,137,1053
8688,138,1041
8688,139,1065
8688,140,1076
8688,141,1089
8688,142,1078
8688,143,1088
8688,144,1087
8688,145,1077
8688,146,1030
8688,147,1039
8688,148,1028
8688,149,1020
8688,150,1029
8688,151,1038
8688,152,1054
8688,153,1042
8688,154,1032
8688,155,1067
8688,156,1043
8688,157,1031
8688,158,1080
8688,159,1090
8688,160,1100
8688,161,1091
8688,162,1079
8688,163,1101
8688,164,1108
8688,165,1098
8688,166,1107
8688,167,1099
8688,168,1106
8688,169,1096
8688,170,1085
8688,171,1097
8688,172,1074
8688,173,1086
8688,174,1048
8688,175,1037
8688,176,1026
8688,177,1061
8688,178,1049
8688,179,1027
8688,180,1019
8688,181,1010
8688,182,1017
8688,183,1011
8688,184,1009
8688,185,1018
8688,186,1044
8688,187,1033
8688,188,1022
8688,189,1056
8688,190,1069
8688,191,1023
8688,192,1055
8688,193,1092
8688,194,1081
8688,195,1068
8688,196,1109
8688,197,1118
8688,198,1102
8688,199,1117
8688,200,1110
8688,201,1111
8688,202,1095
8688,203,1116
8688,204,1084
8688,205,1105
8688,206,1115
8688,207,1094
8688,208,1012
8688,209,1021
8688,210,1004
8688,211,1013
8688,212,1072
8688,213,1047
8688,214,1073
8688,215,1060
8688,216,1059
8688,217,1036
8688,218,1014
8688,219,1112
8688,220,1114
8688,221,58
8688,222,58
8688,223,0
8688,224,58
8688,225,58
8688,226,58
8688,227,0
8688,228,0
8688,229,58
8688,230,0
8688,231,58
8688,0,0
8688,0,0
8688,0,0
8688,0,0
8688,0,0
8688,0,0
8688,0,0
8688,0,0
8688,0,0
8688,0,0
8688,0,0
8688,0,0
8688,0,0
8688,0,0
8688,0,0
8688,0,0
8688,0,0
8688,0,0
8688,0,0
8688,0,0
8688,0,0
8688,0,0
8688,0,0
8688,0,0
8689,0,51
8689,1,63
8689,2,75
8689,3,50
8689,4,62
8689,5,64
8689,6,40
8689,7,58
8689,8,66
8689,9,53
8689,10,41
8689,11,65
8689,12,76
8689,13,89
8689,14,78
8689,15,88
8689,16,87
8689,17,77
8689,18,30
8689,19,39
8689,20,28
8689,21,20
8689,22,29
8689,23,38
8689,24,58
8689,25,42
8689,26,32
8689,27,67
8689,28,43
8689,29,31
8689,30,80
8689,31,90
8689,32,100
8689,33,91
8689,34,79
8689,35,101
8689,36,108
8689,37,98
8689,38,107
8689,39,99
8689,40,106
8689,41,96
8689,42,85
8689,43,97
8689,44,74
8689,45,86
8689,46,48
8689,47,37
8689,48,26
8689,49,61
8689,50,49
8689,51,27
8689,52,19
8689,53,10
8689,54,17
8689,55,11
8689,56,9
8689,57,18
8689,58,44
8689,59,33
8689,60,22
8689,61,56
8689,62,69
8689,63,23
8689,64,55
8689,65,92
8689,66,81
8689,67,68
8689,68,109
8689,69,118
8689,70,102
8689,71,117
8689,72,110
8689,73,111
8689,74,95
8689,75,116
8689,76,84
8689,77,105
8689,78,115
8689,79,94
8689,80,12
8689,81,21
8689,82,4
8689,83,13
8689,84,72
8689,85,47
8689,86,73
8689,87,60
8689,88,59
8689,89,36
8689,90,15
8689,91,14
8689,92,45
8689,93,24
8689,94,7
8689,95,34
8689,96,126
8689,97,112
8689,98,127
8689,99,119
8689,100,103
8689,101,120
8689,102,71
8689,103,114
8689,104,113
8689,105,83
8689,106,104
8689,107,121
8689,108,35
8689,109,25
8689,110,54
8689,111,52
8689,112,0
8689,113,0
8689,114,2
8689,115,3
8689,116,6
8689,117,5
8689,118,0
8689,119,0
8689,0,0
8689,0,0
8689,0,0
8689,0,0
8689,0,0
8689,0,0
8689,0,0
8689,0,0
8689,128,1051
8689,129,1063
8689,130,1075
8689,131,1050
8689,132,1062
8689,133,1064
8689,134,1040
8689,135,1052
8689,136,1066
8689,137,1053
8689,138,1041
8689,139,1065
8689,140,1076
8689,141,1089
8689,142,1078
8689,143,1088
8689,144,1087
8689,145,1077
8689,146,1030
8689,147,1039
8689,148,1028
8689,149,1020
8689,150,1029
8689,151,1038
8689,152,1054
8689,153,1042
8689,154,1032
8689,155,1067
8689,156,1043
8689,157,1031
8689,158,1080
8689,159,1090
8689,160,1100
8689,161,1091
8689,162,1079
8689,163,1101
8689,164,1108
8689,165,1098
8689,166,1107
8689,167,1099
8689,168,1106
8689,169,1096
8689,170,1085
8689,171,1097
8689,172,1074
8689,173,1086
8689,174,1048
8689,175,1037
8689,176,1026
8689,177,1061
8689,178,1049
8689,179,1027
8689,180,1019
8689,181,1010
8689,182,1017
8689,183,1011
8689,184,1009
8689,185,1018
8689,186,1044
8689,187,1033
8689,188,1022
8689,189,1056
8689,190,1069
8689,191,1023
8689,192,1055
8689,193,1092
8689,194,1081
8689,195,1068
8689,196,1109
8689,197,1118
8689,198,1102
8689,199,1117
8689,200,1110
8689,201,1111
8689,202,1095
8689,203,1116
8689,204,1084
8689,205,1105
8689,206,1115
8689,207,1094
8689,208,1012
8689,209,1021
8689,210,1004
8689,211,1013
8689,212,1072
8689,213,1047
8689,214,1073
8689,215,1060
8689,216,1059
8689,217,1036
8689,218,1014
8689,219,1112
8689,220,1114
8689,221,58
8689,222,58
8689,223,0
8689,224,58
8689,225,58
8689,226,58
8689,227,0
8689,228,0
8689,229,58
8689,230,0
8689,231,58
8689,0,0
8689,0,0
8689,0,0
8689,0,0
8689,0,0
8689,0,0
8689,0,0
8689,0,0
8689,0,0
8689,0,0
8689,0,0
8689,0,0
8689,0,0
8689,0,0
8689,0,0
8689,0,0
8689,0,0
8689,0,0
8689,0,0
8689,0,0
8689,0,0
8689,0,0
8689,0,0
8689,0,0
8690,0,51
8690,1,63
8690,2,75
8690,3,50
8690,4,62
8690,5,64
8690,6,40
8690,7,58
8690,8,66
8690,9,53
8690,10,41
8690,11,65
8690,12,76
8690,13,89
8690,14,78
8690,15,88
8690,16,87
8690,17,77
8690,18,30
8690,19,39
8690,20,28
8690,21,20
8690,22,29
8690,23,38
8690,24,58
8690,25,42
8690,26,32
8690,27,67
8690,28,43
8690,29,31
8690,30,80
8690,31,90
8690,32,100
8690,33,91
8690,34,79
8690,35,101
8690,36,108
8690,37,98
8690,38,107
8690,39,99
8690,40,106
8690,41,96
8690,42,85
8690,43,97
8690,44,74
8690,45,86
8690,46,48
8690,47,37
8690,48,26
8690,49,61
8690,50,49
8690,51,27
8690,52,19
8690,53,10
8690,54,17
8690,55,11
8690,56,9
8690,57,18
8690,58,44
8690,59,33
8690,60,22
8690,61,56
8690,62,69
8690,63,23
8690,64,55
8690,65,92
8690,66,81
8690,67,68
8690,68,109
8690,69,118
8690,70,102
8690,71,117
8690,72,110
8690,73,111
8690,74,95
8690,75,116
8690,76,84
8690,77,105
8690,78,115
8690,79,94
8690,80,12
8690,81,21
8690,82,4
8690,83,13
8690,84,72
8690,85,47
8690,86,73
8690,87,60
8690,88,59
8690,89,36
8690,90,15
8690,91,14
8690,92,45
8690,93,24
8690,94,7
8690,95,34
8690,96,126
8690,97,112
8690,98,127
8690,99,119
8690,100,103
8690,101,120
8690,102,71
8690,103,114
8690,104,113
8690,105,83
8690,106,104
8690,107,121
8690,108,35
8690,109,25
8690,110,54
8690,111,52
8690,112,0
8690,113,0
8690,114,2
8690,115,3
8690,116,6
8690,117,5
8690,118,0
8690,119,0
8690,0,0
8690,0,0
8690,0,0
8690,0,0
8690,0,0
8690,0,0
8690,0,0
8690,0,0
8690,128,1051
8690,129,1063
8690,130,1075
8690,131,1050
8690,132,1062
8690,133,1064
8690,134,1040
8690,135,1052
8690,136,1066
8690,137,1053
8690,138,1041
8690,139,1065
8690,140,1076
8690,141,1089
8690,142,1078
8690,143,1088
8690,144,1087
8690,145,1077
8690,146,1030
8690,147,1039
8690,148,1028
8690,149,1020
8690,150,1029
8690,151,1038
8690,152,1054
8690,153,1042
8690,154,1032
8690,155,1067
8690,156,1043
8690,157,1031
8690,158,1080
8690,159,1090
8690,160,1100
8690,161,1091
8690,162,1079
8690,163,1101
8690,164,1108
8690,165,1098
8690,166,1107
8690,167,1099
8690,168,1106
8690,169,1096
8690,170,1085
8690,171,1097
8690,172,1074
8690,173,1086
8690,174,1048
8690,175,1037
8690,176,1026
8690,177,1061
8690,178,1049
8690,179,1027
8690,180,1019
8690,181,1010
8690,182,1017
8690,183,1011
8690,184,1009
8690,185,1018
8690,186,1044
8690,187,1033
8690,188,1022
8690,189,1056
8690,190,1069
8690,191,1023
8690,192,1055
8690,193,1092
8690,194,1081
8690,195,1068
8690,196,1109
8690,197,1118
8690,198,1102
8690,199,1117
8690,200,1110
8690,201,1111
8690,202,1095
8690,203,1116
8690,204,1084
8690,205,1105
8690,206,1115
8690,207,1094
8690,208,1012
8690,209,1021
8690,210,1004
8690,211,1013
8690,212,1072
8690,213,1047
8690,214,1073
8690,215,1060
8690,216,1059
8690,217,1036
8690,218,1014
8690,219,1112
8690,220,1114
8690,221,58
8690,222,58
8690,223,0
8690,224,58
8690,225,58
8690,226,58
8690,227,0
8690,228,0
8690,229,58
8690,230,0
8690,231,58
8690,0,0
8690,0,0
8690,0,0
8690,0,0
8690,0,0
8690,0,0
8690,0,0
8690,0,0
8690,0,0
8690,0,0
8690,0,0
8690,0,0
8690,0,0
8690,0,0
8690,0,0
8690,0,0
8690,0,0
8690,0,0
8690,0,0
8690,0,0
8690,0,0
8690,0,0
8690,0,0
8690,0,0
8691,0,51
8691,1,63
8691,2,75
8691,3,50
8691,4,62
8691,5,64
8691,6,40
8691,7,58
8691,8,66
8691,9,53
8691,10,41
8691,11,65
8691,12,76
8691,13,89
8691,14,78
8691,15,88
8691,16,87
8691,17,77
8691,18,30
8691,19,39
8691,20,28
8691,21,20
8691,22,29
8691,23,38
8691,24,58
8691,25,42
8691,26,32
8691,27,67
8691,28,43
8691,29,31
8691,30,80
8691,31,90
8691,32,100
8691,33,91
8691,34,79
8691,35,101
8691,36,108
8691,37,98
8691,38,107
8691,39,99
8691,40,106
8691,41,96
8691,42,85
8691,43,97
8691,44,74
8691,45,86
8691,46,48
8691,47,37
8691,48,26
8691,49,61
8691,50,49
8691,51,27
8691,52,19
8691,53,10
8691,54,17
8691,55,11
8691,56,9
8691,57,18
8691,58,44
8691,59,33
8691,60,22
8691,61,56
8691,62,69
8691,63,23
8691,64,55
8691,65,92
8691,66,81
8691,67,68
8691,68,109
8691,69,118
8691,70,102
8691,71,117
8691,72,110
8691,73,111
8691,74,95
8691,75,116
8691,76,84
8691,77,105
8691,78,115
8691,79,94
8691,80,12
8691,81,21
8691,82,4
8691,83,13
8691,84,72
8691,85,47
8691,86,73
8691,87,60
8691,88,59
8691,89,36
8691,90,15
8691,91,14
8691,92,45
8691,93,24
8691,94,7
8691,95,34
8691,96,126
8691,97,112
8691,98,127
8691,99,119
8691,100,103
8691,101,120
8691,102,71
8691,103,114
8691,104,113
8691,105,83
8691,106,104
8691,107,121
8691,108,35
8691,109,25
8691,110,54
8691,111,52
8691,112,0
8691,113,0
8691,114,2
8691,115,3
8691,116,6
8691,117,5
8691,118,0
8691,119,0
8691,0,0
8691,0,0
8691,0,0
8691,0,0
8691,0,0
8691,0,0
8691,0,0
8691,0,0
8691,128,1051
8691,129,1063
8691,130,1075
8691,131,1050
8691,132,1062
8691,133,1064
8691,134,1040
8691,135,1052
8691,136,1066
8691,137,1053
8691,138,1041
8691,139,1065
8691,140,1076
8691,141,1089
8691,142,1078
8691,143,1088
8691,144,1087
8691,145,1077
8691,146,1030
8691,147,1039
8691,148,1028
8691,149,1020
8691,150,1029
8691,151,1038
8691,152,1054
8691,153,1042
8691,154,1032
8691,155,1067
8691,156,1043
8691,157,1031
8691,158,1080
8691,159,1090
8691,160,1100
8691,161,1091
8691,162,1079
8691,163,1101
8691,164,1108
8691,165,1098
8691,166,1107
8691,167,1099
8691,168,1106
8691,169,1096
8691,170,1085
8691,171,1097
8691,172,1074
8691,173,1086
8691,174,1048
8691,175,1037
8691,176,1026
8691,177,1061
8691,178,1049
8691,179,1027
8691,180,1019
8691,181,1010
8691,182,1017
8691,183,1011
8691,184,1009
8691,185,1018
8691,186,1044
8691,187,1033
8691,188,1022
8691,189,1056
8691,190,1069
8691,191,1023
8691,192,1055
8691,193,1092
8691,194,1081
8691,195,1068
8691,196,1109
8691,197,1118
8691,198,1102
8691,199,1117
8691,200,1110
8691,201,1111
8691,202,1095
8691,203,1116
8691,204,1084
8691,205,1105
8691,206,1115
8691,207,1094
8691,208,1012
8691,209,1021
8691,210,1004
8691,211,1013
8691,212,1072
8691,213,1047
8691,214,1073
8691,215,1060
8691,216,1059
8691,217,1036
8691,218,1014
8691,219,1112
8691,220,1114
8691,221,58
8691,222,58
8691,223,0
8691,224,58
8691,225,58
8691,226,58
8691,227,0
8691,228,0
8691,229,58
8691,230,0
8691,231,58
8691,0,0
8691,0,0
8691,0,0
8691,0,0
8691,0,0
8691,0,0
8691,0,0
8691,0,0
8691,0,0
8691,0,0
8691,0,0
8691,0,0
8691,0,0
8691,0,0
8691,0,0
8691,0,0
8691,0,0
8691,0,0
8691,0,0
8691,0,0
8691,0,0
8691,0,0
8691,0,0
8691,0,0
8692,0,51
8692,1,63
8692,2,75
8692,3,50
8692,4,62
8692,5,64
8692,6,40
8692,7,58
8692,8,66
8692,9,53
8692,10,41
8692,11,65
8692,12,76
8692,13,89
8692,14,78
8692,15,88
8692,16,87
8692,17,77
8692,18,30
8692,19,39
8692,20,28
8692,21,20
8692,22,29
8692,23,38
8692,24,58
8692,25,42
8692,26,32
8692,27,67
8692,28,43
8692,29,31
8692,30,80
8692,31,90
8692,32,100
8692,33,91
8692,34,79
8692,35,101
8692,36,108
8692,37,98
8692,38,107
8692,39,99
8692,40,106
8692,41,96
8692,42,85
8692,43,97
8692,44,74
8692,45,86
8692,46,48
8692,47,37
8692,48,26
8692,49,61
8692,50,49
8692,51,27
8692,52,19
8692,53,10
8692,54,17
8692,55,11
8692,56,9
8692,57,18
8692,58,44
8692,59,33
8692,60,22
8692,61,56
8692,62,69
8692,63,23
8692,64,55
8692,65,92
8692,66,81
8692,67,68
8692,68,109
8692,69,118
8692,70,102
8692,71,117
8692,72,110
8692,73,111
8692,74,95
8692,75,116
8692,76,84
8692,77,105
8692,78,115
8692,79,94
8692,80,12
8692,81,21
8692,82,4
8692,83,13
8692,84,72
8692,85,47
8692,86,73
8692,87,60
8692,88,59
8692,89,36
8692,90,15
8692,91,14
8692,92,45
8692,93,24
8692,94,7
8692,95,34
8692,96,126
8692,97,112
8692,98,127
8692,99,119
8692,100,103
8692,101,120
8692,102,71
8692,103,114
8692,104,113
8692,105,83
8692,106,104
8692,107,121
8692,108,35
8692,109,25
8692,110,54
8692,111,52
8692,112,0
8692,113,0
8692,114,2
8692,115,3
8692,116,6
8692,117,5
8692,118,0
8692,119,0
8692,0,0
8692,0,0
8692,0,0
8692,0,0
8692,0,0
8692,0,0
8692,0,0
8692,0,0
8692,128,1051
8692,129,1063
8692,130,1075
8692,131,1050
8692,132,1062
8692,133,1064
8692,134,1040
8692,135,1052
8692,136,1066
8692,137,1053
8692,138,1041
8692,139,1065
8692,140,1076
8692,141,1089
8692,142,1078
8692,143,1088
8692,144,1087
8692,145,1077
8692,146,1030
8692,147,1039
8692,148,1028
8692,149,1020
8692,150,1029
8692,151,1038
8692,152,1054
8692,153,1042
8692,154,1032
8692,155,1067
8692,156,1043
8692,157,1031
8692,158,1080
8692,159,1090
8692,160,1100
8692,161,1091
8692,162,1079
8692,163,1101
8692,164,1108
8692,165,1098
8692,166,1107
8692,167,1099
8692,168,1106
8692,169,1096
8692,170,1085
8692,171,1097
8692,172,1074
8692,173,1086
8692,174,1048
8692,175,1037
8692,176,1026
8692,177,1061
8692,178,1049
8692,179,1027
8692,180,1019
8692,181,1010
8692,182,1017
8692,183,1011
8692,184,1009
8692,185,1018
8692,186,1044
8692,187,1033
8692,188,1022
8692,189,1056
8692,190,1069
8692,191,1023
8692,192,1055
8692,193,1092
8692,194,1081
8692,195,1068
8692,196,1109
8692,197,1118
8692,198,1102
8692,199,1117
8692,200,1110
8692,201,1111
8692,202,1095
8692,203,1116
8692,204,1084
8692,205,1105
8692,206,1115
8692,207,1094
8692,208,1012
8692,209,1021
8692,210,1004
8692,211,1013
8692,212,1072
8692,213,1047
8692,214,1073
8692,215,1060
8692,216,1059
8692,217,1036
8692,218,1014
8692,219,1112
8692,220,1114
8692,221,58
8692,222,58
8692,223,0
8692,224,58
8692,225,58
8692,226,58
8692,227,0
8692,228,0
8692,229,58
8692,230,0
8692,231,58
8692,0,0
8692,0,0
8692,0,0
8692,0,0
8692,0,0
8692,0,0
8692,0,0
8692,0,0
8692,0,0
8692,0,0
8692,0,0
8692,0,0
8692,0,0
8692,0,0
8692,0,0
8692,0,0
8692,0,0
8692,0,0
8692,0,0
8692,0,0
8692,0,0
8692,0,0
8692,0,0
8692,0,0
8693,0,51
8693,1,63
8693,2,75
8693,3,50
8693,4,62
8693,5,64
8693,6,40
8693,7,58
8693,8,66
8693,9,53
8693,10,41
8693,11,65
8693,12,76
8693,13,89
8693,14,78
8693,15,88
8693,16,87
8693,17,77
8693,18,30
8693,19,39
8693,20,28
8693,21,20
8693,22,29
8693,23,38
8693,24,58
8693,25,42
8693,26,32
8693,27,67
8693,28,43
8693,29,31
8693,30,80
8693,31,90
8693,32,100
8693,33,91
8693,34,79
8693,35,101
8693,36,108
8693,37,98
8693,38,107
8693,39,99
8693,40,106
8693,41,96
8693,42,85
8693,43,97
8693,44,74
8693,45,86
8693,46,48
8693,47,37
8693,48,26
8693,49,61
8693,50,49
8693,51,27
8693,52,19
8693,53,10
8693,54,17
8693,55,11
8693,56,9
8693,57,18
8693,58,44
8693,59,33
8693,60,22
8693,61,56
8693,62,69
8693,63,23
8693,64,55
8693,65,92
8693,66,81
8693,67,68
8693,68,109
8693,69,118
8693,70,102
8693,71,117
8693,72,110
8693,73,111
8693,74,95
8693,75,116
8693,76,84
8693,77,105
8693,78,115
8693,79,94
8693,80,12
8693,81,21
8693,82,4
8693,83,13
8693,84,72
8693,85,47
8693,86,73
8693,87,60
8693,88,59
8693,89,36
8693,90,15
8693,91,14
8693,92,45
8693,93,24
8693,94,7
8693,95,34
8693,96,126
8693,97,112
8693,98,127
8693,99,119
8693,100,103
8693,101,120
8693,102,71
8693,103,114
8693,104,113
8693,105,83
8693,106,104
8693,107,121
8693,108,35
8693,109,25
8693,110,54
8693,111,52
8693,112,0
8693,113,0
8693,114,2
8693,115,3
8693,116,6
8693,117,5
8693,118,0
8693,119,0
8693,0,0
8693,0,0
8693,0,0
8693,0,0
8693,0,0
8693,0,0
8693,0,0
8693,0,0
8693,128,1051
8693,129,1063
8693,130,1075
8693,131,1050
8693,132,1062
8693,133,1064
8693,134,1040
8693,135,1052
8693,136,1066
8693,137,1053
8693,138,1041
8693,139,1065
8693,140,1076
8693,141,1089
8693,142,1078
8693,143,1088
8693,144,1087
8693,145,1077
8693,146,1030
8693,147,1039
8693,148,1028
8693,149,1020
8693,150,1029
8693,151,1038
8693,152,1054
8693,153,1042
8693,154,1032
8693,155,1067
8693,156,1043
8693,157,1031
8693,158,1080
8693,159,1090
8693,160,1100
8693,161,1091
8693,162,1079
8693,163,1101
8693,164,1108
8693,165,1098
8693,166,1107
8693,167,1099
8693,168,1106
8693,169,1096
8693,170,1085
8693,171,1097
8693,172,1074
8693,173,1086
8693,174,1048
8693,175,1037
8693,176,1026
8693,177,1061
8693,178,1049
8693,179,1027
8693,180,1019
8693,181,1010
8693,182,1017
8693,183,1011
8693,184,1009
8693,185,1018
8693,186,1044
8693,187,1033
8693,188,1022
8693,189,1056
8693,190,1069
8693,191,1023
8693,192,1055
8693,193,1092
8693,194,1081
8693,195,1068
8693,196,1109
8693,197,1118
8693,198,1102
8693,199,1117
8693,200,1110
8693,201,1111
8693,202,1095
8693,203,1116
8693,204,1084
8693,205,1105
8693,206,1115
8693,207,1094
8693,208,1012
8693,209,1021
8693,210,1004
8693,211,1013
8693,212,1072
8693,213,1047
8693,214,1073
8693,215,1060
8693,216,1059
8693,217,1036
8693,218,1014
8693,219,1112
8693,220,1114
8693,221,58
8693,222,58
8693,223,0
8693,224,58
8693,225,58
8693,226,58
8693,227,0
8693,228,0
8693,229,58
8693,230,0
8693,231,58
8693,0,0
8693,0,0
8693,0,0
8693,0,0
8693,0,0
8693,0,0
8693,0,0
8693,0,0
8693,0,0
8693,0,0
8693,0,0
8693,0,0
8693,0,0
8693,0,0
8693,0,0
8693,0,0
8693,0,0
8693,0,0
8693,0,0
8693,0,0
8693,0,0
8693,0,0
8693,0,0
8693,0,0
8694,0,51
8694,1,63
8694,2,75
8694,3,50
8694,4,62
8694,5,64
8694,6,40
8694,7,58
8694,8,66
8694,9,53
8694,10,41
8694,11,65
8694,12,76
8694,13,89
8694,14,78
8694,15,88
8694,16,87
8694,17,77
8694,18,30
8694,19,39
8694,20,28
8694,21,20
8694,22,29
8694,23,38
8694,24,58
8694,25,42
8694,26,32
8694,27,67
8694,28,43
8694,29,31
8694,30,80
8694,31,90
8694,32,100
8694,33,91
8694,34,79
8694,35,101
8694,36,108
8694,37,98
8694,38,107
8694,39,99
8694,40,106
8694,41,96
8694,42,85
8694,43,97
8694,44,74
8694,45,86
8694,46,48
8694,47,37
8694,48,26
8694,49,61
8694,50,49
8694,51,27
8694,52,19
8694,53,10
8694,54,17
8694,55,11
8694,56,9
8694,57,18
8694,58,44
8694,59,33
8694,60,22
8694,61,56
8694,62,69
8694,63,23
8694,64,55
8694,65,92
8694,66,81
8694,67,68
8694,68,109
8694,69,118
8694,70,102
8694,71,117
8694,72,110
8694,73,111
8694,74,95
8694,75,116
8694,76,84
8694,77,105
8694,78,115
8694,79,94
8694,80,12
8694,81,21
8694,82,4
8694,83,13
8694,84,72
8694,85,47
8694,86,73
8694,87,60
8694,88,59
8694,89,36
8694,90,15
8694,91,14
8694,92,45
8694,93,24
8694,94,7
8694,95,34
8694,96,126
8694,97,112
8694,98,127
8694,99,119
8694,100,103
8694,101,120
8694,102,71
8694,103,114
8694,104,113
8694,105,83
8694,106,104
8694,107,121
8694,108,35
8694,109,25
8694,110,54
8694,111,52
8694,112,0
8694,113,0
8694,114,2
8694,115,3
8694,116,6
8694,117,5
8694,118,0
8694,119,0
8694,0,0
8694,0,0
8694,0,0
8694,0,0
8694,0,0
8694,0,0
8694,0,0
8694,0,0
8694,128,1051
8694,129,1063
8694,130,1075
8694,131,1050
8694,132,1062
8694,133,1064
8694,134,1040
8694,135,1052
8694,136,1066
8694,137,1053
8694,138,1041
8694,139,1065
8694,140,1076
8694,141,1089
8694,142,1078
8694,143,1088
8694,144,1087
8694,145,1077
8694,146,1030
8694,147,1039
8694,148,1028
8694,149,1020
8694,150,1029
8694,151,1038
8694,152,1054
8694,153,1042
8694,154,1032
8694,155,1067
8694,156,1043
8694,157,1031
8694,158,1080
8694,159,1090
8694,160,1100
8694,161,1091
8694,162,1079
8694,163,1101
8694,164,1108
8694,165,1098
8694,166,1107
8694,167,1099
8694,168,1106
8694,169,1096
8694,170,1085
8694,171,1097
8694,172,1074
8694,173,1086
8694,174,1048
8694,175,1037
8694,176,1026
8694,177,1061
8694,178,1049
8694,179,1027
8694,180,1019
8694,181,1010
8694,182,1017
8694,183,1011
8694,184,1009
8694,185,1018
8694,186,1044
8694,187,1033
8694,188,1022
8694,189,1056
8694,190,1069
8694,191,1023
8694,192,1055
8694,193,1092
8694,194,1081
8694,195,1068
8694,196,1109
8694,197,1118
8694,198,1102
8694,199,1117
8694,200,1110
8694,201,1111
8694,202,1095
8694,203,1116
8694,204,1084
8694,205,1105
8694,206,1115
8694,207,1094
8694,208,1012
8694,209,1021
8694,210,1004
8694,211,1013
8694,212,1072
8694,213,1047
8694,214,1073
8694,215,1060
8694,216,1059
8694,217,1036
8694,218,1014
8694,219,1112
8694,220,1114
8694,221,58
8694,222,58
8694,223,0
8694,224,58
8694,225,58
8694,226,58
8694,227,0
8694,228,0
8694,229,58
8694,230,0
8694,231,58
8694,0,0
8694,0,0
8694,0,0
8694,0,0
8694,0,0
8694,0,0
8694,0,0
8694,0,0
8694,0,0
8694,0,0
8694,0,0
8694,0,0
8694,0,0
8694,0,0
8694,0,0
8694,0,0
8694,0,0
8694,0,0
8694,0,0
8694,0,0
8694,0,0
8694,0,0
8694,0,0
8694,0,0
8696,0,51
8696,1,63
8696,2,75
8696,3,50
8696,4,62
8696,5,64
8696,6,40
8696,7,58
8696,8,66
8696,9,53
8696,10,41
8696,11,65
8696,12,76
8696,13,89
8696,14,78
8696,15,88
8696,16,87
8696,17,77
8696,18,30
8696,19,39
8696,20,28
8696,21,20
8696,22,29
8696,23,38
8696,24,58
8696,25,42
8696,26,32
8696,27,67
8696,28,43
8696,29,31
8696,30,80
8696,31,90
8696,32,100
8696,33,91
8696,34,79
8696,35,101
8696,36,108
8696,37,98
8696,38,107
8696,39,99
8696,40,106
8696,41,96
8696,42,85
8696,43,97
8696,44,74
8696,45,86
8696,46,48
8696,47,37
8696,48,26
8696,49,61
8696,50,49
8696,51,27
8696,52,19
8696,53,10
8696,54,17
8696,55,11
8696,56,9
8696,57,18
8696,58,44
8696,59,33
8696,60,22
8696,61,56
8696,62,69
8696,63,23
8696,64,55
8696,65,92
8696,66,81
8696,67,68
8696,68,109
8696,69,118
8696,70,102
8696,71,117
8696,72,110
8696,73,111
8696,74,95
8696,75,116
8696,76,84
8696,77,105
8696,78,115
8696,79,94
8696,80,12
8696,81,21
8696,82,4
8696,83,13
8696,84,72
8696,85,47
8696,86,73
8696,87,60
8696,88,59
8696,89,36
8696,90,15
8696,91,14
8696,92,45
8696,93,24
8696,94,7
8696,95,34
8696,96,126
8696,97,112
8696,98,127
8696,99,119
8696,100,103
8696,101,120
8696,102,71
8696,103,114
8696,104,113
8696,105,83
8696,106,104
8696,107,121
8696,108,35
8696,109,25
8696,110,54
8696,111,52
8696,112,0
8696,113,0
8696,114,2
8696,115,3
8696,116,6
8696,117,5
8696,118,0
8696,119,0
8696,0,0
8696,0,0
8696,0,0
8696,0,0
8696,0,0
8696,0,0
8696,0,0
8696,0,0
8696,128,1051
8696,129,1063
8696,130,1075
8696,131,1050
8696,132,1062
8696,133,1064
8696,134,1040
8696,135,1052
8696,136,1066
8696,137,1053
8696,138,1041
8696,139,1065
8696,140,1076
8696,141,1089
8696,142,1078
8696,143,1088
8696,144,1087
8696,145,1077
8696,146,1030
8696,147,1039
8696,148,1028
8696,149,1020
8696,150,1029
8696,151,1038
8696,152,1054
8696,153,1042
8696,154,1032
8696,155,1067
8696,156,1043
8696,157,1031
8696,158,1080
8696,159,1090
8696,160,1100
8696,161,1091
8696,162,1079
8696,163,1101
8696,164,1108
8696,165,1098
8696,166,1107
8696,167,1099
8696,168,1106
8696,169,1096
8696,170,1085
8696,171,1097
8696,172,1074
8696,173,1086
8696,174,1048
8696,175,1037
8696,176,1026
8696,177,1061
8696,178,1049
8696,179,1027
8696,180,1019
8696,181,1010
8696,182,1017
8696,183,1011
8696,184,1009
8696,185,1018
8696,186,1044
8696,187,1033
8696,188,1022
8696,189,1056
8696,190,1069
8696,191,1023
8696,192,1055
8696,193,1092
8696,194,1081
8696,195,1068
8696,196,1109
8696,197,1118
8696,198,1102
8696,199,1117
8696,200,1110
8696,201,1111
8696,202,1095
8696,203,1116
8696,204,1084
8696,205,1105
8696,206,1115
8696,207,1094
8696,208,1012
8696,209,1021
8696,210,1004
8696,211,1013
8696,212,1072
8696,213,1047
8696,214,1073
8696,215,1060
8696,216,1059
8696,217,1036
8696,218,1014
8696,219,1112
8696,220,1114
8696,221,58
8696,222,58
8696,223,0
8696,224,58
8696,225,58
8696,226,58
8696,227,0
8696,228,0
8696,229,58
8696,230,0
8696,231,58
8696,0,0
8696,0,0
8696,0,0
8696,0,0
8696,0,0
8696,0,0
8696,0,0
8696,0,0
8696,0,0
8696,0,0
8696,0,0
8696,0,0
8696,0,0
8696,0,0
8696,0,0
8696,0,0
8696,0,0
8696,0,0
8696,0,0
8696,0,0
8696,0,0
8696,0,0
8696,0,0
8696,0,0
8697,0,51
8697,1,63
8697,2,75
8697,3,50
8697,4,62
8697,5,64
8697,6,40
8697,7,58
8697,8,66
8697,9,53
8697,10,41
8697,11,65
8697,12,76
8697,13,89
8697,14,78
8697,15,88
8697,16,87
8697,17,77
8697,18,30
8697,19,39
8697,20,28
8697,21,20
8697,22,29
8697,23,38
8697,24,58
8697,25,42
8697,26,32
8697,27,67
8697,28,43
8697,29,31
8697,30,80
8697,31,90
8697,32,100
8697,33,91
8697,34,79
8697,35,101
8697,36,108
8697,37,98
8697,38,107
8697,39,99
8697,40,106
8697,41,96
8697,42,85
8697,43,97
8697,44,74
8697,45,86
8697,46,48
8697,47,37
8697,48,26
8697,49,61
8697,50,49
8697,51,27
8697,52,19
8697,53,10
8697,54,17
8697,55,11
8697,56,9
8697,57,18
8697,58,44
8697,59,33
8697,60,22
8697,61,56
8697,62,69
8697,63,23
8697,64,55
8697,65,92
8697,66,81
8697,67,68
8697,68,109
8697,69,118
8697,70,102
8697,71,117
8697,72,110
8697,73,111
8697,74,95
8697,75,116
8697,76,84
8697,77,105
8697,78,115
8697,79,94
8697,80,12
8697,81,21
8697,82,4
8697,83,13
8697,84,72
8697,85,47
8697,86,73
8697,87,60
8697,88,59
8697,89,36
8697,90,15
8697,91,14
8697,92,45
8697,93,24
8697,94,7
8697,95,34
8697,96,126
8697,97,112
8697,98,127
8697,99,119
8697,100,103
8697,101,120
8697,102,71
8697,103,114
8697,104,113
8697,105,83
8697,106,104
8697,107,121
8697,108,35
8697,109,25
8697,110,54
8697,111,52
8697,112,0
8697,113,0
8697,114,2
8697,115,3
8697,116,6
8697,117,5
8697,118,0
8697,119,0
8697,0,0
8697,0,0
8697,0,0
8697,0,0
8697,0,0
8697,0,0
8697,0,0
8697,0,0
8697,128,1051
8697,129,1063
8697,130,1075
8697,131,1050
8697,132,1062
8697,133,1064
8697,134,1040
8697,135,1052
8697,136,1066
8697,137,1053
8697,138,1041
8697,139,1065
8697,140,1076
8697,141,1089
8697,142,1078
8697,143,1088
8697,144,1087
8697,145,1077
8697,146,1030
8697,147,1039
8697,148,1028
8697,149,1020
8697,150,1029
8697,151,1038
8697,152,1054
8697,153,1042
8697,154,1032
8697,155,1067
8697,156,1043
8697,157,1031
8697,158,1080
8697,159,1090
8697,160,1100
8697,161,1091
8697,162,1079
8697,163,1101
8697,164,1108
8697,165,1098
8697,166,1107
8697,167,1099
8697,168,1106
8697,169,1096
8697,170,1085
8697,171,1097
8697,172,1074
8697,173,1086
8697,174,1048
8697,175,1037
8697,176,1026
8697,177,1061
8697,178,1049
8697,179,1027
8697,180,1019
8697,181,1010
8697,182,1017
8697,183,1011
8697,184,1009
8697,185,1018
8697,186,1044
8697,187,1033
8697,188,1022
8697,189,1056
8697,190,1069
8697,191,1023
8697,192,1055
8697,193,1092
8697,194,1081
8697,195,1068
8697,196,1109
8697,197,1118
8697,198,1102
8697,199,1117
8697,200,1110
8697,201,1111
8697,202,1095
8697,203,1116
8697,204,1084
8697,205,1105
8697,206,1115
8697,207,1094
8697,208,1012
8697,209,1021
8697,210,1004
8697,211,1013
8697,212,1072
8697,213,1047
8697,214,1073
8697,215,1060
8697,216,1059
8697,217,1036
8697,218,1014
8697,219,1112
8697,220,1114
8697,221,58
8697,222,58
8697,223,0
8697,224,58
8697,225,58
8697,226,58
8697,227,0
8697,228,0
8697,229,58
8697,230,0
8697,231,58
8697,0,0
8697,0,0
8697,0,0
8697,0,0
8697,0,0
8697,0,0
8697,0,0
8697,0,0
8697,0,0
8697,0,0
8697,0,0
8697,0,0
8697,0,0
8697,0,0
8697,0,0
8697,0,0
8697,0,0
8697,0,0
8697,0,0
8697,0,0
8697,0,0
8697,0,0
8697,0,0
8697,0,0
8698,0,51
8698,1,63
8698,2,75
8698,3,50
8698,4,62
8698,5,64
8698,6,40
8698,7,58
8698,8,66
8698,9,53
8698,10,41
8698,11,65
8698,12,76
8698,13,89
8698,14,78
8698,15,88
8698,16,87
8698,17,77
8698,18,30
8698,19,39
8698,20,28
8698,21,20
8698,22,29
8698,23,38
8698,24,58
8698,25,42
8698,26,32
8698,27,67
8698,28,43
8698,29,31
8698,30,80
8698,31,90
8698,32,100
8698,33,91
8698,34,79
8698,35,101
8698,36,108
8698,37,98
8698,38,107
8698,39,99
8698,40,106
8698,41,96
8698,42,85
8698,43,97
8698,44,74
8698,45,86
8698,46,48
8698,47,37
8698,48,26
8698,49,61
8698,50,49
8698,51,27
8698,52,19
8698,53,10
8698,54,17
8698,55,11
8698,56,9
8698,57,18
8698,58,44
8698,59,33
8698,60,22
8698,61,56
8698,62,69
8698,63,23
8698,64,55
8698,65,92
8698,66,81
8698,67,68
8698,68,109
8698,69,118
8698,70,102
8698,71,117
8698,72,110
8698,73,111
8698,74,95
8698,75,116
8698,76,84
8698,77,105
8698,78,115
8698,79,94
8698,80,12
8698,81,21
8698,82,4
8698,83,13
8698,84,72
8698,85,47
8698,86,73
8698,87,60
8698,88,59
8698,89,36
8698,90,15
8698,91,14
8698,92,45
8698,93,24
8698,94,7
8698,95,34
8698,96,126
8698,97,112
8698,98,127
8698,99,119
8698,100,103
8698,101,120
8698,102,71
8698,103,114
8698,104,113
8698,105,83
8698,106,104
8698,107,121
8698,108,35
8698,109,25
8698,110,54
8698,111,52
8698,112,0
8698,113,0
8698,114,2
8698,115,3
8698,116,6
8698,117,5
8698,118,0
8698,119,0
8698,0,0
8698,0,0
8698,0,0
8698,0,0
8698,0,0
8698,0,0
8698,0,0
8698,0,0
8698,128,1051
8698,129,1063
8698,130,1075
8698,131,1050
8698,132,1062
8698,133,1064
8698,134,1040
8698,135,1052
8698,136,1066
8698,137,1053
8698,138,1041
8698,139,1065
8698,140,1076
8698,141,1089
8698,142,1078
8698,143,1088
8698,144,1087
8698,145,1077
8698,146,1030
8698,147,1039
8698,148,1028
8698,149,1020
8698,150,1029
8698,151,1038
8698,152,1054
8698,153,1042
8698,154,1032
8698,155,1067
8698,156,1043
8698,157,1031
8698,158,1080
8698,159,1090
8698,160,1100
8698,161,1091
8698,162,1079
8698,163,1101
8698,164,1108
8698,165,1098
8698,166,1107
8698,167,1099
8698,168,1106
8698,169,1096
8698,170,1085
8698,171,1097
8698,172,1074
8698,173,1086
8698,174,1048
8698,175,1037
8698,176,1026
8698,177,1061
8698,178,1049
8698,179,1027
8698,180,1019
8698,181,1010
8698,182,1017
8698,183,1011
8698,184,1009
8698,185,1018
8698,186,1044
8698,187,1033
8698,188,1022
8698,189,1056
8698,190,1069
8698,191,1023
8698,192,1055
8698,193,1092
8698,194,1081
8698,195,1068
8698,196,1109
8698,197,1118
8698,198,1102
8698,199,1117
8698,200,1110
8698,201,1111
8698,202,1095
8698,203,1116
8698,204,1084
8698,205,1105
8698,206,1115
8698,207,1094
8698,208,1012
8698,209,1021
8698,210,1004
8698,211,1013
8698,212,1072
8698,213,1047
8698,214,1073
8698,215,1060
8698,216,1059
8698,217,1036
8698,218,1014
8698,219,1112
8698,220,1114
8698,221,58
8698,222,58
8698,223,0
8698,224,58
8698,225,58
8698,226,58
8698,227,0
8698,228,0
8698,229,58
8698,230,0
8698,231,58
8698,0,0
8698,0,0
8698,0,0
8698,0,0
8698,0,0
8698,0,0
8698,0,0
8698,0,0
8698,0,0
8698,0,0
8698,0,0
8698,0,0
8698,0,0
8698,0,0
8698,0,0
8698,0,0
8698,0,0
8698,0,0
8698,0,0
8698,0,0
8698,0,0
8698,0,0
8698,0,0
8698,0,0
8699,0,51
8699,1,63
8699,2,75
8699,3,50
8699,4,62
8699,5,64
8699,6,40
8699,7,58
8699,8,66
8699,9,53
8699,10,41
8699,11,65
8699,12,76
8699,13,89
8699,14,78
8699,15,88
8699,16,87
8699,17,77
8699,18,30
8699,19,39
8699,20,28
8699,21,20
8699,22,29
8699,23,38
8699,24,58
8699,25,42
8699,26,32
8699,27,67
8699,28,43
8699,29,31
8699,30,80
8699,31,90
8699,32,100
8699,33,91
8699,34,79
8699,35,101
8699,36,108
8699,37,98
8699,38,107
8699,39,99
8699,40,106
8699,41,96
8699,42,85
8699,43,97
8699,44,74
8699,45,86
8699,46,48
8699,47,37
8699,48,26
8699,49,61
8699,50,49
8699,51,27
8699,52,19
8699,53,10
8699,54,17
8699,55,11
8699,56,9
8699,57,18
8699,58,44
8699,59,33
8699,60,22
8699,61,56
8699,62,69
8699,63,23
8699,64,55
8699,65,92
8699,66,81
8699,67,68
8699,68,109
8699,69,118
8699,70,102
8699,71,117
8699,72,110
8699,73,111
8699,74,95
8699,75,116
8699,76,84
8699,77,105
8699,78,115
8699,79,94
8699,80,12
8699,81,21
8699,82,4
8699,83,13
8699,84,72
8699,85,47
8699,86,73
8699,87,60
8699,88,59
8699,89,36
8699,90,15
8699,91,14
8699,92,45
8699,93,24
8699,94,7
8699,95,34
8699,96,126
8699,97,112
8699,98,127
8699,99,119
8699,100,103
8699,101,120
8699,102,71
8699,103,114
8699,104,113
8699,105,83
8699,106,104
8699,107,121
8699,108,35
8699,109,25
8699,110,54
8699,111,52
8699,112,0
8699,113,0
8699,114,2
8699,115,3
8699,116,6
8699,117,5
8699,118,0
8699,119,0
8699,0,0
8699,0,0
8699,0,0
8699,0,0
8699,0,0
8699,0,0
8699,0,0
8699,0,0
8699,128,1051
8699,129,1063
8699,130,1075
8699,131,1050
8699,132,1062
8699,133,1064
8699,134,1040
8699,135,1052
8699,136,1066
8699,137,1053
8699,138,1041
8699,139,1065
8699,140,1076
8699,141,1089
8699,142,1078
8699,143,1088
8699,144,1087
8699,145,1077
8699,146,1030
8699,147,1039
8699,148,1028
8699,149,1020
8699,150,1029
8699,151,1038
8699,152,1054
8699,153,1042
8699,154,1032
8699,155,1067
8699,156,1043
8699,157,1031
8699,158,1080
8699,159,1090
8699,160,1100
8699,161,1091
8699,162,1079
8699,163,1101
8699,164,1108
8699,165,1098
8699,166,1107
8699,167,1099
8699,168,1106
8699,169,1096
8699,170,1085
8699,171,1097
8699,172,1074
8699,173,1086
8699,174,1048
8699,175,1037
8699,176,1026
8699,177,1061
8699,178,1049
8699,179,1027
8699,180,1019
8699,181,1010
8699,182,1017
8699,183,1011
8699,184,1009
8699,185,1018
8699,186,1044
8699,187,1033
8699,188,1022
8699,189,1056
8699,190,1069
8699,191,1023
8699,192,1055
8699,193,1092
8699,194,1081
8699,195,1068
8699,196,1109
8699,197,1118
8699,198,1102
8699,199,1117
8699,200,1110
8699,201,1111
8699,202,1095
8699,203,1116
8699,204,1084
8699,205,1105
8699,206,1115
8699,207,1094
8699,208,1012
8699,209,1021
8699,210,1004
8699,211,1013
8699,212,1072
8699,213,1047
8699,214,1073
8699,215,1060
8699,216,1059
8699,217,1036
8699,218,1014
8699,219,1112
8699,220,1114
8699,221,58
8699,222,58
8699,223,0
8699,224,58
8699,225,58
8699,226,58
8699,227,0
8699,228,0
8699,229,58
8699,230,0
8699,231,58
8699,0,0
8699,0,0
8699,0,0
8699,0,0
8699,0,0
8699,0,0
8699,0,0
8699,0,0
8699,0,0
8699,0,0
8699,0,0
8699,0,0
8699,0,0
8699,0,0
8699,0,0
8699,0,0
8699,0,0
8699,0,0
8699,0,0
8699,0,0
8699,0,0
8699,0,0
8699,0,0
8699,0,0
8700,0,51
8700,1,63
8700,2,75
8700,3,50
8700,4,62
8700,5,64
8700,6,40
8700,7,58
8700,8,66
8700,9,53
8700,10,41
8700,11,65
8700,12,76
8700,13,89
8700,14,78
8700,15,88
8700,16,87
8700,17,77
8700,18,30
8700,19,39
8700,20,28
8700,21,20
8700,22,29
8700,23,38
8700,24,58
8700,25,42
8700,26,32
8700,27,67
8700,28,43
8700,29,31
8700,30,80
8700,31,90
8700,32,100
8700,33,91
8700,34,79
8700,35,101
8700,36,108
8700,37,98
8700,38,107
8700,39,99
8700,40,106
8700,41,96
8700,42,85
8700,43,97
8700,44,74
8700,45,86
8700,46,48
8700,47,37
8700,48,26
8700,49,61
8700,50,49
8700,51,27
8700,52,19
8700,53,10
8700,54,17
8700,55,11
8700,56,9
8700,57,18
8700,58,44
8700,59,33
8700,60,22
8700,61,56
8700,62,69
8700,63,23
8700,64,55
8700,65,92
8700,66,81
8700,67,68
8700,68,109
8700,69,118
8700,70,102
8700,71,117
8700,72,110
8700,73,111
8700,74,95
8700,75,116
8700,76,84
8700,77,105
8700,78,115
8700,79,94
8700,80,12
8700,81,21
8700,82,4
8700,83,13
8700,84,72
8700,85,47
8700,86,73
8700,87,60
8700,88,59
8700,89,36
8700,90,15
8700,91,14
8700,92,45
8700,93,24
8700,94,7
8700,95,34
8700,96,126
8700,97,112
8700,98,127
8700,99,119
8700,100,103
8700,101,120
8700,102,71
8700,103,114
8700,104,113
8700,105,83
8700,106,104
8700,107,121
8700,108,35
8700,109,25
8700,110,54
8700,111,52
8700,112,0
8700,113,0
8700,114,2
8700,115,3
8700,116,6
8700,117,5
8700,118,0
8700,119,0
8700,0,0
8700,0,0
8700,0,0
8700,0,0
8700,0,0
8700,0,0
8700,0,0
8700,0,0
8700,128,1051
8700,129,1063
8700,130,1075
8700,131,1050
8700,132,1062
8700,133,1064
8700,134,1040
8700,135,1052
8700,136,1066
8700,137,1053
8700,138,1041
8700,139,1065
8700,140,1076
8700,141,1089
8700,142,1078
8700,143,1088
8700,144,1087
8700,145,1077
8700,146,1030
8700,147,1039
8700,148,1028
8700,149,1020
8700,150,1029
8700,151,1038
8700,152,1054
8700,153,1042
8700,154,1032
8700,155,1067
8700,156,1043
8700,157,1031
8700,158,1080
8700,159,1090
8700,160,1100
8700,161,1091
8700,162,1079
8700,163,1101
8700,164,1108
8700,165,1098
8700,166,1107
8700,167,1099
8700,168,1106
8700,169,1096
8700,170,1085
8700,171,1097
8700,172,1074
8700,173,1086
8700,174,1048
8700,175,1037
8700,176,1026
8700,177,1061
8700,178,1049
8700,179,1027
8700,180,1019
8700,181,1010
8700,182,1017
8700,183,1011
8700,184,1009
8700,185,1018
8700,186,1044
8700,187,1033
8700,188,1022
8700,189,1056
8700,190,1069
8700,191,1023
8700,192,1055
8700,193,1092
8700,194,1081
8700,195,1068
8700,196,1109
8700,197,1118
8700,198,1102
8700,199,1117
8700,200,1110
8700,201,1111
8700,202,1095
8700,203,1116
8700,204,1084
8700,205,1105
8700,206,1115
8700,207,1094
8700,208,1012
8700,209,1021
8700,210,1004
8700,211,1013
8700,212,1072
8700,213,1047
8700,214,1073
8700,215,1060
8700,216,1059
8700,217,1036
8700,218,1014
8700,219,1112
8700,220,1114
8700,221,58
8700,222,58
8700,223,0
8700,224,58
8700,225,58
8700,226,58
8700,227,0
8700,228,0
8700,229,58
8700,230,0
8700,231,58
8700,0,0
8700,0,0
8700,0,0
8700,0,0
8700,0,0
8700,0,0
8700,0,0
8700,0,0
8700,0,0
8700,0,0
8700,0,0
8700,0,0
8700,0,0
8700,0,0
8700,0,0
8700,0,0
8700,0,0
8700,0,0
8700,0,0
8700,0,0
8700,0,0
8700,0,0
8700,0,0
8700,0,0
8704,0,51
8704,1,63
8704,2,75
8704,3,50
8704,4,62
8704,5,64
8704,6,40
8704,7,58
8704,8,66
8704,9,53
8704,10,41
8704,11,65
8704,12,76
8704,13,89
8704,14,78
8704,15,88
8704,16,87
8704,17,77
8704,18,30
8704,19,39
8704,20,28
8704,21,20
8704,22,29
8704,23,38
8704,24,58
8704,25,42
8704,26,32
8704,27,67
8704,28,43
8704,29,31
8704,30,80
8704,31,90
8704,32,100
8704,33,91
8704,34,79
8704,35,101
8704,36,108
8704,37,98
8704,38,107
8704,39,99
8704,40,106
8704,41,96
8704,42,85
8704,43,97
8704,44,74
8704,45,86
8704,46,48
8704,47,37
8704,48,26
8704,49,61
8704,50,49
8704,51,27
8704,52,19
8704,53,10
8704,54,17
8704,55,11
8704,56,9
8704,57,18
8704,58,44
8704,59,33
8704,60,22
8704,61,56
8704,62,69
8704,63,23
8704,64,55
8704,65,92
8704,66,81
8704,67,68
8704,68,109
8704,69,118
8704,70,102
8704,71,117
8704,72,110
8704,73,111
8704,74,95
8704,75,116
8704,76,84
8704,77,105
8704,78,115
8704,79,94
8704,80,12
8704,81,21
8704,82,4
8704,83,13
8704,84,72
8704,85,47
8704,86,73
8704,87,60
8704,88,59
8704,89,36
8704,90,15
8704,91,14
8704,92,45
8704,93,24
8704,94,7
8704,95,34
8704,96,126
8704,97,112
8704,98,127
8704,99,119
8704,100,103
8704,101,120
8704,102,71
8704,103,114
8704,104,113
8704,105,83
8704,106,104
8704,107,121
8704,108,35
8704,109,25
8704,110,54
8704,111,52
8704,112,0
8704,113,0
8704,114,2
8704,115,3
8704,116,6
8704,117,5
8704,118,0
8704,119,0
8704,0,0
8704,0,0
8704,0,0
8704,0,0
8704,0,0
8704,0,0
8704,0,0
8704,0,0
8704,128,1051
8704,129,1063
8704,130,1075
8704,131,1050
8704,132,1062
8704,133,1064
8704,134,1040
8704,135,1052
8704,136,1066
8704,137,1053
8704,138,1041
8704,139,1065
8704,140,1076
8704,141,1089
8704,142,1078
8704,143,1088
8704,144,1087
8704,145,1077
8704,146,1030
8704,147,1039
8704,148,1028
8704,149,1020
8704,150,1029
8704,151,1038
8704,152,1054
8704,153,1042
8704,154,1032
8704,155,1067
8704,156,1043
8704,157,1031
8704,158,1080
8704,159,1090
8704,160,1100
8704,161,1091
8704,162,1079
8704,163,1101
8704,164,1108
8704,165,1098
8704,166,1107
8704,167,1099
8704,168,1106
8704,169,1096
8704,170,1085
8704,171,1097
8704,172,1074
8704,173,1086
8704,174,1048
8704,175,1037
8704,176,1026
8704,177,1061
8704,178,1049
8704,179,1027
8704,180,1019
8704,181,1010
8704,182,1017
8704,183,1011
8704,184,1009
8704,185,1018
8704,186,1044
8704,187,1033
8704,188,1022
8704,189,1056
8704,190,1069
8704,191,1023
8704,192,1055
8704,193,1092
8704,194,1081
8704,195,1068
8704,196,1109
8704,197,1118
8704,198,1102
8704,199,1117
8704,200,1110
8704,201,1111
8704,202,1095
8704,203,1116
8704,204,1084
8704,205,1105
8704,206,1115
8704,207,1094
8704,208,1012
8704,209,1021
8704,210,1004
8704,211,1013
8704,212,1072
8704,213,1047
8704,214,1073
8704,215,1060
8704,216,1059
8704,217,1036
8704,218,1014
8704,219,1112
8704,220,1114
8704,221,58
8704,222,58
8704,223,0
8704,224,58
8704,225,58
8704,226,58
8704,227,0
8704,228,0
8704,229,58
8704,230,0
8704,231,58
8704,0,0
8704,0,0
8704,0,0
8704,0,0
8704,0,0
8704,0,0
8704,0,0
8704,0,0
8704,0,0
8704,0,0
8704,0,0
8704,0,0
8704,0,0
8704,0,0
8704,0,0
8704,0,0
8704,0,0
8704,0,0
8704,0,0
8704,0,0
8704,0,0
8704,0,0
8704,0,0
8704,0,0
8705,0,51
8705,1,63
8705,2,75
8705,3,50
8705,4,62
8705,5,64
8705,6,40
8705,7,58
8705,8,66
8705,9,53
8705,10,41
8705,11,65
8705,12,76
8705,13,89
8705,14,78
8705,15,88
8705,16,87
8705,17,77
8705,18,30
8705,19,39
8705,20,28
8705,21,20
8705,22,29
8705,23,38
8705,24,58
8705,25,42
8705,26,32
8705,27,67
8705,28,43
8705,29,31
8705,30,80
8705,31,90
8705,32,100
8705,33,91
8705,34,79
8705,35,101
8705,36,108
8705,37,98
8705,38,107
8705,39,99
8705,40,106
8705,41,96
8705,42,85
8705,43,97
8705,44,74
8705,45,86
8705,46,48
8705,47,37
8705,48,26
8705,49,61
8705,50,49
8705,51,27
8705,52,19
8705,53,10
8705,54,17
8705,55,11
8705,56,9
8705,57,18
8705,58,44
8705,59,33
8705,60,22
8705,61,56
8705,62,69
8705,63,23
8705,64,55
8705,65,92
8705,66,81
8705,67,68
8705,68,109
8705,69,118
8705,70,102
8705,71,117
8705,72,110
8705,73,111
8705,74,95
8705,75,116
8705,76,84
8705,77,105
8705,78,115
8705,79,94
8705,80,12
8705,81,21
8705,82,4
8705,83,13
8705,84,72
8705,85,47
8705,86,73
8705,87,60
8705,88,59
8705,89,36
8705,90,15
8705,91,14
8705,92,45
8705,93,24
8705,94,7
8705,95,34
8705,96,126
8705,97,112
8705,98,127
8705,99,119
8705,100,103
8705,101,120
8705,102,71
8705,103,114
8705,104,113
8705,105,83
8705,106,104
8705,107,121
8705,108,35
8705,109,25
8705,110,54
8705,111,52
8705,112,0
8705,113,0
8705,114,2
8705,115,3
8705,116,6
8705,117,5
8705,118,0
8705,119,0
8705,0,0
8705,0,0
8705,0,0
8705,0,0
8705,0,0
8705,0,0
8705,0,0
8705,0,0
8705,128,1051
8705,129,1063
8705,130,1075
8705,131,1050
8705,132,1062
8705,133,1064
8705,134,1040
8705,135,1052
8705,136,1066
8705,137,1053
8705,138,1041
8705,139,1065
8705,140,1076
8705,141,1089
8705,142,1078
8705,143,1088
8705,144,1087
8705,145,1077
8705,146,1030
8705,147,1039
8705,148,1028
8705,149,1020
8705,150,1029
8705,151,1038
8705,152,1054
8705,153,1042
8705,154,1032
8705,155,1067
8705,156,1043
8705,157,1031
8705,158,1080
8705,159,1090
8705,160,1100
8705,161,1091
8705,162,1079
8705,163,1101
8705,164,1108
8705,165,1098
8705,166,1107
8705,167,1099
8705,168,1106
8705,169,1096
8705,170,1085
8705,171,1097
8705,172,1074
8705,173,1086
8705,174,1048
8705,175,1037
8705,176,1026
8705,177,1061
8705,178,1049
8705,179,1027
8705,180,1019
8705,181,1010
8705,182,1017
8705,183,1011
8705,184,1009
8705,185,1018
8705,186,1044
8705,187,1033
8705,188,1022
8705,189,1056
8705,190,1069
8705,191,1023
8705,192,1055
8705,193,1092
8705,194,1081
8705,195,1068
8705,196,1109
8705,197,1118
8705,198,1102
8705,199,1117
8705,200,1110
8705,201,1111
8705,202,1095
8705,203,1116
8705,204,1084
8705,205,1105
8705,206,1115
8705,207,1094
8705,208,1012
8705,209,1021
8705,210,1004
8705,211,1013
8705,212,1072
8705,213,1047
8705,214,1073
8705,215,1060
8705,216,1059
8705,217,1036
8705,218,1014
8705,219,1112
8705,220,1114
8705,221,58
8705,222,58
8705,223,0
8705,224,58
8705,225,58
8705,226,58
8705,227,0
8705,228,0
8705,229,58
8705,230,0
8705,231,58
8705,0,0
8705,0,0
8705,0,0
8705,0,0
8705,0,0
8705,0,0
8705,0,0
8705,0,0
8705,0,0
8705,0,0
8705,0,0
8705,0,0
8705,0,0
8705,0,0
8705,0,0
8705,0,0
8705,0,0
8705,0,0
8705,0,0
8705,0,0
8705,0,0
8705,0,0
8705,0,0
8705,0,0
8706,0,51
8706,1,63
8706,2,75
8706,3,50
8706,4,62
8706,5,64
8706,6,40
8706,7,58
8706,8,66
8706,9,53
8706,10,41
8706,11,65
8706,12,76
8706,13,89
8706,14,78
8706,15,88
8706,16,87
8706,17,77
8706,18,30
8706,19,39
8706,20,28
8706,21,20
8706,22,29
8706,23,38
8706,24,58
8706,25,42
8706,26,32
8706,27,67
8706,28,43
8706,29,31
8706,30,80
8706,31,90
8706,32,100
8706,33,91
8706,34,79
8706,35,101
8706,36,108
8706,37,98
8706,38,107
8706,39,99
8706,40,106
8706,41,96
8706,42,85
8706,43,97
8706,44,74
8706,45,86
8706,46,48
8706,47,37
8706,48,26
8706,49,61
8706,50,49
8706,51,27
8706,52,19
8706,53,10
8706,54,17
8706,55,11
8706,56,9
8706,57,18
8706,58,44
8706,59,33
8706,60,22
8706,61,56
8706,62,69
8706,63,23
8706,64,55
8706,65,92
8706,66,81
8706,67,68
8706,68,109
8706,69,118
8706,70,102
8706,71,117
8706,72,110
8706,73,111
8706,74,95
8706,75,116
8706,76,84
8706,77,105
8706,78,115
8706,79,94
8706,80,12
8706,81,21
8706,82,4
8706,83,13
8706,84,72
8706,85,47
8706,86,73
8706,87,60
8706,88,59
8706,89,36
8706,90,15
8706,91,14
8706,92,45
8706,93,24
8706,94,7
8706,95,34
8706,96,126
8706,97,112
8706,98,127
8706,99,119
8706,100,103
8706,101,120
8706,102,71
8706,103,114
8706,104,113
8706,105,83
8706,106,104
8706,107,121
8706,108,35
8706,109,25
8706,110,54
8706,111,52
8706,112,0
8706,113,0
8706,114,2
8706,115,3
8706,116,6
8706,117,5
8706,118,0
8706,119,0
8706,0,0
8706,0,0
8706,0,0
8706,0,0
8706,0,0
8706,0,0
8706,0,0
8706,0,0
8706,128,1051
8706,129,1063
8706,130,1075
8706,131,1050
8706,132,1062
8706,133,1064
8706,134,1040
8706,135,1052
8706,136,1066
8706,137,1053
8706,138,1041
8706,139,1065
8706,140,1076
8706,141,1089
8706,142,1078
8706,143,1088
8706,144,1087
8706,145,1077
8706,146,1030
8706,147,1039
8706,148,1028
8706,149,1020
8706,150,1029
8706,151,1038
8706,152,1054
8706,153,1042
8706,154,1032
8706,155,1067
8706,156,1043
8706,157,1031
8706,158,1080
8706,159,1090
8706,160,1100
8706,161,1091
8706,162,1079
8706,163,1101
8706,164,1108
8706,165,1098
8706,166,1107
8706,167,1099
8706,168,1106
8706,169,1096
8706,170,1085
8706,171,1097
8706,172,1074
8706,173,1086
8706,174,1048
8706,175,1037
8706,176,1026
8706,177,1061
8706,178,1049
8706,179,1027
8706,180,1019
8706,181,1010
8706,182,1017
8706,183,1011
8706,184,1009
8706,185,1018
8706,186,1044
8706,187,1033
8706,188,1022
8706,189,1056
8706,190,1069
8706,191,1023
8706,192,1055
8706,193,1092
8706,194,1081
8706,195,1068
8706,196,1109
8706,197,1118
8706,198,1102
8706,199,1117
8706,200,1110
8706,201,1111
8706,202,1095
8706,203,1116
8706,204,1084
8706,205,1105
8706,206,1115
8706,207,1094
8706,208,1012
8706,209,1021
8706,210,1004
8706,211,1013
8706,212,1072
8706,213,1047
8706,214,1073
8706,215,1060
8706,216,1059
8706,217,1036
8706,218,1014
8706,219,1112
8706,220,1114
8706,221,58
8706,222,58
8706,223,0
8706,224,58
8706,225,58
8706,226,58
8706,227,0
8706,228,0
8706,229,58
8706,230,0
8706,231,58
8706,0,0
8706,0,0
8706,0,0
8706,0,0
8706,0,0
8706,0,0
8706,0,0
8706,0,0
8706,0,0
8706,0,0
8706,0,0
8706,0,0
8706,0,0
8706,0,0
8706,0,0
8706,0,0
8706,0,0
8706,0,0
8706,0,0
8706,0,0
8706,0,0
8706,0,0
8706,0,0
8706,0,0
8707,0,51
8707,1,63
8707,2,75
8707,3,50
8707,4,62
8707,5,64
8707,6,40
8707,7,58
8707,8,66
8707,9,53
8707,10,41
8707,11,65
8707,12,76
8707,13,89
8707,14,78
8707,15,88
8707,16,87
8707,17,77
8707,18,30
8707,19,39
8707,20,28
8707,21,20
8707,22,29
8707,23,38
8707,24,58
8707,25,42
8707,26,32
8707,27,67
8707,28,43
8707,29,31
8707,30,80
8707,31,90
8707,32,100
8707,33,91
8707,34,79
8707,35,101
8707,36,108
8707,37,98
8707,38,107
8707,39,99
8707,40,106
8707,41,96
8707,42,85
8707,43,97
8707,44,74
8707,45,86
8707,46,48
8707,47,37
8707,48,26
8707,49,61
8707,50,49
8707,51,27
8707,52,19
8707,53,10
8707,54,17
8707,55,11
8707,56,9
8707,57,18
8707,58,44
8707,59,33
8707,60,22
8707,61,56
8707,62,69
8707,63,23
8707,64,55
8707,65,92
8707,66,81
8707,67,68
8707,68,109
8707,69,118
8707,70,102
8707,71,117
8707,72,110
8707,73,111
8707,74,95
8707,75,116
8707,76,84
8707,77,105
8707,78,115
8707,79,94
8707,80,12
8707,81,21
8707,82,4
8707,83,13
8707,84,72
8707,85,47
8707,86,73
8707,87,60
8707,88,59
8707,89,36
8707,90,15
8707,91,14
8707,92,45
8707,93,24
8707,94,7
8707,95,34
8707,96,126
8707,97,112
8707,98,127
8707,99,119
8707,100,103
8707,101,120
8707,102,71
8707,103,114
8707,104,113
8707,105,83
8707,106,104
8707,107,121
8707,108,35
8707,109,25
8707,110,54
8707,111,52
8707,112,0
8707,113,0
8707,114,2
8707,115,3
8707,116,6
8707,117,5
8707,118,0
8707,119,0
8707,0,0
8707,0,0
8707,0,0
8707,0,0
8707,0,0
8707,0,0
8707,0,0
8707,0,0
8707,128,1051
8707,129,1063
8707,130,1075
8707,131,1050
8707,132,1062
8707,133,1064
8707,134,1040
8707,135,1052
8707,136,1066
8707,137,1053
8707,138,1041
8707,139,1065
8707,140,1076
8707,141,1089
8707,142,1078
8707,143,1088
8707,144,1087
8707,145,1077
8707,146,1030
8707,147,1039
8707,148,1028
8707,149,1020
8707,150,1029
8707,151,1038
8707,152,1054
8707,153,1042
8707,154,1032
8707,155,1067
8707,156,1043
8707,157,1031
8707,158,1080
8707,159,1090
8707,160,1100
8707,161,1091
8707,162,1079
8707,163,1101
8707,164,1108
8707,165,1098
8707,166,1107
8707,167,1099
8707,168,1106
8707,169,1096
8707,170,1085
8707,171,1097
8707,172,1074
8707,173,1086
8707,174,1048
8707,175,1037
8707,176,1026
8707,177,1061
8707,178,1049
8707,179,1027
8707,180,1019
8707,181,1010
8707,182,1017
8707,183,1011
8707,184,1009
8707,185,1018
8707,186,1044
8707,187,1033
8707,188,1022
8707,189,1056
8707,190,1069
8707,191,1023
8707,192,1055
8707,193,1092
8707,194,1081
8707,195,1068
8707,196,1109
8707,197,1118
8707,198,1102
8707,199,1117
8707,200,1110
8707,201,1111
8707,202,1095
8707,203,1116
8707,204,1084
8707,205,1105
8707,206,1115
8707,207,1094
8707,208,1012
8707,209,1021
8707,210,1004
8707,211,1013
8707,212,1072
8707,213,1047
8707,214,1073
8707,215,1060
8707,216,1059
8707,217,1036
8707,218,1014
8707,219,1112
8707,220,1114
8707,221,58
8707,222,58
8707,223,0
8707,224,58
8707,225,58
8707,226,58
8707,227,0
8707,228,0
8707,229,58
8707,230,0
8707,231,58
8707,0,0
8707,0,0
8707,0,0
8707,0,0
8707,0,0
8707,0,0
8707,0,0
8707,0,0
8707,0,0
8707,0,0
8707,0,0
8707,0,0
8707,0,0
8707,0,0
8707,0,0
8707,0,0
8707,0,0
8707,0,0
8707,0,0
8707,0,0
8707,0,0
8707,0,0
8707,0,0
8707,0,0
8708,0,51
8708,1,63
8708,2,75
8708,3,50
8708,4,62
8708,5,64
8708,6,40
8708,7,58
8708,8,66
8708,9,53
8708,10,41
8708,11,65
8708,12,76
8708,13,89
8708,14,78
8708,15,88
8708,16,87
8708,17,77
8708,18,30
8708,19,39
8708,20,28
8708,21,20
8708,22,29
8708,23,38
8708,24,58
8708,25,42
8708,26,32
8708,27,67
8708,28,43
8708,29,31
8708,30,80
8708,31,90
8708,32,100
8708,33,91
8708,34,79
8708,35,101
8708,36,108
8708,37,98
8708,38,107
8708,39,99
8708,40,106
8708,41,96
8708,42,85
8708,43,97
8708,44,74
8708,45,86
8708,46,48
8708,47,37
8708,48,26
8708,49,61
8708,50,49
8708,51,27
8708,52,19
8708,53,10
8708,54,17
8708,55,11
8708,56,9
8708,57,18
8708,58,44
8708,59,33
8708,60,22
8708,61,56
8708,62,69
8708,63,23
8708,64,55
8708,65,92
8708,66,81
8708,67,68
8708,68,109
8708,69,118
8708,70,102
8708,71,117
8708,72,110
8708,73,111
8708,74,95
8708,75,116
8708,76,84
8708,77,105
8708,78,115
8708,79,94
8708,80,12
8708,81,21
8708,82,4
8708,83,13
8708,84,72
8708,85,47
8708,86,73
8708,87,60
8708,88,59
8708,89,36
8708,90,15
8708,91,14
8708,92,45
8708,93,24
8708,94,7
8708,95,34
8708,96,126
8708,97,112
8708,98,127
8708,99,119
8708,100,103
8708,101,120
8708,102,71
8708,103,114
8708,104,113
8708,105,83
8708,106,104
8708,107,121
8708,108,35
8708,109,25
8708,110,54
8708,111,52
8708,112,0
8708,113,0
8708,114,2
8708,115,3
8708,116,6
8708,117,5
8708,118,0
8708,119,0
8708,0,0
8708,0,0
8708,0,0
8708,0,0
8708,0,0
8708,0,0
8708,0,0
8708,0,0
8708,128,1051
8708,129,1063
8708,130,1075
8708,131,1050
8708,132,1062
8708,133,1064
8708,134,1040
8708,135,1052
8708,136,1066
8708,137,1053
8708,138,1041
8708,139,1065
8708,140,1076
8708,141,1089
8708,142,1078
8708,143,1088
8708,144,1087
8708,145,1077
8708,146,1030
8708,147,1039
8708,148,1028
8708,149,1020
8708,150,1029
8708,151,1038
8708,152,1054
8708,153,1042
8708,154,1032
8708,155,1067
8708,156,1043
8708,157,1031
8708,158,1080
8708,159,1090
8708,160,1100
8708,161,1091
8708,162,1079
8708,163,1101
8708,164,1108
8708,165,1098
8708,166,1107
8708,167,1099
8708,168,1106
8708,169,1096
8708,170,1085
8708,171,1097
8708,172,1074
8708,173,1086
8708,174,1048
8708,175,1037
8708,176,1026
8708,177,1061
8708,178,1049
8708,179,1027
8708,180,1019
8708,181,1010
8708,182,1017
8708,183,1011
8708,184,1009
8708,185,1018
8708,186,1044
8708,187,1033
8708,188,1022
8708,189,1056
8708,190,1069
8708,191,1023
8708,192,1055
8708,193,1092
8708,194,1081
8708,195,1068
8708,196,1109
8708,197,1118
8708,198,1102
8708,199,1117
8708,200,1110
8708,201,1111
8708,202,1095
8708,203,1116
8708,204,1084
8708,205,1105
8708,206,1115
8708,207,1094
8708,208,1012
8708,209,1021
8708,210,1004
8708,211,1013
8708,212,1072
8708,213,1047
8708,214,1073
8708,215,1060
8708,216,1059
8708,217,1036
8708,218,1014
8708,219,1112
8708,220,1114
8708,221,58
8708,222,58
8708,223,0
8708,224,58
8708,225,58
8708,226,58
8708,227,0
8708,228,0
8708,229,58
8708,230,0
8708,231,58
8708,0,0
8708,0,0
8708,0,0
8708,0,0
8708,0,0
8708,0,0
8708,0,0
8708,0,0
8708,0,0
8708,0,0
8708,0,0
8708,0,0
8708,0,0
8708,0,0
8708,0,0
8708,0,0
8708,0,0
8708,0,0
8708,0,0
8708,0,0
8708,0,0
8708,0,0
8708,0,0
8708,0,0
8709,0,51
8709,1,63
8709,2,75
8709,3,50
8709,4,62
8709,5,64
8709,6,40
8709,7,58
8709,8,66
8709,9,53
8709,10,41
8709,11,65
8709,12,76
8709,13,89
8709,14,78
8709,15,88
8709,16,87
8709,17,77
8709,18,30
8709,19,39
8709,20,28
8709,21,20
8709,22,29
8709,23,38
8709,24,58
8709,25,42
8709,26,32
8709,27,67
8709,28,43
8709,29,31
8709,30,80
8709,31,90
8709,32,100
8709,33,91
8709,34,79
8709,35,101
8709,36,108
8709,37,98
8709,38,107
8709,39,99
8709,40,106
8709,41,96
8709,42,85
8709,43,97
8709,44,74
8709,45,86
8709,46,48
8709,47,37
8709,48,26
8709,49,61
8709,50,49
8709,51,27
8709,52,19
8709,53,10
8709,54,17
8709,55,11
8709,56,9
8709,57,18
8709,58,44
8709,59,33
8709,60,22
8709,61,56
8709,62,69
8709,63,23
8709,64,55
8709,65,92
8709,66,81
8709,67,68
8709,68,109
8709,69,118
8709,70,102
8709,71,117
8709,72,110
8709,73,111
8709,74,95
8709,75,116
8709,76,84
8709,77,105
8709,78,115
8709,79,94
8709,80,12
8709,81,21
8709,82,4
8709,83,13
8709,84,72
8709,85,47
8709,86,73
8709,87,60
8709,88,59
8709,89,36
8709,90,15
8709,91,14
8709,92,45
8709,93,24
8709,94,7
8709,95,34
8709,96,126
8709,97,112
8709,98,127
8709,99,119
8709,100,103
8709,101,120
8709,102,71
8709,103,114
8709,104,113
8709,105,83
8709,106,104
8709,107,121
8709,108,35
8709,109,25
8709,110,54
8709,111,52
8709,112,0
8709,113,0
8709,114,2
8709,115,3
8709,116,6
8709,117,5
8709,118,0
8709,119,0
8709,0,0
8709,0,0
8709,0,0
8709,0,0
8709,0,0
8709,0,0
8709,0,0
8709,0,0
8709,128,1051
8709,129,1063
8709,130,1075
8709,131,1050
8709,132,1062
8709,133,1064
8709,134,1040
8709,135,1052
8709,136,1066
8709,137,1053
8709,138,1041
8709,139,1065
8709,140,1076
8709,141,1089
8709,142,1078
8709,143,1088
8709,144,1087
8709,145,1077
8709,146,1030
8709,147,1039
8709,148,1028
8709,149,1020
8709,150,1029
8709,151,1038
8709,152,1054
8709,153,1042
8709,154,1032
8709,155,1067
8709,156,1043
8709,157,1031
8709,158,1080
8709,159,1090
8709,160,1100
8709,161,1091
8709,162,1079
8709,163,1101
8709,164,1108
8709,165,1098
8709,166,1107
8709,167,1099
8709,168,1106
8709,169,1096
8709,170,1085
8709,171,1097
8709,172,1074
8709,173,1086
8709,174,1048
8709,175,1037
8709,176,1026
8709,177,1061
8709,178,1049
8709,179,1027
8709,180,1019
8709,181,1010
8709,182,1017
8709,183,1011
8709,184,1009
8709,185,1018
8709,186,1044
8709,187,1033
8709,188,1022
8709,189,1056
8709,190,1069
8709,191,1023
8709,192,1055
8709,193,1092
8709,194,1081
8709,195,1068
8709,196,1109
8709,197,1118
8709,198,1102
8709,199,1117
8709,200,1110
8709,201,1111
8709,202,1095
8709,203,1116
8709,204,1084
8709,205,1105
8709,206,1115
8709,207,1094
8709,208,1012
8709,209,1021
8709,210,1004
8709,211,1013
8709,212,1072
8709,213,1047
8709,214,1073
8709,215,1060
8709,216,1059
8709,217,1036
8709,218,1014
8709,219,1112
8709,220,1114
8709,221,58
8709,222,58
8709,223,0
8709,224,58
8709,225,58
8709,226,58
8709,227,0
8709,228,0
8709,229,58
8709,230,0
8709,231,58
8709,0,0
8709,0,0
8709,0,0
8709,0,0
8709,0,0
8709,0,0
8709,0,0
8709,0,0
8709,0,0
8709,0,0
8709,0,0
8709,0,0
8709,0,0
8709,0,0
8709,0,0
8709,0,0
8709,0,0
8709,0,0
8709,0,0
8709,0,0
8709,0,0
8709,0,0
8709,0,0
8709,0,0
8710,0,51
8710,1,63
8710,2,75
8710,3,50
8710,4,62
8710,5,64
8710,6,40
8710,7,58
8710,8,66
8710,9,53
8710,10,41
8710,11,65
8710,12,76
8710,13,89
8710,14,78
8710,15,88
8710,16,87
8710,17,77
8710,18,30
8710,19,39
8710,20,28
8710,21,20
8710,22,29
8710,23,38
8710,24,58
8710,25,42
8710,26,32
8710,27,67
8710,28,43
8710,29,31
8710,30,80
8710,31,90
8710,32,100
8710,33,91
8710,34,79
8710,35,101
8710,36,108
8710,37,98
8710,38,107
8710,39,99
8710,40,106
8710,41,96
8710,42,85
8710,43,97
8710,44,74
8710,45,86
8710,46,48
8710,47,37
8710,48,26
8710,49,61
8710,50,49
8710,51,27
8710,52,19
8710,53,10
8710,54,17
8710,55,11
8710,56,9
8710,57,18
8710,58,44
8710,59,33
8710,60,22
8710,61,56
8710,62,69
8710,63,23
8710,64,55
8710,65,92
8710,66,81
8710,67,68
8710,68,109
8710,69,118
8710,70,102
8710,71,117
8710,72,110
8710,73,111
8710,74,95
8710,75,116
8710,76,84
8710,77,105
8710,78,115
8710,79,94
8710,80,12
8710,81,21
8710,82,4
8710,83,13
8710,84,72
8710,85,47
8710,86,73
8710,87,60
8710,88,59
8710,89,36
8710,90,15
8710,91,14
8710,92,45
8710,93,24
8710,94,7
8710,95,34
8710,96,126
8710,97,112
8710,98,127
8710,99,119
8710,100,103
8710,101,120
8710,102,71
8710,103,114
8710,104,113
8710,105,83
8710,106,104
8710,107,121
8710,108,35
8710,109,25
8710,110,54
8710,111,52
8710,112,0
8710,113,0
8710,114,2
8710,115,3
8710,116,6
8710,117,5
8710,118,0
8710,119,0
8710,0,0
8710,0,0
8710,0,0
8710,0,0
8710,0,0
8710,0,0
8710,0,0
8710,0,0
8710,128,1051
8710,129,1063
8710,130,1075
8710,131,1050
8710,132,1062
8710,133,1064
8710,134,1040
8710,135,1052
8710,136,1066
8710,137,1053
8710,138,1041
8710,139,1065
8710,140,1076
8710,141,1089
8710,142,1078
8710,143,1088
8710,144,1087
8710,145,1077
8710,146,1030
8710,147,1039
8710,148,1028
8710,149,1020
8710,150,1029
8710,151,1038
8710,152,1054
8710,153,1042
8710,154,1032
8710,155,1067
8710,156,1043
8710,157,1031
8710,158,1080
8710,159,1090
8710,160,1100
8710,161,1091
8710,162,1079
8710,163,1101
8710,164,1108
8710,165,1098
8710,166,1107
8710,167,1099
8710,168,1106
8710,169,1096
8710,170,1085
8710,171,1097
8710,172,1074
8710,173,1086
8710,174,1048
8710,175,1037
8710,176,1026
8710,177,1061
8710,178,1049
8710,179,1027
8710,180,1019
8710,181,1010
8710,182,1017
8710,183,1011
8710,184,1009
8710,185,1018
8710,186,1044
8710,187,1033
8710,188,1022
8710,189,1056
8710,190,1069
8710,191,1023
8710,192,1055
8710,193,1092
8710,194,1081
8710,195,1068
8710,196,1109
8710,197,1118
8710,198,1102
8710,199,1117
8710,200,1110
8710,201,1111
8710,202,1095
8710,203,1116
8710,204,1084
8710,205,1105
8710,206,1115
8710,207,1094
8710,208,1012
8710,209,1021
8710,210,1004
8710,211,1013
8710,212,1072
8710,213,1047
8710,214,1073
8710,215,1060
8710,216,1059
8710,217,1036
8710,218,1014
8710,219,1112
8710,220,1114
8710,221,58
8710,222,58
8710,223,0
8710,224,58
8710,225,58
8710,226,58
8710,227,0
8710,228,0
8710,229,58
8710,230,0
8710,231,58
8710,0,0
8710,0,0
8710,0,0
8710,0,0
8710,0,0
8710,0,0
8710,0,0
8710,0,0
8710,0,0
8710,0,0
8710,0,0
8710,0,0
8710,0,0
8710,0,0
8710,0,0
8710,0,0
8710,0,0
8710,0,0
8710,0,0
8710,0,0
8710,0,0
8710,0,0
8710,0,0
8710,0,0
8711,0,51
8711,1,63
8711,2,75
8711,3,50
8711,4,62
8711,5,64
8711,6,40
8711,7,58
8711,8,66
8711,9,53
8711,10,41
8711,11,65
8711,12,76
8711,13,89
8711,14,78
8711,15,88
8711,16,87
8711,17,77
8711,18,30
8711,19,39
8711,20,28
8711,21,20
8711,22,29
8711,23,38
8711,24,58
8711,25,42
8711,26,32
8711,27,67
8711,28,43
8711,29,31
8711,30,80
8711,31,90
8711,32,100
8711,33,91
8711,34,79
8711,35,101
8711,36,108
8711,37,98
8711,38,107
8711,39,99
8711,40,106
8711,41,96
8711,42,85
8711,43,97
8711,44,74
8711,45,86
8711,46,48
8711,47,37
8711,48,26
8711,49,61
8711,50,49
8711,51,27
8711,52,19
8711,53,10
8711,54,17
8711,55,11
8711,56,9
8711,57,18
8711,58,44
8711,59,33
8711,60,22
8711,61,56
8711,62,69
8711,63,23
8711,64,55
8711,65,92
8711,66,81
8711,67,68
8711,68,109
8711,69,118
8711,70,102
8711,71,117
8711,72,110
8711,73,111
8711,74,95
8711,75,116
8711,76,84
8711,77,105
8711,78,115
8711,79,94
8711,80,12
8711,81,21
8711,82,4
8711,83,13
8711,84,72
8711,85,47
8711,86,73
8711,87,60
8711,88,59
8711,89,36
8711,90,15
8711,91,14
8711,92,45
8711,93,24
8711,94,7
8711,95,34
8711,96,126
8711,97,112
8711,98,127
8711,99,119
8711,100,103
8711,101,120
8711,102,71
8711,103,114
8711,104,113
8711,105,83
8711,106,104
8711,107,121
8711,108,35
8711,109,25
8711,110,54
8711,111,52
8711,112,0
8711,113,0
8711,114,2
8711,115,3
8711,116,6
8711,117,5
8711,118,0
8711,119,0
8711,0,0
8711,0,0
8711,0,0
8711,0,0
8711,0,0
8711,0,0
8711,0,0
8711,0,0
8711,128,1051
8711,129,1063
8711,130,1075
8711,131,1050
8711,132,1062
8711,133,1064
8711,134,1040
8711,135,1052
8711,136,1066
8711,137,1053
8711,138,1041
8711,139,1065
8711,140,1076
8711,141,1089
8711,142,1078
8711,143,1088
8711,144,1087
8711,145,1077
8711,146,1030
8711,147,1039
8711,148,1028
8711,149,1020
8711,150,1029
8711,151,1038
8711,152,1054
8711,153,1042
8711,154,1032
8711,155,1067
8711,156,1043
8711,157,1031
8711,158,1080
8711,159,1090
8711,160,1100
8711,161,1091
8711,162,1079
8711,163,1101
8711,164,1108
8711,165,1098
8711,166,1107
8711,167,1099
8711,168,1106
8711,169,1096
8711,170,1085
8711,171,1097
8711,172,1074
8711,173,1086
8711,174,1048
8711,175,1037
8711,176,1026
8711,177,1061
8711,178,1049
8711,179,1027
8711,180,1019
8711,181,1010
8711,182,1017
8711,183,1011
8711,184,1009
8711,185,1018
8711,186,1044
8711,187,1033
8711,188,1022
8711,189,1056
8711,190,1069
8711,191,1023
8711,192,1055
8711,193,1092
8711,194,1081
8711,195,1068
8711,196,1109
8711,197,1118
8711,198,1102
8711,199,1117
8711,200,1110
8711,201,1111
8711,202,1095
8711,203,1116
8711,204,1084
8711,205,1105
8711,206,1115
8711,207,1094
8711,208,1012
8711,209,1021
8711,210,1004
8711,211,1013
8711,212,1072
8711,213,1047
8711,214,1073
8711,215,1060
8711,216,1059
8711,217,1036
8711,218,1014
8711,219,1112
8711,220,1114
8711,221,58
8711,222,58
8711,223,0
8711,224,58
8711,225,58
8711,226,58
8711,227,0
8711,228,0
8711,229,58
8711,230,0
8711,231,58
8711,0,0
8711,0,0
8711,0,0
8711,0,0
8711,0,0
8711,0,0
8711,0,0
8711,0,0
8711,0,0
8711,0,0
8711,0,0
8711,0,0
8711,0,0
8711,0,0
8711,0,0
8711,0,0
8711,0,0
8711,0,0
8711,0,0
8711,0,0
8711,0,0
8711,0,0
8711,0,0
8711,0,0
8712,0,51
8712,1,63
8712,2,75
8712,3,50
8712,4,62
8712,5,64
8712,6,40
8712,7,58
8712,8,66
8712,9,53
8712,10,41
8712,11,65
8712,12,76
8712,13,89
8712,14,78
8712,15,88
8712,16,87
8712,17,77
8712,18,30
8712,19,39
8712,20,28
8712,21,20
8712,22,29
8712,23,38
8712,24,58
8712,25,42
8712,26,32
8712,27,67
8712,28,43
8712,29,31
8712,30,80
8712,31,90
8712,32,100
8712,33,91
8712,34,79
8712,35,101
8712,36,108
8712,37,98
8712,38,107
8712,39,99
8712,40,106
8712,41,96
8712,42,85
8712,43,97
8712,44,74
8712,45,86
8712,46,48
8712,47,37
8712,48,26
8712,49,61
8712,50,49
8712,51,27
8712,52,19
8712,53,10
8712,54,17
8712,55,11
8712,56,9
8712,57,18
8712,58,44
8712,59,33
8712,60,22
8712,61,56
8712,62,69
8712,63,23
8712,64,55
8712,65,92
8712,66,81
8712,67,68
8712,68,109
8712,69,118
8712,70,102
8712,71,117
8712,72,110
8712,73,111
8712,74,95
8712,75,116
8712,76,84
8712,77,105
8712,78,115
8712,79,94
8712,80,12
8712,81,21
8712,82,4
8712,83,13
8712,84,72
8712,85,47
8712,86,73
8712,87,60
8712,88,59
8712,89,36
8712,90,15
8712,91,14
8712,92,45
8712,93,24
8712,94,7
8712,95,34
8712,96,126
8712,97,112
8712,98,127
8712,99,119
8712,100,103
8712,101,120
8712,102,71
8712,103,114
8712,104,113
8712,105,83
8712,106,104
8712,107,121
8712,108,35
8712,109,25
8712,110,54
8712,111,52
8712,112,0
8712,113,0
8712,114,2
8712,115,3
8712,116,6
8712,117,5
8712,118,0
8712,119,0
8712,0,0
8712,0,0
8712,0,0
8712,0,0
8712,0,0
8712,0,0
8712,0,0
8712,0,0
8712,128,1051
8712,129,1063
8712,130,1075
8712,131,1050
8712,132,1062
8712,133,1064
8712,134,1040
8712,135,1052
8712,136,1066
8712,137,1053
8712,138,1041
8712,139,1065
8712,140,1076
8712,141,1089
8712,142,1078
8712,143,1088
8712,144,1087
8712,145,1077
8712,146,1030
8712,147,1039
8712,148,1028
8712,149,1020
8712,150,1029
8712,151,1038
8712,152,1054
8712,153,1042
8712,154,1032
8712,155,1067
8712,156,1043
8712,157,1031
8712,158,1080
8712,159,1090
8712,160,1100
8712,161,1091
8712,162,1079
8712,163,1101
8712,164,1108
8712,165,1098
8712,166,1107
8712,167,1099
8712,168,1106
8712,169,1096
8712,170,1085
8712,171,1097
8712,172,1074
8712,173,1086
8712,174,1048
8712,175,1037
8712,176,1026
8712,177,1061
8712,178,1049
8712,179,1027
8712,180,1019
8712,181,1010
8712,182,1017
8712,183,1011
8712,184,1009
8712,185,1018
8712,186,1044
8712,187,1033
8712,188,1022
8712,189,1056
8712,190,1069
8712,191,1023
8712,192,1055
8712,193,1092
8712,194,1081
8712,195,1068
8712,196,1109
8712,197,1118
8712,198,1102
8712,199,1117
8712,200,1110
8712,201,1111
8712,202,1095
8712,203,1116
8712,204,1084
8712,205,1105
8712,206,1115
8712,207,1094
8712,208,1012
8712,209,1021
8712,210,1004
8712,211,1013
8712,212,1072
8712,213,1047
8712,214,1073
8712,215,1060
8712,216,1059
8712,217,1036
8712,218,1014
8712,219,1112
8712,220,1114
8712,221,58
8712,222,58
8712,223,0
8712,224,58
8712,225,58
8712,226,58
8712,227,0
8712,228,0
8712,229,58
8712,230,0
8712,231,58
8712,0,0
8712,0,0
8712,0,0
8712,0,0
8712,0,0
8712,0,0
8712,0,0
8712,0,0
8712,0,0
8712,0,0
8712,0,0
8712,0,0
8712,0,0
8712,0,0
8712,0,0
8712,0,0
8712,0,0
8712,0,0
8712,0,0
8712,0,0
8712,0,0
8712,0,0
8712,0,0
8712,0,0
8713,0,51
8713,1,63
8713,2,75
8713,3,50
8713,4,62
8713,5,64
8713,6,40
8713,7,58
8713,8,66
8713,9,53
8713,10,41
8713,11,65
8713,12,76
8713,13,89
8713,14,78
8713,15,88
8713,16,87
8713,17,77
8713,18,30
8713,19,39
8713,20,28
8713,21,20
8713,22,29
8713,23,38
8713,24,58
8713,25,42
8713,26,32
8713,27,67
8713,28,43
8713,29,31
8713,30,80
8713,31,90
8713,32,100
8713,33,91
8713,34,79
8713,35,101
8713,36,108
8713,37,98
8713,38,107
8713,39,99
8713,40,106
8713,41,96
8713,42,85
8713,43,97
8713,44,74
8713,45,86
8713,46,48
8713,47,37
8713,48,26
8713,49,61
8713,50,49
8713,51,27
8713,52,19
8713,53,10
8713,54,17
8713,55,11
8713,56,9
8713,57,18
8713,58,44
8713,59,33
8713,60,22
8713,61,56
8713,62,69
8713,63,23
8713,64,55
8713,65,92
8713,66,81
8713,67,68
8713,68,109
8713,69,118
8713,70,102
8713,71,117
8713,72,110
8713,73,111
8713,74,95
8713,75,116
8713,76,84
8713,77,105
8713,78,115
8713,79,94
8713,80,12
8713,81,21
8713,82,4
8713,83,13
8713,84,72
8713,85,47
8713,86,73
8713,87,60
8713,88,59
8713,89,36
8713,90,15
8713,91,14
8713,92,45
8713,93,24
8713,94,7
8713,95,34
8713,96,126
8713,97,112
8713,98,127
8713,99,119
8713,100,103
8713,101,120
8713,102,71
8713,103,114
8713,104,113
8713,105,83
8713,106,104
8713,107,121
8713,108,35
8713,109,25
8713,110,54
8713,111,52
8713,112,0
8713,113,0
8713,114,2
8713,115,3
8713,116,6
8713,117,5
8713,118,0
8713,119,0
8713,0,0
8713,0,0
8713,0,0
8713,0,0
8713,0,0
8713,0,0
8713,0,0
8713,0,0
8713,128,1051
8713,129,1063
8713,130,1075
8713,131,1050
8713,132,1062
8713,133,1064
8713,134,1040
8713,135,1052
8713,136,1066
8713,137,1053
8713,138,1041
8713,139,1065
8713,140,1076
8713,141,1089
8713,142,1078
8713,143,1088
8713,144,1087
8713,145,1077
8713,146,1030
8713,147,1039
8713,148,1028
8713,149,1020
8713,150,1029
8713,151,1038
8713,152,1054
8713,153,1042
8713,154,1032
8713,155,1067
8713,156,1043
8713,157,1031
8713,158,1080
8713,159,1090
8713,160,1100
8713,161,1091
8713,162,1079
8713,163,1101
8713,164,1108
8713,165,1098
8713,166,1107
8713,167,1099
8713,168,1106
8713,169,1096
8713,170,1085
8713,171,1097
8713,172,1074
8713,173,1086
8713,174,1048
8713,175,1037
8713,176,1026
8713,177,1061
8713,178,1049
8713,179,1027
8713,180,1019
8713,181,1010
8713,182,1017
8713,183,1011
8713,184,1009
8713,185,1018
8713,186,1044
8713,187,1033
8713,188,1022
8713,189,1056
8713,190,1069
8713,191,1023
8713,192,1055
8713,193,1092
8713,194,1081
8713,195,1068
8713,196,1109
8713,197,1118
8713,198,1102
8713,199,1117
8713,200,1110
8713,201,1111
8713,202,1095
8713,203,1116
8713,204,1084
8713,205,1105
8713,206,1115
8713,207,1094
8713,208,1012
8713,209,1021
8713,210,1004
8713,211,1013
8713,212,1072
8713,213,1047
8713,214,1073
8713,215,1060
8713,216,1059
8713,217,1036
8713,218,1014
8713,219,1112
8713,220,1114
8713,221,58
8713,222,58
8713,223,0
8713,224,58
8713,225,58
8713,226,58
8713,227,0
8713,228,0
8713,229,58
8713,230,0
8713,231,58
8713,0,0
8713,0,0
8713,0,0
8713,0,0
8713,0,0
8713,0,0
8713,0,0
8713,0,0
8713,0,0
8713,0,0
8713,0,0
8713,0,0
8713,0,0
8713,0,0
8713,0,0
8713,0,0
8713,0,0
8713,0,0
8713,0,0
8713,0,0
8713,0,0
8713,0,0
8713,0,0
8713,0,0
8715,0,51
8715,1,63
8715,2,75
8715,3,50
8715,4,62
8715,5,64
8715,6,40
8715,7,58
8715,8,66
8715,9,53
8715,10,41
8715,11,65
8715,12,76
8715,13,89
8715,14,78
8715,15,88
8715,16,87
8715,17,77
8715,18,30
8715,19,39
8715,20,28
8715,21,20
8715,22,29
8715,23,38
8715,24,58
8715,25,42
8715,26,32
8715,27,67
8715,28,43
8715,29,31
8715,30,80
8715,31,90
8715,32,100
8715,33,91
8715,34,79
8715,35,101
8715,36,108
8715,37,98
8715,38,107
8715,39,99
8715,40,106
8715,41,96
8715,42,85
8715,43,97
8715,44,74
8715,45,86
8715,46,48
8715,47,37
8715,48,26
8715,49,61
8715,50,49
8715,51,27
8715,52,19
8715,53,10
8715,54,17
8715,55,11
8715,56,9
8715,57,18
8715,58,44
8715,59,33
8715,60,22
8715,61,56
8715,62,69
8715,63,23
8715,64,55
8715,65,92
8715,66,81
8715,67,68
8715,68,109
8715,69,118
8715,70,102
8715,71,117
8715,72,110
8715,73,111
8715,74,95
8715,75,116
8715,76,84
8715,77,105
8715,78,115
8715,79,94
8715,80,12
8715,81,21
8715,82,4
8715,83,13
8715,84,72
8715,85,47
8715,86,73
8715,87,60
8715,88,59
8715,89,36
8715,90,15
8715,91,14
8715,92,45
8715,93,24
8715,94,7
8715,95,34
8715,96,126
8715,97,112
8715,98,127
8715,99,119
8715,100,103
8715,101,120
8715,102,71
8715,103,114
8715,104,113
8715,105,83
8715,106,104
8715,107,121
8715,108,35
8715,109,25
8715,110,54
8715,111,52
8715,112,0
8715,113,0
8715,114,2
8715,115,3
8715,116,6
8715,117,5
8715,118,0
8715,119,0
8715,0,0
8715,0,0
8715,0,0
8715,0,0
8715,0,0
8715,0,0
8715,0,0
8715,0,0
8715,128,1051
8715,129,1063
8715,130,1075
8715,131,1050
8715,132,1062
8715,133,1064
8715,134,1040
8715,135,1052
8715,136,1066
8715,137,1053
8715,138,1041
8715,139,1065
8715,140,1076
8715,141,1089
8715,142,1078
8715,143,1088
8715,144,1087
8715,145,1077
8715,146,1030
8715,147,1039
8715,148,1028
8715,149,1020
8715,150,1029
8715,151,1038
8715,152,1054
8715,153,1042
8715,154,1032
8715,155,1067
8715,156,1043
8715,157,1031
8715,158,1080
8715,159,1090
8715,160,1100
8715,161,1091
8715,162,1079
8715,163,1101
8715,164,1108
8715,165,1098
8715,166,1107
8715,167,1099
8715,168,1106
8715,169,1096
8715,170,1085
8715,171,1097
8715,172,1074
8715,173,1086
8715,174,1048
8715,175,1037
8715,176,1026
8715,177,1061
8715,178,1049
8715,179,1027
8715,180,1019
8715,181,1010
8715,182,1017
8715,183,1011
8715,184,1009
8715,185,1018
8715,186,1044
8715,187,1033
8715,188,1022
8715,189,1056
8715,190,1069
8715,191,1023
8715,192,1055
8715,193,1092
8715,194,1081
8715,195,1068
8715,196,1109
8715,197,1118
8715,198,1102
8715,199,1117
8715,200,1110
8715,201,1111
8715,202,1095
8715,203,1116
8715,204,1084
8715,205,1105
8715,206,1115
8715,207,1094
8715,208,1012
8715,209,1021
8715,210,1004
8715,211,1013
8715,212,1072
8715,213,1047
8715,214,1073
8715,215,1060
8715,216,1059
8715,217,1036
8715,218,1014
8715,219,1112
8715,220,1114
8715,221,58
8715,222,58
8715,223,0
8715,224,58
8715,225,58
8715,226,58
8715,227,0
8715,228,0
8715,229,58
8715,230,0
8715,231,58
8715,0,0
8715,0,0
8715,0,0
8715,0,0
8715,0,0
8715,0,0
8715,0,0
8715,0,0
8715,0,0
8715,0,0
8715,0,0
8715,0,0
8715,0,0
8715,0,0
8715,0,0
8715,0,0
8715,0,0
8715,0,0
8715,0,0
8715,0,0
8715,0,0
8715,0,0
8715,0,0
8715,0,0
8716,0,51
8716,1,63
8716,2,75
8716,3,50
8716,4,62
8716,5,64
8716,6,40
8716,7,58
8716,8,66
8716,9,53
8716,10,41
8716,11,65
8716,12,76
8716,13,89
8716,14,78
8716,15,88
8716,16,87
8716,17,77
8716,18,30
8716,19,39
8716,20,28
8716,21,20
8716,22,29
8716,23,38
8716,24,58
8716,25,42
8716,26,32
8716,27,67
8716,28,43
8716,29,31
8716,30,80
8716,31,90
8716,32,100
8716,33,91
8716,34,79
8716,35,101
8716,36,108
8716,37,98
8716,38,107
8716,39,99
8716,40,106
8716,41,96
8716,42,85
8716,43,97
8716,44,74
8716,45,86
8716,46,48
8716,47,37
8716,48,26
8716,49,61
8716,50,49
8716,51,27
8716,52,19
8716,53,10
8716,54,17
8716,55,11
8716,56,9
8716,57,18
8716,58,44
8716,59,33
8716,60,22
8716,61,56
8716,62,69
8716,63,23
8716,64,55
8716,65,92
8716,66,81
8716,67,68
8716,68,109
8716,69,118
8716,70,102
8716,71,117
8716,72,110
8716,73,111
8716,74,95
8716,75,116
8716,76,84
8716,77,105
8716,78,115
8716,79,94
8716,80,12
8716,81,21
8716,82,4
8716,83,13
8716,84,72
8716,85,47
8716,86,73
8716,87,60
8716,88,59
8716,89,36
8716,90,15
8716,91,14
8716,92,45
8716,93,24
8716,94,7
8716,95,34
8716,96,126
8716,97,112
8716,98,127
8716,99,119
8716,100,103
8716,101,120
8716,102,71
8716,103,114
8716,104,113
8716,105,83
8716,106,104
8716,107,121
8716,108,35
8716,109,25
8716,110,54
8716,111,52
8716,112,0
8716,113,0
8716,114,2
8716,115,3
8716,116,6
8716,117,5
8716,118,0
8716,119,0
8716,0,0
8716,0,0
8716,0,0
8716,0,0
8716,0,0
8716,0,0
8716,0,0
8716,0,0
8716,128,1051
8716,129,1063
8716,130,1075
8716,131,1050
8716,132,1062
8716,133,1064
8716,134,1040
8716,135,1052
8716,136,1066
8716,137,1053
8716,138,1041
8716,139,1065
8716,140,1076
8716,141,1089
8716,142,1078
8716,143,1088
8716,144,1087
8716,145,1077
8716,146,1030
8716,147,1039
8716,148,1028
8716,149,1020
8716,150,1029
8716,151,1038
8716,152,1054
8716,153,1042
8716,154,1032
8716,155,1067
8716,156,1043
8716,157,1031
8716,158,1080
8716,159,1090
8716,160,1100
8716,161,1091
8716,162,1079
8716,163,1101
8716,164,1108
8716,165,1098
8716,166,1107
8716,167,1099
8716,168,1106
8716,169,1096
8716,170,1085
8716,171,1097
8716,172,1074
8716,173,1086
8716,174,1048
8716,175,1037
8716,176,1026
8716,177,1061
8716,178,1049
8716,179,1027
8716,180,1019
8716,181,1010
8716,182,1017
8716,183,1011
8716,184,1009
8716,185,1018
8716,186,1044
8716,187,1033
8716,188,1022
8716,189,1056
8716,190,1069
8716,191,1023
8716,192,1055
8716,193,1092
8716,194,1081
8716,195,1068
8716,196,1109
8716,197,1118
8716,198,1102
8716,199,1117
8716,200,1110
8716,201,1111
8716,202,1095
8716,203,1116
8716,204,1084
8716,205,1105
8716,206,1115
8716,207,1094
8716,208,1012
8716,209,1021
8716,210,1004
8716,211,1013
8716,212,1072
8716,213,1047
8716,214,1073
8716,215,1060
8716,216,1059
8716,217,1036
8716,218,1014
8716,219,1112
8716,220,1114
8716,221,58
8716,222,58
8716,223,0
8716,224,58
8716,225,58
8716,226,58
8716,227,0
8716,228,0
8716,229,58
8716,230,0
8716,231,58
8716,0,0
8716,0,0
8716,0,0
8716,0,0
8716,0,0
8716,0,0
8716,0,0
8716,0,0
8716,0,0
8716,0,0
8716,0,0
8716,0,0
8716,0,0
8716,0,0
8716,0,0
8716,0,0
8716,0,0
8716,0,0
8716,0,0
8716,0,0
8716,0,0
8716,0,0
8716,0,0
8716,0,0
8717,0,51
8717,1,63
8717,2,75
8717,3,50
8717,4,62
8717,5,64
8717,6,40
8717,7,58
8717,8,66
8717,9,53
8717,10,41
8717,11,65
8717,12,76
8717,13,89
8717,14,78
8717,15,88
8717,16,87
8717,17,77
8717,18,30
8717,19,39
8717,20,28
8717,21,20
8717,22,29
8717,23,38
8717,24,58
8717,25,42
8717,26,32
8717,27,67
8717,28,43
8717,29,31
8717,30,80
8717,31,90
8717,32,100
8717,33,91
8717,34,79
8717,35,101
8717,36,108
8717,37,98
8717,38,107
8717,39,99
8717,40,106
8717,41,96
8717,42,85
8717,43,97
8717,44,74
8717,45,86
8717,46,48
8717,47,37
8717,48,26
8717,49,61
8717,50,49
8717,51,27
8717,52,19
8717,53,10
8717,54,17
8717,55,11
8717,56,9
8717,57,18
8717,58,44
8717,59,33
8717,60,22
8717,61,56
8717,62,69
8717,63,23
8717,64,55
8717,65,92
8717,66,81
8717,67,68
8717,68,109
8717,69,118
8717,70,102
8717,71,117
8717,72,110
8717,73,111
8717,74,95
8717,75,116
8717,76,84
8717,77,105
8717,78,115
8717,79,94
8717,80,12
8717,81,21
8717,82,4
8717,83,13
8717,84,72
8717,85,47
8717,86,73
8717,87,60
8717,88,59
8717,89,36
8717,90,15
8717,91,14
8717,92,45
8717,93,24
8717,94,7
8717,95,34
8717,96,126
8717,97,112
8717,98,127
8717,99,119
8717,100,103
8717,101,120
8717,102,71
8717,103,114
8717,104,113
8717,105,83
8717,106,104
8717,107,121
8717,108,35
8717,109,25
8717,110,54
8717,111,52
8717,112,0
8717,113,0
8717,114,2
8717,115,3
8717,116,6
8717,117,5
8717,118,0
8717,119,0
8717,0,0
8717,0,0
8717,0,0
8717,0,0
8717,0,0
8717,0,0
8717,0,0
8717,0,0
8717,128,1051
8717,129,1063
8717,130,1075
8717,131,1050
8717,132,1062
8717,133,1064
8717,134,1040
8717,135,1052
8717,136,1066
8717,137,1053
8717,138,1041
8717,139,1065
8717,140,1076
8717,141,1089
8717,142,1078
8717,143,1088
8717,144,1087
8717,145,1077
8717,146,1030
8717,147,1039
8717,148,1028
8717,149,1020
8717,150,1029
8717,151,1038
8717,152,1054
8717,153,1042
8717,154,1032
8717,155,1067
8717,156,1043
8717,157,1031
8717,158,1080
8717,159,1090
8717,160,1100
8717,161,1091
8717,162,1079
8717,163,1101
8717,164,1108
8717,165,1098
8717,166,1107
8717,167,1099
8717,168,1106
8717,169,1096
8717,170,1085
8717,171,1097
8717,172,1074
8717,173,1086
8717,174,1048
8717,175,1037
8717,176,1026
8717,177,1061
8717,178,1049
8717,179,1027
8717,180,1019
8717,181,1010
8717,182,1017
8717,183,1011
8717,184,1009
8717,185,1018
8717,186,1044
8717,187,1033
8717,188,1022
8717,189,1056
8717,190,1069
8717,191,1023
8717,192,1055
8717,193,1092
8717,194,1081
8717,195,1068
8717,196,1109
8717,197,1118
8717,198,1102
8717,199,1117
8717,200,1110
8717,201,1111
8717,202,1095
8717,203,1116
8717,204,1084
8717,205,1105
8717,206,1115
8717,207,1094
8717,208,1012
8717,209,1021
8717,210,1004
8717,211,1013
8717,212,1072
8717,213,1047
8717,214,1073
8717,215,1060
8717,216,1059
8717,217,1036
8717,218,1014
8717,219,1112
8717,220,1114
8717,221,58
8717,222,58
8717,223,0
8717,224,58
8717,225,58
8717,226,58
8717,227,0
8717,228,0
8717,229,58
8717,230,0
8717,231,58
8717,0,0
8717,0,0
8717,0,0
8717,0,0
8717,0,0
8717,0,0
8717,0,0
8717,0,0
8717,0,0
8717,0,0
8717,0,0
8717,0,0
8717,0,0
8717,0,0
8717,0,0
8717,0,0
8717,0,0
8717,0,0
8717,0,0
8717,0,0
8717,0,0
8717,0,0
8717,0,0
8717,0,0
8718,0,51
8718,1,63
8718,2,75
8718,3,50
8718,4,62
8718,5,64
8718,6,40
8718,7,58
8718,8,66
8718,9,53
8718,10,41
8718,11,65
8718,12,76
8718,13,89
8718,14,78
8718,15,88
8718,16,87
8718,17,77
8718,18,30
8718,19,39
8718,20,28
8718,21,20
8718,22,29
8718,23,38
8718,24,58
8718,25,42
8718,26,32
8718,27,67
8718,28,43
8718,29,31
8718,30,80
8718,31,90
8718,32,100
8718,33,91
8718,34,79
8718,35,101
8718,36,108
8718,37,98
8718,38,107
8718,39,99
8718,40,106
8718,41,96
8718,42,85
8718,43,97
8718,44,74
8718,45,86
8718,46,48
8718,47,37
8718,48,26
8718,49,61
8718,50,49
8718,51,27
8718,52,19
8718,53,10
8718,54,17
8718,55,11
8718,56,9
8718,57,18
8718,58,44
8718,59,33
8718,60,22
8718,61,56
8718,62,69
8718,63,23
8718,64,55
8718,65,92
8718,66,81
8718,67,68
8718,68,109
8718,69,118
8718,70,102
8718,71,117
8718,72,110
8718,73,111
8718,74,95
8718,75,116
8718,76,84
8718,77,105
8718,78,115
8718,79,94
8718,80,12
8718,81,21
8718,82,4
8718,83,13
8718,84,72
8718,85,47
8718,86,73
8718,87,60
8718,88,59
8718,89,36
8718,90,15
8718,91,14
8718,92,45
8718,93,24
8718,94,7
8718,95,34
8718,96,126
8718,97,112
8718,98,127
8718,99,119
8718,100,103
8718,101,120
8718,102,71
8718,103,114
8718,104,113
8718,105,83
8718,106,104
8718,107,121
8718,108,35
8718,109,25
8718,110,54
8718,111,52
8718,112,0
8718,113,0
8718,114,2
8718,115,3
8718,116,6
8718,117,5
8718,118,0
8718,119,0
8718,0,0
8718,0,0
8718,0,0
8718,0,0
8718,0,0
8718,0,0
8718,0,0
8718,0,0
8718,128,1051
8718,129,1063
8718,130,1075
8718,131,1050
8718,132,1062
8718,133,1064
8718,134,1040
8718,135,1052
8718,136,1066
8718,137,1053
8718,138,1041
8718,139,1065
8718,140,1076
8718,141,1089
8718,142,1078
8718,143,1088
8718,144,1087
8718,145,1077
8718,146,1030
8718,147,1039
8718,148,1028
8718,149,1020
8718,150,1029
8718,151,1038
8718,152,1054
8718,153,1042
8718,154,1032
8718,155,1067
8718,156,1043
8718,157,1031
8718,158,1080
8718,159,1090
8718,160,1100
8718,161,1091
8718,162,1079
8718,163,1101
8718,164,1108
8718,165,1098
8718,166,1107
8718,167,1099
8718,168,1106
8718,169,1096
8718,170,1085
8718,171,1097
8718,172,1074
8718,173,1086
8718,174,1048
8718,175,1037
8718,176,1026
8718,177,1061
8718,178,1049
8718,179,1027
8718,180,1019
8718,181,1010
8718,182,1017
8718,183,1011
8718,184,1009
8718,185,1018
8718,186,1044
8718,187,1033
8718,188,1022
8718,189,1056
8718,190,1069
8718,191,1023
8718,192,1055
8718,193,1092
8718,194,1081
8718,195,1068
8718,196,1109
8718,197,1118
8718,198,1102
8718,199,1117
8718,200,1110
8718,201,1111
8718,202,1095
8718,203,1116
8718,204,1084
8718,205,1105
8718,206,1115
8718,207,1094
8718,208,1012
8718,209,1021
8718,210,1004
8718,211,1013
8718,212,1072
8718,213,1047
8718,214,1073
8718,215,1060
8718,216,1059
8718,217,1036
8718,218,1014
8718,219,1112
8718,220,1114
8718,221,58
8718,222,58
8718,223,0
8718,224,58
8718,225,58
8718,226,58
8718,227,0
8718,228,0
8718,229,58
8718,230,0
8718,231,58
8718,0,0
8718,0,0
8718,0,0
8718,0,0
8718,0,0
8718,0,0
8718,0,0
8718,0,0
8718,0,0
8718,0,0
8718,0,0
8718,0,0
8718,0,0
8718,0,0
8718,0,0
8718,0,0
8718,0,0
8718,0,0
8718,0,0
8718,0,0
8718,0,0
8718,0,0
8718,0,0
8718,0,0
8719,0,51
8719,1,63
8719,2,75
8719,3,50
8719,4,62
8719,5,64
8719,6,40
8719,7,58
8719,8,66
8719,9,53
8719,10,41
8719,11,65
8719,12,76
8719,13,89
8719,14,78
8719,15,88
8719,16,87
8719,17,77
8719,18,30
8719,19,39
8719,20,28
8719,21,20
8719,22,29
8719,23,38
8719,24,58
8719,25,42
8719,26,32
8719,27,67
8719,28,43
8719,29,31
8719,30,80
8719,31,90
8719,32,100
8719,33,91
8719,34,79
8719,35,101
8719,36,108
8719,37,98
8719,38,107
8719,39,99
8719,40,106
8719,41,96
8719,42,85
8719,43,97
8719,44,74
8719,45,86
8719,46,48
8719,47,37
8719,48,26
8719,49,61
8719,50,49
8719,51,27
8719,52,19
8719,53,10
8719,54,17
8719,55,11
8719,56,9
8719,57,18
8719,58,44
8719,59,33
8719,60,22
8719,61,56
8719,62,69
8719,63,23
8719,64,55
8719,65,92
8719,66,81
8719,67,68
8719,68,109
8719,69,118
8719,70,102
8719,71,117
8719,72,110
8719,73,111
8719,74,95
8719,75,116
8719,76,84
8719,77,105
8719,78,115
8719,79,94
8719,80,12
8719,81,21
8719,82,4
8719,83,13
8719,84,72
8719,85,47
8719,86,73
8719,87,60
8719,88,59
8719,89,36
8719,90,15
8719,91,14
8719,92,45
8719,93,24
8719,94,7
8719,95,34
8719,96,126
8719,97,112
8719,98,127
8719,99,119
8719,100,103
8719,101,120
8719,102,71
8719,103,114
8719,104,113
8719,105,83
8719,106,104
8719,107,121
8719,108,35
8719,109,25
8719,110,54
8719,111,52
8719,112,0
8719,113,0
8719,114,2
8719,115,3
8719,116,6
8719,117,5
8719,118,0
8719,119,0
8719,0,0
8719,0,0
8719,0,0
8719,0,0
8719,0,0
8719,0,0
8719,0,0
8719,0,0
8719,128,1051
8719,129,1063
8719,130,1075
8719,131,1050
8719,132,1062
8719,133,1064
8719,134,1040
8719,135,1052
8719,136,1066
8719,137,1053
8719,138,1041
8719,139,1065
8719,140,1076
8719,141,1089
8719,142,1078
8719,143,1088
8719,144,1087
8719,145,1077
8719,146,1030
8719,147,1039
8719,148,1028
8719,149,1020
8719,150,1029
8719,151,1038
8719,152,1054
8719,153,1042
8719,154,1032
8719,155,1067
8719,156,1043
8719,157,1031
8719,158,1080
8719,159,1090
8719,160,1100
8719,161,1091
8719,162,1079
8719,163,1101
8719,164,1108
8719,165,1098
8719,166,1107
8719,167,1099
8719,168,1106
8719,169,1096
8719,170,1085
8719,171,1097
8719,172,1074
8719,173,1086
8719,174,1048
8719,175,1037
8719,176,1026
8719,177,1061
8719,178,1049
8719,179,1027
8719,180,1019
8719,181,1010
8719,182,1017
8719,183,1011
8719,184,1009
8719,185,1018
8719,186,1044
8719,187,1033
8719,188,1022
8719,189,1056
8719,190,1069
8719,191,1023
8719,192,1055
8719,193,1092
8719,194,1081
8719,195,1068
8719,196,1109
8719,197,1118
8719,198,1102
8719,199,1117
8719,200,1110
8719,201,1111
8719,202,1095
8719,203,1116
8719,204,1084
8719,205,1105
8719,206,1115
8719,207,1094
8719,208,1012
8719,209,1021
8719,210,1004
8719,211,1013
8719,212,1072
8719,213,1047
8719,214,1073
8719,215,1060
8719,216,1059
8719,217,1036
8719,218,1014
8719,219,1112
8719,220,1114
8719,221,58
8719,222,58
8719,223,0
8719,224,58
8719,225,58
8719,226,58
8719,227,0
8719,228,0
8719,229,58
8719,230,0
8719,231,58
8719,0,0
8719,0,0
8719,0,0
8719,0,0
8719,0,0
8719,0,0
8719,0,0
8719,0,0
8719,0,0
8719,0,0
8719,0,0
8719,0,0
8719,0,0
8719,0,0
8719,0,0
8719,0,0
8719,0,0
8719,0,0
8719,0,0
8719,0,0
8719,0,0
8719,0,0
8719,0,0
8719,0,0
8720,0,51
8720,1,63
8720,2,75
8720,3,50
8720,4,62
8720,5,64
8720,6,40
8720,7,58
8720,8,66
8720,9,53
8720,10,41
8720,11,65
8720,12,76
8720,13,89
8720,14,78
8720,15,88
8720,16,87
8720,17,77
8720,18,30
8720,19,39
8720,20,28
8720,21,20
8720,22,29
8720,23,38
8720,24,58
8720,25,42
8720,26,32
8720,27,67
8720,28,43
8720,29,31
8720,30,80
8720,31,90
8720,32,100
8720,33,91
8720,34,79
8720,35,101
8720,36,108
8720,37,98
8720,38,107
8720,39,99
8720,40,106
8720,41,96
8720,42,85
8720,43,97
8720,44,74
8720,45,86
8720,46,48
8720,47,37
8720,48,26
8720,49,61
8720,50,49
8720,51,27
8720,52,19
8720,53,10
8720,54,17
8720,55,11
8720,56,9
8720,57,18
8720,58,44
8720,59,33
8720,60,22
8720,61,56
8720,62,69
8720,63,23
8720,64,55
8720,65,92
8720,66,81
8720,67,68
8720,68,109
8720,69,118
8720,70,102
8720,71,117
8720,72,110
8720,73,111
8720,74,95
8720,75,116
8720,76,84
8720,77,105
8720,78,115
8720,79,94
8720,80,12
8720,81,21
8720,82,4
8720,83,13
8720,84,72
8720,85,47
8720,86,73
8720,87,60
8720,88,59
8720,89,36
8720,90,15
8720,91,14
8720,92,45
8720,93,24
8720,94,7
8720,95,34
8720,96,126
8720,97,112
8720,98,127
8720,99,119
8720,100,103
8720,101,120
8720,102,71
8720,103,114
8720,104,113
8720,105,83
8720,106,104
8720,107,121
8720,108,35
8720,109,25
8720,110,54
8720,111,52
8720,112,0
8720,113,0
8720,114,2
8720,115,3
8720,116,6
8720,117,5
8720,118,0
8720,119,0
8720,0,0
8720,0,0
8720,0,0
8720,0,0
8720,0,0
8720,0,0
8720,0,0
8720,0,0
8720,128,1051
8720,129,1063
8720,130,1075
8720,131,1050
8720,132,1062
8720,133,1064
8720,134,1040
8720,135,1052
8720,136,1066
8720,137,1053
8720,138,1041
8720,139,1065
8720,140,1076
8720,141,1089
8720,142,1078
8720,143,1088
8720,144,1087
8720,145,1077
8720,146,1030
8720,147,1039
8720,148,1028
8720,149,1020
8720,150,1029
8720,151,1038
8720,152,1054
8720,153,1042
8720,154,1032
8720,155,1067
8720,156,1043
8720,157,1031
8720,158,1080
8720,159,1090
8720,160,1100
8720,161,1091
8720,162,1079
8720,163,1101
8720,164,1108
8720,165,1098
8720,166,1107
8720,167,1099
8720,168,1106
8720,169,1096
8720,170,1085
8720,171,1097
8720,172,1074
8720,173,1086
8720,174,1048
8720,175,1037
8720,176,1026
8720,177,1061
8720,178,1049
8720,179,1027
8720,180,1019
8720,181,1010
8720,182,1017
8720,183,1011
8720,184,1009
8720,185,1018
8720,186,1044
8720,187,1033
8720,188,1022
8720,189,1056
8720,190,1069
8720,191,1023
8720,192,1055
8720,193,1092
8720,194,1081
8720,195,1068
8720,196,1109
8720,197,1118
8720,198,1102
8720,199,1117
8720,200,1110
8720,201,1111
8720,202,1095
8720,203,1116
8720,204,1084
8720,205,1105
8720,206,1115
8720,207,1094
8720,208,1012
8720,209,1021
8720,210,1004
8720,211,1013
8720,212,1072
8720,213,1047
8720,214,1073
8720,215,1060
8720,216,1059
8720,217,1036
8720,218,1014
8720,219,1112
8720,220,1114
8720,221,58
8720,222,58
8720,223,0
8720,224,58
8720,225,58
8720,226,58
8720,227,0
8720,228,0
8720,229,58
8720,230,0
8720,231,58
8720,0,0
8720,0,0
8720,0,0
8720,0,0
8720,0,0
8720,0,0
8720,0,0
8720,0,0
8720,0,0
8720,0,0
8720,0,0
8720,0,0
8720,0,0
8720,0,0
8720,0,0
8720,0,0
8720,0,0
8720,0,0
8720,0,0
8720,0,0
8720,0,0
8720,0,0
8720,0,0
8720,0,0
8721,0,51
8721,1,63
8721,2,75
8721,3,50
8721,4,62
8721,5,64
8721,6,40
8721,7,58
8721,8,66
8721,9,53
8721,10,41
8721,11,65
8721,12,76
8721,13,89
8721,14,78
8721,15,88
8721,16,87
8721,17,77
8721,18,30
8721,19,39
8721,20,28
8721,21,20
8721,22,29
8721,23,38
8721,24,58
8721,25,42
8721,26,32
8721,27,67
8721,28,43
8721,29,31
8721,30,80
8721,31,90
8721,32,100
8721,33,91
8721,34,79
8721,35,101
8721,36,108
8721,37,98
8721,38,107
8721,39,99
8721,40,106
8721,41,96
8721,42,85
8721,43,97
8721,44,74
8721,45,86
8721,46,48
8721,47,37
8721,48,26
8721,49,61
8721,50,49
8721,51,27
8721,52,19
8721,53,10
8721,54,17
8721,55,11
8721,56,9
8721,57,18
8721,58,44
8721,59,33
8721,60,22
8721,61,56
8721,62,69
8721,63,23
8721,64,55
8721,65,92
8721,66,81
8721,67,68
8721,68,109
8721,69,118
8721,70,102
8721,71,117
8721,72,110
8721,73,111
8721,74,95
8721,75,116
8721,76,84
8721,77,105
8721,78,115
8721,79,94
8721,80,12
8721,81,21
8721,82,4
8721,83,13
8721,84,72
8721,85,47
8721,86,73
8721,87,60
8721,88,59
8721,89,36
8721,90,15
8721,91,14
8721,92,45
8721,93,24
8721,94,7
8721,95,34
8721,96,126
8721,97,112
8721,98,127
8721,99,119
8721,100,103
8721,101,120
8721,102,71
8721,103,114
8721,104,113
8721,105,83
8721,106,104
8721,107,121
8721,108,35
8721,109,25
8721,110,54
8721,111,52
8721,112,0
8721,113,0
8721,114,2
8721,115,3
8721,116,6
8721,117,5
8721,118,0
8721,119,0
8721,0,0
8721,0,0
8721,0,0
8721,0,0
8721,0,0
8721,0,0
8721,0,0
8721,0,0
8721,128,1051
8721,129,1063
8721,130,1075
8721,131,1050
8721,132,1062
8721,133,1064
8721,134,1040
8721,135,1052
8721,136,1066
8721,137,1053
8721,138,1041
8721,139,1065
8721,140,1076
8721,141,1089
8721,142,1078
8721,143,1088
8721,144,1087
8721,145,1077
8721,146,1030
8721,147,1039
8721,148,1028
8721,149,1020
8721,150,1029
8721,151,1038
8721,152,1054
8721,153,1042
8721,154,1032
8721,155,1067
8721,156,1043
8721,157,1031
8721,158,1080
8721,159,1090
8721,160,1100
8721,161,1091
8721,162,1079
8721,163,1101
8721,164,1108
8721,165,1098
8721,166,1107
8721,167,1099
8721,168,1106
8721,169,1096
8721,170,1085
8721,171,1097
8721,172,1074
8721,173,1086
8721,174,1048
8721,175,1037
8721,176,1026
8721,177,1061
8721,178,1049
8721,179,1027
8721,180,1019
8721,181,1010
8721,182,1017
8721,183,1011
8721,184,1009
8721,185,1018
8721,186,1044
8721,187,1033
8721,188,1022
8721,189,1056
8721,190,1069
8721,191,1023
8721,192,1055
8721,193,1092
8721,194,1081
8721,195,1068
8721,196,1109
8721,197,1118
8721,198,1102
8721,199,1117
8721,200,1110
8721,201,1111
8721,202,1095
8721,203,1116
8721,204,1084
8721,205,1105
8721,206,1115
8721,207,1094
8721,208,1012
8721,209,1021
8721,210,1004
8721,211,1013
8721,212,1072
8721,213,1047
8721,214,1073
8721,215,1060
8721,216,1059
8721,217,1036
8721,218,1014
8721,219,1112
8721,220,1114
8721,221,58
8721,222,58
8721,223,0
8721,224,58
8721,225,58
8721,226,58
8721,227,0
8721,228,0
8721,229,58
8721,230,0
8721,231,58
8721,0,0
8721,0,0
8721,0,0
8721,0,0
8721,0,0
8721,0,0
8721,0,0
8721,0,0
8721,0,0
8721,0,0
8721,0,0
8721,0,0
8721,0,0
8721,0,0
8721,0,0
8721,0,0
8721,0,0
8721,0,0
8721,0,0
8721,0,0
8721,0,0
8721,0,0
8721,0,0
8721,0,0
8824,0,51
8824,1,63
8824,2,75
8824,3,50
8824,4,62
8824,5,64
8824,6,40
8824,7,58
8824,8,66
8824,9,53
8824,10,41
8824,11,65
8824,12,76
8824,13,89
8824,14,78
8824,15,88
8824,16,87
8824,17,77
8824,18,30
8824,19,39
8824,20,28
8824,21,20
8824,22,29
8824,23,38
8824,24,58
8824,25,42
8824,26,32
8824,27,67
8824,28,43
8824,29,31
8824,30,80
8824,31,90
8824,32,100
8824,33,91
8824,34,79
8824,35,101
8824,36,108
8824,37,98
8824,38,107
8824,39,99
8824,40,106
8824,41,96
8824,42,85
8824,43,97
8824,44,74
8824,45,86
8824,46,48
8824,47,37
8824,48,26
8824,49,61
8824,50,49
8824,51,27
8824,52,19
8824,53,10
8824,54,17
8824,55,11
8824,56,9
8824,57,18
8824,58,44
8824,59,33
8824,60,22
8824,61,56
8824,62,69
8824,63,23
8824,64,55
8824,65,92
8824,66,81
8824,67,68
8824,68,109
8824,69,118
8824,70,102
8824,71,117
8824,72,110
8824,73,111
8824,74,95
8824,75,116
8824,76,84
8824,77,105
8824,78,115
8824,79,94
8824,80,12
8824,81,21
8824,82,4
8824,83,13
8824,84,72
8824,85,47
8824,86,73
8824,87,60
8824,88,59
8824,89,36
8824,90,15
8824,91,14
8824,92,45
8824,93,24
8824,94,7
8824,95,34
8824,96,126
8824,97,112
8824,98,127
8824,99,119
8824,100,103
8824,101,120
8824,102,71
8824,103,114
8824,104,113
8824,105,83
8824,106,104
8824,107,121
8824,108,35
8824,109,25
8824,110,54
8824,111,52
8824,112,0
8824,113,0
8824,114,2
8824,115,3
8824,116,6
8824,117,5
8824,118,0
8824,119,0
8824,0,0
8824,0,0
8824,0,0
8824,0,0
8824,0,0
8824,0,0
8824,0,0
8824,0,0
8824,128,1051
8824,129,1063
8824,130,1075
8824,131,1050
8824,132,1062
8824,133,1064
8824,134,1040
8824,135,1052
8824,136,1066
8824,137,1053
8824,138,1041
8824,139,1065
8824,140,1076
8824,141,1089
8824,142,1078
8824,143,1088
8824,144,1087
8824,145,1077
8824,146,1030
8824,147,1039
8824,148,1028
8824,149,1020
8824,150,1029
8824,151,1038
8824,152,1054
8824,153,1042
8824,154,1032
8824,155,1067
8824,156,1043
8824,157,1031
8824,158,1080
8824,159,1090
8824,160,1100
8824,161,1091
8824,162,1079
8824,163,1101
8824,164,1108
8824,165,1098
8824,166,1107
8824,167,1099
8824,168,1106
8824,169,1096
8824,170,1085
8824,171,1097
8824,172,1074
8824,173,1086
8824,174,1048
8824,175,1037
8824,176,1026
8824,177,1061
8824,178,1049
8824,179,1027
8824,180,1019
8824,181,1010
8824,182,1017
8824,183,1011
8824,184,1009
8824,185,1018
8824,186,1044
8824,187,1033
8824,188,1022
8824,189,1056
8824,190,1069
8824,191,1023
8824,192,1055
8824,193,1092
8824,194,1081
8824,195,1068
8824,196,1109
8824,197,1118
8824,198,1102
8824,199,1117
8824,200,1110
8824,201,1111
8824,202,1095
8824,203,1116
8824,204,1084
8824,205,1105
8824,206,1115
8824,207,1094
8824,208,1012
8824,209,1021
8824,210,1004
8824,211,1013
8824,212,1072
8824,213,1047
8824,214,1073
8824,215,1060
8824,216,1059
8824,217,1036
8824,218,1014
8824,219,1112
8824,220,1114
8824,221,58
8824,222,58
8824,223,0
8824,224,58
8824,225,58
8824,226,58
8824,227,0
8824,228,0
8824,229,58
8824,230,0
8824,231,58
8824,0,0
8824,0,0
8824,0,0
8824,0,0
8824,0,0
8824,0,0
8824,0,0
8824,0,0
8824,0,0
8824,0,0
8824,0,0
8824,0,0
8824,0,0
8824,0,0
8824,0,0
8824,0,0
8824,0,0
8824,0,0
8824,0,0
8824,0,0
8824,0,0
8824,0,0
8824,0,0
8824,0,0
8825,0,51
8825,1,63
8825,2,75
8825,3,50
8825,4,62
8825,5,64
8825,6,40
8825,7,58
8825,8,66
8825,9,53
8825,10,41
8825,11,65
8825,12,76
8825,13,89
8825,14,78
8825,15,88
8825,16,87
8825,17,77
8825,18,30
8825,19,39
8825,20,28
8825,21,20
8825,22,29
8825,23,38
8825,24,58
8825,25,42
8825,26,32
8825,27,67
8825,28,43
8825,29,31
8825,30,80
8825,31,90
8825,32,100
8825,33,91
8825,34,79
8825,35,101
8825,36,108
8825,37,98
8825,38,107
8825,39,99
8825,40,106
8825,41,96
8825,42,85
8825,43,97
8825,44,74
8825,45,86
8825,46,48
8825,47,37
8825,48,26
8825,49,61
8825,50,49
8825,51,27
8825,52,19
8825,53,10
8825,54,17
8825,55,11
8825,56,9
8825,57,18
8825,58,44
8825,59,33
8825,60,22
8825,61,56
8825,62,69
8825,63,23
8825,64,55
8825,65,92
8825,66,81
8825,67,68
8825,68,109
8825,69,118
8825,70,102
8825,71,117
8825,72,110
8825,73,111
8825,74,95
8825,75,116
8825,76,84
8825,77,105
8825,78,115
8825,79,94
8825,80,12
8825,81,21
8825,82,4
8825,83,13
8825,84,72
8825,85,47
8825,86,73
8825,87,60
8825,88,59
8825,89,36
8825,90,15
8825,91,14
8825,92,45
8825,93,24
8825,94,7
8825,95,34
8825,96,126
8825,97,112
8825,98,127
8825,99,119
8825,100,103
8825,101,120
8825,102,71
8825,103,114
8825,104,113
8825,105,83
8825,106,104
8825,107,121
8825,108,35
8825,109,25
8825,110,54
8825,111,52
8825,112,0
8825,113,0
8825,114,2
8825,115,3
8825,116,6
8825,117,5
8825,118,0
8825,119,0
8825,0,0
8825,0,0
8825,0,0
8825,0,0
8825,0,0
8825,0,0
8825,0,0
8825,0,0
8825,128,1051
8825,129,1063
8825,130,1075
8825,131,1050
8825,132,1062
8825,133,1064
8825,134,1040
8825,135,1052
8825,136,1066
8825,137,1053
8825,138,1041
8825,139,1065
8825,140,1076
8825,141,1089
8825,142,1078
8825,143,1088
8825,144,1087
8825,145,1077
8825,146,1030
8825,147,1039
8825,148,1028
8825,149,1020
8825,150,1029
8825,151,1038
8825,152,1054
8825,153,1042
8825,154,1032
8825,155,1067
8825,156,1043
8825,157,1031
8825,158,1080
8825,159,1090
8825,160,1100
8825,161,1091
8825,162,1079
8825,163,1101
8825,164,1108
8825,165,1098
8825,166,1107
8825,167,1099
8825,168,1106
8825,169,1096
8825,170,1085
8825,171,1097
8825,172,1074
8825,173,1086
8825,174,1048
8825,175,1037
8825,176,1026
8825,177,1061
8825,178,1049
8825,179,1027
8825,180,1019
8825,181,1010
8825,182,1017
8825,183,1011
8825,184,1009
8825,185,1018
8825,186,1044
8825,187,1033
8825,188,1022
8825,189,1056
8825,190,1069
8825,191,1023
8825,192,1055
8825,193,1092
8825,194,1081
8825,195,1068
8825,196,1109
8825,197,1118
8825,198,1102
8825,199,1117
8825,200,1110
8825,201,1111
8825,202,1095
8825,203,1116
8825,204,1084
8825,205,1105
8825,206,1115
8825,207,1094
8825,208,1012
8825,209,1021
8825,210,1004
8825,211,1013
8825,212,1072
8825,213,1047
8825,214,1073
8825,215,1060
8825,216,1059
8825,217,1036
8825,218,1014
8825,219,1112
8825,220,1114
8825,221,58
8825,222,58
8825,223,0
8825,224,58
8825,225,58
8825,226,58
8825,227,0
8825,228,0
8825,229,58
8825,230,0
8825,231,58
8825,0,0
8825,0,0
8825,0,0
8825,0,0
8825,0,0
8825,0,0
8825,0,0
8825,0,0
8825,0,0
8825,0,0
8825,0,0
8825,0,0
8825,0,0
8825,0,0
8825,0,0
8825,0,0
8825,0,0
8825,0,0
8825,0,0
8825,0,0
8825,0,0
8825,0,0
8825,0,0
8825,0,0
8826,0,51
8826,1,63
8826,2,75
8826,3,50
8826,4,62
8826,5,64
8826,6,40
8826,7,58
8826,8,66
8826,9,53
8826,10,41
8826,11,65
8826,12,76
8826,13,89
8826,14,78
8826,15,88
8826,16,87
8826,17,77
8826,18,30
8826,19,39
8826,20,28
8826,21,20
8826,22,29
8826,23,38
8826,24,58
8826,25,42
8826,26,32
8826,27,67
8826,28,43
8826,29,31
8826,30,80
8826,31,90
8826,32,100
8826,33,91
8826,34,79
8826,35,101
8826,36,108
8826,37,98
8826,38,107
8826,39,99
8826,40,106
8826,41,96
8826,42,85
8826,43,97
8826,44,74
8826,45,86
8826,46,48
8826,47,37
8826,48,26
8826,49,61
8826,50,49
8826,51,27
8826,52,19
8826,53,10
8826,54,17
8826,55,11
8826,56,9
8826,57,18
8826,58,44
8826,59,33
8826,60,22
8826,61,56
8826,62,69
8826,63,23
8826,64,55
8826,65,92
8826,66,81
8826,67,68
8826,68,109
8826,69,118
8826,70,102
8826,71,117
8826,72,110
8826,73,111
8826,74,95
8826,75,116
8826,76,84
8826,77,105
8826,78,115
8826,79,94
8826,80,12
8826,81,21
8826,82,4
8826,83,13
8826,84,72
8826,85,47
8826,86,73
8826,87,60
8826,88,59
8826,89,36
8826,90,15
8826,91,14
8826,92,45
8826,93,24
8826,94,7
8826,95,34
8826,96,126
8826,97,112
8826,98,127
8826,99,119
8826,100,103
8826,101,120
8826,102,71
8826,103,114
8826,104,113
8826,105,83
8826,106,104
8826,107,121
8826,108,35
8826,109,25
8826,110,54
8826,111,52
8826,112,0
8826,113,0
8826,114,2
8826,115,3
8826,116,6
8826,117,5
8826,118,0
8826,119,0
8826,0,0
8826,0,0
8826,0,0
8826,0,0
8826,0,0
8826,0,0
8826,0,0
8826,0,0
8826,128,1051
8826,129,1063
8826,130,1075
8826,131,1050
8826,132,1062
8826,133,1064
8826,134,1040
8826,135,1052
8826,136,1066
8826,137,1053
8826,138,1041
8826,139,1065
8826,140,1076
8826,141,1089
8826,142,1078
8826,143,1088
8826,144,1087
8826,145,1077
8826,146,1030
8826,147,1039
8826,148,1028
8826,149,1020
8826,150,1029
8826,151,1038
8826,152,1054
8826,153,1042
8826,154,1032
8826,155,1067
8826,156,1043
8826,157,1031
8826,158,1080
8826,159,1090
8826,160,1100
8826,161,1091
8826,162,1079
8826,163,1101
8826,164,1108
8826,165,1098
8826,166,1107
8826,167,1099
8826,168,1106
8826,169,1096
8826,170,1085
8826,171,1097
8826,172,1074
8826,173,1086
8826,174,1048
8826,175,1037
8826,176,1026
8826,177,1061
8826,178,1049
8826,179,1027
8826,180,1019
8826,181,1010
8826,182,1017
8826,183,1011
8826,184,1009
8826,185,1018
8826,186,1044
8826,187,1033
8826,188,1022
8826,189,1056
8826,190,1069
8826,191,1023
8826,192,1055
8826,193,1092
8826,194,1081
8826,195,1068
8826,196,1109
8826,197,1118
8826,198,1102
8826,199,1117
8826,200,1110
8826,201,1111
8826,202,1095
8826,203,1116
8826,204,1084
8826,205,1105
8826,206,1115
8826,207,1094
8826,208,1012
8826,209,1021
8826,210,1004
8826,211,1013
8826,212,1072
8826,213,1047
8826,214,1073
8826,215,1060
8826,216,1059
8826,217,1036
8826,218,1014
8826,219,1112
8826,220,1114
8826,221,58
8826,222,58
8826,223,0
8826,224,58
8826,225,58
8826,226,58
8826,227,0
8826,228,0
8826,229,58
8826,230,0
8826,231,58
8826,0,0
8826,0,0
8826,0,0
8826,0,0
8826,0,0
8826,0,0
8826,0,0
8826,0,0
8826,0,0
8826,0,0
8826,0,0
8826,0,0
8826,0,0
8826,0,0
8826,0,0
8826,0,0
8826,0,0
8826,0,0
8826,0,0
8826,0,0
8826,0,0
8826,0,0
8826,0,0
8826,0,0
8827,0,51
8827,1,63
8827,2,75
8827,3,50
8827,4,62
8827,5,64
8827,6,40
8827,7,58
8827,8,66
8827,9,53
8827,10,41
8827,11,65
8827,12,76
8827,13,89
8827,14,78
8827,15,88
8827,16,87
8827,17,77
8827,18,30
8827,19,39
8827,20,28
8827,21,20
8827,22,29
8827,23,38
8827,24,58
8827,25,42
8827,26,32
8827,27,67
8827,28,43
8827,29,31
8827,30,80
8827,31,90
8827,32,100
8827,33,91
8827,34,79
8827,35,101
8827,36,108
8827,37,98
8827,38,107
8827,39,99
8827,40,106
8827,41,96
8827,42,85
8827,43,97
8827,44,74
8827,45,86
8827,46,48
8827,47,37
8827,48,26
8827,49,61
8827,50,49
8827,51,27
8827,52,19
8827,53,10
8827,54,17
8827,55,11
8827,56,9
8827,57,18
8827,58,44
8827,59,33
8827,60,22
8827,61,56
8827,62,69
8827,63,23
8827,64,55
8827,65,92
8827,66,81
8827,67,68
8827,68,109
8827,69,118
8827,70,102
8827,71,117
8827,72,110
8827,73,111
8827,74,95
8827,75,116
8827,76,84
8827,77,105
8827,78,115
8827,79,94
8827,80,12
8827,81,21
8827,82,4
8827,83,13
8827,84,72
8827,85,47
8827,86,73
8827,87,60
8827,88,59
8827,89,36
8827,90,15
8827,91,14
8827,92,45
8827,93,24
8827,94,7
8827,95,34
8827,96,126
8827,97,112
8827,98,127
8827,99,119
8827,100,103
8827,101,120
8827,102,71
8827,103,114
8827,104,113
8827,105,83
8827,106,104
8827,107,121
8827,108,35
8827,109,25
8827,110,54
8827,111,52
8827,112,0
8827,113,0
8827,114,2
8827,115,3
8827,116,6
8827,117,5
8827,118,0
8827,119,0
8827,0,0
8827,0,0
8827,0,0
8827,0,0
8827,0,0
8827,0,0
8827,0,0
8827,0,0
8827,128,1051
8827,129,1063
8827,130,1075
8827,131,1050
8827,132,1062
8827,133,1064
8827,134,1040
8827,135,1052
8827,136,1066
8827,137,1053
8827,138,1041
8827,139,1065
8827,140,1076
8827,141,1089
8827,142,1078
8827,143,1088
8827,144,1087
8827,145,1077
8827,146,1030
8827,147,1039
8827,148,1028
8827,149,1020
8827,150,1029
8827,151,1038
8827,152,1054
8827,153,1042
8827,154,1032
8827,155,1067
8827,156,1043
8827,157,1031
8827,158,1080
8827,159,1090
8827,160,1100
8827,161,1091
8827,162,1079
8827,163,1101
8827,164,1108
8827,165,1098
8827,166,1107
8827,167,1099
8827,168,1106
8827,169,1096
8827,170,1085
8827,171,1097
8827,172,1074
8827,173,1086
8827,174,1048
8827,175,1037
8827,176,1026
8827,177,1061
8827,178,1049
8827,179,1027
8827,180,1019
8827,181,1010
8827,182,1017
8827,183,1011
8827,184,1009
8827,185,1018
8827,186,1044
8827,187,1033
8827,188,1022
8827,189,1056
8827,190,1069
8827,191,1023
8827,192,1055
8827,193,1092
8827,194,1081
8827,195,1068
8827,196,1109
8827,197,1118
8827,198,1102
8827,199,1117
8827,200,1110
8827,201,1111
8827,202,1095
8827,203,1116
8827,204,1084
8827,205,1105
8827,206,1115
8827,207,1094
8827,208,1012
8827,209,1021
8827,210,1004
8827,211,1013
8827,212,1072
8827,213,1047
8827,214,1073
8827,215,1060
8827,216,1059
8827,217,1036
8827,218,1014
8827,219,1112
8827,220,1114
8827,221,58
8827,222,58
8827,223,0
8827,224,58
8827,225,58
8827,226,58
8827,227,0
8827,228,0
8827,229,58
8827,230,0
8827,231,58
8827,0,0
8827,0,0
8827,0,0
8827,0,0
8827,0,0
8827,0,0
8827,0,0
8827,0,0
8827,0,0
8827,0,0
8827,0,0
8827,0,0
8827,0,0
8827,0,0
8827,0,0
8827,0,0
8827,0,0
8827,0,0
8827,0,0
8827,0,0
8827,0,0
8827,0,0
8827,0,0
8827,0,0
8828,0,51
8828,1,63
8828,2,75
8828,3,50
8828,4,62
8828,5,64
8828,6,40
8828,7,58
8828,8,66
8828,9,53
8828,10,41
8828,11,65
8828,12,76
8828,13,89
8828,14,78
8828,15,88
8828,16,87
8828,17,77
8828,18,30
8828,19,39
8828,20,28
8828,21,20
8828,22,29
8828,23,38
8828,24,58
8828,25,42
8828,26,32
8828,27,67
8828,28,43
8828,29,31
8828,30,80
8828,31,90
8828,32,100
8828,33,91
8828,34,79
8828,35,101
8828,36,108
8828,37,98
8828,38,107
8828,39,99
8828,40,106
8828,41,96
8828,42,85
8828,43,97
8828,44,74
8828,45,86
8828,46,48
8828,47,37
8828,48,26
8828,49,61
8828,50,49
8828,51,27
8828,52,19
8828,53,10
8828,54,17
8828,55,11
8828,56,9
8828,57,18
8828,58,44
8828,59,33
8828,60,22
8828,61,56
8828,62,69
8828,63,23
8828,64,55
8828,65,92
8828,66,81
8828,67,68
8828,68,109
8828,69,118
8828,70,102
8828,71,117
8828,72,110
8828,73,111
8828,74,95
8828,75,116
8828,76,84
8828,77,105
8828,78,115
8828,79,94
8828,80,12
8828,81,21
8828,82,4
8828,83,13
8828,84,72
8828,85,47
8828,86,73
8828,87,60
8828,88,59
8828,89,36
8828,90,15
8828,91,14
8828,92,45
8828,93,24
8828,94,7
8828,95,34
8828,96,126
8828,97,112
8828,98,127
8828,99,119
8828,100,103
8828,101,120
8828,102,71
8828,103,114
8828,104,113
8828,105,83
8828,106,104
8828,107,121
8828,108,35
8828,109,25
8828,110,54
8828,111,52
8828,112,0
8828,113,0
8828,114,2
8828,115,3
8828,116,6
8828,117,5
8828,118,0
8828,119,0
8828,0,0
8828,0,0
8828,0,0
8828,0,0
8828,0,0
8828,0,0
8828,0,0
8828,0,0
8828,128,1051
8828,129,1063
8828,130,1075
8828,131,1050
8828,132,1062
8828,133,1064
8828,134,1040
8828,135,1052
8828,136,1066
8828,137,1053
8828,138,1041
8828,139,1065
8828,140,1076
8828,141,1089
8828,142,1078
8828,143,1088
8828,144,1087
8828,145,1077
8828,146,1030
8828,147,1039
8828,148,1028
8828,149,1020
8828,150,1029
8828,151,1038
8828,152,1054
8828,153,1042
8828,154,1032
8828,155,1067
8828,156,1043
8828,157,1031
8828,158,1080
8828,159,1090
8828,160,1100
8828,161,1091
8828,162,1079
8828,163,1101
8828,164,1108
8828,165,1098
8828,166,1107
8828,167,1099
8828,168,1106
8828,169,1096
8828,170,1085
8828,171,1097
8828,172,1074
8828,173,1086
8828,174,1048
8828,175,1037
8828,176,1026
8828,177,1061
8828,178,1049
8828,179,1027
8828,180,1019
8828,181,1010
8828,182,1017
8828,183,1011
8828,184,1009
8828,185,1018
8828,186,1044
8828,187,1033
8828,188,1022
8828,189,1056
8828,190,1069
8828,191,1023
8828,192,1055
8828,193,1092
8828,194,1081
8828,195,1068
8828,196,1109
8828,197,1118
8828,198,1102
8828,199,1117
8828,200,1110
8828,201,1111
8828,202,1095
8828,203,1116
8828,204,1084
8828,205,1105
8828,206,1115
8828,207,1094
8828,208,1012
8828,209,1021
8828,210,1004
8828,211,1013
8828,212,1072
8828,213,1047
8828,214,1073
8828,215,1060
8828,216,1059
8828,217,1036
8828,218,1014
8828,219,1112
8828,220,1114
8828,221,58
8828,222,58
8828,223,0
8828,224,58
8828,225,58
8828,226,58
8828,227,0
8828,228,0
8828,229,58
8828,230,0
8828,231,58
8828,0,0
8828,0,0
8828,0,0
8828,0,0
8828,0,0
8828,0,0
8828,0,0
8828,0,0
8828,0,0
8828,0,0
8828,0,0
8828,0,0
8828,0,0
8828,0,0
8828,0,0
8828,0,0
8828,0,0
8828,0,0
8828,0,0
8828,0,0
8828,0,0
8828,0,0
8828,0,0
8828,0,0
8829,0,51
8829,1,63
8829,2,75
8829,3,50
8829,4,62
8829,5,64
8829,6,40
8829,7,58
8829,8,66
8829,9,53
8829,10,41
8829,11,65
8829,12,76
8829,13,89
8829,14,78
8829,15,88
8829,16,87
8829,17,77
8829,18,30
8829,19,39
8829,20,28
8829,21,20
8829,22,29
8829,23,38
8829,24,58
8829,25,42
8829,26,32
8829,27,67
8829,28,43
8829,29,31
8829,30,80
8829,31,90
8829,32,100
8829,33,91
8829,34,79
8829,35,101
8829,36,108
8829,37,98
8829,38,107
8829,39,99
8829,40,106
8829,41,96
8829,42,85
8829,43,97
8829,44,74
8829,45,86
8829,46,48
8829,47,37
8829,48,26
8829,49,61
8829,50,49
8829,51,27
8829,52,19
8829,53,10
8829,54,17
8829,55,11
8829,56,9
8829,57,18
8829,58,44
8829,59,33
8829,60,22
8829,61,56
8829,62,69
8829,63,23
8829,64,55
8829,65,92
8829,66,81
8829,67,68
8829,68,109
8829,69,118
8829,70,102
8829,71,117
8829,72,110
8829,73,111
8829,74,95
8829,75,116
8829,76,84
8829,77,105
8829,78,115
8829,79,94
8829,80,12
8829,81,21
8829,82,4
8829,83,13
8829,84,72
8829,85,47
8829,86,73
8829,87,60
8829,88,59
8829,89,36
8829,90,15
8829,91,14
8829,92,45
8829,93,24
8829,94,7
8829,95,34
8829,96,126
8829,97,112
8829,98,127
8829,99,119
8829,100,103
8829,101,120
8829,102,71
8829,103,114
8829,104,113
8829,105,83
8829,106,104
8829,107,121
8829,108,35
8829,109,25
8829,110,54
8829,111,52
8829,112,0
8829,113,0
8829,114,2
8829,115,3
8829,116,6
8829,117,5
8829,118,0
8829,119,0
8829,0,0
8829,0,0
8829,0,0
8829,0,0
8829,0,0
8829,0,0
8829,0,0
8829,0,0
8829,128,1051
8829,129,1063
8829,130,1075
8829,131,1050
8829,132,1062
8829,133,1064
8829,134,1040
8829,135,1052
8829,136,1066
8829,137,1053
8829,138,1041
8829,139,1065
8829,140,1076
8829,141,1089
8829,142,1078
8829,143,1088
8829,144,1087
8829,145,1077
8829,146,1030
8829,147,1039
8829,148,1028
8829,149,1020
8829,150,1029
8829,151,1038
8829,152,1054
8829,153,1042
8829,154,1032
8829,155,1067
8829,156,1043
8829,157,1031
8829,158,1080
8829,159,1090
8829,160,1100
8829,161,1091
8829,162,1079
8829,163,1101
8829,164,1108
8829,165,1098
8829,166,1107
8829,167,1099
8829,168,1106
8829,169,1096
8829,170,1085
8829,171,1097
8829,172,1074
8829,173,1086
8829,174,1048
8829,175,1037
8829,176,1026
8829,177,1061
8829,178,1049
8829,179,1027
8829,180,1019
8829,181,1010
8829,182,1017
8829,183,1011
8829,184,1009
8829,185,1018
8829,186,1044
8829,187,1033
8829,188,1022
8829,189,1056
8829,190,1069
8829,191,1023
8829,192,1055
8829,193,1092
8829,194,1081
8829,195,1068
8829,196,1109
8829,197,1118
8829,198,1102
8829,199,1117
8829,200,1110
8829,201,1111
8829,202,1095
8829,203,1116
8829,204,1084
8829,205,1105
8829,206,1115
8829,207,1094
8829,208,1012
8829,209,1021
8829,210,1004
8829,211,1013
8829,212,1072
8829,213,1047
8829,214,1073
8829,215,1060
8829,216,1059
8829,217,1036
8829,218,1014
8829,219,1112
8829,220,1114
8829,221,58
8829,222,58
8829,223,0
8829,224,58
8829,225,58
8829,226,58
8829,227,0
8829,228,0
8829,229,58
8829,230,0
8829,231,58
8829,0,0
8829,0,0
8829,0,0
8829,0,0
8829,0,0
8829,0,0
8829,0,0
8829,0,0
8829,0,0
8829,0,0
8829,0,0
8829,0,0
8829,0,0
8829,0,0
8829,0,0
8829,0,0
8829,0,0
8829,0,0
8829,0,0
8829,0,0
8829,0,0
8829,0,0
8829,0,0
8829,0,0
8830,0,51
8830,1,63
8830,2,75
8830,3,50
8830,4,62
8830,5,64
8830,6,40
8830,7,58
8830,8,66
8830,9,53
8830,10,41
8830,11,65
8830,12,76
8830,13,89
8830,14,78
8830,15,88
8830,16,87
8830,17,77
8830,18,30
8830,19,39
8830,20,28
8830,21,20
8830,22,29
8830,23,38
8830,24,58
8830,25,42
8830,26,32
8830,27,67
8830,28,43
8830,29,31
8830,30,80
8830,31,90
8830,32,100
8830,33,91
8830,34,79
8830,35,101
8830,36,108
8830,37,98
8830,38,107
8830,39,99
8830,40,106
8830,41,96
8830,42,85
8830,43,97
8830,44,74
8830,45,86
8830,46,48
8830,47,37
8830,48,26
8830,49,61
8830,50,49
8830,51,27
8830,52,19
8830,53,10
8830,54,17
8830,55,11
8830,56,9
8830,57,18
8830,58,44
8830,59,33
8830,60,22
8830,61,56
8830,62,69
8830,63,23
8830,64,55
8830,65,92
8830,66,81
8830,67,68
8830,68,109
8830,69,118
8830,70,102
8830,71,117
8830,72,110
8830,73,111
8830,74,95
8830,75,116
8830,76,84
8830,77,105
8830,78,115
8830,79,94
8830,80,12
8830,81,21
8830,82,4
8830,83,13
8830,84,72
8830,85,47
8830,86,73
8830,87,60
8830,88,59
8830,89,36
8830,90,15
8830,91,14
8830,92,45
8830,93,24
8830,94,7
8830,95,34
8830,96,126
8830,97,112
8830,98,127
8830,99,119
8830,100,103
8830,101,120
8830,102,71
8830,103,114
8830,104,113
8830,105,83
8830,106,104
8830,107,121
8830,108,35
8830,109,25
8830,110,54
8830,111,52
8830,112,0
8830,113,0
8830,114,2
8830,115,3
8830,116,6
8830,117,5
8830,118,0
8830,119,0
8830,0,0
8830,0,0
8830,0,0
8830,0,0
8830,0,0
8830,0,0
8830,0,0
8830,0,0
8830,128,1051
8830,129,1063
8830,130,1075
8830,131,1050
8830,132,1062
8830,133,1064
8830,134,1040
8830,135,1052
8830,136,1066
8830,137,1053
8830,138,1041
8830,139,1065
8830,140,1076
8830,141,1089
8830,142,1078
8830,143,1088
8830,144,1087
8830,145,1077
8830,146,1030
8830,147,1039
8830,148,1028
8830,149,1020
8830,150,1029
8830,151,1038
8830,152,1054
8830,153,1042
8830,154,1032
8830,155,1067
8830,156,1043
8830,157,1031
8830,158,1080
8830,159,1090
8830,160,1100
8830,161,1091
8830,162,1079
8830,163,1101
8830,164,1108
8830,165,1098
8830,166,1107
8830,167,1099
8830,168,1106
8830,169,1096
8830,170,1085
8830,171,1097
8830,172,1074
8830,173,1086
8830,174,1048
8830,175,1037
8830,176,1026
8830,177,1061
8830,178,1049
8830,179,1027
8830,180,1019
8830,181,1010
8830,182,1017
8830,183,1011
8830,184,1009
8830,185,1018
8830,186,1044
8830,187,1033
8830,188,1022
8830,189,1056
8830,190,1069
8830,191,1023
8830,192,1055
8830,193,1092
8830,194,1081
8830,195,1068
8830,196,1109
8830,197,1118
8830,198,1102
8830,199,1117
8830,200,1110
8830,201,1111
8830,202,1095
8830,203,1116
8830,204,1084
8830,205,1105
8830,206,1115
8830,207,1094
8830,208,1012
8830,209,1021
8830,210,1004
8830,211,1013
8830,212,1072
8830,213,1047
8830,214,1073
8830,215,1060
8830,216,1059
8830,217,1036
8830,218,1014
8830,219,1112
8830,220,1114
8830,221,58
8830,222,58
8830,223,0
8830,224,58
8830,225,58
8830,226,58
8830,227,0
8830,228,0
8830,229,58
8830,230,0
8830,231,58
8830,0,0
8830,0,0
8830,0,0
8830,0,0
8830,0,0
8830,0,0
8830,0,0
8830,0,0
8830,0,0
8830,0,0
8830,0,0
8830,0,0
8830,0,0
8830,0,0
8830,0,0
8830,0,0
8830,0,0
8830,0,0
8830,0,0
8830,0,0
8830,0,0
8830,0,0
8830,0,0
8830,0,0
8831,0,51
8831,1,63
8831,2,75
8831,3,50
8831,4,62
8831,5,64
8831,6,40
8831,7,58
8831,8,66
8831,9,53
8831,10,41
8831,11,65
8831,12,76
8831,13,89
8831,14,78
8831,15,88
8831,16,87
8831,17,77
8831,18,30
8831,19,39
8831,20,28
8831,21,20
8831,22,29
8831,23,38
8831,24,58
8831,25,42
8831,26,32
8831,27,67
8831,28,43
8831,29,31
8831,30,80
8831,31,90
8831,32,100
8831,33,91
8831,34,79
8831,35,101
8831,36,108
8831,37,98
8831,38,107
8831,39,99
8831,40,106
8831,41,96
8831,42,85
8831,43,97
8831,44,74
8831,45,86
8831,46,48
8831,47,37
8831,48,26
8831,49,61
8831,50,49
8831,51,27
8831,52,19
8831,53,10
8831,54,17
8831,55,11
8831,56,9
8831,57,18
8831,58,44
8831,59,33
8831,60,22
8831,61,56
8831,62,69
8831,63,23
8831,64,55
8831,65,92
8831,66,81
8831,67,68
8831,68,109
8831,69,118
8831,70,102
8831,71,117
8831,72,110
8831,73,111
8831,74,95
8831,75,116
8831,76,84
8831,77,105
8831,78,115
8831,79,94
8831,80,12
8831,81,21
8831,82,4
8831,83,13
8831,84,72
8831,85,47
8831,86,73
8831,87,60
8831,88,59
8831,89,36
8831,90,15
8831,91,14
8831,92,45
8831,93,24
8831,94,7
8831,95,34
8831,96,126
8831,97,112
8831,98,127
8831,99,119
8831,100,103
8831,101,120
8831,102,71
8831,103,114
8831,104,113
8831,105,83
8831,106,104
8831,107,121
8831,108,35
8831,109,25
8831,110,54
8831,111,52
8831,112,0
8831,113,0
8831,114,2
8831,115,3
8831,116,6
8831,117,5
8831,118,0
8831,119,0
8831,0,0
8831,0,0
8831,0,0
8831,0,0
8831,0,0
8831,0,0
8831,0,0
8831,0,0
8831,128,1051
8831,129,1063
8831,130,1075
8831,131,1050
8831,132,1062
8831,133,1064
8831,134,1040
8831,135,1052
8831,136,1066
8831,137,1053
8831,138,1041
8831,139,1065
8831,140,1076
8831,141,1089
8831,142,1078
8831,143,1088
8831,144,1087
8831,145,1077
8831,146,1030
8831,147,1039
8831,148,1028
8831,149,1020
8831,150,1029
8831,151,1038
8831,152,1054
8831,153,1042
8831,154,1032
8831,155,1067
8831,156,1043
8831,157,1031
8831,158,1080
8831,159,1090
8831,160,1100
8831,161,1091
8831,162,1079
8831,163,1101
8831,164,1108
8831,165,1098
8831,166,1107
8831,167,1099
8831,168,1106
8831,169,1096
8831,170,1085
8831,171,1097
8831,172,1074
8831,173,1086
8831,174,1048
8831,175,1037
8831,176,1026
8831,177,1061
8831,178,1049
8831,179,1027
8831,180,1019
8831,181,1010
8831,182,1017
8831,183,1011
8831,184,1009
8831,185,1018
8831,186,1044
8831,187,1033
8831,188,1022
8831,189,1056
8831,190,1069
8831,191,1023
8831,192,1055
8831,193,1092
8831,194,1081
8831,195,1068
8831,196,1109
8831,197,1118
8831,198,1102
8831,199,1117
8831,200,1110
8831,201,1111
8831,202,1095
8831,203,1116
8831,204,1084
8831,205,1105
8831,206,1115
8831,207,1094
8831,208,1012
8831,209,1021
8831,210,1004
8831,211,1013
8831,212,1072
8831,213,1047
8831,214,1073
8831,215,1060
8831,216,1059
8831,217,1036
8831,218,1014
8831,219,1112
8831,220,1114
8831,221,58
8831,222,58
8831,223,0
8831,224,58
8831,225,58
8831,226,58
8831,227,0
8831,228,0
8831,229,58
8831,230,0
8831,231,58
8831,0,0
8831,0,0
8831,0,0
8831,0,0
8831,0,0
8831,0,0
8831,0,0
8831,0,0
8831,0,0
8831,0,0
8831,0,0
8831,0,0
8831,0,0
8831,0,0
8831,0,0
8831,0,0
8831,0,0
8831,0,0
8831,0,0
8831,0,0
8831,0,0
8831,0,0
8831,0,0
8831,0,0
8832,0,51
8832,1,63
8832,2,75
8832,3,50
8832,4,62
8832,5,64
8832,6,40
8832,7,58
8832,8,66
8832,9,53
8832,10,41
8832,11,65
8832,12,76
8832,13,89
8832,14,78
8832,15,88
8832,16,87
8832,17,77
8832,18,30
8832,19,39
8832,20,28
8832,21,20
8832,22,29
8832,23,38
8832,24,58
8832,25,42
8832,26,32
8832,27,67
8832,28,43
8832,29,31
8832,30,80
8832,31,90
8832,32,100
8832,33,91
8832,34,79
8832,35,101
8832,36,108
8832,37,98
8832,38,107
8832,39,99
8832,40,106
8832,41,96
8832,42,85
8832,43,97
8832,44,74
8832,45,86
8832,46,48
8832,47,37
8832,48,26
8832,49,61
8832,50,49
8832,51,27
8832,52,19
8832,53,10
8832,54,17
8832,55,11
8832,56,9
8832,57,18
8832,58,44
8832,59,33
8832,60,22
8832,61,56
8832,62,69
8832,63,23
8832,64,55
8832,65,92
8832,66,81
8832,67,68
8832,68,109
8832,69,118
8832,70,102
8832,71,117
8832,72,110
8832,73,111
8832,74,95
8832,75,116
8832,76,84
8832,77,105
8832,78,115
8832,79,94
8832,80,12
8832,81,21
8832,82,4
8832,83,13
8832,84,72
8832,85,47
8832,86,73
8832,87,60
8832,88,59
8832,89,36
8832,90,15
8832,91,14
8832,92,45
8832,93,24
8832,94,7
8832,95,34
8832,96,126
8832,97,112
8832,98,127
8832,99,119
8832,100,103
8832,101,120
8832,102,71
8832,103,114
8832,104,113
8832,105,83
8832,106,104
8832,107,121
8832,108,35
8832,109,25
8832,110,54
8832,111,52
8832,112,0
8832,113,0
8832,114,2
8832,115,3
8832,116,6
8832,117,5
8832,118,0
8832,119,0
8832,0,0
8832,0,0
8832,0,0
8832,0,0
8832,0,0
8832,0,0
8832,0,0
8832,0,0
8832,128,1051
8832,129,1063
8832,130,1075
8832,131,1050
8832,132,1062
8832,133,1064
8832,134,1040
8832,135,1052
8832,136,1066
8832,137,1053
8832,138,1041
8832,139,1065
8832,140,1076
8832,141,1089
8832,142,1078
8832,143,1088
8832,144,1087
8832,145,1077
8832,146,1030
8832,147,1039
8832,148,1028
8832,149,1020
8832,150,1029
8832,151,1038
8832,152,1054
8832,153,1042
8832,154,1032
8832,155,1067
8832,156,1043
8832,157,1031
8832,158,1080
8832,159,1090
8832,160,1100
8832,161,1091
8832,162,1079
8832,163,1101
8832,164,1108
8832,165,1098
8832,166,1107
8832,167,1099
8832,168,1106
8832,169,1096
8832,170,1085
8832,171,1097
8832,172,1074
8832,173,1086
8832,174,1048
8832,175,1037
8832,176,1026
8832,177,1061
8832,178,1049
8832,179,1027
8832,180,1019
8832,181,1010
8832,182,1017
8832,183,1011
8832,184,1009
8832,185,1018
8832,186,1044
8832,187,1033
8832,188,1022
8832,189,1056
8832,190,1069
8832,191,1023
8832,192,1055
8832,193,1092
8832,194,1081
8832,195,1068
8832,196,1109
8832,197,1118
8832,198,1102
8832,199,1117
8832,200,1110
8832,201,1111
8832,202,1095
8832,203,1116
8832,204,1084
8832,205,1105
8832,206,1115
8832,207,1094
8832,208,1012
8832,209,1021
8832,210,1004
8832,211,1013
8832,212,1072
8832,213,1047
8832,214,1073
8832,215,1060
8832,216,1059
8832,217,1036
8832,218,1014
8832,219,1112
8832,220,1114
8832,221,58
8832,222,58
8832,223,0
8832,224,58
8832,225,58
8832,226,58
8832,227,0
8832,228,0
8832,229,58
8832,230,0
8832,231,58
8832,0,0
8832,0,0
8832,0,0
8832,0,0
8832,0,0
8832,0,0
8832,0,0
8832,0,0
8832,0,0
8832,0,0
8832,0,0
8832,0,0
8832,0,0
8832,0,0
8832,0,0
8832,0,0
8832,0,0
8832,0,0
8832,0,0
8832,0,0
8832,0,0
8832,0,0
8832,0,0
8832,0,0
8833,0,51
8833,1,63
8833,2,75
8833,3,50
8833,4,62
8833,5,64
8833,6,40
8833,7,58
8833,8,66
8833,9,53
8833,10,41
8833,11,65
8833,12,76
8833,13,89
8833,14,78
8833,15,88
8833,16,87
8833,17,77
8833,18,30
8833,19,39
8833,20,28
8833,21,20
8833,22,29
8833,23,38
8833,24,58
8833,25,42
8833,26,32
8833,27,67
8833,28,43
8833,29,31
8833,30,80
8833,31,90
8833,32,100
8833,33,91
8833,34,79
8833,35,101
8833,36,108
8833,37,98
8833,38,107
8833,39,99
8833,40,106
8833,41,96
8833,42,85
8833,43,97
8833,44,74
8833,45,86
8833,46,48
8833,47,37
8833,48,26
8833,49,61
8833,50,49
8833,51,27
8833,52,19
8833,53,10
8833,54,17
8833,55,11
8833,56,9
8833,57,18
8833,58,44
8833,59,33
8833,60,22
8833,61,56
8833,62,69
8833,63,23
8833,64,55
8833,65,92
8833,66,81
8833,67,68
8833,68,109
8833,69,118
8833,70,102
8833,71,117
8833,72,110
8833,73,111
8833,74,95
8833,75,116
8833,76,84
8833,77,105
8833,78,115
8833,79,94
8833,80,12
8833,81,21
8833,82,4
8833,83,13
8833,84,72
8833,85,47
8833,86,73
8833,87,60
8833,88,59
8833,89,36
8833,90,15
8833,91,14
8833,92,45
8833,93,24
8833,94,7
8833,95,34
8833,96,126
8833,97,112
8833,98,127
8833,99,119
8833,100,103
8833,101,120
8833,102,71
8833,103,114
8833,104,113
8833,105,83
8833,106,104
8833,107,121
8833,108,35
8833,109,25
8833,110,54
8833,111,52
8833,112,0
8833,113,0
8833,114,2
8833,115,3
8833,116,6
8833,117,5
8833,118,0
8833,119,0
8833,0,0
8833,0,0
8833,0,0
8833,0,0
8833,0,0
8833,0,0
8833,0,0
8833,0,0
8833,128,1051
8833,129,1063
8833,130,1075
8833,131,1050
8833,132,1062
8833,133,1064
8833,134,1040
8833,135,1052
8833,136,1066
8833,137,1053
8833,138,1041
8833,139,1065
8833,140,1076
8833,141,1089
8833,142,1078
8833,143,1088
8833,144,1087
8833,145,1077
8833,146,1030
8833,147,1039
8833,148,1028
8833,149,1020
8833,150,1029
8833,151,1038
8833,152,1054
8833,153,1042
8833,154,1032
8833,155,1067
8833,156,1043
8833,157,1031
8833,158,1080
8833,159,1090
8833,160,1100
8833,161,1091
8833,162,1079
8833,163,1101
8833,164,1108
8833,165,1098
8833,166,1107
8833,167,1099
8833,168,1106
8833,169,1096
8833,170,1085
8833,171,1097
8833,172,1074
8833,173,1086
8833,174,1048
8833,175,1037
8833,176,1026
8833,177,1061
8833,178,1049
8833,179,1027
8833,180,1019
8833,181,1010
8833,182,1017
8833,183,1011
8833,184,1009
8833,185,1018
8833,186,1044
8833,187,1033
8833,188,1022
8833,189,1056
8833,190,1069
8833,191,1023
8833,192,1055
8833,193,1092
8833,194,1081
8833,195,1068
8833,196,1109
8833,197,1118
8833,198,1102
8833,199,1117
8833,200,1110
8833,201,1111
8833,202,1095
8833,203,1116
8833,204,1084
8833,205,1105
8833,206,1115
8833,207,1094
8833,208,1012
8833,209,1021
8833,210,1004
8833,211,1013
8833,212,1072
8833,213,1047
8833,214,1073
8833,215,1060
8833,216,1059
8833,217,1036
8833,218,1014
8833,219,1112
8833,220,1114
8833,221,58
8833,222,58
8833,223,0
8833,224,58
8833,225,58
8833,226,58
8833,227,0
8833,228,0
8833,229,58
8833,230,0
8833,231,58
8833,0,0
8833,0,0
8833,0,0
8833,0,0
8833,0,0
8833,0,0
8833,0,0
8833,0,0
8833,0,0
8833,0,0
8833,0,0
8833,0,0
8833,0,0
8833,0,0
8833,0,0
8833,0,0
8833,0,0
8833,0,0
8833,0,0
8833,0,0
8833,0,0
8833,0,0
8833,0,0
8833,0,0
8834,0,51
8834,1,63
8834,2,75
8834,3,50
8834,4,62
8834,5,64
8834,6,40
8834,7,58
8834,8,66
8834,9,53
8834,10,41
8834,11,65
8834,12,76
8834,13,89
8834,14,78
8834,15,88
8834,16,87
8834,17,77
8834,18,30
8834,19,39
8834,20,28
8834,21,20
8834,22,29
8834,23,38
8834,24,58
8834,25,42
8834,26,32
8834,27,67
8834,28,43
8834,29,31
8834,30,80
8834,31,90
8834,32,100
8834,33,91
8834,34,79
8834,35,101
8834,36,108
8834,37,98
8834,38,107
8834,39,99
8834,40,106
8834,41,96
8834,42,85
8834,43,97
8834,44,74
8834,45,86
8834,46,48
8834,47,37
8834,48,26
8834,49,61
8834,50,49
8834,51,27
8834,52,19
8834,53,10
8834,54,17
8834,55,11
8834,56,9
8834,57,18
8834,58,44
8834,59,33
8834,60,22
8834,61,56
8834,62,69
8834,63,23
8834,64,55
8834,65,92
8834,66,81
8834,67,68
8834,68,109
8834,69,118
8834,70,102
8834,71,117
8834,72,110
8834,73,111
8834,74,95
8834,75,116
8834,76,84
8834,77,105
8834,78,115
8834,79,94
8834,80,12
8834,81,21
8834,82,4
8834,83,13
8834,84,72
8834,85,47
8834,86,73
8834,87,60
8834,88,59
8834,89,36
8834,90,15
8834,91,14
8834,92,45
8834,93,24
8834,94,7
8834,95,34
8834,96,126
8834,97,112
8834,98,127
8834,99,119
8834,100,103
8834,101,120
8834,102,71
8834,103,114
8834,104,113
8834,105,83
8834,106,104
8834,107,121
8834,108,35
8834,109,25
8834,110,54
8834,111,52
8834,112,0
8834,113,0
8834,114,2
8834,115,3
8834,116,6
8834,117,5
8834,118,0
8834,119,0
8834,0,0
8834,0,0
8834,0,0
8834,0,0
8834,0,0
8834,0,0
8834,0,0
8834,0,0
8834,128,1051
8834,129,1063
8834,130,1075
8834,131,1050
8834,132,1062
8834,133,1064
8834,134,1040
8834,135,1052
8834,136,1066
8834,137,1053
8834,138,1041
8834,139,1065
8834,140,1076
8834,141,1089
8834,142,1078
8834,143,1088
8834,144,1087
8834,145,1077
8834,146,1030
8834,147,1039
8834,148,1028
8834,149,1020
8834,150,1029
8834,151,1038
8834,152,1054
8834,153,1042
8834,154,1032
8834,155,1067
8834,156,1043
8834,157,1031
8834,158,1080
8834,159,1090
8834,160,1100
8834,161,1091
8834,162,1079
8834,163,1101
8834,164,1108
8834,165,1098
8834,166,1107
8834,167,1099
8834,168,1106
8834,169,1096
8834,170,1085
8834,171,1097
8834,172,1074
8834,173,1086
8834,174,1048
8834,175,1037
8834,176,1026
8834,177,1061
8834,178,1049
8834,179,1027
8834,180,1019
8834,181,1010
8834,182,1017
8834,183,1011
8834,184,1009
8834,185,1018
8834,186,1044
8834,187,1033
8834,188,1022
8834,189,1056
8834,190,1069
8834,191,1023
8834,192,1055
8834,193,1092
8834,194,1081
8834,195,1068
8834,196,1109
8834,197,1118
8834,198,1102
8834,199,1117
8834,200,1110
8834,201,1111
8834,202,1095
8834,203,1116
8834,204,1084
8834,205,1105
8834,206,1115
8834,207,1094
8834,208,1012
8834,209,1021
8834,210,1004
8834,211,1013
8834,212,1072
8834,213,1047
8834,214,1073
8834,215,1060
8834,216,1059
8834,217,1036
8834,218,1014
8834,219,1112
8834,220,1114
8834,221,58
8834,222,58
8834,223,0
8834,224,58
8834,225,58
8834,226,58
8834,227,0
8834,228,0
8834,229,58
8834,230,0
8834,231,58
8834,0,0
8834,0,0
8834,0,0
8834,0,0
8834,0,0
8834,0,0
8834,0,0
8834,0,0
8834,0,0
8834,0,0
8834,0,0
8834,0,0
8834,0,0
8834,0,0
8834,0,0
8834,0,0
8834,0,0
8834,0,0
8834,0,0
8834,0,0
8834,0,0
8834,0,0
8834,0,0
8834,0,0
8835,0,51
8835,1,63
8835,2,75
8835,3,50
8835,4,62
8835,5,64
8835,6,40
8835,7,58
8835,8,66
8835,9,53
8835,10,41
8835,11,65
8835,12,76
8835,13,89
8835,14,78
8835,15,88
8835,16,87
8835,17,77
8835,18,30
8835,19,39
8835,20,28
8835,21,20
8835,22,29
8835,23,38
8835,24,58
8835,25,42
8835,26,32
8835,27,67
8835,28,43
8835,29,31
8835,30,80
8835,31,90
8835,32,100
8835,33,91
8835,34,79
8835,35,101
8835,36,108
8835,37,98
8835,38,107
8835,39,99
8835,40,106
8835,41,96
8835,42,85
8835,43,97
8835,44,74
8835,45,86
8835,46,48
8835,47,37
8835,48,26
8835,49,61
8835,50,49
8835,51,27
8835,52,19
8835,53,10
8835,54,17
8835,55,11
8835,56,9
8835,57,18
8835,58,44
8835,59,33
8835,60,22
8835,61,56
8835,62,69
8835,63,23
8835,64,55
8835,65,92
8835,66,81
8835,67,68
8835,68,109
8835,69,118
8835,70,102
8835,71,117
8835,72,110
8835,73,111
8835,74,95
8835,75,116
8835,76,84
8835,77,105
8835,78,115
8835,79,94
8835,80,12
8835,81,21
8835,82,4
8835,83,13
8835,84,72
8835,85,47
8835,86,73
8835,87,60
8835,88,59
8835,89,36
8835,90,15
8835,91,14
8835,92,45
8835,93,24
8835,94,7
8835,95,34
8835,96,126
8835,97,112
8835,98,127
8835,99,119
8835,100,103
8835,101,120
8835,102,71
8835,103,114
8835,104,113
8835,105,83
8835,106,104
8835,107,121
8835,108,35
8835,109,25
8835,110,54
8835,111,52
8835,112,0
8835,113,0
8835,114,2
8835,115,3
8835,116,6
8835,117,5
8835,118,0
8835,119,0
8835,0,0
8835,0,0
8835,0,0
8835,0,0
8835,0,0
8835,0,0
8835,0,0
8835,0,0
8835,128,1051
8835,129,1063
8835,130,1075
8835,131,1050
8835,132,1062
8835,133,1064
8835,134,1040
8835,135,1052
8835,136,1066
8835,137,1053
8835,138,1041
8835,139,1065
8835,140,1076
8835,141,1089
8835,142,1078
8835,143,1088
8835,144,1087
8835,145,1077
8835,146,1030
8835,147,1039
8835,148,1028
8835,149,1020
8835,150,1029
8835,151,1038
8835,152,1054
8835,153,1042
8835,154,1032
8835,155,1067
8835,156,1043
8835,157,1031
8835,158,1080
8835,159,1090
8835,160,1100
8835,161,1091
8835,162,1079
8835,163,1101
8835,164,1108
8835,165,1098
8835,166,1107
8835,167,1099
8835,168,1106
8835,169,1096
8835,170,1085
8835,171,1097
8835,172,1074
8835,173,1086
8835,174,1048
8835,175,1037
8835,176,1026
8835,177,1061
8835,178,1049
8835,179,1027
8835,180,1019
8835,181,1010
8835,182,1017
8835,183,1011
8835,184,1009
8835,185,1018
8835,186,1044
8835,187,1033
8835,188,1022
8835,189,1056
8835,190,1069
8835,191,1023
8835,192,1055
8835,193,1092
8835,194,1081
8835,195,1068
8835,196,1109
8835,197,1118
8835,198,1102
8835,199,1117
8835,200,1110
8835,201,1111
8835,202,1095
8835,203,1116
8835,204,1084
8835,205,1105
8835,206,1115
8835,207,1094
8835,208,1012
8835,209,1021
8835,210,1004
8835,211,1013
8835,212,1072
8835,213,1047
8835,214,1073
8835,215,1060
8835,216,1059
8835,217,1036
8835,218,1014
8835,219,1112
8835,220,1114
8835,221,58
8835,222,58
8835,223,0
8835,224,58
8835,225,58
8835,226,58
8835,227,0
8835,228,0
8835,229,58
8835,230,0
8835,231,58
8835,0,0
8835,0,0
8835,0,0
8835,0,0
8835,0,0
8835,0,0
8835,0,0
8835,0,0
8835,0,0
8835,0,0
8835,0,0
8835,0,0
8835,0,0
8835,0,0
8835,0,0
8835,0,0
8835,0,0
8835,0,0
8835,0,0
8835,0,0
8835,0,0
8835,0,0
8835,0,0
8835,0,0
8837,0,51
8837,1,63
8837,2,75
8837,3,50
8837,4,62
8837,5,64
8837,6,40
8837,7,58
8837,8,66
8837,9,53
8837,10,41
8837,11,65
8837,12,76
8837,13,89
8837,14,78
8837,15,88
8837,16,87
8837,17,77
8837,18,30
8837,19,39
8837,20,28
8837,21,20
8837,22,29
8837,23,38
8837,24,58
8837,25,42
8837,26,32
8837,27,67
8837,28,43
8837,29,31
8837,30,80
8837,31,90
8837,32,100
8837,33,91
8837,34,79
8837,35,101
8837,36,108
8837,37,98
8837,38,107
8837,39,99
8837,40,106
8837,41,96
8837,42,85
8837,43,97
8837,44,74
8837,45,86
8837,46,48
8837,47,37
8837,48,26
8837,49,61
8837,50,49
8837,51,27
8837,52,19
8837,53,10
8837,54,17
8837,55,11
8837,56,9
8837,57,18
8837,58,44
8837,59,33
8837,60,22
8837,61,56
8837,62,69
8837,63,23
8837,64,55
8837,65,92
8837,66,81
8837,67,68
8837,68,109
8837,69,118
8837,70,102
8837,71,117
8837,72,110
8837,73,111
8837,74,95
8837,75,116
8837,76,84
8837,77,105
8837,78,115
8837,79,94
8837,80,12
8837,81,21
8837,82,4
8837,83,13
8837,84,72
8837,85,47
8837,86,73
8837,87,60
8837,88,59
8837,89,36
8837,90,15
8837,91,14
8837,92,45
8837,93,24
8837,94,7
8837,95,34
8837,96,126
8837,97,112
8837,98,127
8837,99,119
8837,100,103
8837,101,120
8837,102,71
8837,103,114
8837,104,113
8837,105,83
8837,106,104
8837,107,121
8837,108,35
8837,109,25
8837,110,54
8837,111,52
8837,112,0
8837,113,0
8837,114,2
8837,115,3
8837,116,6
8837,117,5
8837,118,0
8837,119,0
8837,0,0
8837,0,0
8837,0,0
8837,0,0
8837,0,0
8837,0,0
8837,0,0
8837,0,0
8837,128,1051
8837,129,1063
8837,130,1075
8837,131,1050
8837,132,1062
8837,133,1064
8837,134,1040
8837,135,1052
8837,136,1066
8837,137,1053
8837,138,1041
8837,139,1065
8837,140,1076
8837,141,1089
8837,142,1078
8837,143,1088
8837,144,1087
8837,145,1077
8837,146,1030
8837,147,1039
8837,148,1028
8837,149,1020
8837,150,1029
8837,151,1038
8837,152,1054
8837,153,1042
8837,154,1032
8837,155,1067
8837,156,1043
8837,157,1031
8837,158,1080
8837,159,1090
8837,160,1100
8837,161,1091
8837,162,1079
8837,163,1101
8837,164,1108
8837,165,1098
8837,166,1107
8837,167,1099
8837,168,1106
8837,169,1096
8837,170,1085
8837,171,1097
8837,172,1074
8837,173,1086
8837,174,1048
8837,175,1037
8837,176,1026
8837,177,1061
8837,178,1049
8837,179,1027
8837,180,1019
8837,181,1010
8837,182,1017
8837,183,1011
8837,184,1009
8837,185,1018
8837,186,1044
8837,187,1033
8837,188,1022
8837,189,1056
8837,190,1069
8837,191,1023
8837,192,1055
8837,193,1092
8837,194,1081
8837,195,1068
8837,196,1109
8837,197,1118
8837,198,1102
8837,199,1117
8837,200,1110
8837,201,1111
8837,202,1095
8837,203,1116
8837,204,1084
8837,205,1105
8837,206,1115
8837,207,1094
8837,208,1012
8837,209,1021
8837,210,1004
8837,211,1013
8837,212,1072
8837,213,1047
8837,214,1073
8837,215,1060
8837,216,1059
8837,217,1036
8837,218,1014
8837,219,1112
8837,220,1114
8837,221,58
8837,222,58
8837,223,0
8837,224,58
8837,225,58
8837,226,58
8837,227,0
8837,228,0
8837,229,58
8837,230,0
8837,231,58
8837,0,0
8837,0,0
8837,0,0
8837,0,0
8837,0,0
8837,0,0
8837,0,0
8837,0,0
8837,0,0
8837,0,0
8837,0,0
8837,0,0
8837,0,0
8837,0,0
8837,0,0
8837,0,0
8837,0,0
8837,0,0
8837,0,0
8837,0,0
8837,0,0
8837,0,0
8837,0,0
8837,0,0
8838,0,51
8838,1,63
8838,2,75
8838,3,50
8838,4,62
8838,5,64
8838,6,40
8838,7,58
8838,8,66
8838,9,53
8838,10,41
8838,11,65
8838,12,76
8838,13,89
8838,14,78
8838,15,88
8838,16,87
8838,17,77
8838,18,30
8838,19,39
8838,20,28
8838,21,20
8838,22,29
8838,23,38
8838,24,58
8838,25,42
8838,26,32
8838,27,67
8838,28,43
8838,29,31
8838,30,80
8838,31,90
8838,32,100
8838,33,91
8838,34,79
8838,35,101
8838,36,108
8838,37,98
8838,38,107
8838,39,99
8838,40,106
8838,41,96
8838,42,85
8838,43,97
8838,44,74
8838,45,86
8838,46,48
8838,47,37
8838,48,26
8838,49,61
8838,50,49
8838,51,27
8838,52,19
8838,53,10
8838,54,17
8838,55,11
8838,56,9
8838,57,18
8838,58,44
8838,59,33
8838,60,22
8838,61,56
8838,62,69
8838,63,23
8838,64,55
8838,65,92
8838,66,81
8838,67,68
8838,68,109
8838,69,118
8838,70,102
8838,71,117
8838,72,110
8838,73,111
8838,74,95
8838,75,116
8838,76,84
8838,77,105
8838,78,115
8838,79,94
8838,80,12
8838,81,21
8838,82,4
8838,83,13
8838,84,72
8838,85,47
8838,86,73
8838,87,60
8838,88,59
8838,89,36
8838,90,15
8838,91,14
8838,92,45
8838,93,24
8838,94,7
8838,95,34
8838,96,126
8838,97,112
8838,98,127
8838,99,119
8838,100,103
8838,101,120
8838,102,71
8838,103,114
8838,104,113
8838,105,83
8838,106,104
8838,107,121
8838,108,35
8838,109,25
8838,110,54
8838,111,52
8838,112,0
8838,113,0
8838,114,2
8838,115,3
8838,116,6
8838,117,5
8838,118,0
8838,119,0
8838,0,0
8838,0,0
8838,0,0
8838,0,0
8838,0,0
8838,0,0
8838,0,0
8838,0,0
8838,128,1051
8838,129,1063
8838,130,1075
8838,131,1050
8838,132,1062
8838,133,1064
8838,134,1040
8838,135,1052
8838,136,1066
8838,137,1053
8838,138,1041
8838,139,1065
8838,140,1076
8838,141,1089
8838,142,1078
8838,143,1088
8838,144,1087
8838,145,1077
8838,146,1030
8838,147,1039
8838,148,1028
8838,149,1020
8838,150,1029
8838,151,1038
8838,152,1054
8838,153,1042
8838,154,1032
8838,155,1067
8838,156,1043
8838,157,1031
8838,158,1080
8838,159,1090
8838,160,1100
8838,161,1091
8838,162,1079
8838,163,1101
8838,164,1108
8838,165,1098
8838,166,1107
8838,167,1099
8838,168,1106
8838,169,1096
8838,170,1085
8838,171,1097
8838,172,1074
8838,173,1086
8838,174,1048
8838,175,1037
8838,176,1026
8838,177,1061
8838,178,1049
8838,179,1027
8838,180,1019
8838,181,1010
8838,182,1017
8838,183,1011
8838,184,1009
8838,185,1018
8838,186,1044
8838,187,1033
8838,188,1022
8838,189,1056
8838,190,1069
8838,191,1023
8838,192,1055
8838,193,1092
8838,194,1081
8838,195,1068
8838,196,1109
8838,197,1118
8838,198,1102
8838,199,1117
8838,200,1110
8838,201,1111
8838,202,1095
8838,203,1116
8838,204,1084
8838,205,1105
8838,206,1115
8838,207,1094
8838,208,1012
8838,209,1021
8838,210,1004
8838,211,1013
8838,212,1072
8838,213,1047
8838,214,1073
8838,215,1060
8838,216,1059
8838,217,1036
8838,218,1014
8838,219,1112
8838,220,1114
8838,221,58
8838,222,58
8838,223,0
8838,224,58
8838,225,58
8838,226,58
8838,227,0
8838,228,0
8838,229,58
8838,230,0
8838,231,58
8838,0,0
8838,0,0
8838,0,0
8838,0,0
8838,0,0
8838,0,0
8838,0,0
8838,0,0
8838,0,0
8838,0,0
8838,0,0
8838,0,0
8838,0,0
8838,0,0
8838,0,0
8838,0,0
8838,0,0
8838,0,0
8838,0,0
8838,0,0
8838,0,0
8838,0,0
8838,0,0
8838,0,0
8839,0,51
8839,1,63
8839,2,75
8839,3,50
8839,4,62
8839,5,64
8839,6,40
8839,7,58
8839,8,66
8839,9,53
8839,10,41
8839,11,65
8839,12,76
8839,13,89
8839,14,78
8839,15,88
8839,16,87
8839,17,77
8839,18,30
8839,19,39
8839,20,28
8839,21,20
8839,22,29
8839,23,38
8839,24,58
8839,25,42
8839,26,32
8839,27,67
8839,28,43
8839,29,31
8839,30,80
8839,31,90
8839,32,100
8839,33,91
8839,34,79
8839,35,101
8839,36,108
8839,37,98
8839,38,107
8839,39,99
8839,40,106
8839,41,96
8839,42,85
8839,43,97
8839,44,74
8839,45,86
8839,46,48
8839,47,37
8839,48,26
8839,49,61
8839,50,49
8839,51,27
8839,52,19
8839,53,10
8839,54,17
8839,55,11
8839,56,9
8839,57,18
8839,58,44
8839,59,33
8839,60,22
8839,61,56
8839,62,69
8839,63,23
8839,64,55
8839,65,92
8839,66,81
8839,67,68
8839,68,109
8839,69,118
8839,70,102
8839,71,117
8839,72,110
8839,73,111
8839,74,95
8839,75,116
8839,76,84
8839,77,105
8839,78,115
8839,79,94
8839,80,12
8839,81,21
8839,82,4
8839,83,13
8839,84,72
8839,85,47
8839,86,73
8839,87,60
8839,88,59
8839,89,36
8839,90,15
8839,91,14
8839,92,45
8839,93,24
8839,94,7
8839,95,34
8839,96,126
8839,97,112
8839,98,127
8839,99,119
8839,100,103
8839,101,120
8839,102,71
8839,103,114
8839,104,113
8839,105,83
8839,106,104
8839,107,121
8839,108,35
8839,109,25
8839,110,54
8839,111,52
8839,112,0
8839,113,0
8839,114,2
8839,115,3
8839,116,6
8839,117,5
8839,118,0
8839,119,0
8839,0,0
8839,0,0
8839,0,0
8839,0,0
8839,0,0
8839,0,0
8839,0,0
8839,0,0
8839,128,1051
8839,129,1063
8839,130,1075
8839,131,1050
8839,132,1062
8839,133,1064
8839,134,1040
8839,135,1052
8839,136,1066
8839,137,1053
8839,138,1041
8839,139,1065
8839,140,1076
8839,141,1089
8839,142,1078
8839,143,1088
8839,144,1087
8839,145,1077
8839,146,1030
8839,147,1039
8839,148,1028
8839,149,1020
8839,150,1029
8839,151,1038
8839,152,1054
8839,153,1042
8839,154,1032
8839,155,1067
8839,156,1043
8839,157,1031
8839,158,1080
8839,159,1090
8839,160,1100
8839,161,1091
8839,162,1079
8839,163,1101
8839,164,1108
8839,165,1098
8839,166,1107
8839,167,1099
8839,168,1106
8839,169,1096
8839,170,1085
8839,171,1097
8839,172,1074
8839,173,1086
8839,174,1048
8839,175,1037
8839,176,1026
8839,177,1061
8839,178,1049
8839,179,1027
8839,180,1019
8839,181,1010
8839,182,1017
8839,183,1011
8839,184,1009
8839,185,1018
8839,186,1044
8839,187,1033
8839,188,1022
8839,189,1056
8839,190,1069
8839,191,1023
8839,192,1055
8839,193,1092
8839,194,1081
8839,195,1068
8839,196,1109
8839,197,1118
8839,198,1102
8839,199,1117
8839,200,1110
8839,201,1111
8839,202,1095
8839,203,1116
8839,204,1084
8839,205,1105
8839,206,1115
8839,207,1094
8839,208,1012
8839,209,1021
8839,210,1004
8839,211,1013
8839,212,1072
8839,213,1047
8839,214,1073
8839,215,1060
8839,216,1059
8839,217,1036
8839,218,1014
8839,219,1112
8839,220,1114
8839,221,58
8839,222,58
8839,223,0
8839,224,58
8839,225,58
8839,226,58
8839,227,0
8839,228,0
8839,229,58
8839,230,0
8839,231,58
8839,0,0
8839,0,0
8839,0,0
8839,0,0
8839,0,0
8839,0,0
8839,0,0
8839,0,0
8839,0,0
8839,0,0
8839,0,0
8839,0,0
8839,0,0
8839,0,0
8839,0,0
8839,0,0
8839,0,0
8839,0,0
8839,0,0
8839,0,0
8839,0,0
8839,0,0
8839,0,0
8839,0,0
8840,0,51
8840,1,63
8840,2,75
8840,3,50
8840,4,62
8840,5,64
8840,6,40
8840,7,58
8840,8,66
8840,9,53
8840,10,41
8840,11,65
8840,12,76
8840,13,89
8840,14,78
8840,15,88
8840,16,87
8840,17,77
8840,18,30
8840,19,39
8840,20,28
8840,21,20
8840,22,29
8840,23,38
8840,24,58
8840,25,42
8840,26,32
8840,27,67
8840,28,43
8840,29,31
8840,30,80
8840,31,90
8840,32,100
8840,33,91
8840,34,79
8840,35,101
8840,36,108
8840,37,98
8840,38,107
8840,39,99
8840,40,106
8840,41,96
8840,42,85
8840,43,97
8840,44,74
8840,45,86
8840,46,48
8840,47,37
8840,48,26
8840,49,61
8840,50,49
8840,51,27
8840,52,19
8840,53,10
8840,54,17
8840,55,11
8840,56,9
8840,57,18
8840,58,44
8840,59,33
8840,60,22
8840,61,56
8840,62,69
8840,63,23
8840,64,55
8840,65,92
8840,66,81
8840,67,68
8840,68,109
8840,69,118
8840,70,102
8840,71,117
8840,72,110
8840,73,111
8840,74,95
8840,75,116
8840,76,84
8840,77,105
8840,78,115
8840,79,94
8840,80,12
8840,81,21
8840,82,4
8840,83,13
8840,84,72
8840,85,47
8840,86,73
8840,87,60
8840,88,59
8840,89,36
8840,90,15
8840,91,14
8840,92,45
8840,93,24
8840,94,7
8840,95,34
8840,96,126
8840,97,112
8840,98,127
8840,99,119
8840,100,103
8840,101,120
8840,102,71
8840,103,114
8840,104,113
8840,105,83
8840,106,104
8840,107,121
8840,108,35
8840,109,25
8840,110,54
8840,111,52
8840,112,0
8840,113,0
8840,114,2
8840,115,3
8840,116,6
8840,117,5
8840,118,0
8840,119,0
8840,0,0
8840,0,0
8840,0,0
8840,0,0
8840,0,0
8840,0,0
8840,0,0
8840,0,0
8840,128,1051
8840,129,1063
8840,130,1075
8840,131,1050
8840,132,1062
8840,133,1064
8840,134,1040
8840,135,1052
8840,136,1066
8840,137,1053
8840,138,1041
8840,139,1065
8840,140,1076
8840,141,1089
8840,142,1078
8840,143,1088
8840,144,1087
8840,145,1077
8840,146,1030
8840,147,1039
8840,148,1028
8840,149,1020
8840,150,1029
8840,151,1038
8840,152,1054
8840,153,1042
8840,154,1032
8840,155,1067
8840,156,1043
8840,157,1031
8840,158,1080
8840,159,1090
8840,160,1100
8840,161,1091
8840,162,1079
8840,163,1101
8840,164,1108
8840,165,1098
8840,166,1107
8840,167,1099
8840,168,1106
8840,169,1096
8840,170,1085
8840,171,1097
8840,172,1074
8840,173,1086
8840,174,1048
8840,175,1037
8840,176,1026
8840,177,1061
8840,178,1049
8840,179,1027
8840,180,1019
8840,181,1010
8840,182,1017
8840,183,1011
8840,184,1009
8840,185,1018
8840,186,1044
8840,187,1033
8840,188,1022
8840,189,1056
8840,190,1069
8840,191,1023
8840,192,1055
8840,193,1092
8840,194,1081
8840,195,1068
8840,196,1109
8840,197,1118
8840,198,1102
8840,199,1117
8840,200,1110
8840,201,1111
8840,202,1095
8840,203,1116
8840,204,1084
8840,205,1105
8840,206,1115
8840,207,1094
8840,208,1012
8840,209,1021
8840,210,1004
8840,211,1013
8840,212,1072
8840,213,1047
8840,214,1073
8840,215,1060
8840,216,1059
8840,217,1036
8840,218,1014
8840,219,1112
8840,220,1114
8840,221,58
8840,222,58
8840,223,0
8840,224,58
8840,225,58
8840,226,58
8840,227,0
8840,228,0
8840,229,58
8840,230,0
8840,231,58
8840,0,0
8840,0,0
8840,0,0
8840,0,0
8840,0,0
8840,0,0
8840,0,0
8840,0,0
8840,0,0
8840,0,0
8840,0,0
8840,0,0
8840,0,0
8840,0,0
8840,0,0
8840,0,0
8840,0,0
8840,0,0
8840,0,0
8840,0,0
8840,0,0
8840,0,0
8840,0,0
8840,0,0
8841,0,51
8841,1,63
8841,2,75
8841,3,50
8841,4,62
8841,5,64
8841,6,40
8841,7,58
8841,8,66
8841,9,53
8841,10,41
8841,11,65
8841,12,76
8841,13,89
8841,14,78
8841,15,88
8841,16,87
8841,17,77
8841,18,30
8841,19,39
8841,20,28
8841,21,20
8841,22,29
8841,23,38
8841,24,58
8841,25,42
8841,26,32
8841,27,67
8841,28,43
8841,29,31
8841,30,80
8841,31,90
8841,32,100
8841,33,91
8841,34,79
8841,35,101
8841,36,108
8841,37,98
8841,38,107
8841,39,99
8841,40,106
8841,41,96
8841,42,85
8841,43,97
8841,44,74
8841,45,86
8841,46,48
8841,47,37
8841,48,26
8841,49,61
8841,50,49
8841,51,27
8841,52,19
8841,53,10
8841,54,17
8841,55,11
8841,56,9
8841,57,18
8841,58,44
8841,59,33
8841,60,22
8841,61,56
8841,62,69
8841,63,23
8841,64,55
8841,65,92
8841,66,81
8841,67,68
8841,68,109
8841,69,118
8841,70,102
8841,71,117
8841,72,110
8841,73,111
8841,74,95
8841,75,116
8841,76,84
8841,77,105
8841,78,115
8841,79,94
8841,80,12
8841,81,21
8841,82,4
8841,83,13
8841,84,72
8841,85,47
8841,86,73
8841,87,60
8841,88,59
8841,89,36
8841,90,15
8841,91,14
8841,92,45
8841,93,24
8841,94,7
8841,95,34
8841,96,126
8841,97,112
8841,98,127
8841,99,119
8841,100,103
8841,101,120
8841,102,71
8841,103,114
8841,104,113
8841,105,83
8841,106,104
8841,107,121
8841,108,35
8841,109,25
8841,110,54
8841,111,52
8841,112,0
8841,113,0
8841,114,2
8841,115,3
8841,116,6
8841,117,5
8841,118,0
8841,119,0
8841,0,0
8841,0,0
8841,0,0
8841,0,0
8841,0,0
8841,0,0
8841,0,0
8841,0,0
8841,128,1051
8841,129,1063
8841,130,1075
8841,131,1050
8841,132,1062
8841,133,1064
8841,134,1040
8841,135,1052
8841,136,1066
8841,137,1053
8841,138,1041
8841,139,1065
8841,140,1076
8841,141,1089
8841,142,1078
8841,143,1088
8841,144,1087
8841,145,1077
8841,146,1030
8841,147,1039
8841,148,1028
8841,149,1020
8841,150,1029
8841,151,1038
8841,152,1054
8841,153,1042
8841,154,1032
8841,155,1067
8841,156,1043
8841,157,1031
8841,158,1080
8841,159,1090
8841,160,1100
8841,161,1091
8841,162,1079
8841,163,1101
8841,164,1108
8841,165,1098
8841,166,1107
8841,167,1099
8841,168,1106
8841,169,1096
8841,170,1085
8841,171,1097
8841,172,1074
8841,173,1086
8841,174,1048
8841,175,1037
8841,176,1026
8841,177,1061
8841,178,1049
8841,179,1027
8841,180,1019
8841,181,1010
8841,182,1017
8841,183,1011
8841,184,1009
8841,185,1018
8841,186,1044
8841,187,1033
8841,188,1022
8841,189,1056
8841,190,1069
8841,191,1023
8841,192,1055
8841,193,1092
8841,194,1081
8841,195,1068
8841,196,1109
8841,197,1118
8841,198,1102
8841,199,1117
8841,200,1110
8841,201,1111
8841,202,1095
8841,203,1116
8841,204,1084
8841,205,1105
8841,206,1115
8841,207,1094
8841,208,1012
8841,209,1021
8841,210,1004
8841,211,1013
8841,212,1072
8841,213,1047
8841,214,1073
8841,215,1060
8841,216,1059
8841,217,1036
8841,218,1014
8841,219,1112
8841,220,1114
8841,221,58
8841,222,58
8841,223,0
8841,224,58
8841,225,58
8841,226,58
8841,227,0
8841,228,0
8841,229,58
8841,230,0
8841,231,58
8841,0,0
8841,0,0
8841,0,0
8841,0,0
8841,0,0
8841,0,0
8841,0,0
8841,0,0
8841,0,0
8841,0,0
8841,0,0
8841,0,0
8841,0,0
8841,0,0
8841,0,0
8841,0,0
8841,0,0
8841,0,0
8841,0,0
8841,0,0
8841,0,0
8841,0,0
8841,0,0
8841,0,0
8842,0,51
8842,1,63
8842,2,75
8842,3,50
8842,4,62
8842,5,64
8842,6,40
8842,7,58
8842,8,66
8842,9,53
8842,10,41
8842,11,65
8842,12,76
8842,13,89
8842,14,78
8842,15,88
8842,16,87
8842,17,77
8842,18,30
8842,19,39
8842,20,28
8842,21,20
8842,22,29
8842,23,38
8842,24,58
8842,25,42
8842,26,32
8842,27,67
8842,28,43
8842,29,31
8842,30,80
8842,31,90
8842,32,100
8842,33,91
8842,34,79
8842,35,101
8842,36,108
8842,37,98
8842,38,107
8842,39,99
8842,40,106
8842,41,96
8842,42,85
8842,43,97
8842,44,74
8842,45,86
8842,46,48
8842,47,37
8842,48,26
8842,49,61
8842,50,49
8842,51,27
8842,52,19
8842,53,10
8842,54,17
8842,55,11
8842,56,9
8842,57,18
8842,58,44
8842,59,33
8842,60,22
8842,61,56
8842,62,69
8842,63,23
8842,64,55
8842,65,92
8842,66,81
8842,67,68
8842,68,109
8842,69,118
8842,70,102
8842,71,117
8842,72,110
8842,73,111
8842,74,95
8842,75,116
8842,76,84
8842,77,105
8842,78,115
8842,79,94
8842,80,12
8842,81,21
8842,82,4
8842,83,13
8842,84,72
8842,85,47
8842,86,73
8842,87,60
8842,88,59
8842,89,36
8842,90,15
8842,91,14
8842,92,45
8842,93,24
8842,94,7
8842,95,34
8842,96,126
8842,97,112
8842,98,127
8842,99,119
8842,100,103
8842,101,120
8842,102,71
8842,103,114
8842,104,113
8842,105,83
8842,106,104
8842,107,121
8842,108,35
8842,109,25
8842,110,54
8842,111,52
8842,112,0
8842,113,0
8842,114,2
8842,115,3
8842,116,6
8842,117,5
8842,118,0
8842,119,0
8842,0,0
8842,0,0
8842,0,0
8842,0,0
8842,0,0
8842,0,0
8842,0,0
8842,0,0
8842,128,1051
8842,129,1063
8842,130,1075
8842,131,1050
8842,132,1062
8842,133,1064
8842,134,1040
8842,135,1052
8842,136,1066
8842,137,1053
8842,138,1041
8842,139,1065
8842,140,1076
8842,141,1089
8842,142,1078
8842,143,1088
8842,144,1087
8842,145,1077
8842,146,1030
8842,147,1039
8842,148,1028
8842,149,1020
8842,150,1029
8842,151,1038
8842,152,1054
8842,153,1042
8842,154,1032
8842,155,1067
8842,156,1043
8842,157,1031
8842,158,1080
8842,159,1090
8842,160,1100
8842,161,1091
8842,162,1079
8842,163,1101
8842,164,1108
8842,165,1098
8842,166,1107
8842,167,1099
8842,168,1106
8842,169,1096
8842,170,1085
8842,171,1097
8842,172,1074
8842,173,1086
8842,174,1048
8842,175,1037
8842,176,1026
8842,177,1061
8842,178,1049
8842,179,1027
8842,180,1019
8842,181,1010
8842,182,1017
8842,183,1011
8842,184,1009
8842,185,1018
8842,186,1044
8842,187,1033
8842,188,1022
8842,189,1056
8842,190,1069
8842,191,1023
8842,192,1055
8842,193,1092
8842,194,1081
8842,195,1068
8842,196,1109
8842,197,1118
8842,198,1102
8842,199,1117
8842,200,1110
8842,201,1111
8842,202,1095
8842,203,1116
8842,204,1084
8842,205,1105
8842,206,1115
8842,207,1094
8842,208,1012
8842,209,1021
8842,210,1004
8842,211,1013
8842,212,1072
8842,213,1047
8842,214,1073
8842,215,1060
8842,216,1059
8842,217,1036
8842,218,1014
8842,219,1112
8842,220,1114
8842,221,58
8842,222,58
8842,223,0
8842,224,58
8842,225,58
8842,226,58
8842,227,0
8842,228,0
8842,229,58
8842,230,0
8842,231,58
8842,0,0
8842,0,0
8842,0,0
8842,0,0
8842,0,0
8842,0,0
8842,0,0
8842,0,0
8842,0,0
8842,0,0
8842,0,0
8842,0,0
8842,0,0
8842,0,0
8842,0,0
8842,0,0
8842,0,0
8842,0,0
8842,0,0
8842,0,0
8842,0,0
8842,0,0
8842,0,0
8842,0,0
8843,0,51
8843,1,63
8843,2,75
8843,3,50
8843,4,62
8843,5,64
8843,6,40
8843,7,58
8843,8,66
8843,9,53
8843,10,41
8843,11,65
8843,12,76
8843,13,89
8843,14,78
8843,15,88
8843,16,87
8843,17,77
8843,18,30
8843,19,39
8843,20,28
8843,21,20
8843,22,29
8843,23,38
8843,24,58
8843,25,42
8843,26,32
8843,27,67
8843,28,43
8843,29,31
8843,30,80
8843,31,90
8843,32,100
8843,33,91
8843,34,79
8843,35,101
8843,36,108
8843,37,98
8843,38,107
8843,39,99
8843,40,106
8843,41,96
8843,42,85
8843,43,97
8843,44,74
8843,45,86
8843,46,48
8843,47,37
8843,48,26
8843,49,61
8843,50,49
8843,51,27
8843,52,19
8843,53,10
8843,54,17
8843,55,11
8843,56,9
8843,57,18
8843,58,44
8843,59,33
8843,60,22
8843,61,56
8843,62,69
8843,63,23
8843,64,55
8843,65,92
8843,66,81
8843,67,68
8843,68,109
8843,69,118
8843,70,102
8843,71,117
8843,72,110
8843,73,111
8843,74,95
8843,75,116
8843,76,84
8843,77,105
8843,78,115
8843,79,94
8843,80,12
8843,81,21
8843,82,4
8843,83,13
8843,84,72
8843,85,47
8843,86,73
8843,87,60
8843,88,59
8843,89,36
8843,90,15
8843,91,14
8843,92,45
8843,93,24
8843,94,7
8843,95,34
8843,96,126
8843,97,112
8843,98,127
8843,99,119
8843,100,103
8843,101,120
8843,102,71
8843,103,114
8843,104,113
8843,105,83
8843,106,104
8843,107,121
8843,108,35
8843,109,25
8843,110,54
8843,111,52
8843,112,0
8843,113,0
8843,114,2
8843,115,3
8843,116,6
8843,117,5
8843,118,0
8843,119,0
8843,0,0
8843,0,0
8843,0,0
8843,0,0
8843,0,0
8843,0,0
8843,0,0
8843,0,0
8843,128,1051
8843,129,1063
8843,130,1075
8843,131,1050
8843,132,1062
8843,133,1064
8843,134,1040
8843,135,1052
8843,136,1066
8843,137,1053
8843,138,1041
8843,139,1065
8843,140,1076
8843,141,1089
8843,142,1078
8843,143,1088
8843,144,1087
8843,145,1077
8843,146,1030
8843,147,1039
8843,148,1028
8843,149,1020
8843,150,1029
8843,151,1038
8843,152,1054
8843,153,1042
8843,154,1032
8843,155,1067
8843,156,1043
8843,157,1031
8843,158,1080
8843,159,1090
8843,160,1100
8843,161,1091
8843,162,1079
8843,163,1101
8843,164,1108
8843,165,1098
8843,166,1107
8843,167,1099
8843,168,1106
8843,169,1096
8843,170,1085
8843,171,1097
8843,172,1074
8843,173,1086
8843,174,1048
8843,175,1037
8843,176,1026
8843,177,1061
8843,178,1049
8843,179,1027
8843,180,1019
8843,181,1010
8843,182,1017
8843,183,1011
8843,184,1009
8843,185,1018
8843,186,1044
8843,187,1033
8843,188,1022
8843,189,1056
8843,190,1069
8843,191,1023
8843,192,1055
8843,193,1092
8843,194,1081
8843,195,1068
8843,196,1109
8843,197,1118
8843,198,1102
8843,199,1117
8843,200,1110
8843,201,1111
8843,202,1095
8843,203,1116
8843,204,1084
8843,205,1105
8843,206,1115
8843,207,1094
8843,208,1012
8843,209,1021
8843,210,1004
8843,211,1013
8843,212,1072
8843,213,1047
8843,214,1073
8843,215,1060
8843,216,1059
8843,217,1036
8843,218,1014
8843,219,1112
8843,220,1114
8843,221,58
8843,222,58
8843,223,0
8843,224,58
8843,225,58
8843,226,58
8843,227,0
8843,228,0
8843,229,58
8843,230,0
8843,231,58
8843,0,0
8843,0,0
8843,0,0
8843,0,0
8843,0,0
8843,0,0
8843,0,0
8843,0,0
8843,0,0
8843,0,0
8843,0,0
8843,0,0
8843,0,0
8843,0,0
8843,0,0
8843,0,0
8843,0,0
8843,0,0
8843,0,0
8843,0,0
8843,0,0
8843,0,0
8843,0,0
8843,0,0
8844,0,51
8844,1,63
8844,2,75
8844,3,50
8844,4,62
8844,5,64
8844,6,40
8844,7,58
8844,8,66
8844,9,53
8844,10,41
8844,11,65
8844,12,76
8844,13,89
8844,14,78
8844,15,88
8844,16,87
8844,17,77
8844,18,30
8844,19,39
8844,20,28
8844,21,20
8844,22,29
8844,23,38
8844,24,58
8844,25,42
8844,26,32
8844,27,67
8844,28,43
8844,29,31
8844,30,80
8844,31,90
8844,32,100
8844,33,91
8844,34,79
8844,35,101
8844,36,108
8844,37,98
8844,38,107
8844,39,99
8844,40,106
8844,41,96
8844,42,85
8844,43,97
8844,44,74
8844,45,86
8844,46,48
8844,47,37
8844,48,26
8844,49,61
8844,50,49
8844,51,27
8844,52,19
8844,53,10
8844,54,17
8844,55,11
8844,56,9
8844,57,18
8844,58,44
8844,59,33
8844,60,22
8844,61,56
8844,62,69
8844,63,23
8844,64,55
8844,65,92
8844,66,81
8844,67,68
8844,68,109
8844,69,118
8844,70,102
8844,71,117
8844,72,110
8844,73,111
8844,74,95
8844,75,116
8844,76,84
8844,77,105
8844,78,115
8844,79,94
8844,80,12
8844,81,21
8844,82,4
8844,83,13
8844,84,72
8844,85,47
8844,86,73
8844,87,60
8844,88,59
8844,89,36
8844,90,15
8844,91,14
8844,92,45
8844,93,24
8844,94,7
8844,95,34
8844,96,126
8844,97,112
8844,98,127
8844,99,119
8844,100,103
8844,101,120
8844,102,71
8844,103,114
8844,104,113
8844,105,83
8844,106,104
8844,107,121
8844,108,35
8844,109,25
8844,110,54
8844,111,52
8844,112,0
8844,113,0
8844,114,2
8844,115,3
8844,116,6
8844,117,5
8844,118,0
8844,119,0
8844,0,0
8844,0,0
8844,0,0
8844,0,0
8844,0,0
8844,0,0
8844,0,0
8844,0,0
8844,128,1051
8844,129,1063
8844,130,1075
8844,131,1050
8844,132,1062
8844,133,1064
8844,134,1040
8844,135,1052
8844,136,1066
8844,137,1053
8844,138,1041
8844,139,1065
8844,140,1076
8844,141,1089
8844,142,1078
8844,143,1088
8844,144,1087
8844,145,1077
8844,146,1030
8844,147,1039
8844,148,1028
8844,149,1020
8844,150,1029
8844,151,1038
8844,152,1054
8844,153,1042
8844,154,1032
8844,155,1067
8844,156,1043
8844,157,1031
8844,158,1080
8844,159,1090
8844,160,1100
8844,161,1091
8844,162,1079
8844,163,1101
8844,164,1108
8844,165,1098
8844,166,1107
8844,167,1099
8844,168,1106
8844,169,1096
8844,170,1085
8844,171,1097
8844,172,1074
8844,173,1086
8844,174,1048
8844,175,1037
8844,176,1026
8844,177,1061
8844,178,1049
8844,179,1027
8844,180,1019
8844,181,1010
8844,182,1017
8844,183,1011
8844,184,1009
8844,185,1018
8844,186,1044
8844,187,1033
8844,188,1022
8844,189,1056
8844,190,1069
8844,191,1023
8844,192,1055
8844,193,1092
8844,194,1081
8844,195,1068
8844,196,1109
8844,197,1118
8844,198,1102
8844,199,1117
8844,200,1110
8844,201,1111
8844,202,1095
8844,203,1116
8844,204,1084
8844,205,1105
8844,206,1115
8844,207,1094
8844,208,1012
8844,209,1021
8844,210,1004
8844,211,1013
8844,212,1072
8844,213,1047
8844,214,1073
8844,215,1060
8844,216,1059
8844,217,1036
8844,218,1014
8844,219,1112
8844,220,1114
8844,221,58
8844,222,58
8844,223,0
8844,224,58
8844,225,58
8844,226,58
8844,227,0
8844,228,0
8844,229,58
8844,230,0
8844,231,58
8844,0,0
8844,0,0
8844,0,0
8844,0,0
8844,0,0
8844,0,0
8844,0,0
8844,0,0
8844,0,0
8844,0,0
8844,0,0
8844,0,0
8844,0,0
8844,0,0
8844,0,0
8844,0,0
8844,0,0
8844,0,0
8844,0,0
8844,0,0
8844,0,0
8844,0,0
8844,0,0
8844,0,0
8845,0,51
8845,1,63
8845,2,75
8845,3,50
8845,4,62
8845,5,64
8845,6,40
8845,7,58
8845,8,66
8845,9,53
8845,10,41
8845,11,65
8845,12,76
8845,13,89
8845,14,78
8845,15,88
8845,16,87
8845,17,77
8845,18,30
8845,19,39
8845,20,28
8845,21,20
8845,22,29
8845,23,38
8845,24,58
8845,25,42
8845,26,32
8845,27,67
8845,28,43
8845,29,31
8845,30,80
8845,31,90
8845,32,100
8845,33,91
8845,34,79
8845,35,101
8845,36,108
8845,37,98
8845,38,107
8845,39,99
8845,40,106
8845,41,96
8845,42,85
8845,43,97
8845,44,74
8845,45,86
8845,46,48
8845,47,37
8845,48,26
8845,49,61
8845,50,49
8845,51,27
8845,52,19
8845,53,10
8845,54,17
8845,55,11
8845,56,9
8845,57,18
8845,58,44
8845,59,33
8845,60,22
8845,61,56
8845,62,69
8845,63,23
8845,64,55
8845,65,92
8845,66,81
8845,67,68
8845,68,109
8845,69,118
8845,70,102
8845,71,117
8845,72,110
8845,73,111
8845,74,95
8845,75,116
8845,76,84
8845,77,105
8845,78,115
8845,79,94
8845,80,12
8845,81,21
8845,82,4
8845,83,13
8845,84,72
8845,85,47
8845,86,73
8845,87,60
8845,88,59
8845,89,36
8845,90,15
8845,91,14
8845,92,45
8845,93,24
8845,94,7
8845,95,34
8845,96,126
8845,97,112
8845,98,127
8845,99,119
8845,100,103
8845,101,120
8845,102,71
8845,103,114
8845,104,113
8845,105,83
8845,106,104
8845,107,121
8845,108,35
8845,109,25
8845,110,54
8845,111,52
8845,112,0
8845,113,0
8845,114,2
8845,115,3
8845,116,6
8845,117,5
8845,118,0
8845,119,0
8845,0,0
8845,0,0
8845,0,0
8845,0,0
8845,0,0
8845,0,0
8845,0,0
8845,0,0
8845,128,1051
8845,129,1063
8845,130,1075
8845,131,1050
8845,132,1062
8845,133,1064
8845,134,1040
8845,135,1052
8845,136,1066
8845,137,1053
8845,138,1041
8845,139,1065
8845,140,1076
8845,141,1089
8845,142,1078
8845,143,1088
8845,144,1087
8845,145,1077
8845,146,1030
8845,147,1039
8845,148,1028
8845,149,1020
8845,150,1029
8845,151,1038
8845,152,1054
8845,153,1042
8845,154,1032
8845,155,1067
8845,156,1043
8845,157,1031
8845,158,1080
8845,159,1090
8845,160,1100
8845,161,1091
8845,162,1079
8845,163,1101
8845,164,1108
8845,165,1098
8845,166,1107
8845,167,1099
8845,168,1106
8845,169,1096
8845,170,1085
8845,171,1097
8845,172,1074
8845,173,1086
8845,174,1048
8845,175,1037
8845,176,1026
8845,177,1061
8845,178,1049
8845,179,1027
8845,180,1019
8845,181,1010
8845,182,1017
8845,183,1011
8845,184,1009
8845,185,1018
8845,186,1044
8845,187,1033
8845,188,1022
8845,189,1056
8845,190,1069
8845,191,1023
8845,192,1055
8845,193,1092
8845,194,1081
8845,195,1068
8845,196,1109
8845,197,1118
8845,198,1102
8845,199,1117
8845,200,1110
8845,201,1111
8845,202,1095
8845,203,1116
8845,204,1084
8845,205,1105
8845,206,1115
8845,207,1094
8845,208,1012
8845,209,1021
8845,210,1004
8845,211,1013
8845,212,1072
8845,213,1047
8845,214,1073
8845,215,1060
8845,216,1059
8845,217,1036
8845,218,1014
8845,219,1112
8845,220,1114
8845,221,58
8845,222,58
8845,223,0
8845,224,58
8845,225,58
8845,226,58
8845,227,0
8845,228,0
8845,229,58
8845,230,0
8845,231,58
8845,0,0
8845,0,0
8845,0,0
8845,0,0
8845,0,0
8845,0,0
8845,0,0
8845,0,0
8845,0,0
8845,0,0
8845,0,0
8845,0,0
8845,0,0
8845,0,0
8845,0,0
8845,0,0
8845,0,0
8845,0,0
8845,0,0
8845,0,0
8845,0,0
8845,0,0
8845,0,0
8845,0,0
8846,0,51
8846,1,63
8846,2,75
8846,3,50
8846,4,62
8846,5,64
8846,6,40
8846,7,58
8846,8,66
8846,9,53
8846,10,41
8846,11,65
8846,12,76
8846,13,89
8846,14,78
8846,15,88
8846,16,87
8846,17,77
8846,18,30
8846,19,39
8846,20,28
8846,21,20
8846,22,29
8846,23,38
8846,24,58
8846,25,42
8846,26,32
8846,27,67
8846,28,43
8846,29,31
8846,30,80
8846,31,90
8846,32,100
8846,33,91
8846,34,79
8846,35,101
8846,36,108
8846,37,98
8846,38,107
8846,39,99
8846,40,106
8846,41,96
8846,42,85
8846,43,97
8846,44,74
8846,45,86
8846,46,48
8846,47,37
8846,48,26
8846,49,61
8846,50,49
8846,51,27
8846,52,19
8846,53,10
8846,54,17
8846,55,11
8846,56,9
8846,57,18
8846,58,44
8846,59,33
8846,60,22
8846,61,56
8846,62,69
8846,63,23
8846,64,55
8846,65,92
8846,66,81
8846,67,68
8846,68,109
8846,69,118
8846,70,102
8846,71,117
8846,72,110
8846,73,111
8846,74,95
8846,75,116
8846,76,84
8846,77,105
8846,78,115
8846,79,94
8846,80,12
8846,81,21
8846,82,4
8846,83,13
8846,84,72
8846,85,47
8846,86,73
8846,87,60
8846,88,59
8846,89,36
8846,90,15
8846,91,14
8846,92,45
8846,93,24
8846,94,7
8846,95,34
8846,96,126
8846,97,112
8846,98,127
8846,99,119
8846,100,103
8846,101,120
8846,102,71
8846,103,114
8846,104,113
8846,105,83
8846,106,104
8846,107,121
8846,108,35
8846,109,25
8846,110,54
8846,111,52
8846,112,0
8846,113,0
8846,114,2
8846,115,3
8846,116,6
8846,117,5
8846,118,0
8846,119,0
8846,0,0
8846,0,0
8846,0,0
8846,0,0
8846,0,0
8846,0,0
8846,0,0
8846,0,0
8846,128,1051
8846,129,1063
8846,130,1075
8846,131,1050
8846,132,1062
8846,133,1064
8846,134,1040
8846,135,1052
8846,136,1066
8846,137,1053
8846,138,1041
8846,139,1065
8846,140,1076
8846,141,1089
8846,142,1078
8846,143,1088
8846,144,1087
8846,145,1077
8846,146,1030
8846,147,1039
8846,148,1028
8846,149,1020
8846,150,1029
8846,151,1038
8846,152,1054
8846,153,1042
8846,154,1032
8846,155,1067
8846,156,1043
8846,157,1031
8846,158,1080
8846,159,1090
8846,160,1100
8846,161,1091
8846,162,1079
8846,163,1101
8846,164,1108
8846,165,1098
8846,166,1107
8846,167,1099
8846,168,1106
8846,169,1096
8846,170,1085
8846,171,1097
8846,172,1074
8846,173,1086
8846,174,1048
8846,175,1037
8846,176,1026
8846,177,1061
8846,178,1049
8846,179,1027
8846,180,1019
8846,181,1010
8846,182,1017
8846,183,1011
8846,184,1009
8846,185,1018
8846,186,1044
8846,187,1033
8846,188,1022
8846,189,1056
8846,190,1069
8846,191,1023
8846,192,1055
8846,193,1092
8846,194,1081
8846,195,1068
8846,196,1109
8846,197,1118
8846,198,1102
8846,199,1117
8846,200,1110
8846,201,1111
8846,202,1095
8846,203,1116
8846,204,1084
8846,205,1105
8846,206,1115
8846,207,1094
8846,208,1012
8846,209,1021
8846,210,1004
8846,211,1013
8846,212,1072
8846,213,1047
8846,214,1073
8846,215,1060
8846,216,1059
8846,217,1036
8846,218,1014
8846,219,1112
8846,220,1114
8846,221,58
8846,222,58
8846,223,0
8846,224,58
8846,225,58
8846,226,58
8846,227,0
8846,228,0
8846,229,58
8846,230,0
8846,231,58
8846,0,0
8846,0,0
8846,0,0
8846,0,0
8846,0,0
8846,0,0
8846,0,0
8846,0,0
8846,0,0
8846,0,0
8846,0,0
8846,0,0
8846,0,0
8846,0,0
8846,0,0
8846,0,0
8846,0,0
8846,0,0
8846,0,0
8846,0,0
8846,0,0
8846,0,0
8846,0,0
8846,0,0
8847,0,51
8847,1,63
8847,2,75
8847,3,50
8847,4,62
8847,5,64
8847,6,40
8847,7,58
8847,8,66
8847,9,53
8847,10,41
8847,11,65
8847,12,76
8847,13,89
8847,14,78
8847,15,88
8847,16,87
8847,17,77
8847,18,30
8847,19,39
8847,20,28
8847,21,20
8847,22,29
8847,23,38
8847,24,58
8847,25,42
8847,26,32
8847,27,67
8847,28,43
8847,29,31
8847,30,80
8847,31,90
8847,32,100
8847,33,91
8847,34,79
8847,35,101
8847,36,108
8847,37,98
8847,38,107
8847,39,99
8847,40,106
8847,41,96
8847,42,85
8847,43,97
8847,44,74
8847,45,86
8847,46,48
8847,47,37
8847,48,26
8847,49,61
8847,50,49
8847,51,27
8847,52,19
8847,53,10
8847,54,17
8847,55,11
8847,56,9
8847,57,18
8847,58,44
8847,59,33
8847,60,22
8847,61,56
8847,62,69
8847,63,23
8847,64,55
8847,65,92
8847,66,81
8847,67,68
8847,68,109
8847,69,118
8847,70,102
8847,71,117
8847,72,110
8847,73,111
8847,74,95
8847,75,116
8847,76,84
8847,77,105
8847,78,115
8847,79,94
8847,80,12
8847,81,21
8847,82,4
8847,83,13
8847,84,72
8847,85,47
8847,86,73
8847,87,60
8847,88,59
8847,89,36
8847,90,15
8847,91,14
8847,92,45
8847,93,24
8847,94,7
8847,95,34
8847,96,126
8847,97,112
8847,98,127
8847,99,119
8847,100,103
8847,101,120
8847,102,71
8847,103,114
8847,104,113
8847,105,83
8847,106,104
8847,107,121
8847,108,35
8847,109,25
8847,110,54
8847,111,52
8847,112,0
8847,113,0
8847,114,2
8847,115,3
8847,116,6
8847,117,5
8847,118,0
8847,119,0
8847,0,0
8847,0,0
8847,0,0
8847,0,0
8847,0,0
8847,0,0
8847,0,0
8847,0,0
8847,128,1051
8847,129,1063
8847,130,1075
8847,131,1050
8847,132,1062
8847,133,1064
8847,134,1040
8847,135,1052
8847,136,1066
8847,137,1053
8847,138,1041
8847,139,1065
8847,140,1076
8847,141,1089
8847,142,1078
8847,143,1088
8847,144,1087
8847,145,1077
8847,146,1030
8847,147,1039
8847,148,1028
8847,149,1020
8847,150,1029
8847,151,1038
8847,152,1054
8847,153,1042
8847,154,1032
8847,155,1067
8847,156,1043
8847,157,1031
8847,158,1080
8847,159,1090
8847,160,1100
8847,161,1091
8847,162,1079
8847,163,1101
8847,164,1108
8847,165,1098
8847,166,1107
8847,167,1099
8847,168,1106
8847,169,1096
8847,170,1085
8847,171,1097
8847,172,1074
8847,173,1086
8847,174,1048
8847,175,1037
8847,176,1026
8847,177,1061
8847,178,1049
8847,179,1027
8847,180,1019
8847,181,1010
8847,182,1017
8847,183,1011
8847,184,1009
8847,185,1018
8847,186,1044
8847,187,1033
8847,188,1022
8847,189,1056
8847,190,1069
8847,191,1023
8847,192,1055
8847,193,1092
8847,194,1081
8847,195,1068
8847,196,1109
8847,197,1118
8847,198,1102
8847,199,1117
8847,200,1110
8847,201,1111
8847,202,1095
8847,203,1116
8847,204,1084
8847,205,1105
8847,206,1115
8847,207,1094
8847,208,1012
8847,209,1021
8847,210,1004
8847,211,1013
8847,212,1072
8847,213,1047
8847,214,1073
8847,215,1060
8847,216,1059
8847,217,1036
8847,218,1014
8847,219,1112
8847,220,1114
8847,221,58
8847,222,58
8847,223,0
8847,224,58
8847,225,58
8847,226,58
8847,227,0
8847,228,0
8847,229,58
8847,230,0
8847,231,58
8847,0,0
8847,0,0
8847,0,0
8847,0,0
8847,0,0
8847,0,0
8847,0,0
8847,0,0
8847,0,0
8847,0,0
8847,0,0
8847,0,0
8847,0,0
8847,0,0
8847,0,0
8847,0,0
8847,0,0
8847,0,0
8847,0,0
8847,0,0
8847,0,0
8847,0,0
8847,0,0
8847,0,0
8848,0,51
8848,1,63
8848,2,75
8848,3,50
8848,4,62
8848,5,64
8848,6,40
8848,7,58
8848,8,66
8848,9,53
8848,10,41
8848,11,65
8848,12,76
8848,13,89
8848,14,78
8848,15,88
8848,16,87
8848,17,77
8848,18,30
8848,19,39
8848,20,28
8848,21,20
8848,22,29
8848,23,38
8848,24,58
8848,25,42
8848,26,32
8848,27,67
8848,28,43
8848,29,31
8848,30,80
8848,31,90
8848,32,100
8848,33,91
8848,34,79
8848,35,101
8848,36,108
8848,37,98
8848,38,107
8848,39,99
8848,40,106
8848,41,96
8848,42,85
8848,43,97
8848,44,74
8848,45,86
8848,46,48
8848,47,37
8848,48,26
8848,49,61
8848,50,49
8848,51,27
8848,52,19
8848,53,10
8848,54,17
8848,55,11
8848,56,9
8848,57,18
8848,58,44
8848,59,33
8848,60,22
8848,61,56
8848,62,69
8848,63,23
8848,64,55
8848,65,92
8848,66,81
8848,67,68
8848,68,109
8848,69,118
8848,70,102
8848,71,117
8848,72,110
8848,73,111
8848,74,95
8848,75,116
8848,76,84
8848,77,105
8848,78,115
8848,79,94
8848,80,12
8848,81,21
8848,82,4
8848,83,13
8848,84,72
8848,85,47
8848,86,73
8848,87,60
8848,88,59
8848,89,36
8848,90,15
8848,91,14
8848,92,45
8848,93,24
8848,94,7
8848,95,34
8848,96,126
8848,97,112
8848,98,127
8848,99,119
8848,100,103
8848,101,120
8848,102,71
8848,103,114
8848,104,113
8848,105,83
8848,106,104
8848,107,121
8848,108,35
8848,109,25
8848,110,54
8848,111,52
8848,112,0
8848,113,0
8848,114,2
8848,115,3
8848,116,6
8848,117,5
8848,118,0
8848,119,0
8848,0,0
8848,0,0
8848,0,0
8848,0,0
8848,0,0
8848,0,0
8848,0,0
8848,0,0
8848,128,1051
8848,129,1063
8848,130,1075
8848,131,1050
8848,132,1062
8848,133,1064
8848,134,1040
8848,135,1052
8848,136,1066
8848,137,1053
8848,138,1041
8848,139,1065
8848,140,1076
8848,141,1089
8848,142,1078
8848,143,1088
8848,144,1087
8848,145,1077
8848,146,1030
8848,147,1039
8848,148,1028
8848,149,1020
8848,150,1029
8848,151,1038
8848,152,1054
8848,153,1042
8848,154,1032
8848,155,1067
8848,156,1043
8848,157,1031
8848,158,1080
8848,159,1090
8848,160,1100
8848,161,1091
8848,162,1079
8848,163,1101
8848,164,1108
8848,165,1098
8848,166,1107
8848,167,1099
8848,168,1106
8848,169,1096
8848,170,1085
8848,171,1097
8848,172,1074
8848,173,1086
8848,174,1048
8848,175,1037
8848,176,1026
8848,177,1061
8848,178,1049
8848,179,1027
8848,180,1019
8848,181,1010
8848,182,1017
8848,183,1011
8848,184,1009
8848,185,1018
8848,186,1044
8848,187,1033
8848,188,1022
8848,189,1056
8848,190,1069
8848,191,1023
8848,192,1055
8848,193,1092
8848,194,1081
8848,195,1068
8848,196,1109
8848,197,1118
8848,198,1102
8848,199,1117
8848,200,1110
8848,201,1111
8848,202,1095
8848,203,1116
8848,204,1084
8848,205,1105
8848,206,1115
8848,207,1094
8848,208,1012
8848,209,1021
8848,210,1004
8848,211,1013
8848,212,1072
8848,213,1047
8848,214,1073
8848,215,1060
8848,216,1059
8848,217,1036
8848,218,1014
8848,219,1112
8848,220,1114
8848,221,58
8848,222,58
8848,223,0
8848,224,58
8848,225,58
8848,226,58
8848,227,0
8848,228,0
8848,229,58
8848,230,0
8848,231,58
8848,0,0
8848,0,0
8848,0,0
8848,0,0
8848,0,0
8848,0,0
8848,0,0
8848,0,0
8848,0,0
8848,0,0
8848,0,0
8848,0,0
8848,0,0
8848,0,0
8848,0,0
8848,0,0
8848,0,0
8848,0,0
8848,0,0
8848,0,0
8848,0,0
8848,0,0
8848,0,0
8848,0,0
8849,0,51
8849,1,63
8849,2,75
8849,3,50
8849,4,62
8849,5,64
8849,6,40
8849,7,58
8849,8,66
8849,9,53
8849,10,41
8849,11,65
8849,12,76
8849,13,89
8849,14,78
8849,15,88
8849,16,87
8849,17,77
8849,18,30
8849,19,39
8849,20,28
8849,21,20
8849,22,29
8849,23,38
8849,24,58
8849,25,42
8849,26,32
8849,27,67
8849,28,43
8849,29,31
8849,30,80
8849,31,90
8849,32,100
8849,33,91
8849,34,79
8849,35,101
8849,36,108
8849,37,98
8849,38,107
8849,39,99
8849,40,106
8849,41,96
8849,42,85
8849,43,97
8849,44,74
8849,45,86
8849,46,48
8849,47,37
8849,48,26
8849,49,61
8849,50,49
8849,51,27
8849,52,19
8849,53,10
8849,54,17
8849,55,11
8849,56,9
8849,57,18
8849,58,44
8849,59,33
8849,60,22
8849,61,56
8849,62,69
8849,63,23
8849,64,55
8849,65,92
8849,66,81
8849,67,68
8849,68,109
8849,69,118
8849,70,102
8849,71,117
8849,72,110
8849,73,111
8849,74,95
8849,75,116
8849,76,84
8849,77,105
8849,78,115
8849,79,94
8849,80,12
8849,81,21
8849,82,4
8849,83,13
8849,84,72
8849,85,47
8849,86,73
8849,87,60
8849,88,59
8849,89,36
8849,90,15
8849,91,14
8849,92,45
8849,93,24
8849,94,7
8849,95,34
8849,96,126
8849,97,112
8849,98,127
8849,99,119
8849,100,103
8849,101,120
8849,102,71
8849,103,114
8849,104,113
8849,105,83
8849,106,104
8849,107,121
8849,108,35
8849,109,25
8849,110,54
8849,111,52
8849,112,0
8849,113,0
8849,114,2
8849,115,3
8849,116,6
8849,117,5
8849,118,0
8849,119,0
8849,0,0
8849,0,0
8849,0,0
8849,0,0
8849,0,0
8849,0,0
8849,0,0
8849,0,0
8849,128,1051
8849,129,1063
8849,130,1075
8849,131,1050
8849,132,1062
8849,133,1064
8849,134,1040
8849,135,1052
8849,136,1066
8849,137,1053
8849,138,1041
8849,139,1065
8849,140,1076
8849,141,1089
8849,142,1078
8849,143,1088
8849,144,1087
8849,145,1077
8849,146,1030
8849,147,1039
8849,148,1028
8849,149,1020
8849,150,1029
8849,151,1038
8849,152,1054
8849,153,1042
8849,154,1032
8849,155,1067
8849,156,1043
8849,157,1031
8849,158,1080
8849,159,1090
8849,160,1100
8849,161,1091
8849,162,1079
8849,163,1101
8849,164,1108
8849,165,1098
8849,166,1107
8849,167,1099
8849,168,1106
8849,169,1096
8849,170,1085
8849,171,1097
8849,172,1074
8849,173,1086
8849,174,1048
8849,175,1037
8849,176,1026
8849,177,1061
8849,178,1049
8849,179,1027
8849,180,1019
8849,181,1010
8849,182,1017
8849,183,1011
8849,184,1009
8849,185,1018
8849,186,1044
8849,187,1033
8849,188,1022
8849,189,1056
8849,190,1069
8849,191,1023
8849,192,1055
8849,193,1092
8849,194,1081
8849,195,1068
8849,196,1109
8849,197,1118
8849,198,1102
8849,199,1117
8849,200,1110
8849,201,1111
8849,202,1095
8849,203,1116
8849,204,1084
8849,205,1105
8849,206,1115
8849,207,1094
8849,208,1012
8849,209,1021
8849,210,1004
8849,211,1013
8849,212,1072
8849,213,1047
8849,214,1073
8849,215,1060
8849,216,1059
8849,217,1036
8849,218,1014
8849,219,1112
8849,220,1114
8849,221,58
8849,222,58
8849,223,0
8849,224,58
8849,225,58
8849,226,58
8849,227,0
8849,228,0
8849,229,58
8849,230,0
8849,231,58
8849,0,0
8849,0,0
8849,0,0
8849,0,0
8849,0,0
8849,0,0
8849,0,0
8849,0,0
8849,0,0
8849,0,0
8849,0,0
8849,0,0
8849,0,0
8849,0,0
8849,0,0
8849,0,0
8849,0,0
8849,0,0
8849,0,0
8849,0,0
8849,0,0
8849,0,0
8849,0,0
8849,0,0
8850,0,51
8850,1,63
8850,2,75
8850,3,50
8850,4,62
8850,5,64
8850,6,40
8850,7,58
8850,8,66
8850,9,53
8850,10,41
8850,11,65
8850,12,76
8850,13,89
8850,14,78
8850,15,88
8850,16,87
8850,17,77
8850,18,30
8850,19,39
8850,20,28
8850,21,20
8850,22,29
8850,23,38
8850,24,58
8850,25,42
8850,26,32
8850,27,67
8850,28,43
8850,29,31
8850,30,80
8850,31,90
8850,32,100
8850,33,91
8850,34,79
8850,35,101
8850,36,108
8850,37,98
8850,38,107
8850,39,99
8850,40,106
8850,41,96
8850,42,85
8850,43,97
8850,44,74
8850,45,86
8850,46,48
8850,47,37
8850,48,26
8850,49,61
8850,50,49
8850,51,27
8850,52,19
8850,53,10
8850,54,17
8850,55,11
8850,56,9
8850,57,18
8850,58,44
8850,59,33
8850,60,22
8850,61,56
8850,62,69
8850,63,23
8850,64,55
8850,65,92
8850,66,81
8850,67,68
8850,68,109
8850,69,118
8850,70,102
8850,71,117
8850,72,110
8850,73,111
8850,74,95
8850,75,116
8850,76,84
8850,77,105
8850,78,115
8850,79,94
8850,80,12
8850,81,21
8850,82,4
8850,83,13
8850,84,72
8850,85,47
8850,86,73
8850,87,60
8850,88,59
8850,89,36
8850,90,15
8850,91,14
8850,92,45
8850,93,24
8850,94,7
8850,95,34
8850,96,126
8850,97,112
8850,98,127
8850,99,119
8850,100,103
8850,101,120
8850,102,71
8850,103,114
8850,104,113
8850,105,83
8850,106,104
8850,107,121
8850,108,35
8850,109,25
8850,110,54
8850,111,52
8850,112,0
8850,113,0
8850,114,2
8850,115,3
8850,116,6
8850,117,5
8850,118,0
8850,119,0
8850,0,0
8850,0,0
8850,0,0
8850,0,0
8850,0,0
8850,0,0
8850,0,0
8850,0,0
8850,128,1051
8850,129,1063
8850,130,1075
8850,131,1050
8850,132,1062
8850,133,1064
8850,134,1040
8850,135,1052
8850,136,1066
8850,137,1053
8850,138,1041
8850,139,1065
8850,140,1076
8850,141,1089
8850,142,1078
8850,143,1088
8850,144,1087
8850,145,1077
8850,146,1030
8850,147,1039
8850,148,1028
8850,149,1020
8850,150,1029
8850,151,1038
8850,152,1054
8850,153,1042
8850,154,1032
8850,155,1067
8850,156,1043
8850,157,1031
8850,158,1080
8850,159,1090
8850,160,1100
8850,161,1091
8850,162,1079
8850,163,1101
8850,164,1108
8850,165,1098
8850,166,1107
8850,167,1099
8850,168,1106
8850,169,1096
8850,170,1085
8850,171,1097
8850,172,1074
8850,173,1086
8850,174,1048
8850,175,1037
8850,176,1026
8850,177,1061
8850,178,1049
8850,179,1027
8850,180,1019
8850,181,1010
8850,182,1017
8850,183,1011
8850,184,1009
8850,185,1018
8850,186,1044
8850,187,1033
8850,188,1022
8850,189,1056
8850,190,1069
8850,191,1023
8850,192,1055
8850,193,1092
8850,194,1081
8850,195,1068
8850,196,1109
8850,197,1118
8850,198,1102
8850,199,1117
8850,200,1110
8850,201,1111
8850,202,1095
8850,203,1116
8850,204,1084
8850,205,1105
8850,206,1115
8850,207,1094
8850,208,1012
8850,209,1021
8850,210,1004
8850,211,1013
8850,212,1072
8850,213,1047
8850,214,1073
8850,215,1060
8850,216,1059
8850,217,1036
8850,218,1014
8850,219,1112
8850,220,1114
8850,221,58
8850,222,58
8850,223,0
8850,224,58
8850,225,58
8850,226,58
8850,227,0
8850,228,0
8850,229,58
8850,230,0
8850,231,58
8850,0,0
8850,0,0
8850,0,0
8850,0,0
8850,0,0
8850,0,0
8850,0,0
8850,0,0
8850,0,0
8850,0,0
8850,0,0
8850,0,0
8850,0,0
8850,0,0
8850,0,0
8850,0,0
8850,0,0
8850,0,0
8850,0,0
8850,0,0
8850,0,0
8850,0,0
8850,0,0
8850,0,0
8853,0,51
8853,1,63
8853,2,75
8853,3,50
8853,4,62
8853,5,64
8853,6,40
8853,7,58
8853,8,66
8853,9,53
8853,10,41
8853,11,65
8853,12,76
8853,13,89
8853,14,78
8853,15,88
8853,16,87
8853,17,77
8853,18,30
8853,19,39
8853,20,28
8853,21,20
8853,22,29
8853,23,38
8853,24,58
8853,25,42
8853,26,32
8853,27,67
8853,28,43
8853,29,31
8853,30,80
8853,31,90
8853,32,100
8853,33,91
8853,34,79
8853,35,101
8853,36,108
8853,37,98
8853,38,107
8853,39,99
8853,40,106
8853,41,96
8853,42,85
8853,43,97
8853,44,74
8853,45,86
8853,46,48
8853,47,37
8853,48,26
8853,49,61
8853,50,49
8853,51,27
8853,52,19
8853,53,10
8853,54,17
8853,55,11
8853,56,9
8853,57,18
8853,58,44
8853,59,33
8853,60,22
8853,61,56
8853,62,69
8853,63,23
8853,64,55
8853,65,92
8853,66,81
8853,67,68
8853,68,109
8853,69,118
8853,70,102
8853,71,117
8853,72,110
8853,73,111
8853,74,95
8853,75,116
8853,76,84
8853,77,105
8853,78,115
8853,79,94
8853,80,12
8853,81,21
8853,82,4
8853,83,13
8853,84,72
8853,85,47
8853,86,73
8853,87,60
8853,88,59
8853,89,36
8853,90,15
8853,91,14
8853,92,45
8853,93,24
8853,94,7
8853,95,34
8853,96,126
8853,97,112
8853,98,127
8853,99,119
8853,100,103
8853,101,120
8853,102,71
8853,103,114
8853,104,113
8853,105,83
8853,106,104
8853,107,121
8853,108,35
8853,109,25
8853,110,54
8853,111,52
8853,112,0
8853,113,0
8853,114,2
8853,115,3
8853,116,6
8853,117,5
8853,118,0
8853,119,0
8853,0,0
8853,0,0
8853,0,0
8853,0,0
8853,0,0
8853,0,0
8853,0,0
8853,0,0
8853,128,1051
8853,129,1063
8853,130,1075
8853,131,1050
8853,132,1062
8853,133,1064
8853,134,1040
8853,135,1052
8853,136,1066
8853,137,1053
8853,138,1041
8853,139,1065
8853,140,1076
8853,141,1089
8853,142,1078
8853,143,1088
8853,144,1087
8853,145,1077
8853,146,1030
8853,147,1039
8853,148,1028
8853,149,1020
8853,150,1029
8853,151,1038
8853,152,1054
8853,153,1042
8853,154,1032
8853,155,1067
8853,156,1043
8853,157,1031
8853,158,1080
8853,159,1090
8853,160,1100
8853,161,1091
8853,162,1079
8853,163,1101
8853,164,1108
8853,165,1098
8853,166,1107
8853,167,1099
8853,168,1106
8853,169,1096
8853,170,1085
8853,171,1097
8853,172,1074
8853,173,1086
8853,174,1048
8853,175,1037
8853,176,1026
8853,177,1061
8853,178,1049
8853,179,1027
8853,180,1019
8853,181,1010
8853,182,1017
8853,183,1011
8853,184,1009
8853,185,1018
8853,186,1044
8853,187,1033
8853,188,1022
8853,189,1056
8853,190,1069
8853,191,1023
8853,192,1055
8853,193,1092
8853,194,1081
8853,195,1068
8853,196,1109
8853,197,1118
8853,198,1102
8853,199,1117
8853,200,1110
8853,201,1111
8853,202,1095
8853,203,1116
8853,204,1084
8853,205,1105
8853,206,1115
8853,207,1094
8853,208,1012
8853,209,1021
8853,210,1004
8853,211,1013
8853,212,1072
8853,213,1047
8853,214,1073
8853,215,1060
8853,216,1059
8853,217,1036
8853,218,1014
8853,219,1112
8853,220,1114
8853,221,58
8853,222,58
8853,223,0
8853,224,58
8853,225,58
8853,226,58
8853,227,0
8853,228,0
8853,229,58
8853,230,0
8853,231,58
8853,0,0
8853,0,0
8853,0,0
8853,0,0
8853,0,0
8853,0,0
8853,0,0
8853,0,0
8853,0,0
8853,0,0
8853,0,0
8853,0,0
8853,0,0
8853,0,0
8853,0,0
8853,0,0
8853,0,0
8853,0,0
8853,0,0
8853,0,0
8853,0,0
8853,0,0
8853,0,0
8853,0,0
8854,0,51
8854,1,63
8854,2,75
8854,3,50
8854,4,62
8854,5,64
8854,6,40
8854,7,58
8854,8,66
8854,9,53
8854,10,41
8854,11,65
8854,12,76
8854,13,89
8854,14,78
8854,15,88
8854,16,87
8854,17,77
8854,18,30
8854,19,39
8854,20,28
8854,21,20
8854,22,29
8854,23,38
8854,24,58
8854,25,42
8854,26,32
8854,27,67
8854,28,43
8854,29,31
8854,30,80
8854,31,90
8854,32,100
8854,33,91
8854,34,79
8854,35,101
8854,36,108
8854,37,98
8854,38,107
8854,39,99
8854,40,106
8854,41,96
8854,42,85
8854,43,97
8854,44,74
8854,45,86
8854,46,48
8854,47,37
8854,48,26
8854,49,61
8854,50,49
8854,51,27
8854,52,19
8854,53,10
8854,54,17
8854,55,11
8854,56,9
8854,57,18
8854,58,44
8854,59,33
8854,60,22
8854,61,56
8854,62,69
8854,63,23
8854,64,55
8854,65,92
8854,66,81
8854,67,68
8854,68,109
8854,69,118
8854,70,102
8854,71,117
8854,72,110
8854,73,111
8854,74,95
8854,75,116
8854,76,84
8854,77,105
8854,78,115
8854,79,94
8854,80,12
8854,81,21
8854,82,4
8854,83,13
8854,84,72
8854,85,47
8854,86,73
8854,87,60
8854,88,59
8854,89,36
8854,90,15
8854,91,14
8854,92,45
8854,93,24
8854,94,7
8854,95,34
8854,96,126
8854,97,112
8854,98,127
8854,99,119
8854,100,103
8854,101,120
8854,102,71
8854,103,114
8854,104,113
8854,105,83
8854,106,104
8854,107,121
8854,108,35
8854,109,25
8854,110,54
8854,111,52
8854,112,0
8854,113,0
8854,114,2
8854,115,3
8854,116,6
8854,117,5
8854,118,0
8854,119,0
8854,0,0
8854,0,0
8854,0,0
8854,0,0
8854,0,0
8854,0,0
8854,0,0
8854,0,0
8854,128,1051
8854,129,1063
8854,130,1075
8854,131,1050
8854,132,1062
8854,133,1064
8854,134,1040
8854,135,1052
8854,136,1066
8854,137,1053
8854,138,1041
8854,139,1065
8854,140,1076
8854,141,1089
8854,142,1078
8854,143,1088
8854,144,1087
8854,145,1077
8854,146,1030
8854,147,1039
8854,148,1028
8854,149,1020
8854,150,1029
8854,151,1038
8854,152,1054
8854,153,1042
8854,154,1032
8854,155,1067
8854,156,1043
8854,157,1031
8854,158,1080
8854,159,1090
8854,160,1100
8854,161,1091
8854,162,1079
8854,163,1101
8854,164,1108
8854,165,1098
8854,166,1107
8854,167,1099
8854,168,1106
8854,169,1096
8854,170,1085
8854,171,1097
8854,172,1074
8854,173,1086
8854,174,1048
8854,175,1037
8854,176,1026
8854,177,1061
8854,178,1049
8854,179,1027
8854,180,1019
8854,181,1010
8854,182,1017
8854,183,1011
8854,184,1009
8854,185,1018
8854,186,1044
8854,187,1033
8854,188,1022
8854,189,1056
8854,190,1069
8854,191,1023
8854,192,1055
8854,193,1092
8854,194,1081
8854,195,1068
8854,196,1109
8854,197,1118
8854,198,1102
8854,199,1117
8854,200,1110
8854,201,1111
8854,202,1095
8854,203,1116
8854,204,1084
8854,205,1105
8854,206,1115
8854,207,1094
8854,208,1012
8854,209,1021
8854,210,1004
8854,211,1013
8854,212,1072
8854,213,1047
8854,214,1073
8854,215,1060
8854,216,1059
8854,217,1036
8854,218,1014
8854,219,1112
8854,220,1114
8854,221,58
8854,222,58
8854,223,0
8854,224,58
8854,225,58
8854,226,58
8854,227,0
8854,228,0
8854,229,58
8854,230,0
8854,231,58
8854,0,0
8854,0,0
8854,0,0
8854,0,0
8854,0,0
8854,0,0
8854,0,0
8854,0,0
8854,0,0
8854,0,0
8854,0,0
8854,0,0
8854,0,0
8854,0,0
8854,0,0
8854,0,0
8854,0,0
8854,0,0
8854,0,0
8854,0,0
8854,0,0
8854,0,0
8854,0,0
8854,0,0
8855,0,51
8855,1,63
8855,2,75
8855,3,50
8855,4,62
8855,5,64
8855,6,40
8855,7,58
8855,8,66
8855,9,53
8855,10,41
8855,11,65
8855,12,76
8855,13,89
8855,14,78
8855,15,88
8855,16,87
8855,17,77
8855,18,30
8855,19,39
8855,20,28
8855,21,20
8855,22,29
8855,23,38
8855,24,58
8855,25,42
8855,26,32
8855,27,67
8855,28,43
8855,29,31
8855,30,80
8855,31,90
8855,32,100
8855,33,91
8855,34,79
8855,35,101
8855,36,108
8855,37,98
8855,38,107
8855,39,99
8855,40,106
8855,41,96
8855,42,85
8855,43,97
8855,44,74
8855,45,86
8855,46,48
8855,47,37
8855,48,26
8855,49,61
8855,50,49
8855,51,27
8855,52,19
8855,53,10
8855,54,17
8855,55,11
8855,56,9
8855,57,18
8855,58,44
8855,59,33
8855,60,22
8855,61,56
8855,62,69
8855,63,23
8855,64,55
8855,65,92
8855,66,81
8855,67,68
8855,68,109
8855,69,118
8855,70,102
8855,71,117
8855,72,110
8855,73,111
8855,74,95
8855,75,116
8855,76,84
8855,77,105
8855,78,115
8855,79,94
8855,80,12
8855,81,21
8855,82,4
8855,83,13
8855,84,72
8855,85,47
8855,86,73
8855,87,60
8855,88,59
8855,89,36
8855,90,15
8855,91,14
8855,92,45
8855,93,24
8855,94,7
8855,95,34
8855,96,126
8855,97,112
8855,98,127
8855,99,119
8855,100,103
8855,101,120
8855,102,71
8855,103,114
8855,104,113
8855,105,83
8855,106,104
8855,107,121
8855,108,35
8855,109,25
8855,110,54
8855,111,52
8855,112,0
8855,113,0
8855,114,2
8855,115,3
8855,116,6
8855,117,5
8855,118,0
8855,119,0
8855,0,0
8855,0,0
8855,0,0
8855,0,0
8855,0,0
8855,0,0
8855,0,0
8855,0,0
8855,128,1051
8855,129,1063
8855,130,1075
8855,131,1050
8855,132,1062
8855,133,1064
8855,134,1040
8855,135,1052
8855,136,1066
8855,137,1053
8855,138,1041
8855,139,1065
8855,140,1076
8855,141,1089
8855,142,1078
8855,143,1088
8855,144,1087
8855,145,1077
8855,146,1030
8855,147,1039
8855,148,1028
8855,149,1020
8855,150,1029
8855,151,1038
8855,152,1054
8855,153,1042
8855,154,1032
8855,155,1067
8855,156,1043
8855,157,1031
8855,158,1080
8855,159,1090
8855,160,1100
8855,161,1091
8855,162,1079
8855,163,1101
8855,164,1108
8855,165,1098
8855,166,1107
8855,167,1099
8855,168,1106
8855,169,1096
8855,170,1085
8855,171,1097
8855,172,1074
8855,173,1086
8855,174,1048
8855,175,1037
8855,176,1026
8855,177,1061
8855,178,1049
8855,179,1027
8855,180,1019
8855,181,1010
8855,182,1017
8855,183,1011
8855,184,1009
8855,185,1018
8855,186,1044
8855,187,1033
8855,188,1022
8855,189,1056
8855,190,1069
8855,191,1023
8855,192,1055
8855,193,1092
8855,194,1081
8855,195,1068
8855,196,1109
8855,197,1118
8855,198,1102
8855,199,1117
8855,200,1110
8855,201,1111
8855,202,1095
8855,203,1116
8855,204,1084
8855,205,1105
8855,206,1115
8855,207,1094
8855,208,1012
8855,209,1021
8855,210,1004
8855,211,1013
8855,212,1072
8855,213,1047
8855,214,1073
8855,215,1060
8855,216,1059
8855,217,1036
8855,218,1014
8855,219,1112
8855,220,1114
8855,221,58
8855,222,58
8855,223,0
8855,224,58
8855,225,58
8855,226,58
8855,227,0
8855,228,0
8855,229,58
8855,230,0
8855,231,58
8855,0,0
8855,0,0
8855,0,0
8855,0,0
8855,0,0
8855,0,0
8855,0,0
8855,0,0
8855,0,0
8855,0,0
8855,0,0
8855,0,0
8855,0,0
8855,0,0
8855,0,0
8855,0,0
8855,0,0
8855,0,0
8855,0,0
8855,0,0
8855,0,0
8855,0,0
8855,0,0
8855,0,0
8856,0,51
8856,1,63
8856,2,75
8856,3,50
8856,4,62
8856,5,64
8856,6,40
8856,7,58
8856,8,66
8856,9,53
8856,10,41
8856,11,65
8856,12,76
8856,13,89
8856,14,78
8856,15,88
8856,16,87
8856,17,77
8856,18,30
8856,19,39
8856,20,28
8856,21,20
8856,22,29
8856,23,38
8856,24,58
8856,25,42
8856,26,32
8856,27,67
8856,28,43
8856,29,31
8856,30,80
8856,31,90
8856,32,100
8856,33,91
8856,34,79
8856,35,101
8856,36,108
8856,37,98
8856,38,107
8856,39,99
8856,40,106
8856,41,96
8856,42,85
8856,43,97
8856,44,74
8856,45,86
8856,46,48
8856,47,37
8856,48,26
8856,49,61
8856,50,49
8856,51,27
8856,52,19
8856,53,10
8856,54,17
8856,55,11
8856,56,9
8856,57,18
8856,58,44
8856,59,33
8856,60,22
8856,61,56
8856,62,69
8856,63,23
8856,64,55
8856,65,92
8856,66,81
8856,67,68
8856,68,109
8856,69,118
8856,70,102
8856,71,117
8856,72,110
8856,73,111
8856,74,95
8856,75,116
8856,76,84
8856,77,105
8856,78,115
8856,79,94
8856,80,12
8856,81,21
8856,82,4
8856,83,13
8856,84,72
8856,85,47
8856,86,73
8856,87,60
8856,88,59
8856,89,36
8856,90,15
8856,91,14
8856,92,45
8856,93,24
8856,94,7
8856,95,34
8856,96,126
8856,97,112
8856,98,127
8856,99,119
8856,100,103
8856,101,120
8856,102,71
8856,103,114
8856,104,113
8856,105,83
8856,106,104
8856,107,121
8856,108,35
8856,109,25
8856,110,54
8856,111,52
8856,112,0
8856,113,0
8856,114,2
8856,115,3
8856,116,6
8856,117,5
8856,118,0
8856,119,0
8856,0,0
8856,0,0
8856,0,0
8856,0,0
8856,0,0
8856,0,0
8856,0,0
8856,0,0
8856,128,1051
8856,129,1063
8856,130,1075
8856,131,1050
8856,132,1062
8856,133,1064
8856,134,1040
8856,135,1052
8856,136,1066
8856,137,1053
8856,138,1041
8856,139,1065
8856,140,1076
8856,141,1089
8856,142,1078
8856,143,1088
8856,144,1087
8856,145,1077
8856,146,1030
8856,147,1039
8856,148,1028
8856,149,1020
8856,150,1029
8856,151,1038
8856,152,1054
8856,153,1042
8856,154,1032
8856,155,1067
8856,156,1043
8856,157,1031
8856,158,1080
8856,159,1090
8856,160,1100
8856,161,1091
8856,162,1079
8856,163,1101
8856,164,1108
8856,165,1098
8856,166,1107
8856,167,1099
8856,168,1106
8856,169,1096
8856,170,1085
8856,171,1097
8856,172,1074
8856,173,1086
8856,174,1048
8856,175,1037
8856,176,1026
8856,177,1061
8856,178,1049
8856,179,1027
8856,180,1019
8856,181,1010
8856,182,1017
8856,183,1011
8856,184,1009
8856,185,1018
8856,186,1044
8856,187,1033
8856,188,1022
8856,189,1056
8856,190,1069
8856,191,1023
8856,192,1055
8856,193,1092
8856,194,1081
8856,195,1068
8856,196,1109
8856,197,1118
8856,198,1102
8856,199,1117
8856,200,1110
8856,201,1111
8856,202,1095
8856,203,1116
8856,204,1084
8856,205,1105
8856,206,1115
8856,207,1094
8856,208,1012
8856,209,1021
8856,210,1004
8856,211,1013
8856,212,1072
8856,213,1047
8856,214,1073
8856,215,1060
8856,216,1059
8856,217,1036
8856,218,1014
8856,219,1112
8856,220,1114
8856,221,58
8856,222,58
8856,223,0
8856,224,58
8856,225,58
8856,226,58
8856,227,0
8856,228,0
8856,229,58
8856,230,0
8856,231,58
8856,0,0
8856,0,0
8856,0,0
8856,0,0
8856,0,0
8856,0,0
8856,0,0
8856,0,0
8856,0,0
8856,0,0
8856,0,0
8856,0,0
8856,0,0
8856,0,0
8856,0,0
8856,0,0
8856,0,0
8856,0,0
8856,0,0
8856,0,0
8856,0,0
8856,0,0
8856,0,0
8856,0,0
8857,0,51
8857,1,63
8857,2,75
8857,3,50
8857,4,62
8857,5,64
8857,6,40
8857,7,58
8857,8,66
8857,9,53
8857,10,41
8857,11,65
8857,12,76
8857,13,89
8857,14,78
8857,15,88
8857,16,87
8857,17,77
8857,18,30
8857,19,39
8857,20,28
8857,21,20
8857,22,29
8857,23,38
8857,24,58
8857,25,42
8857,26,32
8857,27,67
8857,28,43
8857,29,31
8857,30,80
8857,31,90
8857,32,100
8857,33,91
8857,34,79
8857,35,101
8857,36,108
8857,37,98
8857,38,107
8857,39,99
8857,40,106
8857,41,96
8857,42,85
8857,43,97
8857,44,74
8857,45,86
8857,46,48
8857,47,37
8857,48,26
8857,49,61
8857,50,49
8857,51,27
8857,52,19
8857,53,10
8857,54,17
8857,55,11
8857,56,9
8857,57,18
8857,58,44
8857,59,33
8857,60,22
8857,61,56
8857,62,69
8857,63,23
8857,64,55
8857,65,92
8857,66,81
8857,67,68
8857,68,109
8857,69,118
8857,70,102
8857,71,117
8857,72,110
8857,73,111
8857,74,95
8857,75,116
8857,76,84
8857,77,105
8857,78,115
8857,79,94
8857,80,12
8857,81,21
8857,82,4
8857,83,13
8857,84,72
8857,85,47
8857,86,73
8857,87,60
8857,88,59
8857,89,36
8857,90,15
8857,91,14
8857,92,45
8857,93,24
8857,94,7
8857,95,34
8857,96,126
8857,97,112
8857,98,127
8857,99,119
8857,100,103
8857,101,120
8857,102,71
8857,103,114
8857,104,113
8857,105,83
8857,106,104
8857,107,121
8857,108,35
8857,109,25
8857,110,54
8857,111,52
8857,112,0
8857,113,0
8857,114,2
8857,115,3
8857,116,6
8857,117,5
8857,118,0
8857,119,0
8857,0,0
8857,0,0
8857,0,0
8857,0,0
8857,0,0
8857,0,0
8857,0,0
8857,0,0
8857,128,1051
8857,129,1063
8857,130,1075
8857,131,1050
8857,132,1062
8857,133,1064
8857,134,1040
8857,135,1052
8857,136,1066
8857,137,1053
8857,138,1041
8857,139,1065
8857,140,1076
8857,141,1089
8857,142,1078
8857,143,1088
8857,144,1087
8857,145,1077
8857,146,1030
8857,147,1039
8857,148,1028
8857,149,1020
8857,150,1029
8857,151,1038
8857,152,1054
8857,153,1042
8857,154,1032
8857,155,1067
8857,156,1043
8857,157,1031
8857,158,1080
8857,159,1090
8857,160,1100
8857,161,1091
8857,162,1079
8857,163,1101
8857,164,1108
8857,165,1098
8857,166,1107
8857,167,1099
8857,168,1106
8857,169,1096
8857,170,1085
8857,171,1097
8857,172,1074
8857,173,1086
8857,174,1048
8857,175,1037
8857,176,1026
8857,177,1061
8857,178,1049
8857,179,1027
8857,180,1019
8857,181,1010
8857,182,1017
8857,183,1011
8857,184,1009
8857,185,1018
8857,186,1044
8857,187,1033
8857,188,1022
8857,189,1056
8857,190,1069
8857,191,1023
8857,192,1055
8857,193,1092
8857,194,1081
8857,195,1068
8857,196,1109
8857,197,1118
8857,198,1102
8857,199,1117
8857,200,1110
8857,201,1111
8857,202,1095
8857,203,1116
8857,204,1084
8857,205,1105
8857,206,1115
8857,207,1094
8857,208,1012
8857,209,1021
8857,210,1004
8857,211,1013
8857,212,1072
8857,213,1047
8857,214,1073
8857,215,1060
8857,216,1059
8857,217,1036
8857,218,1014
8857,219,1112
8857,220,1114
8857,221,58
8857,222,58
8857,223,0
8857,224,58
8857,225,58
8857,226,58
8857,227,0
8857,228,0
8857,229,58
8857,230,0
8857,231,58
8857,0,0
8857,0,0
8857,0,0
8857,0,0
8857,0,0
8857,0,0
8857,0,0
8857,0,0
8857,0,0
8857,0,0
8857,0,0
8857,0,0
8857,0,0
8857,0,0
8857,0,0
8857,0,0
8857,0,0
8857,0,0
8857,0,0
8857,0,0
8857,0,0
8857,0,0
8857,0,0
8857,0,0
8858,0,51
8858,1,63
8858,2,75
8858,3,50
8858,4,62
8858,5,64
8858,6,40
8858,7,58
8858,8,66
8858,9,53
8858,10,41
8858,11,65
8858,12,76
8858,13,89
8858,14,78
8858,15,88
8858,16,87
8858,17,77
8858,18,30
8858,19,39
8858,20,28
8858,21,20
8858,22,29
8858,23,38
8858,24,58
8858,25,42
8858,26,32
8858,27,67
8858,28,43
8858,29,31
8858,30,80
8858,31,90
8858,32,100
8858,33,91
8858,34,79
8858,35,101
8858,36,108
8858,37,98
8858,38,107
8858,39,99
8858,40,106
8858,41,96
8858,42,85
8858,43,97
8858,44,74
8858,45,86
8858,46,48
8858,47,37
8858,48,26
8858,49,61
8858,50,49
8858,51,27
8858,52,19
8858,53,10
8858,54,17
8858,55,11
8858,56,9
8858,57,18
8858,58,44
8858,59,33
8858,60,22
8858,61,56
8858,62,69
8858,63,23
8858,64,55
8858,65,92
8858,66,81
8858,67,68
8858,68,109
8858,69,118
8858,70,102
8858,71,117
8858,72,110
8858,73,111
8858,74,95
8858,75,116
8858,76,84
8858,77,105
8858,78,115
8858,79,94
8858,80,12
8858,81,21
8858,82,4
8858,83,13
8858,84,72
8858,85,47
8858,86,73
8858,87,60
8858,88,59
8858,89,36
8858,90,15
8858,91,14
8858,92,45
8858,93,24
8858,94,7
8858,95,34
8858,96,126
8858,97,112
8858,98,127
8858,99,119
8858,100,103
8858,101,120
8858,102,71
8858,103,114
8858,104,113
8858,105,83
8858,106,104
8858,107,121
8858,108,35
8858,109,25
8858,110,54
8858,111,52
8858,112,0
8858,113,0
8858,114,2
8858,115,3
8858,116,6
8858,117,5
8858,118,0
8858,119,0
8858,0,0
8858,0,0
8858,0,0
8858,0,0
8858,0,0
8858,0,0
8858,0,0
8858,0,0
8858,128,1051
8858,129,1063
8858,130,1075
8858,131,1050
8858,132,1062
8858,133,1064
8858,134,1040
8858,135,1052
8858,136,1066
8858,137,1053
8858,138,1041
8858,139,1065
8858,140,1076
8858,141,1089
8858,142,1078
8858,143,1088
8858,144,1087
8858,145,1077
8858,146,1030
8858,147,1039
8858,148,1028
8858,149,1020
8858,150,1029
8858,151,1038
8858,152,1054
8858,153,1042
8858,154,1032
8858,155,1067
8858,156,1043
8858,157,1031
8858,158,1080
8858,159,1090
8858,160,1100
8858,161,1091
8858,162,1079
8858,163,1101
8858,164,1108
8858,165,1098
8858,166,1107
8858,167,1099
8858,168,1106
8858,169,1096
8858,170,1085
8858,171,1097
8858,172,1074
8858,173,1086
8858,174,1048
8858,175,1037
8858,176,1026
8858,177,1061
8858,178,1049
8858,179,1027
8858,180,1019
8858,181,1010
8858,182,1017
8858,183,1011
8858,184,1009
8858,185,1018
8858,186,1044
8858,187,1033
8858,188,1022
8858,189,1056
8858,190,1069
8858,191,1023
8858,192,1055
8858,193,1092
8858,194,1081
8858,195,1068
8858,196,1109
8858,197,1118
8858,198,1102
8858,199,1117
8858,200,1110
8858,201,1111
8858,202,1095
8858,203,1116
8858,204,1084
8858,205,1105
8858,206,1115
8858,207,1094
8858,208,1012
8858,209,1021
8858,210,1004
8858,211,1013
8858,212,1072
8858,213,1047
8858,214,1073
8858,215,1060
8858,216,1059
8858,217,1036
8858,218,1014
8858,219,1112
8858,220,1114
8858,221,58
8858,222,58
8858,223,0
8858,224,58
8858,225,58
8858,226,58
8858,227,0
8858,228,0
8858,229,58
8858,230,0
8858,231,58
8858,0,0
8858,0,0
8858,0,0
8858,0,0
8858,0,0
8858,0,0
8858,0,0
8858,0,0
8858,0,0
8858,0,0
8858,0,0
8858,0,0
8858,0,0
8858,0,0
8858,0,0
8858,0,0
8858,0,0
8858,0,0
8858,0,0
8858,0,0
8858,0,0
8858,0,0
8858,0,0
8858,0,0
8859,0,51
8859,1,63
8859,2,75
8859,3,50
8859,4,62
8859,5,64
8859,6,40
8859,7,58
8859,8,66
8859,9,53
8859,10,41
8859,11,65
8859,12,76
8859,13,89
8859,14,78
8859,15,88
8859,16,87
8859,17,77
8859,18,30
8859,19,39
8859,20,28
8859,21,20
8859,22,29
8859,23,38
8859,24,58
8859,25,42
8859,26,32
8859,27,67
8859,28,43
8859,29,31
8859,30,80
8859,31,90
8859,32,100
8859,33,91
8859,34,79
8859,35,101
8859,36,108
8859,37,98
8859,38,107
8859,39,99
8859,40,106
8859,41,96
8859,42,85
8859,43,97
8859,44,74
8859,45,86
8859,46,48
8859,47,37
8859,48,26
8859,49,61
8859,50,49
8859,51,27
8859,52,19
8859,53,10
8859,54,17
8859,55,11
8859,56,9
8859,57,18
8859,58,44
8859,59,33
8859,60,22
8859,61,56
8859,62,69
8859,63,23
8859,64,55
8859,65,92
8859,66,81
8859,67,68
8859,68,109
8859,69,118
8859,70,102
8859,71,117
8859,72,110
8859,73,111
8859,74,95
8859,75,116
8859,76,84
8859,77,105
8859,78,115
8859,79,94
8859,80,12
8859,81,21
8859,82,4
8859,83,13
8859,84,72
8859,85,47
8859,86,73
8859,87,60
8859,88,59
8859,89,36
8859,90,15
8859,91,14
8859,92,45
8859,93,24
8859,94,7
8859,95,34
8859,96,126
8859,97,112
8859,98,127
8859,99,119
8859,100,103
8859,101,120
8859,102,71
8859,103,114
8859,104,113
8859,105,83
8859,106,104
8859,107,121
8859,108,35
8859,109,25
8859,110,54
8859,111,52
8859,112,0
8859,113,0
8859,114,2
8859,115,3
8859,116,6
8859,117,5
8859,118,0
8859,119,0
8859,0,0
8859,0,0
8859,0,0
8859,0,0
8859,0,0
8859,0,0
8859,0,0
8859,0,0
8859,128,1051
8859,129,1063
8859,130,1075
8859,131,1050
8859,132,1062
8859,133,1064
8859,134,1040
8859,135,1052
8859,136,1066
8859,137,1053
8859,138,1041
8859,139,1065
8859,140,1076
8859,141,1089
8859,142,1078
8859,143,1088
8859,144,1087
8859,145,1077
8859,146,1030
8859,147,1039
8859,148,1028
8859,149,1020
8859,150,1029
8859,151,1038
8859,152,1054
8859,153,1042
8859,154,1032
8859,155,1067
8859,156,1043
8859,157,1031
8859,158,1080
8859,159,1090
8859,160,1100
8859,161,1091
8859,162,1079
8859,163,1101
8859,164,1108
8859,165,1098
8859,166,1107
8859,167,1099
8859,168,1106
8859,169,1096
8859,170,1085
8859,171,1097
8859,172,1074
8859,173,1086
8859,174,1048
8859,175,1037
8859,176,1026
8859,177,1061
8859,178,1049
8859,179,1027
8859,180,1019
8859,181,1010
8859,182,1017
8859,183,1011
8859,184,1009
8859,185,1018
8859,186,1044
8859,187,1033
8859,188,1022
8859,189,1056
8859,190,1069
8859,191,1023
8859,192,1055
8859,193,1092
8859,194,1081
8859,195,1068
8859,196,1109
8859,197,1118
8859,198,1102
8859,199,1117
8859,200,1110
8859,201,1111
8859,202,1095
8859,203,1116
8859,204,1084
8859,205,1105
8859,206,1115
8859,207,1094
8859,208,1012
8859,209,1021
8859,210,1004
8859,211,1013
8859,212,1072
8859,213,1047
8859,214,1073
8859,215,1060
8859,216,1059
8859,217,1036
8859,218,1014
8859,219,1112
8859,220,1114
8859,221,58
8859,222,58
8859,223,0
8859,224,58
8859,225,58
8859,226,58
8859,227,0
8859,228,0
8859,229,58
8859,230,0
8859,231,58
8859,0,0
8859,0,0
8859,0,0
8859,0,0
8859,0,0
8859,0,0
8859,0,0
8859,0,0
8859,0,0
8859,0,0
8859,0,0
8859,0,0
8859,0,0
8859,0,0
8859,0,0
8859,0,0
8859,0,0
8859,0,0
8859,0,0
8859,0,0
8859,0,0
8859,0,0
8859,0,0
8859,0,0
8860,0,51
8860,1,63
8860,2,75
8860,3,50
8860,4,62
8860,5,64
8860,6,40
8860,7,58
8860,8,66
8860,9,53
8860,10,41
8860,11,65
8860,12,76
8860,13,89
8860,14,78
8860,15,88
8860,16,87
8860,17,77
8860,18,30
8860,19,39
8860,20,28
8860,21,20
8860,22,29
8860,23,38
8860,24,58
8860,25,42
8860,26,32
8860,27,67
8860,28,43
8860,29,31
8860,30,80
8860,31,90
8860,32,100
8860,33,91
8860,34,79
8860,35,101
8860,36,108
8860,37,98
8860,38,107
8860,39,99
8860,40,106
8860,41,96
8860,42,85
8860,43,97
8860,44,74
8860,45,86
8860,46,48
8860,47,37
8860,48,26
8860,49,61
8860,50,49
8860,51,27
8860,52,19
8860,53,10
8860,54,17
8860,55,11
8860,56,9
8860,57,18
8860,58,44
8860,59,33
8860,60,22
8860,61,56
8860,62,69
8860,63,23
8860,64,55
8860,65,92
8860,66,81
8860,67,68
8860,68,109
8860,69,118
8860,70,102
8860,71,117
8860,72,110
8860,73,111
8860,74,95
8860,75,116
8860,76,84
8860,77,105
8860,78,115
8860,79,94
8860,80,12
8860,81,21
8860,82,4
8860,83,13
8860,84,72
8860,85,47
8860,86,73
8860,87,60
8860,88,59
8860,89,36
8860,90,15
8860,91,14
8860,92,45
8860,93,24
8860,94,7
8860,95,34
8860,96,126
8860,97,112
8860,98,127
8860,99,119
8860,100,103
8860,101,120
8860,102,71
8860,103,114
8860,104,113
8860,105,83
8860,106,104
8860,107,121
8860,108,35
8860,109,25
8860,110,54
8860,111,52
8860,112,0
8860,113,0
8860,114,2
8860,115,3
8860,116,6
8860,117,5
8860,118,0
8860,119,0
8860,0,0
8860,0,0
8860,0,0
8860,0,0
8860,0,0
8860,0,0
8860,0,0
8860,0,0
8860,128,1051
8860,129,1063
8860,130,1075
8860,131,1050
8860,132,1062
8860,133,1064
8860,134,1040
8860,135,1052
8860,136,1066
8860,137,1053
8860,138,1041
8860,139,1065
8860,140,1076
8860,141,1089
8860,142,1078
8860,143,1088
8860,144,1087
8860,145,1077
8860,146,1030
8860,147,1039
8860,148,1028
8860,149,1020
8860,150,1029
8860,151,1038
8860,152,1054
8860,153,1042
8860,154,1032
8860,155,1067
8860,156,1043
8860,157,1031
8860,158,1080
8860,159,1090
8860,160,1100
8860,161,1091
8860,162,1079
8860,163,1101
8860,164,1108
8860,165,1098
8860,166,1107
8860,167,1099
8860,168,1106
8860,169,1096
8860,170,1085
8860,171,1097
8860,172,1074
8860,173,1086
8860,174,1048
8860,175,1037
8860,176,1026
8860,177,1061
8860,178,1049
8860,179,1027
8860,180,1019
8860,181,1010
8860,182,1017
8860,183,1011
8860,184,1009
8860,185,1018
8860,186,1044
8860,187,1033
8860,188,1022
8860,189,1056
8860,190,1069
8860,191,1023
8860,192,1055
8860,193,1092
8860,194,1081
8860,195,1068
8860,196,1109
8860,197,1118
8860,198,1102
8860,199,1117
8860,200,1110
8860,201,1111
8860,202,1095
8860,203,1116
8860,204,1084
8860,205,1105
8860,206,1115
8860,207,1094
8860,208,1012
8860,209,1021
8860,210,1004
8860,211,1013
8860,212,1072
8860,213,1047
8860,214,1073
8860,215,1060
8860,216,1059
8860,217,1036
8860,218,1014
8860,219,1112
8860,220,1114
8860,221,58
8860,222,58
8860,223,0
8860,224,58
8860,225,58
8860,226,58
8860,227,0
8860,228,0
8860,229,58
8860,230,0
8860,231,58
8860,0,0
8860,0,0
8860,0,0
8860,0,0
8860,0,0
8860,0,0
8860,0,0
8860,0,0
8860,0,0
8860,0,0
8860,0,0
8860,0,0
8860,0,0
8860,0,0
8860,0,0
8860,0,0
8860,0,0
8860,0,0
8860,0,0
8860,0,0
8860,0,0
8860,0,0
8860,0,0
8860,0,0
8861,0,51
8861,1,63
8861,2,75
8861,3,50
8861,4,62
8861,5,64
8861,6,40
8861,7,58
8861,8,66
8861,9,53
8861,10,41
8861,11,65
8861,12,76
8861,13,89
8861,14,78
8861,15,88
8861,16,87
8861,17,77
8861,18,30
8861,19,39
8861,20,28
8861,21,20
8861,22,29
8861,23,38
8861,24,58
8861,25,42
8861,26,32
8861,27,67
8861,28,43
8861,29,31
8861,30,80
8861,31,90
8861,32,100
8861,33,91
8861,34,79
8861,35,101
8861,36,108
8861,37,98
8861,38,107
8861,39,99
8861,40,106
8861,41,96
8861,42,85
8861,43,97
8861,44,74
8861,45,86
8861,46,48
8861,47,37
8861,48,26
8861,49,61
8861,50,49
8861,51,27
8861,52,19
8861,53,10
8861,54,17
8861,55,11
8861,56,9
8861,57,18
8861,58,44
8861,59,33
8861,60,22
8861,61,56
8861,62,69
8861,63,23
8861,64,55
8861,65,92
8861,66,81
8861,67,68
8861,68,109
8861,69,118
8861,70,102
8861,71,117
8861,72,110
8861,73,111
8861,74,95
8861,75,116
8861,76,84
8861,77,105
8861,78,115
8861,79,94
8861,80,12
8861,81,21
8861,82,4
8861,83,13
8861,84,72
8861,85,47
8861,86,73
8861,87,60
8861,88,59
8861,89,36
8861,90,15
8861,91,14
8861,92,45
8861,93,24
8861,94,7
8861,95,34
8861,96,126
8861,97,112
8861,98,127
8861,99,119
8861,100,103
8861,101,120
8861,102,71
8861,103,114
8861,104,113
8861,105,83
8861,106,104
8861,107,121
8861,108,35
8861,109,25
8861,110,54
8861,111,52
8861,112,0
8861,113,0
8861,114,2
8861,115,3
8861,116,6
8861,117,5
8861,118,0
8861,119,0
8861,0,0
8861,0,0
8861,0,0
8861,0,0
8861,0,0
8861,0,0
8861,0,0
8861,0,0
8861,128,1051
8861,129,1063
8861,130,1075
8861,131,1050
8861,132,1062
8861,133,1064
8861,134,1040
8861,135,1052
8861,136,1066
8861,137,1053
8861,138,1041
8861,139,1065
8861,140,1076
8861,141,1089
8861,142,1078
8861,143,1088
8861,144,1087
8861,145,1077
8861,146,1030
8861,147,1039
8861,148,1028
8861,149,1020
8861,150,1029
8861,151,1038
8861,152,1054
8861,153,1042
8861,154,1032
8861,155,1067
8861,156,1043
8861,157,1031
8861,158,1080
8861,159,1090
8861,160,1100
8861,161,1091
8861,162,1079
8861,163,1101
8861,164,1108
8861,165,1098
8861,166,1107
8861,167,1099
8861,168,1106
8861,169,1096
8861,170,1085
8861,171,1097
8861,172,1074
8861,173,1086
8861,174,1048
8861,175,1037
8861,176,1026
8861,177,1061
8861,178,1049
8861,179,1027
8861,180,1019
8861,181,1010
8861,182,1017
8861,183,1011
8861,184,1009
8861,185,1018
8861,186,1044
8861,187,1033
8861,188,1022
8861,189,1056
8861,190,1069
8861,191,1023
8861,192,1055
8861,193,1092
8861,194,1081
8861,195,1068
8861,196,1109
8861,197,1118
8861,198,1102
8861,199,1117
8861,200,1110
8861,201,1111
8861,202,1095
8861,203,1116
8861,204,1084
8861,205,1105
8861,206,1115
8861,207,1094
8861,208,1012
8861,209,1021
8861,210,1004
8861,211,1013
8861,212,1072
8861,213,1047
8861,214,1073
8861,215,1060
8861,216,1059
8861,217,1036
8861,218,1014
8861,219,1112
8861,220,1114
8861,221,58
8861,222,58
8861,223,0
8861,224,58
8861,225,58
8861,226,58
8861,227,0
8861,228,0
8861,229,58
8861,230,0
8861,231,58
8861,0,0
8861,0,0
8861,0,0
8861,0,0
8861,0,0
8861,0,0
8861,0,0
8861,0,0
8861,0,0
8861,0,0
8861,0,0
8861,0,0
8861,0,0
8861,0,0
8861,0,0
8861,0,0
8861,0,0
8861,0,0
8861,0,0
8861,0,0
8861,0,0
8861,0,0
8861,0,0
8861,0,0
8862,0,51
8862,1,63
8862,2,75
8862,3,50
8862,4,62
8862,5,64
8862,6,40
8862,7,58
8862,8,66
8862,9,53
8862,10,41
8862,11,65
8862,12,76
8862,13,89
8862,14,78
8862,15,88
8862,16,87
8862,17,77
8862,18,30
8862,19,39
8862,20,28
8862,21,20
8862,22,29
8862,23,38
8862,24,58
8862,25,42
8862,26,32
8862,27,67
8862,28,43
8862,29,31
8862,30,80
8862,31,90
8862,32,100
8862,33,91
8862,34,79
8862,35,101
8862,36,108
8862,37,98
8862,38,107
8862,39,99
8862,40,106
8862,41,96
8862,42,85
8862,43,97
8862,44,74
8862,45,86
8862,46,48
8862,47,37
8862,48,26
8862,49,61
8862,50,49
8862,51,27
8862,52,19
8862,53,10
8862,54,17
8862,55,11
8862,56,9
8862,57,18
8862,58,44
8862,59,33
8862,60,22
8862,61,56
8862,62,69
8862,63,23
8862,64,55
8862,65,92
8862,66,81
8862,67,68
8862,68,109
8862,69,118
8862,70,102
8862,71,117
8862,72,110
8862,73,111
8862,74,95
8862,75,116
8862,76,84
8862,77,105
8862,78,115
8862,79,94
8862,80,12
8862,81,21
8862,82,4
8862,83,13
8862,84,72
8862,85,47
8862,86,73
8862,87,60
8862,88,59
8862,89,36
8862,90,15
8862,91,14
8862,92,45
8862,93,24
8862,94,7
8862,95,34
8862,96,126
8862,97,112
8862,98,127
8862,99,119
8862,100,103
8862,101,120
8862,102,71
8862,103,114
8862,104,113
8862,105,83
8862,106,104
8862,107,121
8862,108,35
8862,109,25
8862,110,54
8862,111,52
8862,112,0
8862,113,0
8862,114,2
8862,115,3
8862,116,6
8862,117,5
8862,118,0
8862,119,0
8862,0,0
8862,0,0
8862,0,0
8862,0,0
8862,0,0
8862,0,0
8862,0,0
8862,0,0
8862,128,1051
8862,129,1063
8862,130,1075
8862,131,1050
8862,132,1062
8862,133,1064
8862,134,1040
8862,135,1052
8862,136,1066
8862,137,1053
8862,138,1041
8862,139,1065
8862,140,1076
8862,141,1089
8862,142,1078
8862,143,1088
8862,144,1087
8862,145,1077
8862,146,1030
8862,147,1039
8862,148,1028
8862,149,1020
8862,150,1029
8862,151,1038
8862,152,1054
8862,153,1042
8862,154,1032
8862,155,1067
8862,156,1043
8862,157,1031
8862,158,1080
8862,159,1090
8862,160,1100
8862,161,1091
8862,162,1079
8862,163,1101
8862,164,1108
8862,165,1098
8862,166,1107
8862,167,1099
8862,168,1106
8862,169,1096
8862,170,1085
8862,171,1097
8862,172,1074
8862,173,1086
8862,174,1048
8862,175,1037
8862,176,1026
8862,177,1061
8862,178,1049
8862,179,1027
8862,180,1019
8862,181,1010
8862,182,1017
8862,183,1011
8862,184,1009
8862,185,1018
8862,186,1044
8862,187,1033
8862,188,1022
8862,189,1056
8862,190,1069
8862,191,1023
8862,192,1055
8862,193,1092
8862,194,1081
8862,195,1068
8862,196,1109
8862,197,1118
8862,198,1102
8862,199,1117
8862,200,1110
8862,201,1111
8862,202,1095
8862,203,1116
8862,204,1084
8862,205,1105
8862,206,1115
8862,207,1094
8862,208,1012
8862,209,1021
8862,210,1004
8862,211,1013
8862,212,1072
8862,213,1047
8862,214,1073
8862,215,1060
8862,216,1059
8862,217,1036
8862,218,1014
8862,219,1112
8862,220,1114
8862,221,58
8862,222,58
8862,223,0
8862,224,58
8862,225,58
8862,226,58
8862,227,0
8862,228,0
8862,229,58
8862,230,0
8862,231,58
8862,0,0
8862,0,0
8862,0,0
8862,0,0
8862,0,0
8862,0,0
8862,0,0
8862,0,0
8862,0,0
8862,0,0
8862,0,0
8862,0,0
8862,0,0
8862,0,0
8862,0,0
8862,0,0
8862,0,0
8862,0,0
8862,0,0
8862,0,0
8862,0,0
8862,0,0
8862,0,0
8862,0,0
8863,0,51
8863,1,63
8863,2,75
8863,3,50
8863,4,62
8863,5,64
8863,6,40
8863,7,58
8863,8,66
8863,9,53
8863,10,41
8863,11,65
8863,12,76
8863,13,89
8863,14,78
8863,15,88
8863,16,87
8863,17,77
8863,18,30
8863,19,39
8863,20,28
8863,21,20
8863,22,29
8863,23,38
8863,24,58
8863,25,42
8863,26,32
8863,27,67
8863,28,43
8863,29,31
8863,30,80
8863,31,90
8863,32,100
8863,33,91
8863,34,79
8863,35,101
8863,36,108
8863,37,98
8863,38,107
8863,39,99
8863,40,106
8863,41,96
8863,42,85
8863,43,97
8863,44,74
8863,45,86
8863,46,48
8863,47,37
8863,48,26
8863,49,61
8863,50,49
8863,51,27
8863,52,19
8863,53,10
8863,54,17
8863,55,11
8863,56,9
8863,57,18
8863,58,44
8863,59,33
8863,60,22
8863,61,56
8863,62,69
8863,63,23
8863,64,55
8863,65,92
8863,66,81
8863,67,68
8863,68,109
8863,69,118
8863,70,102
8863,71,117
8863,72,110
8863,73,111
8863,74,95
8863,75,116
8863,76,84
8863,77,105
8863,78,115
8863,79,94
8863,80,12
8863,81,21
8863,82,4
8863,83,13
8863,84,72
8863,85,47
8863,86,73
8863,87,60
8863,88,59
8863,89,36
8863,90,15
8863,91,14
8863,92,45
8863,93,24
8863,94,7
8863,95,34
8863,96,126
8863,97,112
8863,98,127
8863,99,119
8863,100,103
8863,101,120
8863,102,71
8863,103,114
8863,104,113
8863,105,83
8863,106,104
8863,107,121
8863,108,35
8863,109,25
8863,110,54
8863,111,52
8863,112,0
8863,113,0
8863,114,2
8863,115,3
8863,116,6
8863,117,5
8863,118,0
8863,119,0
8863,0,0
8863,0,0
8863,0,0
8863,0,0
8863,0,0
8863,0,0
8863,0,0
8863,0,0
8863,128,1051
8863,129,1063
8863,130,1075
8863,131,1050
8863,132,1062
8863,133,1064
8863,134,1040
8863,135,1052
8863,136,1066
8863,137,1053
8863,138,1041
8863,139,1065
8863,140,1076
8863,141,1089
8863,142,1078
8863,143,1088
8863,144,1087
8863,145,1077
8863,146,1030
8863,147,1039
8863,148,1028
8863,149,1020
8863,150,1029
8863,151,1038
8863,152,1054
8863,153,1042
8863,154,1032
8863,155,1067
8863,156,1043
8863,157,1031
8863,158,1080
8863,159,1090
8863,160,1100
8863,161,1091
8863,162,1079
8863,163,1101
8863,164,1108
8863,165,1098
8863,166,1107
8863,167,1099
8863,168,1106
8863,169,1096
8863,170,1085
8863,171,1097
8863,172,1074
8863,173,1086
8863,174,1048
8863,175,1037
8863,176,1026
8863,177,1061
8863,178,1049
8863,179,1027
8863,180,1019
8863,181,1010
8863,182,1017
8863,183,1011
8863,184,1009
8863,185,1018
8863,186,1044
8863,187,1033
8863,188,1022
8863,189,1056
8863,190,1069
8863,191,1023
8863,192,1055
8863,193,1092
8863,194,1081
8863,195,1068
8863,196,1109
8863,197,1118
8863,198,1102
8863,199,1117
8863,200,1110
8863,201,1111
8863,202,1095
8863,203,1116
8863,204,1084
8863,205,1105
8863,206,1115
8863,207,1094
8863,208,1012
8863,209,1021
8863,210,1004
8863,211,1013
8863,212,1072
8863,213,1047
8863,214,1073
8863,215,1060
8863,216,1059
8863,217,1036
8863,218,1014
8863,219,1112
8863,220,1114
8863,221,58
8863,222,58
8863,223,0
8863,224,58
8863,225,58
8863,226,58
8863,227,0
8863,228,0
8863,229,58
8863,230,0
8863,231,58
8863,0,0
8863,0,0
8863,0,0
8863,0,0
8863,0,0
8863,0,0
8863,0,0
8863,0,0
8863,0,0
8863,0,0
8863,0,0
8863,0,0
8863,0,0
8863,0,0
8863,0,0
8863,0,0
8863,0,0
8863,0,0
8863,0,0
8863,0,0
8863,0,0
8863,0,0
8863,0,0
8863,0,0
8864,0,51
8864,1,63
8864,2,75
8864,3,50
8864,4,62
8864,5,64
8864,6,40
8864,7,58
8864,8,66
8864,9,53
8864,10,41
8864,11,65
8864,12,76
8864,13,89
8864,14,78
8864,15,88
8864,16,87
8864,17,77
8864,18,30
8864,19,39
8864,20,28
8864,21,20
8864,22,29
8864,23,38
8864,24,58
8864,25,42
8864,26,32
8864,27,67
8864,28,43
8864,29,31
8864,30,80
8864,31,90
8864,32,100
8864,33,91
8864,34,79
8864,35,101
8864,36,108
8864,37,98
8864,38,107
8864,39,99
8864,40,106
8864,41,96
8864,42,85
8864,43,97
8864,44,74
8864,45,86
8864,46,48
8864,47,37
8864,48,26
8864,49,61
8864,50,49
8864,51,27
8864,52,19
8864,53,10
8864,54,17
8864,55,11
8864,56,9
8864,57,18
8864,58,44
8864,59,33
8864,60,22
8864,61,56
8864,62,69
8864,63,23
8864,64,55
8864,65,92
8864,66,81
8864,67,68
8864,68,109
8864,69,118
8864,70,102
8864,71,117
8864,72,110
8864,73,111
8864,74,95
8864,75,116
8864,76,84
8864,77,105
8864,78,115
8864,79,94
8864,80,12
8864,81,21
8864,82,4
8864,83,13
8864,84,72
8864,85,47
8864,86,73
8864,87,60
8864,88,59
8864,89,36
8864,90,15
8864,91,14
8864,92,45
8864,93,24
8864,94,7
8864,95,34
8864,96,126
8864,97,112
8864,98,127
8864,99,119
8864,100,103
8864,101,120
8864,102,71
8864,103,114
8864,104,113
8864,105,83
8864,106,104
8864,107,121
8864,108,35
8864,109,25
8864,110,54
8864,111,52
8864,112,0
8864,113,0
8864,114,2
8864,115,3
8864,116,6
8864,117,5
8864,118,0
8864,119,0
8864,0,0
8864,0,0
8864,0,0
8864,0,0
8864,0,0
8864,0,0
8864,0,0
8864,0,0
8864,128,1051
8864,129,1063
8864,130,1075
8864,131,1050
8864,132,1062
8864,133,1064
8864,134,1040
8864,135,1052
8864,136,1066
8864,137,1053
8864,138,1041
8864,139,1065
8864,140,1076
8864,141,1089
8864,142,1078
8864,143,1088
8864,144,1087
8864,145,1077
8864,146,1030
8864,147,1039
8864,148,1028
8864,149,1020
8864,150,1029
8864,151,1038
8864,152,1054
8864,153,1042
8864,154,1032
8864,155,1067
8864,156,1043
8864,157,1031
8864,158,1080
8864,159,1090
8864,160,1100
8864,161,1091
8864,162,1079
8864,163,1101
8864,164,1108
8864,165,1098
8864,166,1107
8864,167,1099
8864,168,1106
8864,169,1096
8864,170,1085
8864,171,1097
8864,172,1074
8864,173,1086
8864,174,1048
8864,175,1037
8864,176,1026
8864,177,1061
8864,178,1049
8864,179,1027
8864,180,1019
8864,181,1010
8864,182,1017
8864,183,1011
8864,184,1009
8864,185,1018
8864,186,1044
8864,187,1033
8864,188,1022
8864,189,1056
8864,190,1069
8864,191,1023
8864,192,1055
8864,193,1092
8864,194,1081
8864,195,1068
8864,196,1109
8864,197,1118
8864,198,1102
8864,199,1117
8864,200,1110
8864,201,1111
8864,202,1095
8864,203,1116
8864,204,1084
8864,205,1105
8864,206,1115
8864,207,1094
8864,208,1012
8864,209,1021
8864,210,1004
8864,211,1013
8864,212,1072
8864,213,1047
8864,214,1073
8864,215,1060
8864,216,1059
8864,217,1036
8864,218,1014
8864,219,1112
8864,220,1114
8864,221,58
8864,222,58
8864,223,0
8864,224,58
8864,225,58
8864,226,58
8864,227,0
8864,228,0
8864,229,58
8864,230,0
8864,231,58
8864,0,0
8864,0,0
8864,0,0
8864,0,0
8864,0,0
8864,0,0
8864,0,0
8864,0,0
8864,0,0
8864,0,0
8864,0,0
8864,0,0
8864,0,0
8864,0,0
8864,0,0
8864,0,0
8864,0,0
8864,0,0
8864,0,0
8864,0,0
8864,0,0
8864,0,0
8864,0,0
8864,0,0
8865,0,51
8865,1,63
8865,2,75
8865,3,50
8865,4,62
8865,5,64
8865,6,40
8865,7,58
8865,8,66
8865,9,53
8865,10,41
8865,11,65
8865,12,76
8865,13,89
8865,14,78
8865,15,88
8865,16,87
8865,17,77
8865,18,30
8865,19,39
8865,20,28
8865,21,20
8865,22,29
8865,23,38
8865,24,58
8865,25,42
8865,26,32
8865,27,67
8865,28,43
8865,29,31
8865,30,80
8865,31,90
8865,32,100
8865,33,91
8865,34,79
8865,35,101
8865,36,108
8865,37,98
8865,38,107
8865,39,99
8865,40,106
8865,41,96
8865,42,85
8865,43,97
8865,44,74
8865,45,86
8865,46,48
8865,47,37
8865,48,26
8865,49,61
8865,50,49
8865,51,27
8865,52,19
8865,53,10
8865,54,17
8865,55,11
8865,56,9
8865,57,18
8865,58,44
8865,59,33
8865,60,22
8865,61,56
8865,62,69
8865,63,23
8865,64,55
8865,65,92
8865,66,81
8865,67,68
8865,68,109
8865,69,118
8865,70,102
8865,71,117
8865,72,110
8865,73,111
8865,74,95
8865,75,116
8865,76,84
8865,77,105
8865,78,115
8865,79,94
8865,80,12
8865,81,21
8865,82,4
8865,83,13
8865,84,72
8865,85,47
8865,86,73
8865,87,60
8865,88,59
8865,89,36
8865,90,15
8865,91,14
8865,92,45
8865,93,24
8865,94,7
8865,95,34
8865,96,126
8865,97,112
8865,98,127
8865,99,119
8865,100,103
8865,101,120
8865,102,71
8865,103,114
8865,104,113
8865,105,83
8865,106,104
8865,107,121
8865,108,35
8865,109,25
8865,110,54
8865,111,52
8865,112,0
8865,113,0
8865,114,2
8865,115,3
8865,116,6
8865,117,5
8865,118,0
8865,119,0
8865,0,0
8865,0,0
8865,0,0
8865,0,0
8865,0,0
8865,0,0
8865,0,0
8865,0,0
8865,128,1051
8865,129,1063
8865,130,1075
8865,131,1050
8865,132,1062
8865,133,1064
8865,134,1040
8865,135,1052
8865,136,1066
8865,137,1053
8865,138,1041
8865,139,1065
8865,140,1076
8865,141,1089
8865,142,1078
8865,143,1088
8865,144,1087
8865,145,1077
8865,146,1030
8865,147,1039
8865,148,1028
8865,149,1020
8865,150,1029
8865,151,1038
8865,152,1054
8865,153,1042
8865,154,1032
8865,155,1067
8865,156,1043
8865,157,1031
8865,158,1080
8865,159,1090
8865,160,1100
8865,161,1091
8865,162,1079
8865,163,1101
8865,164,1108
8865,165,1098
8865,166,1107
8865,167,1099
8865,168,1106
8865,169,1096
8865,170,1085
8865,171,1097
8865,172,1074
8865,173,1086
8865,174,1048
8865,175,1037
8865,176,1026
8865,177,1061
8865,178,1049
8865,179,1027
8865,180,1019
8865,181,1010
8865,182,1017
8865,183,1011
8865,184,1009
8865,185,1018
8865,186,1044
8865,187,1033
8865,188,1022
8865,189,1056
8865,190,1069
8865,191,1023
8865,192,1055
8865,193,1092
8865,194,1081
8865,195,1068
8865,196,1109
8865,197,1118
8865,198,1102
8865,199,1117
8865,200,1110
8865,201,1111
8865,202,1095
8865,203,1116
8865,204,1084
8865,205,1105
8865,206,1115
8865,207,1094
8865,208,1012
8865,209,1021
8865,210,1004
8865,211,1013
8865,212,1072
8865,213,1047
8865,214,1073
8865,215,1060
8865,216,1059
8865,217,1036
8865,218,1014
8865,219,1112
8865,220,1114
8865,221,58
8865,222,58
8865,223,0
8865,224,58
8865,225,58
8865,226,58
8865,227,0
8865,228,0
8865,229,58
8865,230,0
8865,231,58
8865,0,0
8865,0,0
8865,0,0
8865,0,0
8865,0,0
8865,0,0
8865,0,0
8865,0,0
8865,0,0
8865,0,0
8865,0,0
8865,0,0
8865,0,0
8865,0,0
8865,0,0
8865,0,0
8865,0,0
8865,0,0
8865,0,0
8865,0,0
8865,0,0
8865,0,0
8865,0,0
8865,0,0
9236,0,51
9236,1,63
9236,2,75
9236,3,50
9236,4,62
9236,5,64
9236,6,40
9236,7,58
9236,8,66
9236,9,53
9236,10,41
9236,11,65
9236,12,76
9236,13,89
9236,14,78
9236,15,88
9236,16,87
9236,17,77
9236,18,30
9236,19,39
9236,20,28
9236,21,20
9236,22,29
9236,23,38
9236,24,58
9236,25,42
9236,26,32
9236,27,67
9236,28,43
9236,29,31
9236,30,80
9236,31,90
9236,32,100
9236,33,91
9236,34,79
9236,35,101
9236,36,108
9236,37,98
9236,38,107
9236,39,99
9236,40,106
9236,41,96
9236,42,85
9236,43,97
9236,44,74
9236,45,86
9236,46,48
9236,47,37
9236,48,26
9236,49,61
9236,50,49
9236,51,27
9236,52,19
9236,53,10
9236,54,17
9236,55,11
9236,56,9
9236,57,18
9236,58,44
9236,59,33
9236,60,22
9236,61,56
9236,62,69
9236,63,23
9236,64,55
9236,65,92
9236,66,81
9236,67,68
9236,68,109
9236,69,118
9236,70,102
9236,71,117
9236,72,110
9236,73,111
9236,74,95
9236,75,116
9236,76,84
9236,77,105
9236,78,115
9236,79,94
9236,80,12
9236,81,21
9236,82,4
9236,83,13
9236,84,72
9236,85,47
9236,86,73
9236,87,60
9236,88,59
9236,89,36
9236,90,15
9236,91,14
9236,92,45
9236,93,24
9236,94,7
9236,95,34
9236,96,126
9236,97,112
9236,98,127
9236,99,119
9236,100,103
9236,101,120
9236,102,71
9236,103,114
9236,104,113
9236,105,83
9236,106,104
9236,107,121
9236,108,35
9236,109,25
9236,110,54
9236,111,52
9236,112,0
9236,113,0
9236,114,2
9236,115,3
9236,116,6
9236,117,5
9236,118,0
9236,119,0
9236,0,0
9236,0,0
9236,0,0
9236,0,0
9236,0,0
9236,0,0
9236,0,0
9236,0,0
9236,0,0
9236,0,0
9236,0,0
9236,0,0
9236,0,0
9236,0,0
9236,0,0
9236,0,0
9236,0,0
9236,0,0
9236,0,0
9236,0,0
9236,0,0
9236,0,0
9236,0,0
9236,0,0
9236,0,0
9236,0,0
9236,0,0
9236,0,0
9236,0,0
9236,0,0
9236,0,0
9236,0,0
9236,0,0
9236,0,0
9236,0,0
9236,0,0
9236,0,0
9236,0,0
9236,0,0
9236,0,0
9236,0,0
9236,0,0
9236,0,0
9236,0,0
9236,0,0
9236,0,0
9236,0,0
9236,0,0
9236,0,0
9236,0,0
9236,0,0
9236,0,0
9236,0,0
9236,0,0
9236,0,0
9236,0,0
9236,0,0
9236,0,0
9236,0,0
9236,0,0
9236,0,0
9236,0,0
9236,0,0
9236,0,0
9236,0,0
9236,0,0
9236,0,0
9236,0,0
9236,0,0
9236,0,0
9236,0,0
9236,0,0
9236,0,0
9236,0,0
9236,0,0
9236,0,0
9236,0,0
9236,0,0
9236,0,0
9236,0,0
9236,0,0
9236,0,0
9236,0,0
9236,0,0
9236,0,0
9236,0,0
9236,0,0
9236,0,0
9236,0,0
9236,0,0
9236,0,0
9236,0,0
9236,0,0
9236,0,0
9236,0,0
9236,0,0
9236,0,0
9236,0,0
9236,0,0
9236,0,0
9236,0,0
9236,0,0
9236,0,0
9236,0,0
9236,0,0
9236,0,0
9236,0,0
9236,0,0
9236,0,0
9236,0,0
9236,0,0
9236,0,0
9236,0,0
9236,0,0
9236,0,0
9236,0,0
9236,0,0
9236,0,0
9236,0,0
9236,0,0
9236,0,0
9236,0,0
9236,0,0
9236,0,0
9236,0,0
9236,0,0
9236,0,0
9236,0,0
9236,0,0
9236,0,0
9236,0,0
9236,0,0
9236,0,0
9236,0,0
9236,0,0
9236,0,0
